ISO-10303-21;
HEADER;
FILE_DESCRIPTION (( 'STEP AP214' ),
    '1' );
FILE_NAME ('Shaft Fastener Tool.STEP',
    '2025-10-13T02:44:30',
    ( '' ),
    ( '' ),
    'SwSTEP 2.0',
    'SolidWorks 2024',
    '' );
FILE_SCHEMA (( 'AUTOMOTIVE_DESIGN' ));
ENDSEC;

DATA;
#1 = CARTESIAN_POINT ( 'NONE',  ( 7.433034373659253013, -7.000000000000000000, 1.000000000000000444 ) ) ;
#2 = EDGE_CURVE ( 'NONE', #824, #1178, #733, .T. ) ;
#3 = ORIENTED_EDGE ( 'NONE', *, *, #993, .T. ) ;
#4 = CARTESIAN_POINT ( 'NONE',  ( 0.000000000000000000, -5.000000000000000000, 0.000000000000000000 ) ) ;
#5 = CARTESIAN_POINT ( 'NONE',  ( 7.516492484579039512, -5.666666666666666963, 1.000000000000000444 ) ) ;
#6 = CARTESIAN_POINT ( 'NONE',  ( -6.904466337833937040, -5.666666666666666963, -0.9999999999999985567 ) ) ;
#7 = DIRECTION ( 'NONE',  ( -0.000000000000000000, 1.000000000000000000, -0.000000000000000000 ) ) ;
#8 = ORIENTED_EDGE ( 'NONE', *, *, #394, .T. ) ;
#9 = ORIENTED_EDGE ( 'NONE', *, *, #1248, .T. ) ;
#10 = DIRECTION ( 'NONE',  ( -1.000000000000000000, 0.000000000000000000, -6.829619984160655581E-17 ) ) ;
#11 = CARTESIAN_POINT ( 'NONE',  ( 0.000000000000000000, -5.000000000000000000, 0.000000000000000000 ) ) ;
#12 = LINE ( 'NONE', #399, #1084 ) ;
#13 = B_SPLINE_CURVE_WITH_KNOTS ( 'NONE', 3,
 ( #302, #900, #1002, #406, #1098, #913 ),
 .UNSPECIFIED., .F., .F.,
 ( 4, 2, 4 ),
 ( 0.000000000000000000, 0.5000000000000000000, 1.000000000000000000 ),
 .UNSPECIFIED. ) ;
#14 = DIRECTION ( 'NONE',  ( 0.000000000000000000, 0.000000000000000000, -1.000000000000000000 ) ) ;
#15 = DIRECTION ( 'NONE',  ( -0.000000000000000000, -0.000000000000000000, 1.000000000000000000 ) ) ;
#16 = ORIENTED_EDGE ( 'NONE', *, *, #149, .F. ) ;
#17 = ORIENTED_EDGE ( 'NONE', *, *, #1213, .T. ) ;
#18 = AXIS2_PLACEMENT_3D ( 'NONE', #624, #1222, #1033 ) ;
#19 = CARTESIAN_POINT ( 'NONE',  ( -1.057428469262730930, -5.274679423840604287, -7.425934087310698040 ) ) ;
#20 = CARTESIAN_POINT ( 'NONE',  ( -1.000000000000000000, -5.000000000000000000, 6.292440191088837231 ) ) ;
#21 = EDGE_CURVE ( 'NONE', #1218, #1159, #361, .T. ) ;
#22 = DIRECTION ( 'NONE',  ( 0.000000000000000000, 0.000000000000000000, -1.000000000000000000 ) ) ;
#23 = DIRECTION ( 'NONE',  ( 0.000000000000000000, -0.000000000000000000, -1.000000000000000000 ) ) ;
#24 = DIRECTION ( 'NONE',  ( 0.000000000000000000, 1.000000000000000000, 0.000000000000000000 ) ) ;
#25 = DIRECTION ( 'NONE',  ( 0.000000000000000000, 0.000000000000000000, 1.000000000000000000 ) ) ;
#26 = VERTEX_POINT ( 'NONE', #1142 ) ;
#27 = EDGE_LOOP ( 'NONE', ( #528, #8, #743, #841 ) ) ;
#28 = ORIENTED_EDGE ( 'NONE', *, *, #689, .F. ) ;
#29 = CARTESIAN_POINT ( 'NONE',  ( -0.9999999999999991118, -5.666666666666666963, -7.433034373659253013 ) ) ;
#30 = LINE ( 'NONE', #39, #447 ) ;
#31 = CARTESIAN_POINT ( 'NONE',  ( -1.666666666666666075, -5.000000000000000000, -6.280071544451275578 ) ) ;
#32 = DIRECTION ( 'NONE',  ( -0.000000000000000000, -1.000000000000000000, -0.000000000000000000 ) ) ;
#33 = ADVANCED_FACE ( 'NONE', ( #1269 ), #480, .F. ) ;
#34 = DIRECTION ( 'NONE',  ( 0.000000000000000000, 0.000000000000000000, 1.000000000000000000 ) ) ;
#35 = ORIENTED_EDGE ( 'NONE', *, *, #1293, .F. ) ;
#36 = ORIENTED_EDGE ( 'NONE', *, *, #661, .F. ) ;
#37 = EDGE_LOOP ( 'NONE', ( #945, #1055, #168, #1123 ) ) ;
#38 = FACE_OUTER_BOUND ( 'NONE', #812, .T. ) ;
#39 = CARTESIAN_POINT ( 'NONE',  ( -3.175000000000000711, 11.35000000000000320, 3.174999999999999822 ) ) ;
#40 = CARTESIAN_POINT ( 'NONE',  ( -0.9999999999999991118, -7.000000000000000000, -7.433034373659253013 ) ) ;
#41 = CARTESIAN_POINT ( 'NONE',  ( 0.000000000000000000, -7.000000000000000000, 0.000000000000000000 ) ) ;
#42 = ORIENTED_EDGE ( 'NONE', *, *, #182, .F. ) ;
#43 = DIRECTION ( 'NONE',  ( 0.000000000000000000, 1.000000000000000000, 0.000000000000000000 ) ) ;
#44 = CARTESIAN_POINT ( 'NONE',  ( -5.916079783099617018, -5.666666666666666963, 0.9999999999999988898 ) ) ;
#45 = ORIENTED_EDGE ( 'NONE', *, *, #909, .T. ) ;
#46 = AXIS2_PLACEMENT_3D ( 'NONE', #159, #548, #961 ) ;
#47 = CARTESIAN_POINT ( 'NONE',  ( 1.666666666666667407, -5.000000000000000000, -5.763872155263528363 ) ) ;
#48 = CARTESIAN_POINT ( 'NONE',  ( 1.446538530753138208, -4.999999999999999112, 7.362642181354146054 ) ) ;
#49 = VERTEX_POINT ( 'NONE', #174 ) ;
#50 = ORIENTED_EDGE ( 'NONE', *, *, #1223, .F. ) ;
#51 = VERTEX_POINT ( 'NONE', #1064 ) ;
#52 = EDGE_CURVE ( 'NONE', #1136, #1198, #169, .T. ) ;
#53 = CARTESIAN_POINT ( 'NONE',  ( -1.666666666666666519, -5.000000000000000000, 7.312470322826768232 ) ) ;
#54 = CARTESIAN_POINT ( 'NONE',  ( 7.516492484579054612, -5.000000000000000000, -1.666666666666666075 ) ) ;
#55 = ORIENTED_EDGE ( 'NONE', *, *, #488, .T. ) ;
#56 = ORIENTED_EDGE ( 'NONE', *, *, #939, .T. ) ;
#57 =( LENGTH_UNIT ( ) NAMED_UNIT ( * ) SI_UNIT ( .MILLI., .METRE. ) );
#58 = ORIENTED_EDGE ( 'NONE', *, *, #883, .T. ) ;
#59 = FACE_OUTER_BOUND ( 'NONE', #926, .T. ) ;
#60 = CARTESIAN_POINT ( 'NONE',  ( 5.680414044343410573, -5.000000000000000000, -1.666666666666666075 ) ) ;
#61 = ORIENTED_EDGE ( 'NONE', *, *, #708, .T. ) ;
#62 = ORIENTED_EDGE ( 'NONE', *, *, #978, .T. ) ;
#63 = ORIENTED_EDGE ( 'NONE', *, *, #408, .T. ) ;
#64 = PRODUCT_CONTEXT ( 'NONE', #354, 'mechanical' ) ;
#65 = CARTESIAN_POINT ( 'NONE',  ( -1.000000000000000000, -5.666666666666666963, 7.433034373659253013 ) ) ;
#66 = DIRECTION ( 'NONE',  ( 0.000000000000000000, 1.000000000000000000, 0.000000000000000000 ) ) ;
#67 = VECTOR ( 'NONE', #203, 1000.000000000000000 ) ;
#68 = EDGE_CURVE ( 'NONE', #243, #255, #1086, .T. ) ;
#69 = VECTOR ( 'NONE', #751, 1000.000000000000000 ) ;
#70 = VERTEX_POINT ( 'NONE', #686 ) ;
#71 = DIRECTION ( 'NONE',  ( -1.243449787580175325E-14, 0.000000000000000000, -1.000000000000000000 ) ) ;
#72 = PRESENTATION_LAYER_ASSIGNMENT (  '', '', ( #620 ) ) ;
#73 = ORIENTED_EDGE ( 'NONE', *, *, #1168, .T. ) ;
#74 = CARTESIAN_POINT ( 'NONE',  ( -7.433034373659254790, -5.441619472786198841, -0.9999999999999974465 ) ) ;
#75 = CARTESIAN_POINT ( 'NONE',  ( -0.9999999999999985567, -5.440343747438404876, -5.916079783099616130 ) ) ;
#76 = ORIENTED_EDGE ( 'NONE', *, *, #988, .F. ) ;
#77 = CARTESIAN_POINT ( 'NONE',  ( 0.9999999999999997780, -7.000000000000000000, 1.369011091489456346E-16 ) ) ;
#78 = EDGE_CURVE ( 'NONE', #51, #1262, #559, .T. ) ;
#79 = VERTEX_POINT ( 'NONE', #490 ) ;
#80 = CARTESIAN_POINT ( 'NONE',  ( 5.916079783099617018, -5.666666666666666963, 1.000000000000000444 ) ) ;
#81 = CARTESIAN_POINT ( 'NONE',  ( 5.680414044343410573, -5.666666666666666963, -0.9999999999999995559 ) ) ;
#82 = CARTESIAN_POINT ( 'NONE',  ( -3.175000000000000711, 11.35000000000000320, 3.174999999999999822 ) ) ;
#83 = PLANE ( 'NONE',  #777 ) ;
#84 = ADVANCED_FACE ( 'NONE', ( #869 ), #1053, .T. ) ;
#85 = CARTESIAN_POINT ( 'NONE',  ( 0.000000000000000000, -7.000000000000000000, -0.9999999999999995559 ) ) ;
#86 = ORIENTED_EDGE ( 'NONE', *, *, #68, .T. ) ;
#87 = CARTESIAN_POINT ( 'NONE',  ( -5.680414044343409685, -5.000000000000000000, 1.666666666666665408 ) ) ;
#88 = AXIS2_PLACEMENT_3D ( 'NONE', #1243, #292, #495 ) ;
#89 = VECTOR ( 'NONE', #1081, 1000.000000000000000 ) ;
#90 = DIRECTION ( 'NONE',  ( 0.000000000000000000, 0.000000000000000000, 1.000000000000000000 ) ) ;
#91 = EDGE_CURVE ( 'NONE', #1050, #654, #1274, .T. ) ;
#92 = CARTESIAN_POINT ( 'NONE',  ( -1.300492793408715375, -5.070448075922207920, -5.857471204135547893 ) ) ;
#93 = DIRECTION ( 'NONE',  ( 0.000000000000000000, 0.000000000000000000, 1.000000000000000000 ) ) ;
#94 = CARTESIAN_POINT ( 'NONE',  ( 5.895822875247674233, -5.217540473978967697, 1.114666035506800768 ) ) ;
#95 = LINE ( 'NONE', #386, #250 ) ;
#96 = EDGE_CURVE ( 'NONE', #371, #1158, #964, .T. ) ;
#97 = CARTESIAN_POINT ( 'NONE',  ( 7.426022384495104767, -5.273643976490047791, 1.057076295487959339 ) ) ;
#98 = CARTESIAN_POINT ( 'NONE',  ( -3.175000000000000711, 11.35000000000000320, -3.175000000000001599 ) ) ;
#99 = CARTESIAN_POINT ( 'NONE',  ( 1.000000000000000000, -7.000000000000000000, 7.433034373659253013 ) ) ;
#100 = CARTESIAN_POINT ( 'NONE',  ( 7.362642181354146054, -4.999999999999999112, -1.446538530753138652 ) ) ;
#101 = CARTESIAN_POINT ( 'NONE',  ( -5.916079783099618794, -5.440343747438403987, 0.9999999999999985567 ) ) ;
#102 = CARTESIAN_POINT ( 'NONE',  ( 9.184850993605147944E-16, 11.35000000000000320, 7.500000000000000000 ) ) ;
#103 = EDGE_CURVE ( 'NONE', #1076, #70, #384, .T. ) ;
#104 = FACE_OUTER_BOUND ( 'NONE', #1122, .T. ) ;
#105 = AXIS2_PLACEMENT_3D ( 'NONE', #456, #633, #22 ) ;
#106 = VECTOR ( 'NONE', #7, 1000.000000000000000 ) ;
#107 = CARTESIAN_POINT ( 'NONE',  ( 5.795260041856222344, -4.999999999999998224, -1.558117207340150578 ) ) ;
#108 = CARTESIAN_POINT ( 'NONE',  ( -5.848964456170789639, -5.053674724512159599, 1.338436823869880277 ) ) ;
#109 = CARTESIAN_POINT ( 'NONE',  ( -7.516492484579039512, -5.000000000000000000, -1.666666666666664964 ) ) ;
#110 = LINE ( 'NONE', #437, #1154 ) ;
#111 = ORIENTED_EDGE ( 'NONE', *, *, #408, .F. ) ;
#112 = CARTESIAN_POINT ( 'NONE',  ( 3.175000000000000266, 11.35000000000000320, 3.174999999999999822 ) ) ;
#113 = DIRECTION ( 'NONE',  ( 0.000000000000000000, -1.000000000000000000, 0.000000000000000000 ) ) ;
#114 = DIRECTION ( 'NONE',  ( -0.000000000000000000, 1.000000000000000000, -0.000000000000000000 ) ) ;
#115 = DIRECTION ( 'NONE',  ( -0.000000000000000000, -1.000000000000000000, -0.000000000000000000 ) ) ;
#116 = ORIENTED_EDGE ( 'NONE', *, *, #21, .T. ) ;
#117 = ADVANCED_FACE ( 'NONE', ( #185 ), #275, .F. ) ;
#118 = FACE_OUTER_BOUND ( 'NONE', #1013, .T. ) ;
#119 = CARTESIAN_POINT ( 'NONE',  ( 1.295462690181206078, -5.067808407407588867, -7.387751181450949112 ) ) ;
#120 = DIRECTION ( 'NONE',  ( -1.000000000000000000, 0.000000000000000000, 0.000000000000000000 ) ) ;
#121 = LINE ( 'NONE', #143, #1276 ) ;
#122 = B_SPLINE_CURVE_WITH_KNOTS ( 'NONE', 3,
 ( #1201, #407, #991, #667 ),
 .UNSPECIFIED., .F., .F.,
 ( 4, 4 ),
 ( 0.000000000000000000, 1.000000000000000000 ),
 .UNSPECIFIED. ) ;
#123 = VERTEX_POINT ( 'NONE', #389 ) ;
#124 = AXIS2_PLACEMENT_3D ( 'NONE', #659, #575, #369 ) ;
#125 = CIRCLE ( 'NONE', #18, 7.500000000000000000 ) ;
#126 = EDGE_CURVE ( 'NONE', #625, #328, #789, .T. ) ;
#127 = AXIS2_PLACEMENT_3D ( 'NONE', #775, #582, #1282 ) ;
#128 = AXIS2_PLACEMENT_3D ( 'NONE', #1245, #331, #844 ) ;
#129 = CARTESIAN_POINT ( 'NONE',  ( 1.000000000000000000, -5.666666666666666963, 6.292440191088840784 ) ) ;
#130 = CARTESIAN_POINT ( 'NONE',  ( 1.000000000000000000, -5.666666666666666963, 7.433034373659253013 ) ) ;
#131 = CARTESIAN_POINT ( 'NONE',  ( -6.280071544451274690, -5.000000000000000000, -1.666666666666665186 ) ) ;
#132 = DIRECTION ( 'NONE',  ( -1.000000000000000000, 0.000000000000000000, 2.738022182978913185E-16 ) ) ;
#133 = ORIENTED_EDGE ( 'NONE', *, *, #96, .F. ) ;
#134 = ORIENTED_EDGE ( 'NONE', *, *, #158, .T. ) ;
#135 = ORIENTED_EDGE ( 'NONE', *, *, #402, .F. ) ;
#136 = CARTESIAN_POINT ( 'NONE',  ( -0.9999999999999993339, -5.554227695286505728, 5.916079783099617906 ) ) ;
#137 = DIRECTION ( 'NONE',  ( 0.000000000000000000, 1.000000000000000000, 0.000000000000000000 ) ) ;
#138 = CYLINDRICAL_SURFACE ( 'NONE', #984, 7.500000000000000000 ) ;
#139 = EDGE_CURVE ( 'NONE', #249, #238, #244, .T. ) ;
#140 = CARTESIAN_POINT ( 'NONE',  ( 0.000000000000000000, -7.000000000000000000, 0.000000000000000000 ) ) ;
#141 = B_SPLINE_CURVE_WITH_KNOTS ( 'NONE', 3,
 ( #426, #1215, #317, #828, #1221, #97, #581, #1299 ),
 .UNSPECIFIED., .F., .F.,
 ( 4, 2, 2, 4 ),
 ( 0.000000000000000000, 0.2499999999999997780, 0.4999999999999995559, 1.000000000000000000 ),
 .UNSPECIFIED. ) ;
#142 = VERTEX_POINT ( 'NONE', #560 ) ;
#143 = CARTESIAN_POINT ( 'NONE',  ( -1.000000000000000000, -7.000000000000000000, 7.433034373659253013 ) ) ;
#144 = DIRECTION ( 'NONE',  ( 0.000000000000000000, 0.000000000000000000, 1.000000000000000000 ) ) ;
#145 = LINE ( 'NONE', #350, #69 ) ;
#146 = FACE_OUTER_BOUND ( 'NONE', #546, .T. ) ;
#147 = VERTEX_POINT ( 'NONE', #970 ) ;
#148 = ORIENTED_EDGE ( 'NONE', *, *, #1030, .F. ) ;
#149 = EDGE_CURVE ( 'NONE', #959, #1017, #1077, .T. ) ;
#150 = B_SPLINE_SURFACE_WITH_KNOTS ( 'NONE', 2, 3, ( 
 ( #503, #1298, #685, #392 ),
 ( #994, #608, #1214, #301 ),
 ( #793, #590, #191, #5 ) ),
 .UNSPECIFIED., .F., .F., .F.,
 ( 3, 3 ),
 ( 4, 4 ),
 ( 0.000000000000000000, 1.000000000000000000 ),
 ( 0.005680414044343742169, 0.007516492484579039707 ),
 .UNSPECIFIED. ) ;
#151 = CARTESIAN_POINT ( 'NONE',  ( 1.666666666666666519, -5.000000000000000000, 6.292440191088840784 ) ) ;
#152 = FACE_OUTER_BOUND ( 'NONE', #871, .T. ) ;
#153 = ORIENTED_EDGE ( 'NONE', *, *, #280, .F. ) ;
#154 = CARTESIAN_POINT ( 'NONE',  ( 1.666666666666666519, -5.000000000000000000, 7.516492484579038624 ) ) ;
#155 = CARTESIAN_POINT ( 'NONE',  ( 6.904466337833840228, -5.000000000000000000, -0.9999999999999995559 ) ) ;
#156 = EDGE_LOOP ( 'NONE', ( #440, #547, #1232, #76, #1146, #430, #644, #248, #736, #321, #666, #267, #811, #966, #706, #653 ) ) ;
#157 = ORIENTED_EDGE ( 'NONE', *, *, #745, .F. ) ;
#158 = EDGE_CURVE ( 'NONE', #1050, #597, #1234, .T. ) ;
#159 = CARTESIAN_POINT ( 'NONE',  ( -3.175000000000000711, 11.35000000000000320, 3.174999999999999822 ) ) ;
#160 = CARTESIAN_POINT ( 'NONE',  ( 1.666666666666666519, -5.000000000000000000, 5.763872155263529251 ) ) ;
#161 = ORIENTED_EDGE ( 'NONE', *, *, #444, .F. ) ;
#162 = ORIENTED_EDGE ( 'NONE', *, *, #239, .F. ) ;
#163 = EDGE_CURVE ( 'NONE', #654, #249, #874, .T. ) ;
#164 = LINE ( 'NONE', #99, #798 ) ;
#165 = SURFACE_STYLE_FILL_AREA ( #557 ) ;
#166 = VECTOR ( 'NONE', #253, 1000.000000000000000 ) ;
#167 = AXIS2_PLACEMENT_3D ( 'NONE', #607, #715, #1007 ) ;
#168 = ORIENTED_EDGE ( 'NONE', *, *, #256, .F. ) ;
#169 = LINE ( 'NONE', #82, #1255 ) ;
#170 = B_SPLINE_CURVE_WITH_KNOTS ( 'NONE', 3,
 ( #1026, #1099, #505, #907 ),
 .UNSPECIFIED., .F., .F.,
 ( 4, 4 ),
 ( 0.000000000000000000, 1.000000000000000000 ),
 .UNSPECIFIED. ) ;
#171 = CARTESIAN_POINT ( 'NONE',  ( 0.000000000000000000, -7.000000000000000000, 0.000000000000000000 ) ) ;
#172 = DIRECTION ( 'NONE',  ( 0.000000000000000000, 0.000000000000000000, 1.000000000000000000 ) ) ;
#173 = ORIENTED_EDGE ( 'NONE', *, *, #158, .F. ) ;
#174 = CARTESIAN_POINT ( 'NONE',  ( 7.312470322826768232, -5.000000000000000000, -1.666666666666665408 ) ) ;
#175 = ADVANCED_FACE ( 'NONE', ( #412 ), #345, .T. ) ;
#176 = DIRECTION ( 'NONE',  ( 1.000000000000000000, 0.000000000000000000, 0.000000000000000000 ) ) ;
#177 = LINE ( 'NONE', #264, #882 ) ;
#178 = CARTESIAN_POINT ( 'NONE',  ( 6.904466337833839340, -5.666666666666666963, -0.9999999999999995559 ) ) ;
#179 = ORIENTED_EDGE ( 'NONE', *, *, #501, .F. ) ;
#180 = DIRECTION ( 'NONE',  ( 1.369011091489456592E-16, 0.000000000000000000, -1.000000000000000000 ) ) ;
#181 = DIRECTION ( 'NONE',  ( -0.000000000000000000, -1.000000000000000000, -0.000000000000000000 ) ) ;
#182 = EDGE_CURVE ( 'NONE', #853, #698, #716, .T. ) ;
#183 = CARTESIAN_POINT ( 'NONE',  ( 0.000000000000000000, -5.000000000000000000, 0.000000000000000000 ) ) ;
#184 = CARTESIAN_POINT ( 'NONE',  ( 1.000000000000000000, -5.666666666666666963, 7.433034373659253013 ) ) ;
#185 = FACE_OUTER_BOUND ( 'NONE', #842, .T. ) ;
#186 = DIRECTION ( 'NONE',  ( 0.000000000000000000, -0.000000000000000000, -1.000000000000000000 ) ) ;
#187 = VECTOR ( 'NONE', #404, 1000.000000000000000 ) ;
#188 = B_SPLINE_CURVE_WITH_KNOTS ( 'NONE', 3,
 ( #265, #279, #663, #479 ),
 .UNSPECIFIED., .F., .F.,
 ( 4, 4 ),
 ( 0.000000000000000000, 1.000000000000000000 ),
 .UNSPECIFIED. ) ;
#189 = AXIS2_PLACEMENT_3D ( 'NONE', #794, #1165, #71 ) ;
#190 = CARTESIAN_POINT ( 'NONE',  ( -1.666666666666666519, -5.000000000000000000, 5.680414044343741864 ) ) ;
#191 = CARTESIAN_POINT ( 'NONE',  ( 6.904466337833937040, -5.666666666666666963, 1.000000000000000444 ) ) ;
#192 = DIRECTION ( 'NONE',  ( 1.000000000000000000, 0.000000000000000000, 0.000000000000000000 ) ) ;
#193 = CARTESIAN_POINT ( 'NONE',  ( 6.280071544451274690, -5.000000000000000000, 1.666666666666666963 ) ) ;
#194 = FACE_OUTER_BOUND ( 'NONE', #429, .T. ) ;
#195 = EDGE_CURVE ( 'NONE', #853, #123, #12, .T. ) ;
#196 =( NAMED_UNIT ( * ) PLANE_ANGLE_UNIT ( ) SI_UNIT ( $, .RADIAN. ) );
#197 = CARTESIAN_POINT ( 'NONE',  ( -1.666666666666665630, -5.000000000000000000, -6.292440191088629398 ) ) ;
#198 = CARTESIAN_POINT ( 'NONE',  ( 1.000000000000000888, -5.666666666666666963, -7.433034373659253013 ) ) ;
#199 = DIRECTION ( 'NONE',  ( 0.000000000000000000, -1.000000000000000000, 0.000000000000000000 ) ) ;
#200 = CARTESIAN_POINT ( 'NONE',  ( -3.175000000000000711, 11.35000000000000320, -3.175000000000001599 ) ) ;
#201 = PRESENTATION_STYLE_ASSIGNMENT (( #792 ) ) ;
#202 = ADVANCED_FACE ( 'NONE', ( #1119 ), #1205, .T. ) ;
#203 = DIRECTION ( 'NONE',  ( 0.000000000000000000, 0.000000000000000000, -1.000000000000000000 ) ) ;
#204 = CIRCLE ( 'NONE', #776, 6.000000000000000888 ) ;
#205 = CARTESIAN_POINT ( 'NONE',  ( -7.312470322826768232, -5.000000000000000000, 1.666666666666664298 ) ) ;
#206 = ORIENTED_EDGE ( 'NONE', *, *, #370, .F. ) ;
#207 = ORIENTED_EDGE ( 'NONE', *, *, #363, .F. ) ;
#208 = ORIENTED_EDGE ( 'NONE', *, *, #1003, .F. ) ;
#209 = FACE_OUTER_BOUND ( 'NONE', #274, .T. ) ;
#210 = CARTESIAN_POINT ( 'NONE',  ( 0.000000000000000000, 5.000000000000000000, 0.000000000000000000 ) ) ;
#211 = EDGE_CURVE ( 'NONE', #703, #1292, #141, .T. ) ;
#212 = DIRECTION ( 'NONE',  ( -0.000000000000000000, -1.000000000000000000, -0.000000000000000000 ) ) ;
#213 = ORIENTED_EDGE ( 'NONE', *, *, #91, .T. ) ;
#214 = ORIENTED_EDGE ( 'NONE', *, *, #631, .F. ) ;
#215 = DIRECTION ( 'NONE',  ( 0.000000000000000000, 0.000000000000000000, -1.000000000000000000 ) ) ;
#216 = CARTESIAN_POINT ( 'NONE',  ( -1.014230290737851536, -5.456048933664554568, 5.913727167122608819 ) ) ;
#217 = FACE_OUTER_BOUND ( 'NONE', #414, .T. ) ;
#218 = FACE_OUTER_BOUND ( 'NONE', #946, .T. ) ;
#219 = CARTESIAN_POINT ( 'NONE',  ( 1.000000000000000000, -7.000000000000000000, 0.000000000000000000 ) ) ;
#220 = PLANE ( 'NONE',  #538 ) ;
#221 = ADVANCED_FACE ( 'NONE', ( #218 ), #1194, .F. ) ;
#222 = ORIENTED_EDGE ( 'NONE', *, *, #444, .T. ) ;
#223 = APPLICATION_PROTOCOL_DEFINITION ( 'draft international standard', 'automotive_design', 1998, #354 ) ;
#224 = CARTESIAN_POINT ( 'NONE',  ( -1.114666035506797659, -5.217540473978965032, 5.895822875247672457 ) ) ;
#225 = DIRECTION ( 'NONE',  ( 0.000000000000000000, 0.000000000000000000, 1.000000000000000000 ) ) ;
#226 = CARTESIAN_POINT ( 'NONE',  ( -1.227421792976278514, -5.107288278422299932, 7.399104028833704660 ) ) ;
#227 = DIRECTION ( 'NONE',  ( -0.000000000000000000, 1.000000000000000000, -0.000000000000000000 ) ) ;
#228 = DIRECTION ( 'NONE',  ( 1.000000000000000000, 0.000000000000000000, 1.369011091489456592E-16 ) ) ;
#229 = VERTEX_POINT ( 'NONE', #592 ) ;
#230 = CIRCLE ( 'NONE', #290, 6.000000000000000888 ) ;
#231 = CARTESIAN_POINT ( 'NONE',  ( -1.279643740812515196, -5.054935884768120502, -7.390883839791396959 ) ) ;
#232 = EDGE_CURVE ( 'NONE', #1076, #1219, #1015, .T. ) ;
#233 = PRODUCT_DEFINITION_FORMATION_WITH_SPECIFIED_SOURCE ( 'ANY', '', #554, .NOT_KNOWN. ) ;
#234 = CARTESIAN_POINT ( 'NONE',  ( 0.000000000000000000, -7.000000000000000000, 0.000000000000000000 ) ) ;
#235 = CARTESIAN_POINT ( 'NONE',  ( 0.000000000000000000, -5.000000000000000000, 0.000000000000000000 ) ) ;
#236 = CARTESIAN_POINT ( 'NONE',  ( -3.175000000000000711, 11.35000000000000320, -3.175000000000001599 ) ) ;
#237 = CARTESIAN_POINT ( 'NONE',  ( -6.280071544451278243, -5.000000000000000000, 1.666666666666665408 ) ) ;
#238 = VERTEX_POINT ( 'NONE', #1105 ) ;
#239 = EDGE_CURVE ( 'NONE', #1251, #249, #649, .T. ) ;
#240 = CARTESIAN_POINT ( 'NONE',  ( 3.175000000000000266, 5.000000000000000000, 3.174999999999999822 ) ) ;
#241 = CARTESIAN_POINT ( 'NONE',  ( 1.000000000000000000, -7.000000000000000000, 7.433034373659253013 ) ) ;
#242 = ORIENTED_EDGE ( 'NONE', *, *, #163, .T. ) ;
#243 = VERTEX_POINT ( 'NONE', #102 ) ;
#244 = B_SPLINE_CURVE_WITH_KNOTS ( 'NONE', 3,
 ( #477, #1285, #1281, #284 ),
 .UNSPECIFIED., .F., .F.,
 ( 4, 4 ),
 ( 0.000000000000000000, 1.000000000000000000 ),
 .UNSPECIFIED. ) ;
#245 = CARTESIAN_POINT ( 'NONE',  ( 0.000000000000000000, -5.000000000000000000, 0.000000000000000000 ) ) ;
#246 = CARTESIAN_POINT ( 'NONE',  ( -7.433034373659253013, -7.000000000000000000, 0.9999999999999985567 ) ) ;
#247 = ORIENTED_EDGE ( 'NONE', *, *, #394, .F. ) ;
#248 = ORIENTED_EDGE ( 'NONE', *, *, #771, .T. ) ;
#249 = VERTEX_POINT ( 'NONE', #198 ) ;
#250 = VECTOR ( 'NONE', #674, 1000.000000000000000 ) ;
#251 = B_SPLINE_CURVE_WITH_KNOTS ( 'NONE', 3,
 ( #160, #888, #1283, #985, #780, #669, #391, #879, #675, #387 ),
 .UNSPECIFIED., .F., .F.,
 ( 4, 2, 2, 2, 4 ),
 ( 0.000000000000000000, 0.2500000000000018319, 0.3750000000000017764, 0.5000000000000017764, 1.000000000000000000 ),
 .UNSPECIFIED. ) ;
#252 = CARTESIAN_POINT ( 'NONE',  ( 1.448148516286290377, -4.999999999999999112, -5.827058309898827559 ) ) ;
#253 = DIRECTION ( 'NONE',  ( -1.000000000000000000, 0.000000000000000000, -2.738022182978913185E-16 ) ) ;
#254 = ORIENTED_EDGE ( 'NONE', *, *, #1153, .F. ) ;
#255 = VERTEX_POINT ( 'NONE', #499 ) ;
#256 = EDGE_CURVE ( 'NONE', #229, #453, #13, .T. ) ;
#257 = ORIENTED_EDGE ( 'NONE', *, *, #232, .F. ) ;
#258 = CARTESIAN_POINT ( 'NONE',  ( 6.927382843472705609, -5.666666666666666963, 1.000000000000000444 ) ) ;
#259 = FACE_OUTER_BOUND ( 'NONE', #714, .T. ) ;
#260 = ORIENTED_EDGE ( 'NONE', *, *, #402, .T. ) ;
#261 = CARTESIAN_POINT ( 'NONE',  ( -5.895822875247675121, -5.217540473978967697, -1.114666035506797437 ) ) ;
#262 = VERTEX_POINT ( 'NONE', #504 ) ;
#263 = EDGE_CURVE ( 'NONE', #328, #916, #421, .T. ) ;
#264 = CARTESIAN_POINT ( 'NONE',  ( -0.9999999999999985567, -7.000000000000000000, 5.916079783099617906 ) ) ;
#265 = CARTESIAN_POINT ( 'NONE',  ( -1.000000000000000000, -5.666666666666666963, 7.433034373659253013 ) ) ;
#266 = CARTESIAN_POINT ( 'NONE',  ( -6.292440191088631174, -5.666666666666666963, 0.9999999999999985567 ) ) ;
#267 = ORIENTED_EDGE ( 'NONE', *, *, #256, .T. ) ;
#268 = ADVANCED_FACE ( 'NONE', ( #146 ), #1144, .F. ) ;
#269 = CARTESIAN_POINT ( 'NONE',  ( 0.000000000000000000, 5.000000000000000000, -6.000000000000000888 ) ) ;
#270 = B_SPLINE_SURFACE_WITH_KNOTS ( 'NONE', 2, 3, ( 
 ( #765, #779, #895, #474 ),
 ( #1176, #278, #544, #496 ),
 ( #1162, #668, #772, #1074 ) ),
 .UNSPECIFIED., .F., .F., .F.,
 ( 3, 3 ),
 ( 4, 4 ),
 ( 0.000000000000000000, 1.000000000000000000 ),
 ( 0.005680414044343742169, 0.007516492484579038839 ),
 .UNSPECIFIED. ) ;
#271 = DIRECTION ( 'NONE',  ( 1.000000000000000000, 0.000000000000000000, 0.000000000000000000 ) ) ;
#272 = AXIS2_PLACEMENT_3D ( 'NONE', #485, #986, #471 ) ;
#273 = AXIS2_PLACEMENT_3D ( 'NONE', #438, #525, #1143 ) ;
#274 = EDGE_LOOP ( 'NONE', ( #728, #1164, #378, #1012 ) ) ;
#275 = PLANE ( 'NONE',  #124 ) ;
#276 = VECTOR ( 'NONE', #15, 1000.000000000000000 ) ;
#277 = ORIENTED_EDGE ( 'NONE', *, *, #299, .T. ) ;
#278 = CARTESIAN_POINT ( 'NONE',  ( 1.000000000000000888, -5.000000000000000000, -6.292440191088837231 ) ) ;
#279 = CARTESIAN_POINT ( 'NONE',  ( -1.000000000000000000, -5.666666666666666963, 6.927382843472706497 ) ) ;
#280 = EDGE_CURVE ( 'NONE', #762, #861, #1296, .T. ) ;
#281 = DIRECTION ( 'NONE',  ( 6.829619984160655581E-17, 0.000000000000000000, -1.000000000000000000 ) ) ;
#282 = CARTESIAN_POINT ( 'NONE',  ( -0.9999999999999991118, -5.666666666666666963, -7.433034373659253013 ) ) ;
#283 = CARTESIAN_POINT ( 'NONE',  ( -1.000000000000000000, -7.000000000000000000, 0.000000000000000000 ) ) ;
#284 = CARTESIAN_POINT ( 'NONE',  ( 1.000000000000000666, -5.666666666666666963, -5.916079783099617906 ) ) ;
#285 = EDGE_CURVE ( 'NONE', #1136, #484, #462, .T. ) ;
#286 = CARTESIAN_POINT ( 'NONE',  ( 1.666666666666667629, -5.000000000000000000, -7.312470322826767344 ) ) ;
#287 = PRODUCT_DEFINITION_CONTEXT ( 'detailed design', #655, 'design' ) ;
#288 = CARTESIAN_POINT ( 'NONE',  ( -1.000000000000000000, -5.666666666666666963, 5.680414044343741864 ) ) ;
#289 = CARTESIAN_POINT ( 'NONE',  ( -6.904466337833830458, -5.000000000000000000, 0.9999999999999983347 ) ) ;
#290 = AXIS2_PLACEMENT_3D ( 'NONE', #914, #319, #14 ) ;
#291 = VECTOR ( 'NONE', #115, 1000.000000000000000 ) ;
#292 = DIRECTION ( 'NONE',  ( 0.000000000000000000, -1.000000000000000000, 0.000000000000000000 ) ) ;
#293 = EDGE_CURVE ( 'NONE', #312, #348, #366, .T. ) ;
#294 = COLOUR_RGB ( '',0.7921568627450980005, 0.8196078431372548767, 0.9333333333333333481 ) ;
#295 = CARTESIAN_POINT ( 'NONE',  ( 5.916079783099617906, -5.666666666666666963, -0.9999999999999995559 ) ) ;
#296 = CARTESIAN_POINT ( 'NONE',  ( 1.057076295487959561, -5.273643976490046015, -7.426022384495104767 ) ) ;
#297 = CARTESIAN_POINT ( 'NONE',  ( 5.916079783099617906, -5.666666666666666963, -0.9999999999999995559 ) ) ;
#298 = CARTESIAN_POINT ( 'NONE',  ( -7.387751181450950000, -5.067808407407587978, -1.295462690181212073 ) ) ;
#299 = EDGE_CURVE ( 'NONE', #604, #654, #1133, .T. ) ;
#300 = ORIENTED_EDGE ( 'NONE', *, *, #1202, .F. ) ;
#301 = CARTESIAN_POINT ( 'NONE',  ( 7.516492484579039512, -5.000000000000000000, 1.000000000000000444 ) ) ;
#302 = CARTESIAN_POINT ( 'NONE',  ( -7.433034373659253013, -5.666666666666666963, 0.9999999999999985567 ) ) ;
#303 = ORIENTED_EDGE ( 'NONE', *, *, #1183, .F. ) ;
#304 = CARTESIAN_POINT ( 'NONE',  ( 5.907177664318552068, -5.271796249728341266, -1.057786074288567857 ) ) ;
#305 = EDGE_CURVE ( 'NONE', #371, #553, #956, .T. ) ;
#306 = CARTESIAN_POINT ( 'NONE',  ( -0.9999999999999991118, -5.000000000000000000, -6.292440191088627621 ) ) ;
#307 = CARTESIAN_POINT ( 'NONE',  ( -5.680414044343741864, -5.000000000000000000, -0.9999999999999986677 ) ) ;
#308 = AXIS2_PLACEMENT_3D ( 'NONE', #718, #332, #521 ) ;
#309 = CARTESIAN_POINT ( 'NONE',  ( 7.433034373659253013, -7.000000000000000000, -0.9999999999999995559 ) ) ;
#310 = B_SPLINE_CURVE_WITH_KNOTS ( 'NONE', 3,
 ( #497, #1212, #897, #1297, #100, #998 ),
 .UNSPECIFIED., .F., .F.,
 ( 4, 2, 4 ),
 ( 0.000000000000000000, 0.5000000000000000000, 1.000000000000000000 ),
 .UNSPECIFIED. ) ;
#311 = VERTEX_POINT ( 'NONE', #615 ) ;
#312 = VERTEX_POINT ( 'NONE', #1227 ) ;
#313 =( NAMED_UNIT ( * ) PLANE_ANGLE_UNIT ( ) SI_UNIT ( $, .RADIAN. ) );
#314 = VERTEX_POINT ( 'NONE', #241 ) ;
#315 = CARTESIAN_POINT ( 'NONE',  ( 5.848964456170789639, -5.053674724512157823, -1.338436823869879388 ) ) ;
#316 = CARTESIAN_POINT ( 'NONE',  ( -5.907177664318554733, -5.271796249728338601, 1.057786074288568079 ) ) ;
#317 = CARTESIAN_POINT ( 'NONE',  ( 7.356801972024138436, -5.013561681481518484, 1.461011925037984494 ) ) ;
#318 = EDGE_CURVE ( 'NONE', #619, #337, #896, .T. ) ;
#319 = DIRECTION ( 'NONE',  ( -0.000000000000000000, 1.000000000000000000, -0.000000000000000000 ) ) ;
#320 = LINE ( 'NONE', #596, #1130 ) ;
#321 = ORIENTED_EDGE ( 'NONE', *, *, #930, .F. ) ;
#322 = EDGE_LOOP ( 'NONE', ( #161, #157, #647, #365 ) ) ;
#323 = PRODUCT_DEFINITION_SHAPE ( 'NONE', 'NONE',  #646 ) ;
#324 = CARTESIAN_POINT ( 'NONE',  ( 1.000000000000000000, -5.000000000000000000, 7.516492484579038624 ) ) ;
#325 = DIRECTION ( 'NONE',  ( -0.000000000000000000, 1.000000000000000000, -0.000000000000000000 ) ) ;
#326 = CARTESIAN_POINT ( 'NONE',  ( -5.763872155263528363, -5.000000000000000000, -1.666666666666665408 ) ) ;
#327 = FACE_OUTER_BOUND ( 'NONE', #535, .T. ) ;
#328 = VERTEX_POINT ( 'NONE', #457 ) ;
#329 = CARTESIAN_POINT ( 'NONE',  ( 0.000000000000000000, 11.35000000000000320, 0.000000000000000000 ) ) ;
#330 = CARTESIAN_POINT ( 'NONE',  ( 7.433034373659253013, -7.000000000000000000, 1.000000000000000444 ) ) ;
#331 = DIRECTION ( 'NONE',  ( 0.000000000000000000, 1.000000000000000000, 0.000000000000000000 ) ) ;
#332 = DIRECTION ( 'NONE',  ( 0.000000000000000000, -1.000000000000000000, 0.000000000000000000 ) ) ;
#333 = EDGE_LOOP ( 'NONE', ( #1228, #1241, #846, #951 ) ) ;
#334 = CARTESIAN_POINT ( 'NONE',  ( 0.9999999999999985567, -7.000000000000000000, 5.916079783099617906 ) ) ;
#335 = ORIENTED_EDGE ( 'NONE', *, *, #163, .F. ) ;
#336 = AXIS2_PLACEMENT_3D ( 'NONE', #236, #1254, #634 ) ;
#337 = VERTEX_POINT ( 'NONE', #1129 ) ;
#338 = ADVANCED_FACE ( 'NONE', ( #859 ), #950, .T. ) ;
#339 = APPLICATION_PROTOCOL_DEFINITION ( 'draft international standard', 'automotive_design', 1998, #655 ) ;
#340 = AXIS2_PLACEMENT_3D ( 'NONE', #112, #10, #419 ) ;
#341 = DIRECTION ( 'NONE',  ( 0.000000000000000000, 0.000000000000000000, 1.000000000000000000 ) ) ;
#342 = CARTESIAN_POINT ( 'NONE',  ( 1.666666666666667407, -5.000000000000000000, -5.763872155263528363 ) ) ;
#343 = DIRECTION ( 'NONE',  ( -0.000000000000000000, 1.000000000000000000, -0.000000000000000000 ) ) ;
#344 = CARTESIAN_POINT ( 'NONE',  ( 1.000000000000000000, -5.666666666666666963, 7.516492484579038624 ) ) ;
#345 = B_SPLINE_SURFACE_WITH_KNOTS ( 'NONE', 2, 3, ( 
 ( #609, #995, #1008, #109 ),
 ( #307, #723, #815, #1114 ),
 ( #493, #1200, #6, #586 ) ),
 .UNSPECIFIED., .F., .F., .F.,
 ( 3, 3 ),
 ( 4, 4 ),
 ( 0.000000000000000000, 1.000000000000000000 ),
 ( 0.005680414044343741302, 0.007516492484579037972 ),
 .UNSPECIFIED. ) ;
#346 = CARTESIAN_POINT ( 'NONE',  ( 1.666666666666667629, -5.000000000000000000, -6.796270933639020129 ) ) ;
#347 = ORIENTED_EDGE ( 'NONE', *, *, #612, .T. ) ;
#348 = VERTEX_POINT ( 'NONE', #943 ) ;
#349 = VERTEX_POINT ( 'NONE', #1032 ) ;
#350 = CARTESIAN_POINT ( 'NONE',  ( -3.175000000000000711, 11.35000000000000320, -3.175000000000001599 ) ) ;
#351 = CARTESIAN_POINT ( 'NONE',  ( -0.9999999999999978906, -5.441619472786198841, 7.433034373659254790 ) ) ;
#352 = ADVANCED_FACE ( 'NONE', ( #623 ), #138, .T. ) ;
#353 = ORIENTED_EDGE ( 'NONE', *, *, #909, .F. ) ;
#354 = APPLICATION_CONTEXT ( 'automotive_design' ) ;
#355 = EDGE_LOOP ( 'NONE', ( #658, #86, #208, #748, #1260, #932, #1109, #727, #817, #517, #55, #721, #368, #335, #975, #35 ) ) ;
#356 = CARTESIAN_POINT ( 'NONE',  ( 0.000000000000000000, 0.000000000000000000, 0.000000000000000000 ) ) ;
#357 = B_SPLINE_SURFACE_WITH_KNOTS ( 'NONE', 2, 3, ( 
 ( #905, #405, #197, #498 ),
 ( #1097, #814, #306, #709 ),
 ( #629, #433, #1031, #1244 ) ),
 .UNSPECIFIED., .F., .F., .F.,
 ( 3, 3 ),
 ( 4, 4 ),
 ( 0.000000000000000000, 1.000000000000000000 ),
 ( -0.007516492484579054452, -0.005680414044343413439 ),
 .UNSPECIFIED. ) ;
#358 = AXIS2_PLACEMENT_3D ( 'NONE', #694, #199, #588 ) ;
#359 = CARTESIAN_POINT ( 'NONE',  ( -6.421731313286155540, -5.666666666666666963, 0.9999999999999986677 ) ) ;
#360 = CARTESIAN_POINT ( 'NONE',  ( -3.175000000000000711, 11.35000000000000320, 3.174999999999999822 ) ) ;
#361 = CIRCLE ( 'NONE', #1065, 6.000000000000000888 ) ;
#362 = EDGE_LOOP ( 'NONE', ( #635, #670, #415, #754 ) ) ;
#363 = EDGE_CURVE ( 'NONE', #337, #1251, #854, .T. ) ;
#364 = CARTESIAN_POINT ( 'NONE',  ( -5.913727167122607931, -5.456048933664556344, -1.014230290737847540 ) ) ;
#365 = ORIENTED_EDGE ( 'NONE', *, *, #1052, .F. ) ;
#366 = B_SPLINE_CURVE_WITH_KNOTS ( 'NONE', 3,
 ( #130, #520, #434, #630, #48, #1140 ),
 .UNSPECIFIED., .F., .F.,
 ( 4, 2, 4 ),
 ( 0.000000000000000000, 0.5000000000000000000, 1.000000000000000000 ),
 .UNSPECIFIED. ) ;
#367 = CARTESIAN_POINT ( 'NONE',  ( -1.666666666666665408, -5.000000000000000000, -5.763872155263528363 ) ) ;
#368 = ORIENTED_EDGE ( 'NONE', *, *, #239, .T. ) ;
#369 = DIRECTION ( 'NONE',  ( -1.000000000000000000, 0.000000000000000000, -2.738022182978913185E-16 ) ) ;
#370 = EDGE_CURVE ( 'NONE', #553, #229, #747, .T. ) ;
#371 = VERTEX_POINT ( 'NONE', #1237 ) ;
#372 = ADVANCED_FACE ( 'NONE', ( #152 ), #756, .T. ) ;
#373 = CARTESIAN_POINT ( 'NONE',  ( -7.433034373659253013, -5.666666666666666963, 0.9999999999999985567 ) ) ;
#374 = CARTESIAN_POINT ( 'NONE',  ( -6.421731313286159093, -5.666666666666666963, -0.9999999999999986677 ) ) ;
#375 = ORIENTED_EDGE ( 'NONE', *, *, #1168, .F. ) ;
#376 = CARTESIAN_POINT ( 'NONE',  ( -5.680414044343409685, -5.666666666666666963, 0.9999999999999986677 ) ) ;
#377 = CARTESIAN_POINT ( 'NONE',  ( 0.000000000000000000, -5.000000000000000000, 0.000000000000000000 ) ) ;
#378 = ORIENTED_EDGE ( 'NONE', *, *, #1278, .T. ) ;
#379 = EDGE_CURVE ( 'NONE', #1219, #566, #1121, .T. ) ;
#380 = CARTESIAN_POINT ( 'NONE',  ( 7.433034373659253013, -5.666666666666666963, 1.000000000000000444 ) ) ;
#381 = FILL_AREA_STYLE_COLOUR ( '', #294 ) ;
#382 = VECTOR ( 'NONE', #114, 1000.000000000000000 ) ;
#383 = VECTOR ( 'NONE', #176, 1000.000000000000000 ) ;
#384 = LINE ( 'NONE', #781, #901 ) ;
#385 = DIRECTION ( 'NONE',  ( 0.000000000000000000, -0.000000000000000000, 1.000000000000000000 ) ) ;
#386 = CARTESIAN_POINT ( 'NONE',  ( -1.000000000000000000, -7.000000000000000000, 0.000000000000000000 ) ) ;
#387 = CARTESIAN_POINT ( 'NONE',  ( 0.9999999999999985567, -5.666666666666666963, 5.916079783099617906 ) ) ;
#388 = ORIENTED_EDGE ( 'NONE', *, *, #195, .F. ) ;
#389 = CARTESIAN_POINT ( 'NONE',  ( -0.9999999999999991118, -5.666666666666666963, -5.916079783099617906 ) ) ;
#390 = LINE ( 'NONE', #1184, #448 ) ;
#391 = CARTESIAN_POINT ( 'NONE',  ( 1.201061387456338059, -5.133331154488511849, 5.878631239677345022 ) ) ;
#392 = CARTESIAN_POINT ( 'NONE',  ( 7.516492484579039512, -5.000000000000000000, 1.666666666666666963 ) ) ;
#393 = CARTESIAN_POINT ( 'NONE',  ( 0.000000000000000000, -7.000000000000000000, 1.000000000000000444 ) ) ;
#394 = EDGE_CURVE ( 'NONE', #861, #611, #188, .T. ) ;
#395 = FACE_OUTER_BOUND ( 'NONE', #464, .T. ) ;
#396 = CARTESIAN_POINT ( 'NONE',  ( -1.000000000000000000, -5.000000000000000000, 5.680414044343741864 ) ) ;
#397 = CARTESIAN_POINT ( 'NONE',  ( -5.872392768811049102, -5.110704119306329396, 1.231362490008869770 ) ) ;
#398 = VECTOR ( 'NONE', #601, 1000.000000000000000 ) ;
#399 = CARTESIAN_POINT ( 'NONE',  ( -0.9999999999999991118, -7.000000000000000000, -5.916079783099617906 ) ) ;
#400 = CARTESIAN_POINT ( 'NONE',  ( 5.903701872547037155, -5.288211829937076836, 1.071044485490109555 ) ) ;
#401 = CIRCLE ( 'NONE', #1045, 6.000000000000000888 ) ;
#402 = EDGE_CURVE ( 'NONE', #851, #312, #541, .T. ) ;
#403 = DIRECTION ( 'NONE',  ( 0.000000000000000000, -0.000000000000000000, -1.000000000000000000 ) ) ;
#404 = DIRECTION ( 'NONE',  ( -0.000000000000000000, 1.000000000000000000, -0.000000000000000000 ) ) ;
#405 = CARTESIAN_POINT ( 'NONE',  ( -1.666666666666665630, -5.000000000000000000, -6.904466337833839340 ) ) ;
#406 = CARTESIAN_POINT ( 'NONE',  ( -7.390883839791396070, -5.054935884768120502, 1.279643740812514530 ) ) ;
#407 = CARTESIAN_POINT ( 'NONE',  ( 1.666666666666666519, -5.000000000000000000, 6.796270933639025458 ) ) ;
#408 = EDGE_CURVE ( 'NONE', #26, #1132, #583, .T. ) ;
#409 = ORIENTED_EDGE ( 'NONE', *, *, #960, .T. ) ;
#410 = DIRECTION ( 'NONE',  ( 0.000000000000000000, 0.000000000000000000, 1.000000000000000000 ) ) ;
#411 = CARTESIAN_POINT ( 'NONE',  ( 7.433034373659253013, -5.666666666666666963, -0.9999999999999995559 ) ) ;
#412 = FACE_OUTER_BOUND ( 'NONE', #1171, .T. ) ;
#413 = CARTESIAN_POINT ( 'NONE',  ( 0.000000000000000000, 11.35000000000000320, 0.000000000000000000 ) ) ;
#414 = EDGE_LOOP ( 'NONE', ( #508, #1217, #1239, #50 ) ) ;
#415 = ORIENTED_EDGE ( 'NONE', *, *, #52, .F. ) ;
#416 = PLANE ( 'NONE',  #167 ) ;
#417 = ADVANCED_FACE ( 'NONE', ( #884 ), #568, .T. ) ;
#418 = ORIENTED_EDGE ( 'NONE', *, *, #960, .F. ) ;
#419 = DIRECTION ( 'NONE',  ( -6.829619984160655581E-17, 0.000000000000000000, 1.000000000000000000 ) ) ;
#420 = CARTESIAN_POINT ( 'NONE',  ( -5.819709935774636911, -5.013418681128037235, 1.462248141597890294 ) ) ;
#421 = LINE ( 'NONE', #906, #398 ) ;
#422 = AXIS2_PLACEMENT_3D ( 'NONE', #942, #834, #225 ) ;
#423 = DIRECTION ( 'NONE',  ( 0.000000000000000000, 0.000000000000000000, 1.000000000000000000 ) ) ;
#424 = AXIS2_PLACEMENT_3D ( 'NONE', #283, #1079, #172 ) ;
#425 = CYLINDRICAL_SURFACE ( 'NONE', #105, 6.000000000000000888 ) ;
#426 = CARTESIAN_POINT ( 'NONE',  ( 7.312470322826767344, -5.000000000000000000, 1.666666666666666519 ) ) ;
#427 = CARTESIAN_POINT ( 'NONE',  ( -3.175000000000000711, 5.000000000000000000, -3.175000000000001599 ) ) ;
#428 = CARTESIAN_POINT ( 'NONE',  ( 7.347880794884120722E-16, -7.000000000000000000, 6.000000000000000888 ) ) ;
#429 = EDGE_LOOP ( 'NONE', ( #1058, #551 ) ) ;
#430 = ORIENTED_EDGE ( 'NONE', *, *, #543, .T. ) ;
#431 = ORIENTED_EDGE ( 'NONE', *, *, #478, .F. ) ;
#432 = DIRECTION ( 'NONE',  ( -0.000000000000000000, -0.000000000000000000, 1.000000000000000000 ) ) ;
#433 = CARTESIAN_POINT ( 'NONE',  ( -0.9999999999999991118, -5.666666666666666963, -6.904466337833839340 ) ) ;
#434 = CARTESIAN_POINT ( 'NONE',  ( 1.057428469262727821, -5.274679423840604287, 7.425934087310698040 ) ) ;
#435 = CARTESIAN_POINT ( 'NONE',  ( -6.796270933639021905, -5.000000000000000000, -1.666666666666664964 ) ) ;
#436 = EDGE_CURVE ( 'NONE', #1063, #851, #251, .T. ) ;
#437 = CARTESIAN_POINT ( 'NONE',  ( 7.347880794884120722E-16, 5.000000000000000000, 6.000000000000000888 ) ) ;
#438 = CARTESIAN_POINT ( 'NONE',  ( 0.000000000000000000, 5.000000000000000000, 0.000000000000000000 ) ) ;
#439 = DIRECTION ( 'NONE',  ( -0.000000000000000000, -1.000000000000000000, -0.000000000000000000 ) ) ;
#440 = ORIENTED_EDGE ( 'NONE', *, *, #68, .F. ) ;
#441 = DIRECTION ( 'NONE',  ( 0.000000000000000000, 0.000000000000000000, 1.000000000000000000 ) ) ;
#442 = B_SPLINE_SURFACE_WITH_KNOTS ( 'NONE', 2, 3, ( 
 ( #190, #1204, #919, #1287 ),
 ( #396, #20, #699, #797 ),
 ( #288, #1095, #589, #911 ) ),
 .UNSPECIFIED., .F., .F., .F.,
 ( 3, 3 ),
 ( 4, 4 ),
 ( 0.000000000000000000, 1.000000000000000000 ),
 ( 0.005680414044343742169, 0.007516492484579038839 ),
 .UNSPECIFIED. ) ;
#443 = LINE ( 'NONE', #823, #1067 ) ;
#444 = EDGE_CURVE ( 'NONE', #142, #123, #836, .T. ) ;
#445 = VECTOR ( 'NONE', #1044, 1000.000000000000000 ) ;
#446 = ORIENTED_EDGE ( 'NONE', *, *, #91, .F. ) ;
#447 = VECTOR ( 'NONE', #432, 1000.000000000000000 ) ;
#448 = VECTOR ( 'NONE', #875, 1000.000000000000000 ) ;
#449 = CARTESIAN_POINT ( 'NONE',  ( -1.448148516286288601, -4.999999999999999112, 5.827058309898829336 ) ) ;
#450 = FACE_OUTER_BOUND ( 'NONE', #502, .T. ) ;
#451 = CARTESIAN_POINT ( 'NONE',  ( -2.738022182978914171E-16, -7.000000000000000000, 1.000000000000000444 ) ) ;
#452 = ORIENTED_EDGE ( 'NONE', *, *, #21, .F. ) ;
#453 = VERTEX_POINT ( 'NONE', #979 ) ;
#454 = ORIENTED_EDGE ( 'NONE', *, *, #318, .F. ) ;
#455 = ADVANCED_FACE ( 'NONE', ( #785, #259 ), #549, .F. ) ;
#456 = CARTESIAN_POINT ( 'NONE',  ( 0.000000000000000000, 5.000000000000000000, 0.000000000000000000 ) ) ;
#457 = CARTESIAN_POINT ( 'NONE',  ( 3.175000000000000711, 5.000000000000000000, -3.175000000000001599 ) ) ;
#458 = ORIENTED_EDGE ( 'NONE', *, *, #139, .T. ) ;
#459 = ORIENTED_EDGE ( 'NONE', *, *, #1153, .T. ) ;
#460 = ADVANCED_FACE ( 'NONE', ( #766 ), #1163, .F. ) ;
#461 = CARTESIAN_POINT ( 'NONE',  ( -7.433034373659253013, -5.666666666666666963, -0.9999999999999985567 ) ) ;
#462 = LINE ( 'NONE', #360, #925 ) ;
#463 = VERTEX_POINT ( 'NONE', #1062 ) ;
#464 = EDGE_LOOP ( 'NONE', ( #16, #570, #1027, #1209 ) ) ;
#465 = ORIENTED_EDGE ( 'NONE', *, *, #848, .F. ) ;
#466 = MANIFOLD_SOLID_BREP ( 'Fillet1', #863 ) ;
#467 = CIRCLE ( 'NONE', #1190, 6.000000000000000888 ) ;
#468 = FACE_OUTER_BOUND ( 'NONE', #333, .T. ) ;
#469 = CARTESIAN_POINT ( 'NONE',  ( -1.201061387456342500, -5.133331154488512738, -5.878631239677345022 ) ) ;
#470 = ORIENTED_EDGE ( 'NONE', *, *, #1223, .T. ) ;
#471 = DIRECTION ( 'NONE',  ( 0.000000000000000000, -0.000000000000000000, 1.000000000000000000 ) ) ;
#472 = EDGE_CURVE ( 'NONE', #349, #26, #1273, .T. ) ;
#473 = ORIENTED_EDGE ( 'NONE', *, *, #726, .F. ) ;
#474 = CARTESIAN_POINT ( 'NONE',  ( 1.666666666666667629, -5.000000000000000000, -7.516492484579039512 ) ) ;
#475 = SURFACE_SIDE_STYLE ('',( #165 ) ) ;
#476 = ORIENTED_EDGE ( 'NONE', *, *, #1070, .F. ) ;
#477 = CARTESIAN_POINT ( 'NONE',  ( 1.000000000000000888, -5.666666666666666963, -7.433034373659253013 ) ) ;
#478 = EDGE_CURVE ( 'NONE', #348, #703, #617, .T. ) ;
#479 = CARTESIAN_POINT ( 'NONE',  ( -0.9999999999999985567, -5.666666666666666963, 5.916079783099617906 ) ) ;
#480 = PLANE ( 'NONE',  #272 ) ;
#481 = CARTESIAN_POINT ( 'NONE',  ( 0.9999999999999985567, -7.000000000000000000, 5.916079783099617906 ) ) ;
#482 = CARTESIAN_POINT ( 'NONE',  ( -6.927382843472705609, -5.666666666666666963, -0.9999999999999986677 ) ) ;
#483 = CIRCLE ( 'NONE', #1210, 7.500000000000000000 ) ;
#484 = VERTEX_POINT ( 'NONE', #682 ) ;
#485 = CARTESIAN_POINT ( 'NONE',  ( 0.000000000000000000, -5.000000000000000000, 0.000000000000000000 ) ) ;
#486 = CARTESIAN_POINT ( 'NONE',  ( -5.827058309898829336, -5.000000000000000000, -1.448148516286288379 ) ) ;
#487 = CARTESIAN_POINT ( 'NONE',  ( 5.916079783099617906, -7.000000000000000000, -0.9999999999999995559 ) ) ;
#488 = EDGE_CURVE ( 'NONE', #566, #49, #310, .T. ) ;
#489 = CARTESIAN_POINT ( 'NONE',  ( -0.9999999999999991118, -5.666666666666666963, -5.916079783099617906 ) ) ;
#490 = CARTESIAN_POINT ( 'NONE',  ( 0.000000000000000000, 11.35000000000000320, -7.500000000000000000 ) ) ;
#491 = CARTESIAN_POINT ( 'NONE',  ( 5.862684145829593518, -5.054385118494741924, 1.281314010796362979 ) ) ;
#492 = ADVANCED_FACE ( 'NONE', ( #1199 ), #442, .T. ) ;
#493 = CARTESIAN_POINT ( 'NONE',  ( -5.680414044343741864, -5.666666666666666963, -0.9999999999999986677 ) ) ;
#494 = CARTESIAN_POINT ( 'NONE',  ( -5.763872155263528363, -5.000000000000000000, 1.666666666666665853 ) ) ;
#495 = DIRECTION ( 'NONE',  ( 0.000000000000000000, 0.000000000000000000, -1.000000000000000000 ) ) ;
#496 = CARTESIAN_POINT ( 'NONE',  ( 1.000000000000000888, -5.000000000000000000, -7.516492484579039512 ) ) ;
#497 = CARTESIAN_POINT ( 'NONE',  ( 7.433034373659253013, -5.666666666666666963, -0.9999999999999995559 ) ) ;
#498 = CARTESIAN_POINT ( 'NONE',  ( -1.666666666666665630, -5.000000000000000000, -5.680414044343410573 ) ) ;
#499 = CARTESIAN_POINT ( 'NONE',  ( 9.184850993605147944E-16, -7.000000000000000000, 7.500000000000000000 ) ) ;
#500 = AXIS2_PLACEMENT_3D ( 'NONE', #4, #807, #410 ) ;
#501 = EDGE_CURVE ( 'NONE', #619, #1219, #786, .T. ) ;
#502 = EDGE_LOOP ( 'NONE', ( #845, #858, #1257, #135 ) ) ;
#503 = CARTESIAN_POINT ( 'NONE',  ( 5.680414044343741864, -5.000000000000000000, 1.666666666666666963 ) ) ;
#504 = CARTESIAN_POINT ( 'NONE',  ( -1.666666666666666519, -5.000000000000000000, 5.763872155263528363 ) ) ;
#505 = CARTESIAN_POINT ( 'NONE',  ( -1.666666666666666519, -5.000000000000000000, 6.796270933639021905 ) ) ;
#506 = EDGE_CURVE ( 'NONE', #698, #957, #690, .T. ) ;
#507 = ORIENTED_EDGE ( 'NONE', *, *, #1284, .T. ) ;
#508 = ORIENTED_EDGE ( 'NONE', *, *, #1284, .F. ) ;
#509 = CARTESIAN_POINT ( 'NONE',  ( 1.557291291410586531, -5.000000000000000000, -7.337399284456113335 ) ) ;
#510 = CARTESIAN_POINT ( 'NONE',  ( -5.916079783099617018, -5.666666666666666963, -0.9999999999999988898 ) ) ;
#511 = DIRECTION ( 'NONE',  ( -0.000000000000000000, 1.000000000000000000, -0.000000000000000000 ) ) ;
#512 = DIRECTION ( 'NONE',  ( 0.000000000000000000, 0.000000000000000000, -1.000000000000000000 ) ) ;
#513 = DIRECTION ( 'NONE',  ( 0.000000000000000000, 0.000000000000000000, -1.000000000000000000 ) ) ;
#514 = CARTESIAN_POINT ( 'NONE',  ( 0.000000000000000000, -7.000000000000000000, 0.000000000000000000 ) ) ;
#515 = AXIS2_PLACEMENT_3D ( 'NONE', #171, #1295, #403 ) ;
#516 = CARTESIAN_POINT ( 'NONE',  ( -6.796270933639027234, -5.000000000000000000, 1.666666666666665408 ) ) ;
#517 = ORIENTED_EDGE ( 'NONE', *, *, #1197, .T. ) ;
#518 = ADVANCED_FACE ( 'NONE', ( #209 ), #600, .T. ) ;
#519 = CARTESIAN_POINT ( 'NONE',  ( -1.666666666666664964, -5.000000000000000000, -7.312470322826768232 ) ) ;
#520 = CARTESIAN_POINT ( 'NONE',  ( 0.9999999999999995559, -5.443012506477439061, 7.433034373659251237 ) ) ;
#521 = DIRECTION ( 'NONE',  ( 0.000000000000000000, 0.000000000000000000, -1.000000000000000000 ) ) ;
#522 = LINE ( 'NONE', #309, #1000 ) ;
#523 = ORIENTED_EDGE ( 'NONE', *, *, #149, .T. ) ;
#524 = DIRECTION ( 'NONE',  ( 0.000000000000000000, 1.000000000000000000, 0.000000000000000000 ) ) ;
#525 = DIRECTION ( 'NONE',  ( -0.000000000000000000, -1.000000000000000000, -0.000000000000000000 ) ) ;
#526 = DIRECTION ( 'NONE',  ( 0.000000000000000000, 0.000000000000000000, -1.000000000000000000 ) ) ;
#527 = EDGE_CURVE ( 'NONE', #959, #1076, #204, .T. ) ;
#528 = ORIENTED_EDGE ( 'NONE', *, *, #1087, .T. ) ;
#529 = CARTESIAN_POINT ( 'NONE',  ( 5.763872155263528363, -5.000000000000000000, 1.666666666666666963 ) ) ;
#530 = ORIENTED_EDGE ( 'NONE', *, *, #1248, .F. ) ;
#531 = ORIENTED_EDGE ( 'NONE', *, *, #829, .T. ) ;
#532 = CARTESIAN_POINT ( 'NONE',  ( 0.000000000000000000, -5.000000000000000000, 0.000000000000000000 ) ) ;
#533 = CARTESIAN_POINT ( 'NONE',  ( 1.000000000000001554, -5.554227695286506616, -5.916079783099617906 ) ) ;
#534 = DIRECTION ( 'NONE',  ( 0.000000000000000000, 0.000000000000000000, -1.000000000000000000 ) ) ;
#535 = EDGE_LOOP ( 'NONE', ( #242, #458, #465, #213 ) ) ;
#536 = EDGE_CURVE ( 'NONE', #1174, #1247, #704, .T. ) ;
#537 = CIRCLE ( 'NONE', #308, 7.500000000000000000 ) ;
#538 = AXIS2_PLACEMENT_3D ( 'NONE', #1207, #1010, #132 ) ;
#539 = CARTESIAN_POINT ( 'NONE',  ( 1.000000000000000000, -5.666666666666666963, 6.904466337833937040 ) ) ;
#540 = CARTESIAN_POINT ( 'NONE',  ( 1.666666666666667629, -5.000000000000000000, -7.312470322826767344 ) ) ;
#541 = B_SPLINE_CURVE_WITH_KNOTS ( 'NONE', 3,
 ( #773, #1069, #1182, #184 ),
 .UNSPECIFIED., .F., .F.,
 ( 4, 4 ),
 ( 0.000000000000000000, 1.000000000000000000 ),
 .UNSPECIFIED. ) ;
#542 = ORIENTED_EDGE ( 'NONE', *, *, #1264, .T. ) ;
#543 = EDGE_CURVE ( 'NONE', #957, #51, #680, .T. ) ;
#544 = CARTESIAN_POINT ( 'NONE',  ( 1.000000000000000888, -5.000000000000000000, -6.904466337833945033 ) ) ;
#545 = CARTESIAN_POINT ( 'NONE',  ( 1.666666666666667407, -5.000000000000000000, -6.280071544451274690 ) ) ;
#546 = EDGE_LOOP ( 'NONE', ( #1091, #969, #1268, #42 ) ) ;
#547 = ORIENTED_EDGE ( 'NONE', *, *, #971, .F. ) ;
#548 = DIRECTION ( 'NONE',  ( 1.000000000000000000, -0.000000000000000000, 0.000000000000000000 ) ) ;
#549 = PLANE ( 'NONE',  #1155 ) ;
#550 = ORIENTED_EDGE ( 'NONE', *, *, #139, .F. ) ;
#551 = ORIENTED_EDGE ( 'NONE', *, *, #1145, .T. ) ;
#552 = B_SPLINE_CURVE_WITH_KNOTS ( 'NONE', 3,
 ( #519, #928, #31, #1156 ),
 .UNSPECIFIED., .F., .F.,
 ( 4, 4 ),
 ( 0.000000000000000000, 1.000000000000000000 ),
 .UNSPECIFIED. ) ;
#553 = VERTEX_POINT ( 'NONE', #910 ) ;
#554 = PRODUCT ( 'Shaft Fastener Tool', 'Shaft Fastener Tool', '', ( #64 ) ) ;
#555 = AXIS2_PLACEMENT_3D ( 'NONE', #742, #835, #526 ) ;
#556 = VECTOR ( 'NONE', #1266, 1000.000000000000000 ) ;
#557 = FILL_AREA_STYLE ('',( #381 ) ) ;
#558 = ADVANCED_FACE ( 'NONE', ( #38 ), #416, .T. ) ;
#559 = CIRCLE ( 'NONE', #738, 7.500000000000000000 ) ;
#560 = CARTESIAN_POINT ( 'NONE',  ( -1.666666666666665408, -5.000000000000000000, -5.763872155263528363 ) ) ;
#561 = ORIENTED_EDGE ( 'NONE', *, *, #285, .T. ) ;
#562 = CARTESIAN_POINT ( 'NONE',  ( 0.9999999999999985567, -5.666666666666666963, 5.916079783099617906 ) ) ;
#563 = CARTESIAN_POINT ( 'NONE',  ( -1.462248141597894735, -5.013418681128038124, -5.819709935774637799 ) ) ;
#564 = CARTESIAN_POINT ( 'NONE',  ( -6.292440191088631174, -5.000000000000000000, 1.666666666666665408 ) ) ;
#565 = LINE ( 'NONE', #1270, #89 ) ;
#566 = VERTEX_POINT ( 'NONE', #411 ) ;
#567 = CARTESIAN_POINT ( 'NONE',  ( 6.280071544451275578, -5.000000000000000000, -1.666666666666666297 ) ) ;
#568 = PLANE ( 'NONE',  #424 ) ;
#569 = DIRECTION ( 'NONE',  ( -0.000000000000000000, -1.000000000000000000, -0.000000000000000000 ) ) ;
#570 = ORIENTED_EDGE ( 'NONE', *, *, #527, .T. ) ;
#571 = DIRECTION ( 'NONE',  ( 0.000000000000000000, 1.000000000000000000, 0.000000000000000000 ) ) ;
#572 = CARTESIAN_POINT ( 'NONE',  ( -5.916079783099617018, -5.666666666666666963, -0.9999999999999988898 ) ) ;
#573 = AXIS2_PLACEMENT_3D ( 'NONE', #235, #1037, #341 ) ;
#574 = AXIS2_PLACEMENT_3D ( 'NONE', #413, #931, #423 ) ;
#575 = DIRECTION ( 'NONE',  ( 2.738022182978913185E-16, 0.000000000000000000, -1.000000000000000000 ) ) ;
#576 = CARTESIAN_POINT ( 'NONE',  ( 5.916079783099617018, -5.666666666666666963, 1.000000000000000444 ) ) ;
#577 = VECTOR ( 'NONE', #325, 1000.000000000000000 ) ;
#578 = CARTESIAN_POINT ( 'NONE',  ( -0.9999999999999991118, -5.666666666666666963, -6.421731313286162646 ) ) ;
#579 = ADVANCED_FACE ( 'NONE', ( #118 ), #912, .F. ) ;
#580 = B_SPLINE_CURVE_WITH_KNOTS ( 'NONE', 3,
 ( #576, #987, #996, #400, #94, #491, #1286, #1187 ),
 .UNSPECIFIED., .F., .F.,
 ( 4, 2, 2, 4 ),
 ( 0.000000000000000000, 0.2499999999999996669, 0.4999999999999993339, 1.000000000000000000 ),
 .UNSPECIFIED. ) ;
#581 = CARTESIAN_POINT ( 'NONE',  ( 7.433034373659251237, -5.441619472786197953, 0.9999999999999993339 ) ) ;
#582 = DIRECTION ( 'NONE',  ( -0.000000000000000000, 0.000000000000000000, 1.000000000000000000 ) ) ;
#583 = B_SPLINE_CURVE_WITH_KNOTS ( 'NONE', 3,
 ( #1261, #482, #374, #572 ),
 .UNSPECIFIED., .F., .F.,
 ( 4, 4 ),
 ( 0.000000000000000000, 1.000000000000000000 ),
 .UNSPECIFIED. ) ;
#584 = CARTESIAN_POINT ( 'NONE',  ( 7.312470322826768232, -5.000000000000000000, -1.666666666666665408 ) ) ;
#585 = CARTESIAN_POINT ( 'NONE',  ( -5.795260041856221456, -4.999999999999999112, 1.558117207340150134 ) ) ;
#586 = CARTESIAN_POINT ( 'NONE',  ( -7.516492484579039512, -5.666666666666666963, -0.9999999999999983347 ) ) ;
#587 = CARTESIAN_POINT ( 'NONE',  ( -7.312470322826768232, -5.000000000000000000, -1.666666666666664742 ) ) ;
#588 = DIRECTION ( 'NONE',  ( 0.000000000000000000, 0.000000000000000000, -1.000000000000000000 ) ) ;
#589 = CARTESIAN_POINT ( 'NONE',  ( -1.000000000000000000, -5.666666666666666963, 6.904466337833937040 ) ) ;
#590 = CARTESIAN_POINT ( 'NONE',  ( 6.292440191088844337, -5.666666666666666963, 1.000000000000000444 ) ) ;
#591 = VECTOR ( 'NONE', #1127, 1000.000000000000000 ) ;
#592 = CARTESIAN_POINT ( 'NONE',  ( -7.433034373659253013, -5.666666666666666963, 0.9999999999999985567 ) ) ;
#593 = ADVANCED_FACE ( 'NONE', ( #217 ), #150, .T. ) ;
#594 = VECTOR ( 'NONE', #1139, 1000.000000000000000 ) ;
#595 = VECTOR ( 'NONE', #181, 1000.000000000000000 ) ;
#596 = CARTESIAN_POINT ( 'NONE',  ( 3.175000000000000266, 11.35000000000000320, 3.174999999999999822 ) ) ;
#597 = VERTEX_POINT ( 'NONE', #1085 ) ;
#598 = ORIENTED_EDGE ( 'NONE', *, *, #877, .T. ) ;
#599 = VERTEX_POINT ( 'NONE', #691 ) ;
#600 = PLANE ( 'NONE',  #340 ) ;
#601 = DIRECTION ( 'NONE',  ( -1.000000000000000000, -0.000000000000000000, -0.000000000000000000 ) ) ;
#602 = LINE ( 'NONE', #1009, #382 ) ;
#603 = CARTESIAN_POINT ( 'NONE',  ( 3.175000000000000711, 11.35000000000000320, -3.175000000000001599 ) ) ;
#604 = VERTEX_POINT ( 'NONE', #1001 ) ;
#605 = ORIENTED_EDGE ( 'NONE', *, *, #263, .F. ) ;
#606 = EDGE_LOOP ( 'NONE', ( #980, #952, #62, #561 ) ) ;
#607 = CARTESIAN_POINT ( 'NONE',  ( 0.000000000000000000, -7.000000000000000000, 0.000000000000000000 ) ) ;
#608 = CARTESIAN_POINT ( 'NONE',  ( 6.292440191088837231, -5.000000000000000000, 1.000000000000000444 ) ) ;
#609 = CARTESIAN_POINT ( 'NONE',  ( -5.680414044343741864, -5.000000000000000000, -1.666666666666665408 ) ) ;
#610 = DIRECTION ( 'NONE',  ( -1.000000000000000000, 0.000000000000000000, -0.000000000000000000 ) ) ;
#611 = VERTEX_POINT ( 'NONE', #1288 ) ;
#612 = EDGE_CURVE ( 'NONE', #1252, #1158, #924, .T. ) ;
#613 = B_SPLINE_CURVE_WITH_KNOTS ( 'NONE', 3,
 ( #1253, #359, #967, #373 ),
 .UNSPECIFIED., .F., .F.,
 ( 4, 4 ),
 ( 0.000000000000000000, 1.000000000000000000 ),
 .UNSPECIFIED. ) ;
#614 = LINE ( 'NONE', #330, #591 ) ;
#615 = CARTESIAN_POINT ( 'NONE',  ( 5.916079783099617018, -5.666666666666666963, 1.000000000000000444 ) ) ;
#616 = VECTOR ( 'NONE', #676, 1000.000000000000000 ) ;
#617 = CIRCLE ( 'NONE', #500, 7.500000000000000000 ) ;
#618 = DIRECTION ( 'NONE',  ( 1.369011091489456592E-16, 0.000000000000000000, -1.000000000000000000 ) ) ;
#619 = VERTEX_POINT ( 'NONE', #799 ) ;
#620 = STYLED_ITEM ( 'NONE', ( #201 ), #466 ) ;
#621 = ADVANCED_FACE ( 'NONE', ( #1193 ), #357, .T. ) ;
#622 = FACE_OUTER_BOUND ( 'NONE', #355, .T. ) ;
#623 = FACE_OUTER_BOUND ( 'NONE', #156, .T. ) ;
#624 = CARTESIAN_POINT ( 'NONE',  ( 0.000000000000000000, -7.000000000000000000, 0.000000000000000000 ) ) ;
#625 = VERTEX_POINT ( 'NONE', #240 ) ;
#626 = CARTESIAN_POINT ( 'NONE',  ( -3.175000000000000711, 11.35000000000000320, 3.174999999999999822 ) ) ;
#627 = EDGE_LOOP ( 'NONE', ( #963, #1019, #452, #531, #409, #1135, #347, #133, #353, #645, #17, #28, #222, #388, #764, #530 ) ) ;
#628 = DIRECTION ( 'NONE',  ( -0.000000000000000000, 1.000000000000000000, -0.000000000000000000 ) ) ;
#629 = CARTESIAN_POINT ( 'NONE',  ( -0.9999999999999991118, -5.666666666666666963, -7.516492484579054612 ) ) ;
#630 = CARTESIAN_POINT ( 'NONE',  ( 1.279643740812516084, -5.054935884768118726, 7.390883839791396070 ) ) ;
#631 = EDGE_CURVE ( 'NONE', #1178, #824, #1101, .T. ) ;
#632 = ORIENTED_EDGE ( 'NONE', *, *, #719, .T. ) ;
#633 = DIRECTION ( 'NONE',  ( -0.000000000000000000, -1.000000000000000000, -0.000000000000000000 ) ) ;
#634 = DIRECTION ( 'NONE',  ( 1.000000000000000000, 0.000000000000000000, -0.000000000000000000 ) ) ;
#635 = ORIENTED_EDGE ( 'NONE', *, *, #536, .F. ) ;
#636 = EDGE_CURVE ( 'NONE', #1017, #1292, #614, .T. ) ;
#637 = B_SPLINE_SURFACE_WITH_KNOTS ( 'NONE', 2, 3, ( 
 ( #154, #1043, #151, #827 ),
 ( #324, #722, #849, #1118 ),
 ( #344, #539, #129, #949 ) ),
 .UNSPECIFIED., .F., .F., .F.,
 ( 3, 3 ),
 ( 4, 4 ),
 ( 0.000000000000000000, 1.000000000000000000 ),
 ( -0.007516492484579038839, -0.005680414044343742169 ),
 .UNSPECIFIED. ) ;
#638 = AXIS2_PLACEMENT_3D ( 'NONE', #791, #903, #679 ) ;
#639 = ORIENTED_EDGE ( 'NONE', *, *, #318, .T. ) ;
#640 = SHAPE_DEFINITION_REPRESENTATION ( #323, #1040 ) ;
#641 = AXIS2_PLACEMENT_3D ( 'NONE', #356, #144, #933 ) ;
#642 = CARTESIAN_POINT ( 'NONE',  ( 1.114666035506800768, -5.217540473978965032, -5.895822875247672457 ) ) ;
#643 = CARTESIAN_POINT ( 'NONE',  ( 7.516492484579054612, -5.000000000000000000, -0.9999999999999995559 ) ) ;
#644 = ORIENTED_EDGE ( 'NONE', *, *, #78, .T. ) ;
#645 = ORIENTED_EDGE ( 'NONE', *, *, #1271, .T. ) ;
#646 = PRODUCT_DEFINITION ( 'UNKNOWN', '', #233, #287 ) ;
#647 = ORIENTED_EDGE ( 'NONE', *, *, #543, .F. ) ;
#648 = B_SPLINE_CURVE_WITH_KNOTS ( 'NONE', 3,
 ( #510, #1057, #364, #769, #261, #1166, #486, #1195 ),
 .UNSPECIFIED., .F., .F.,
 ( 4, 2, 2, 4 ),
 ( 0.000000000000000000, 0.2499999999999996669, 0.4999999999999993339, 1.000000000000000000 ),
 .UNSPECIFIED. ) ;
#649 = B_SPLINE_CURVE_WITH_KNOTS ( 'NONE', 3,
 ( #1289, #509, #989, #119, #801, #296, #692, #1089 ),
 .UNSPECIFIED., .F., .F.,
 ( 4, 2, 2, 4 ),
 ( 0.000000000000000000, 0.2499999999999995559, 0.4999999999999991118, 1.000000000000000000 ),
 .UNSPECIFIED. ) ;
#650 = PLANE ( 'NONE',  #46 ) ;
#651 = CARTESIAN_POINT ( 'NONE',  ( 6.421731313286162646, -5.666666666666666963, -0.9999999999999995559 ) ) ;
#652 = ORIENTED_EDGE ( 'NONE', *, *, #930, .T. ) ;
#653 = ORIENTED_EDGE ( 'NONE', *, *, #993, .F. ) ;
#654 = VERTEX_POINT ( 'NONE', #731 ) ;
#655 = APPLICATION_CONTEXT ( 'automotive_design' ) ;
#656 = LINE ( 'NONE', #805, #556 ) ;
#657 = DIRECTION ( 'NONE',  ( -0.000000000000000000, 0.000000000000000000, 1.000000000000000000 ) ) ;
#658 = ORIENTED_EDGE ( 'NONE', *, *, #1145, .F. ) ;
#659 = CARTESIAN_POINT ( 'NONE',  ( -2.738022182978914171E-16, -7.000000000000000000, 1.000000000000000444 ) ) ;
#660 = ORIENTED_EDGE ( 'NONE', *, *, #285, .F. ) ;
#661 = EDGE_CURVE ( 'NONE', #453, #762, #1173, .T. ) ;
#662 = FACE_OUTER_BOUND ( 'NONE', #953, .T. ) ;
#663 = CARTESIAN_POINT ( 'NONE',  ( -1.000000000000000000, -5.666666666666667851, 6.421731313286159093 ) ) ;
#664 = CARTESIAN_POINT ( 'NONE',  ( 9.184850993605147944E-16, 5.000000000000000000, 7.500000000000000000 ) ) ;
#665 = CARTESIAN_POINT ( 'NONE',  ( -3.175000000000000711, 5.000000000000000000, 3.174999999999999822 ) ) ;
#666 = ORIENTED_EDGE ( 'NONE', *, *, #370, .T. ) ;
#667 = CARTESIAN_POINT ( 'NONE',  ( 1.666666666666666519, -5.000000000000000000, 5.763872155263529251 ) ) ;
#668 = CARTESIAN_POINT ( 'NONE',  ( 1.000000000000000888, -5.666666666666666963, -6.292440191088844337 ) ) ;
#669 = CARTESIAN_POINT ( 'NONE',  ( 1.231362490008866439, -5.110704119306328508, 5.872392768811049102 ) ) ;
#670 = ORIENTED_EDGE ( 'NONE', *, *, #1278, .F. ) ;
#671 = CARTESIAN_POINT ( 'NONE',  ( -5.680414044343409685, -5.000000000000000000, 0.9999999999999986677 ) ) ;
#672 = EDGE_CURVE ( 'NONE', #1252, #262, #710, .T. ) ;
#673 = CARTESIAN_POINT ( 'NONE',  ( 0.000000000000000000, 5.000000000000000000, -7.500000000000000000 ) ) ;
#674 = DIRECTION ( 'NONE',  ( 0.000000000000000000, 0.000000000000000000, 1.000000000000000000 ) ) ;
#675 = CARTESIAN_POINT ( 'NONE',  ( 1.000000000000000666, -5.440343747438400435, 5.916079783099617906 ) ) ;
#676 = DIRECTION ( 'NONE',  ( 1.000000000000000000, 0.000000000000000000, 0.000000000000000000 ) ) ;
#677 = LINE ( 'NONE', #1291, #1175 ) ;
#678 = ADVANCED_FACE ( 'NONE', ( #622 ), #855, .T. ) ;
#679 = DIRECTION ( 'NONE',  ( 0.000000000000000000, -0.000000000000000000, 1.000000000000000000 ) ) ;
#680 = B_SPLINE_CURVE_WITH_KNOTS ( 'NONE', 3,
 ( #29, #1093, #19, #231, #833, #1225 ),
 .UNSPECIFIED., .F., .F.,
 ( 4, 2, 4 ),
 ( 0.000000000000000000, 0.5000000000000000000, 1.000000000000000000 ),
 .UNSPECIFIED. ) ;
#681 = VECTOR ( 'NONE', #1080, 1000.000000000000000 ) ;
#682 = CARTESIAN_POINT ( 'NONE',  ( -3.175000000000000711, 5.000000000000000000, 3.174999999999999822 ) ) ;
#683 = AXIS2_PLACEMENT_3D ( 'NONE', #11, #891, #899 ) ;
#684 = AXIS2_PLACEMENT_3D ( 'NONE', #1120, #228, #618 ) ;
#685 = CARTESIAN_POINT ( 'NONE',  ( 6.904466337833937040, -5.000000000000000000, 1.666666666666666963 ) ) ;
#686 = CARTESIAN_POINT ( 'NONE',  ( 7.433034373659253013, -7.000000000000000000, -0.9999999999999995559 ) ) ;
#687 = CARTESIAN_POINT ( 'NONE',  ( 0.000000000000000000, -7.000000000000000000, 0.000000000000000000 ) ) ;
#688 = AXIS2_PLACEMENT_3D ( 'NONE', #41, #1038, #850 ) ;
#689 = EDGE_CURVE ( 'NONE', #142, #147, #467, .T. ) ;
#690 = LINE ( 'NONE', #1103, #922 ) ;
#691 = CARTESIAN_POINT ( 'NONE',  ( -1.000000000000000000, -7.000000000000000000, 7.433034373659253013 ) ) ;
#692 = CARTESIAN_POINT ( 'NONE',  ( 1.000000000000001332, -5.441619472786197065, -7.433034373659253902 ) ) ;
#693 = CARTESIAN_POINT ( 'NONE',  ( 7.312470322826767344, -5.000000000000000000, 1.666666666666666519 ) ) ;
#694 = CARTESIAN_POINT ( 'NONE',  ( 0.000000000000000000, -7.000000000000000000, 0.000000000000000000 ) ) ;
#695 = B_SPLINE_CURVE_WITH_KNOTS ( 'NONE', 3,
 ( #584, #810, #567, #1277 ),
 .UNSPECIFIED., .F., .F.,
 ( 4, 4 ),
 ( 0.000000000000000000, 1.000000000000000000 ),
 .UNSPECIFIED. ) ;
#696 = DIRECTION ( 'NONE',  ( -1.000000000000000000, -0.000000000000000000, -0.000000000000000000 ) ) ;
#697 = ADVANCED_FACE ( 'NONE', ( #921 ), #425, .F. ) ;
#698 = VERTEX_POINT ( 'NONE', #40 ) ;
#699 = CARTESIAN_POINT ( 'NONE',  ( -1.000000000000000000, -5.000000000000000000, 6.904466337833945033 ) ) ;
#700 = CARTESIAN_POINT ( 'NONE',  ( -5.878631239677345022, -5.133331154488510961, 1.201061387456342056 ) ) ;
#701 = DIRECTION ( 'NONE',  ( -0.000000000000000000, 1.000000000000000000, -0.000000000000000000 ) ) ;
#702 = CARTESIAN_POINT ( 'NONE',  ( 7.347880794884120722E-16, 5.000000000000000000, 6.000000000000000888 ) ) ;
#703 = VERTEX_POINT ( 'NONE', #1148 ) ;
#704 = LINE ( 'NONE', #200, #1150 ) ;
#705 = UNCERTAINTY_MEASURE_WITH_UNIT (LENGTH_MEASURE( 1.000000000000000082E-05 ), #57, 'distance_accuracy_value', 'NONE');
#706 = ORIENTED_EDGE ( 'NONE', *, *, #1087, .F. ) ;
#707 = CARTESIAN_POINT ( 'NONE',  ( 5.916079783099618794, -5.440343747438403099, -0.9999999999999988898 ) ) ;
#708 = EDGE_CURVE ( 'NONE', #1247, #916, #145, .T. ) ;
#709 = CARTESIAN_POINT ( 'NONE',  ( -0.9999999999999991118, -5.000000000000000000, -5.680414044343411462 ) ) ;
#710 = CIRCLE ( 'NONE', #1236, 6.000000000000000888 ) ;
#711 = CARTESIAN_POINT ( 'NONE',  ( 5.916079783099617906, -7.000000000000000000, -0.9999999999999995559 ) ) ;
#712 = LINE ( 'NONE', #603, #291 ) ;
#713 = ORIENTED_EDGE ( 'NONE', *, *, #954, .T. ) ;
#714 = EDGE_LOOP ( 'NONE', ( #1056, #214 ) ) ;
#715 = DIRECTION ( 'NONE',  ( 0.000000000000000000, -1.000000000000000000, 0.000000000000000000 ) ) ;
#716 = LINE ( 'NONE', #822, #67 ) ;
#717 = B_SPLINE_CURVE_WITH_KNOTS ( 'NONE', 3,
 ( #205, #516, #237, #1116 ),
 .UNSPECIFIED., .F., .F.,
 ( 4, 4 ),
 ( 0.000000000000000000, 1.000000000000000000 ),
 .UNSPECIFIED. ) ;
#718 = CARTESIAN_POINT ( 'NONE',  ( 0.000000000000000000, -7.000000000000000000, 0.000000000000000000 ) ) ;
#719 = EDGE_CURVE ( 'NONE', #463, #349, #746, .T. ) ;
#720 = LINE ( 'NONE', #334, #106 ) ;
#721 = ORIENTED_EDGE ( 'NONE', *, *, #1070, .T. ) ;
#722 = CARTESIAN_POINT ( 'NONE',  ( 1.000000000000000000, -5.000000000000000000, 6.904466337833937040 ) ) ;
#723 = CARTESIAN_POINT ( 'NONE',  ( -6.292440191088837231, -5.000000000000000000, -0.9999999999999986677 ) ) ;
#724 = CARTESIAN_POINT ( 'NONE',  ( 0.000000000000000000, -5.000000000000000000, 0.000000000000000000 ) ) ;
#725 = LINE ( 'NONE', #940, #276 ) ;
#726 = EDGE_CURVE ( 'NONE', #238, #337, #737, .T. ) ;
#727 = ORIENTED_EDGE ( 'NONE', *, *, #636, .F. ) ;
#728 = ORIENTED_EDGE ( 'NONE', *, *, #126, .F. ) ;
#729 = ORIENTED_EDGE ( 'NONE', *, *, #379, .T. ) ;
#730 = DIRECTION ( 'NONE',  ( 0.000000000000000000, 0.000000000000000000, 1.000000000000000000 ) ) ;
#731 = CARTESIAN_POINT ( 'NONE',  ( 1.000000000000000888, -7.000000000000000000, -7.433034373659253013 ) ) ;
#732 = CARTESIAN_POINT ( 'NONE',  ( -1.000000000000000000, -5.666666666666666963, 7.433034373659253013 ) ) ;
#733 = CIRCLE ( 'NONE', #759, 6.000000000000000888 ) ;
#734 = ORIENTED_EDGE ( 'NONE', *, *, #848, .T. ) ;
#735 = CARTESIAN_POINT ( 'NONE',  ( -5.916079783099617018, -5.666666666666666963, -0.9999999999999988898 ) ) ;
#736 = ORIENTED_EDGE ( 'NONE', *, *, #472, .F. ) ;
#737 = B_SPLINE_CURVE_WITH_KNOTS ( 'NONE', 3,
 ( #843, #533, #1235, #1220, #642, #1048, #252, #47 ),
 .UNSPECIFIED., .F., .F.,
 ( 4, 2, 2, 4 ),
 ( 0.000000000000000000, 0.2500000000000007216, 0.5000000000000014433, 1.000000000000000000 ),
 .UNSPECIFIED. ) ;
#738 = AXIS2_PLACEMENT_3D ( 'NONE', #1071, #1186, #93 ) ;
#739 = ADVANCED_FACE ( 'NONE', ( #450 ), #637, .T. ) ;
#740 = CARTESIAN_POINT ( 'NONE',  ( -0.9999999999999991118, -5.666666666666666963, -7.433034373659253013 ) ) ;
#741 = CARTESIAN_POINT ( 'NONE',  ( -2.738022182978914171E-16, -7.000000000000000000, -1.000000000000000444 ) ) ;
#742 = CARTESIAN_POINT ( 'NONE',  ( -0.9999999999999991118, -7.000000000000000000, 0.000000000000000000 ) ) ;
#743 = ORIENTED_EDGE ( 'NONE', *, *, #829, .F. ) ;
#744 = DIRECTION ( 'NONE',  ( 7.993605777301127091E-15, 0.000000000000000000, -1.000000000000000000 ) ) ;
#745 = EDGE_CURVE ( 'NONE', #51, #142, #552, .T. ) ;
#746 = LINE ( 'NONE', #741, #594 ) ;
#747 = LINE ( 'NONE', #246, #445 ) ;
#748 = ORIENTED_EDGE ( 'NONE', *, *, #787, .T. ) ;
#749 = ORIENTED_EDGE ( 'NONE', *, *, #726, .T. ) ;
#750 = ORIENTED_EDGE ( 'NONE', *, *, #883, .F. ) ;
#751 = DIRECTION ( 'NONE',  ( -0.000000000000000000, -1.000000000000000000, -0.000000000000000000 ) ) ;
#752 = CARTESIAN_POINT ( 'NONE',  ( -1.057076295487957562, -5.273643976490048679, 7.426022384495103879 ) ) ;
#753 = B_SPLINE_CURVE_WITH_KNOTS ( 'NONE', 3,
 ( #826, #136, #216, #920, #224, #1020, #449, #927 ),
 .UNSPECIFIED., .F., .F.,
 ( 4, 2, 2, 4 ),
 ( 0.000000000000000000, 0.2500000000000005551, 0.5000000000000011102, 1.000000000000000000 ),
 .UNSPECIFIED. ) ;
#754 = ORIENTED_EDGE ( 'NONE', *, *, #978, .F. ) ;
#755 = ORIENTED_EDGE ( 'NONE', *, *, #52, .T. ) ;
#756 = B_SPLINE_SURFACE_WITH_KNOTS ( 'NONE', 2, 3, ( 
 ( #54, #1250, #1149, #60 ),
 ( #643, #155, #761, #1157 ),
 ( #974, #178, #968, #81 ) ),
 .UNSPECIFIED., .F., .F., .F.,
 ( 3, 3 ),
 ( 4, 4 ),
 ( 0.000000000000000000, 1.000000000000000000 ),
 ( -0.007516492484579054452, -0.005680414044343413439 ),
 .UNSPECIFIED. ) ;
#757 = AXIS2_PLACEMENT_3D ( 'NONE', #532, #1042, #934 ) ;
#758 = EDGE_LOOP ( 'NONE', ( #1018, #972, #864, #523 ) ) ;
#759 = AXIS2_PLACEMENT_3D ( 'NONE', #1046, #43, #441 ) ;
#760 = CARTESIAN_POINT ( 'NONE',  ( -7.356801972024138436, -5.013561681481517596, -1.461011925037983383 ) ) ;
#761 = CARTESIAN_POINT ( 'NONE',  ( 6.292440191088627621, -5.000000000000000000, -0.9999999999999995559 ) ) ;
#762 = VERTEX_POINT ( 'NONE', #53 ) ;
#763 = EDGE_CURVE ( 'NONE', #1158, #229, #613, .T. ) ;
#764 = ORIENTED_EDGE ( 'NONE', *, *, #939, .F. ) ;
#765 = CARTESIAN_POINT ( 'NONE',  ( 1.666666666666667407, -5.000000000000000000, -5.680414044343741864 ) ) ;
#766 = FACE_OUTER_BOUND ( 'NONE', #1151, .T. ) ;
#767 = ORIENTED_EDGE ( 'NONE', *, *, #763, .T. ) ;
#768 = CARTESIAN_POINT ( 'NONE',  ( 3.175000000000000266, 5.000000000000000000, 3.174999999999999822 ) ) ;
#769 = CARTESIAN_POINT ( 'NONE',  ( -5.903701872547038043, -5.288211829937076836, -1.071044485490102671 ) ) ;
#770 = ORIENTED_EDGE ( 'NONE', *, *, #954, .F. ) ;
#771 = EDGE_CURVE ( 'NONE', #1262, #26, #983, .T. ) ;
#772 = CARTESIAN_POINT ( 'NONE',  ( 1.000000000000000888, -5.666666666666666963, -6.904466337833937040 ) ) ;
#773 = CARTESIAN_POINT ( 'NONE',  ( 0.9999999999999985567, -5.666666666666666963, 5.916079783099617906 ) ) ;
#774 = CARTESIAN_POINT ( 'NONE',  ( -5.916079783099617018, -7.000000000000000000, 0.9999999999999988898 ) ) ;
#775 = CARTESIAN_POINT ( 'NONE',  ( 0.000000000000000000, -7.000000000000000000, 1.000000000000000444 ) ) ;
#776 = AXIS2_PLACEMENT_3D ( 'NONE', #1111, #511, #215 ) ;
#777 = AXIS2_PLACEMENT_3D ( 'NONE', #377, #1275, #385 ) ;
#778 = EDGE_CURVE ( 'NONE', #1292, #311, #800, .T. ) ;
#779 = CARTESIAN_POINT ( 'NONE',  ( 1.666666666666667407, -5.000000000000000000, -6.292440191088844337 ) ) ;
#780 = CARTESIAN_POINT ( 'NONE',  ( 1.300492793408707159, -5.070448075922209696, 5.857471204135549669 ) ) ;
#781 = CARTESIAN_POINT ( 'NONE',  ( 0.000000000000000000, -7.000000000000000000, -0.9999999999999995559 ) ) ;
#782 = CARTESIAN_POINT ( 'NONE',  ( 7.433034373659253013, -5.666666666666666963, 1.000000000000000444 ) ) ;
#783 = CARTESIAN_POINT ( 'NONE',  ( -0.9999999999999991118, -5.666666666666666963, -5.916079783099617906 ) ) ;
#784 = B_SPLINE_CURVE_WITH_KNOTS ( 'NONE', 3,
 ( #783, #578, #1181, #282 ),
 .UNSPECIFIED., .F., .F.,
 ( 4, 4 ),
 ( 0.000000000000000000, 1.000000000000000000 ),
 .UNSPECIFIED. ) ;
#785 = FACE_BOUND ( 'NONE', #831, .T. ) ;
#786 = B_SPLINE_CURVE_WITH_KNOTS ( 'NONE', 3,
 ( #1113, #107, #904, #315, #813, #1192, #1185, #304, #707, #295 ),
 .UNSPECIFIED., .F., .F.,
 ( 4, 2, 2, 2, 4 ),
 ( 0.000000000000000000, 0.2500000000000013878, 0.3750000000000011657, 0.5000000000000009992, 1.000000000000000000 ),
 .UNSPECIFIED. ) ;
#787 = EDGE_CURVE ( 'NONE', #314, #312, #164, .T. ) ;
#788 = ORIENTED_EDGE ( 'NONE', *, *, #1124, .T. ) ;
#789 = LINE ( 'NONE', #768, #997 ) ;
#790 = PLANE ( 'NONE',  #127 ) ;
#791 = CARTESIAN_POINT ( 'NONE',  ( 0.000000000000000000, 11.35000000000000320, 0.000000000000000000 ) ) ;
#792 = SURFACE_STYLE_USAGE ( .BOTH. , #475 ) ;
#793 = CARTESIAN_POINT ( 'NONE',  ( 5.680414044343741864, -5.666666666666666963, 1.000000000000000444 ) ) ;
#794 = CARTESIAN_POINT ( 'NONE',  ( 0.000000000000000000, -7.000000000000000000, 0.000000000000000000 ) ) ;
#795 = DIRECTION ( 'NONE',  ( -0.000000000000000000, 1.000000000000000000, -0.000000000000000000 ) ) ;
#796 = AXIS2_PLACEMENT_3D ( 'NONE', #892, #113, #23 ) ;
#797 = CARTESIAN_POINT ( 'NONE',  ( -1.000000000000000000, -5.000000000000000000, 7.516492484579039512 ) ) ;
#798 = VECTOR ( 'NONE', #1061, 1000.000000000000000 ) ;
#799 = CARTESIAN_POINT ( 'NONE',  ( 5.763872155263528363, -5.000000000000000000, -1.666666666666665853 ) ) ;
#800 = B_SPLINE_CURVE_WITH_KNOTS ( 'NONE', 3,
 ( #380, #258, #1092, #80 ),
 .UNSPECIFIED., .F., .F.,
 ( 4, 4 ),
 ( 0.000000000000000000, 1.000000000000000000 ),
 .UNSPECIFIED. ) ;
#801 = CARTESIAN_POINT ( 'NONE',  ( 1.227421792976279180, -5.107288278422300820, -7.399104028833701996 ) ) ;
#802 = CARTESIAN_POINT ( 'NONE',  ( -0.9999999999999985567, -7.000000000000000000, 5.916079783099617906 ) ) ;
#803 = MECHANICAL_DESIGN_GEOMETRIC_PRESENTATION_REPRESENTATION (  '', ( #620 ), #982 ) ;
#804 = ADVANCED_FACE ( 'NONE', ( #59 ), #270, .T. ) ;
#805 = CARTESIAN_POINT ( 'NONE',  ( 1.000000000000000666, -7.000000000000000000, -5.916079783099617906 ) ) ;
#806 = UNCERTAINTY_MEASURE_WITH_UNIT (LENGTH_MEASURE( 1.000000000000000082E-05 ), #1014, 'distance_accuracy_value', 'NONE');
#807 = DIRECTION ( 'NONE',  ( 0.000000000000000000, 1.000000000000000000, 0.000000000000000000 ) ) ;
#808 = CARTESIAN_POINT ( 'NONE',  ( -5.763872155263528363, -5.000000000000000000, 1.666666666666665853 ) ) ;
#809 = DIRECTION ( 'NONE',  ( -0.000000000000000000, -1.000000000000000000, -0.000000000000000000 ) ) ;
#810 = CARTESIAN_POINT ( 'NONE',  ( 6.796270933639023681, -5.000000000000000000, -1.666666666666666075 ) ) ;
#811 = ORIENTED_EDGE ( 'NONE', *, *, #661, .T. ) ;
#812 = EDGE_LOOP ( 'NONE', ( #446, #134, #56, #1160, #937, #277 ) ) ;
#813 = CARTESIAN_POINT ( 'NONE',  ( 5.857471204135547893, -5.070448075922207920, -1.300492793408709158 ) ) ;
#814 = CARTESIAN_POINT ( 'NONE',  ( -0.9999999999999991118, -5.000000000000000000, -6.904466337833840228 ) ) ;
#815 = CARTESIAN_POINT ( 'NONE',  ( -6.904466337833945033, -5.000000000000000000, -0.9999999999999983347 ) ) ;
#816 = FACE_OUTER_BOUND ( 'NONE', #838, .T. ) ;
#817 = ORIENTED_EDGE ( 'NONE', *, *, #893, .F. ) ;
#818 = B_SPLINE_CURVE_WITH_KNOTS ( 'NONE', 3,
 ( #326, #131, #435, #1131 ),
 .UNSPECIFIED., .F., .F.,
 ( 4, 4 ),
 ( 0.000000000000000000, 1.000000000000000000 ),
 .UNSPECIFIED. ) ;
#819 =( NAMED_UNIT ( * ) SI_UNIT ( $, .STERADIAN. ) SOLID_ANGLE_UNIT ( ) );
#820 = CARTESIAN_POINT ( 'NONE',  ( -5.916079783099617018, -5.666666666666666963, 0.9999999999999988898 ) ) ;
#821 = CIRCLE ( 'NONE', #999, 7.500000000000000000 ) ;
#822 = CARTESIAN_POINT ( 'NONE',  ( -0.9999999999999991118, -7.000000000000000000, 0.000000000000000000 ) ) ;
#823 = CARTESIAN_POINT ( 'NONE',  ( 1.000000000000000000, -7.000000000000000000, 0.000000000000000000 ) ) ;
#824 = VERTEX_POINT ( 'NONE', #269 ) ;
#825 = ORIENTED_EDGE ( 'NONE', *, *, #918, .F. ) ;
#826 = CARTESIAN_POINT ( 'NONE',  ( -0.9999999999999985567, -5.666666666666666963, 5.916079783099617906 ) ) ;
#827 = CARTESIAN_POINT ( 'NONE',  ( 1.666666666666666519, -5.000000000000000000, 5.680414044343740976 ) ) ;
#828 = CARTESIAN_POINT ( 'NONE',  ( 7.387751181450950888, -5.067808407407589755, 1.295462690181206744 ) ) ;
#829 = EDGE_CURVE ( 'NONE', #1218, #611, #177, .T. ) ;
#830 = DIRECTION ( 'NONE',  ( 0.000000000000000000, 0.000000000000000000, -1.000000000000000000 ) ) ;
#831 = EDGE_LOOP ( 'NONE', ( #1036, #832, #1208, #542 ) ) ;
#832 = ORIENTED_EDGE ( 'NONE', *, *, #263, .T. ) ;
#833 = CARTESIAN_POINT ( 'NONE',  ( -1.446538530753137319, -5.000000000000000000, -7.362642181354146054 ) ) ;
#834 = DIRECTION ( 'NONE',  ( 0.000000000000000000, 1.000000000000000000, 0.000000000000000000 ) ) ;
#835 = DIRECTION ( 'NONE',  ( 1.000000000000000000, 0.000000000000000000, 0.000000000000000000 ) ) ;
#836 = B_SPLINE_CURVE_WITH_KNOTS ( 'NONE', 3,
 ( #367, #1170, #563, #1075, #92, #1054, #469, #1177, #75, #489 ),
 .UNSPECIFIED., .F., .F.,
 ( 4, 2, 2, 2, 4 ),
 ( 0.000000000000000000, 0.2500000000000009437, 0.3750000000000007216, 0.5000000000000005551, 1.000000000000000000 ),
 .UNSPECIFIED. ) ;
#837 = FACE_OUTER_BOUND ( 'NONE', #868, .T. ) ;
#838 = EDGE_LOOP ( 'NONE', ( #1203, #63, #1066, #632 ) ) ;
#839 = CARTESIAN_POINT ( 'NONE',  ( 3.175000000000000711, 11.35000000000000320, -3.175000000000001599 ) ) ;
#840 = ADVANCED_FACE ( 'NONE', ( #662 ), #872, .T. ) ;
#841 = ORIENTED_EDGE ( 'NONE', *, *, #1060, .T. ) ;
#842 = EDGE_LOOP ( 'NONE', ( #917, #767, #206, #1100 ) ) ;
#843 = CARTESIAN_POINT ( 'NONE',  ( 1.000000000000000666, -5.666666666666666963, -5.916079783099617906 ) ) ;
#844 = DIRECTION ( 'NONE',  ( 0.000000000000000000, 0.000000000000000000, 1.000000000000000000 ) ) ;
#845 = ORIENTED_EDGE ( 'NONE', *, *, #436, .F. ) ;
#846 = ORIENTED_EDGE ( 'NONE', *, *, #689, .T. ) ;
#847 = AXIS2_PLACEMENT_3D ( 'NONE', #514, #227, #830 ) ;
#848 = EDGE_CURVE ( 'NONE', #1050, #238, #656, .T. ) ;
#849 = CARTESIAN_POINT ( 'NONE',  ( 1.000000000000000000, -5.000000000000000000, 6.292440191088840784 ) ) ;
#850 = DIRECTION ( 'NONE',  ( 0.000000000000000000, 0.000000000000000000, -1.000000000000000000 ) ) ;
#851 = VERTEX_POINT ( 'NONE', #562 ) ;
#852 = ORIENTED_EDGE ( 'NONE', *, *, #1060, .F. ) ;
#853 = VERTEX_POINT ( 'NONE', #1196 ) ;
#854 = B_SPLINE_CURVE_WITH_KNOTS ( 'NONE', 3,
 ( #342, #545, #346, #540 ),
 .UNSPECIFIED., .F., .F.,
 ( 4, 4 ),
 ( 0.000000000000000000, 1.000000000000000000 ),
 .UNSPECIFIED. ) ;
#855 = CYLINDRICAL_SURFACE ( 'NONE', #273, 7.500000000000000000 ) ;
#856 = CARTESIAN_POINT ( 'NONE',  ( -1.295462690181201637, -5.067808407407587978, 7.387751181450952664 ) ) ;
#857 = ORIENTED_EDGE ( 'NONE', *, *, #631, .T. ) ;
#858 = ORIENTED_EDGE ( 'NONE', *, *, #1047, .F. ) ;
#859 = FACE_OUTER_BOUND ( 'NONE', #1051, .T. ) ;
#860 = ADVANCED_FACE ( 'NONE', ( #955 ), #650, .T. ) ;
#861 = VERTEX_POINT ( 'NONE', #65 ) ;
#862 = ORIENTED_EDGE ( 'NONE', *, *, #1137, .F. ) ;
#863 = CLOSED_SHELL ( 'NONE', ( #697, #678, #870, #1290, #33, #579, #352, #221, #902, #417, #840, #1188, #117, #202, #1230, #460, #1242, #1161, #268, #558, #455, #1011, #518, #338, #860, #1115, #621, #84, #492, #593, #739, #175, #372, #804 ) ) ;
#864 = ORIENTED_EDGE ( 'NONE', *, *, #877, .F. ) ;
#865 = AXIS2_PLACEMENT_3D ( 'NONE', #85, #657, #271 ) ;
#866 = PLANE ( 'NONE',  #944 ) ;
#867 = DIRECTION ( 'NONE',  ( 0.000000000000000000, -0.000000000000000000, 1.000000000000000000 ) ) ;
#868 = EDGE_LOOP ( 'NONE', ( #1141, #260, #885, #254 ) ) ;
#869 = FACE_OUTER_BOUND ( 'NONE', #37, .T. ) ;
#870 = ADVANCED_FACE ( 'NONE', ( #468 ), #866, .F. ) ;
#871 = EDGE_LOOP ( 'NONE', ( #179, #148, #1034, #1231 ) ) ;
#872 = PLANE ( 'NONE',  #515 ) ;
#873 = CARTESIAN_POINT ( 'NONE',  ( 7.433034373659253013, -5.666666666666666963, -0.9999999999999995559 ) ) ;
#874 = LINE ( 'NONE', #1172, #577 ) ;
#875 = DIRECTION ( 'NONE',  ( -0.000000000000000000, -1.000000000000000000, -0.000000000000000000 ) ) ;
#876 = ORIENTED_EDGE ( 'NONE', *, *, #103, .F. ) ;
#877 = EDGE_CURVE ( 'NONE', #959, #311, #602, .T. ) ;
#878 = B_SPLINE_CURVE_WITH_KNOTS ( 'NONE', 3,
 ( #977, #193, #887, #693 ),
 .UNSPECIFIED., .F., .F.,
 ( 4, 4 ),
 ( 0.000000000000000000, 1.000000000000000000 ),
 .UNSPECIFIED. ) ;
#879 = CARTESIAN_POINT ( 'NONE',  ( 1.057786074288568523, -5.271796249728337713, 5.907177664318554733 ) ) ;
#880 = CARTESIAN_POINT ( 'NONE',  ( -6.904466337833830458, -5.666666666666666963, 0.9999999999999985567 ) ) ;
#881 = PLANE ( 'NONE',  #638 ) ;
#882 = VECTOR ( 'NONE', #992, 1000.000000000000000 ) ;
#883 = EDGE_CURVE ( 'NONE', #1159, #1039, #230, .T. ) ;
#884 = FACE_OUTER_BOUND ( 'NONE', #27, .T. ) ;
#885 = ORIENTED_EDGE ( 'NONE', *, *, #787, .F. ) ;
#886 = CARTESIAN_POINT ( 'NONE',  ( -7.516492484579054612, -5.666666666666666963, 0.9999999999999983347 ) ) ;
#887 = CARTESIAN_POINT ( 'NONE',  ( 6.796270933639021905, -5.000000000000000000, 1.666666666666666963 ) ) ;
#888 = CARTESIAN_POINT ( 'NONE',  ( 1.558117207340149246, -5.000000000000000000, 5.795260041856221456 ) ) ;
#889 = CARTESIAN_POINT ( 'NONE',  ( -6.292440191088631174, -5.000000000000000000, 0.9999999999999986677 ) ) ;
#890 = PLANE ( 'NONE',  #1258 ) ;
#891 = DIRECTION ( 'NONE',  ( 0.000000000000000000, 1.000000000000000000, 0.000000000000000000 ) ) ;
#892 = CARTESIAN_POINT ( 'NONE',  ( 0.000000000000000000, -7.000000000000000000, 0.000000000000000000 ) ) ;
#893 = EDGE_CURVE ( 'NONE', #70, #1017, #537, .T. ) ;
#894 = LINE ( 'NONE', #665, #383 ) ;
#895 = CARTESIAN_POINT ( 'NONE',  ( 1.666666666666667629, -5.000000000000000000, -6.904466337833937040 ) ) ;
#896 = CIRCLE ( 'NONE', #128, 6.000000000000000888 ) ;
#897 = CARTESIAN_POINT ( 'NONE',  ( 7.425934087310698040, -5.274679423840605175, -1.057428469262729376 ) ) ;
#898 = CIRCLE ( 'NONE', #358, 7.500000000000000000 ) ;
#899 = DIRECTION ( 'NONE',  ( 0.000000000000000000, -0.000000000000000000, 1.000000000000000000 ) ) ;
#900 = CARTESIAN_POINT ( 'NONE',  ( -7.433034373659251237, -5.443012506477439061, 1.000000000000000000 ) ) ;
#901 = VECTOR ( 'NONE', #192, 1000.000000000000000 ) ;
#902 = ADVANCED_FACE ( 'NONE', ( #837 ), #1025, .F. ) ;
#903 = DIRECTION ( 'NONE',  ( 0.000000000000000000, 1.000000000000000000, 0.000000000000000000 ) ) ;
#904 = CARTESIAN_POINT ( 'NONE',  ( 5.819709935774639575, -5.013418681128038124, -1.462248141597891182 ) ) ;
#905 = CARTESIAN_POINT ( 'NONE',  ( -1.666666666666665630, -5.000000000000000000, -7.516492484579054612 ) ) ;
#906 = CARTESIAN_POINT ( 'NONE',  ( -3.175000000000000711, 5.000000000000000000, -3.175000000000001599 ) ) ;
#907 = CARTESIAN_POINT ( 'NONE',  ( -1.666666666666666519, -5.000000000000000000, 7.312470322826768232 ) ) ;
#908 = ORIENTED_EDGE ( 'NONE', *, *, #305, .T. ) ;
#909 = EDGE_CURVE ( 'NONE', #463, #371, #1256, .T. ) ;
#910 = CARTESIAN_POINT ( 'NONE',  ( -7.433034373659253013, -7.000000000000000000, 0.9999999999999985567 ) ) ;
#911 = CARTESIAN_POINT ( 'NONE',  ( -1.000000000000000000, -5.666666666666666963, 7.516492484579039512 ) ) ;
#912 = PLANE ( 'NONE',  #683 ) ;
#913 = CARTESIAN_POINT ( 'NONE',  ( -7.312470322826768232, -5.000000000000000000, 1.666666666666664298 ) ) ;
#914 = CARTESIAN_POINT ( 'NONE',  ( 0.000000000000000000, -7.000000000000000000, 0.000000000000000000 ) ) ;
#915 = FACE_OUTER_BOUND ( 'NONE', #1265, .T. ) ;
#916 = VERTEX_POINT ( 'NONE', #427 ) ;
#917 = ORIENTED_EDGE ( 'NONE', *, *, #96, .T. ) ;
#918 = EDGE_CURVE ( 'NONE', #147, #1262, #818, .T. ) ;
#919 = CARTESIAN_POINT ( 'NONE',  ( -1.666666666666666519, -5.000000000000000000, 6.904466337833937040 ) ) ;
#920 = CARTESIAN_POINT ( 'NONE',  ( -1.071044485490109999, -5.288211829937071506, 5.903701872547039819 ) ) ;
#921 = FACE_OUTER_BOUND ( 'NONE', #627, .T. ) ;
#922 = VECTOR ( 'NONE', #1088, 1000.000000000000000 ) ;
#923 = DIRECTION ( 'NONE',  ( -0.000000000000000000, 1.000000000000000000, -0.000000000000000000 ) ) ;
#924 = B_SPLINE_CURVE_WITH_KNOTS ( 'NONE', 3,
 ( #808, #585, #420, #108, #1104, #397, #700, #316, #101, #820 ),
 .UNSPECIFIED., .F., .F.,
 ( 4, 2, 2, 2, 4 ),
 ( 0.000000000000000000, 0.2499999999999996669, 0.3749999999999996669, 0.4999999999999996669, 1.000000000000000000 ),
 .UNSPECIFIED. ) ;
#925 = VECTOR ( 'NONE', #32, 1000.000000000000000 ) ;
#926 = EDGE_LOOP ( 'NONE', ( #473, #550, #162, #207 ) ) ;
#927 = CARTESIAN_POINT ( 'NONE',  ( -1.666666666666666519, -5.000000000000000000, 5.763872155263528363 ) ) ;
#928 = CARTESIAN_POINT ( 'NONE',  ( -1.666666666666665853, -5.000000000000000000, -6.796270933639023681 ) ) ;
#929 = CARTESIAN_POINT ( 'NONE',  ( -1.666666666666666519, -5.000000000000000000, 7.312470322826768232 ) ) ;
#930 = EDGE_CURVE ( 'NONE', #553, #349, #125, .T. ) ;
#931 = DIRECTION ( 'NONE',  ( 0.000000000000000000, 1.000000000000000000, 0.000000000000000000 ) ) ;
#932 = ORIENTED_EDGE ( 'NONE', *, *, #478, .T. ) ;
#933 = DIRECTION ( 'NONE',  ( 1.000000000000000000, 0.000000000000000000, 0.000000000000000000 ) ) ;
#934 = DIRECTION ( 'NONE',  ( 0.000000000000000000, 0.000000000000000000, 1.000000000000000000 ) ) ;
#935 = CARTESIAN_POINT ( 'NONE',  ( 0.000000000000000000, -5.000000000000000000, 0.000000000000000000 ) ) ;
#936 = CARTESIAN_POINT ( 'NONE',  ( 0.000000000000000000, 5.000000000000000000, 0.000000000000000000 ) ) ;
#937 = ORIENTED_EDGE ( 'NONE', *, *, #988, .T. ) ;
#938 = ORIENTED_EDGE ( 'NONE', *, *, #1264, .F. ) ;
#939 = EDGE_CURVE ( 'NONE', #597, #853, #401, .T. ) ;
#940 = CARTESIAN_POINT ( 'NONE',  ( -3.175000000000000711, 5.000000000000000000, 3.174999999999999822 ) ) ;
#941 = EDGE_LOOP ( 'NONE', ( #418, #247, #153, #375 ) ) ;
#942 = CARTESIAN_POINT ( 'NONE',  ( 0.000000000000000000, 5.000000000000000000, 0.000000000000000000 ) ) ;
#943 = CARTESIAN_POINT ( 'NONE',  ( 1.666666666666665853, -5.000000000000000000, 7.312470322826768232 ) ) ;
#944 = AXIS2_PLACEMENT_3D ( 'NONE', #724, #24, #1206 ) ;
#945 = ORIENTED_EDGE ( 'NONE', *, *, #612, .F. ) ;
#946 = EDGE_LOOP ( 'NONE', ( #862, #857, #9, #173, #734, #749, #454, #1211, #257, #948, #598, #507, #770, #1072, #303, #750 ) ) ;
#947 = AXIS2_PLACEMENT_3D ( 'NONE', #626, #1107, #610 ) ;
#948 = ORIENTED_EDGE ( 'NONE', *, *, #527, .F. ) ;
#949 = CARTESIAN_POINT ( 'NONE',  ( 1.000000000000000000, -5.666666666666666963, 5.680414044343740976 ) ) ;
#950 = PLANE ( 'NONE',  #336 ) ;
#951 = ORIENTED_EDGE ( 'NONE', *, *, #918, .T. ) ;
#952 = ORIENTED_EDGE ( 'NONE', *, *, #708, .F. ) ;
#953 = EDGE_LOOP ( 'NONE', ( #116, #58, #459, #1108, #3, #852 ) ) ;
#954 = EDGE_CURVE ( 'NONE', #1063, #1112, #1128, .T. ) ;
#955 = FACE_OUTER_BOUND ( 'NONE', #606, .T. ) ;
#956 = LINE ( 'NONE', #451, #166 ) ;
#957 = VERTEX_POINT ( 'NONE', #740 ) ;
#958 = ORIENTED_EDGE ( 'NONE', *, *, #672, .T. ) ;
#959 = VERTEX_POINT ( 'NONE', #1125 ) ;
#960 = EDGE_CURVE ( 'NONE', #611, #262, #753, .T. ) ;
#961 = DIRECTION ( 'NONE',  ( 0.000000000000000000, 0.000000000000000000, -1.000000000000000000 ) ) ;
#962 = CARTESIAN_POINT ( 'NONE',  ( 0.000000000000000000, 5.000000000000000000, 0.000000000000000000 ) ) ;
#963 = ORIENTED_EDGE ( 'NONE', *, *, #2, .T. ) ;
#964 = LINE ( 'NONE', #774, #681 ) ;
#965 = AXIS2_PLACEMENT_3D ( 'NONE', #219, #120, #34 ) ;
#966 = ORIENTED_EDGE ( 'NONE', *, *, #280, .T. ) ;
#967 = CARTESIAN_POINT ( 'NONE',  ( -6.927382843472704721, -5.666666666666666963, 0.9999999999999986677 ) ) ;
#968 = CARTESIAN_POINT ( 'NONE',  ( 6.292440191088629398, -5.666666666666666963, -0.9999999999999995559 ) ) ;
#969 = ORIENTED_EDGE ( 'NONE', *, *, #1052, .T. ) ;
#970 = CARTESIAN_POINT ( 'NONE',  ( -5.763872155263528363, -5.000000000000000000, -1.666666666666665408 ) ) ;
#971 = EDGE_CURVE ( 'NONE', #79, #243, #821, .T. ) ;
#972 = ORIENTED_EDGE ( 'NONE', *, *, #778, .T. ) ;
#973 = CARTESIAN_POINT ( 'NONE',  ( -7.399104028833703772, -5.107288278422299932, -1.227421792976277848 ) ) ;
#974 = CARTESIAN_POINT ( 'NONE',  ( 7.516492484579054612, -5.666666666666666963, -0.9999999999999995559 ) ) ;
#975 = ORIENTED_EDGE ( 'NONE', *, *, #299, .F. ) ;
#976 = CARTESIAN_POINT ( 'NONE',  ( -7.516492484579054612, -5.000000000000000000, 0.9999999999999983347 ) ) ;
#977 = CARTESIAN_POINT ( 'NONE',  ( 5.763872155263528363, -5.000000000000000000, 1.666666666666666963 ) ) ;
#978 = EDGE_CURVE ( 'NONE', #1247, #1136, #30, .T. ) ;
#979 = CARTESIAN_POINT ( 'NONE',  ( -7.312470322826768232, -5.000000000000000000, 1.666666666666664298 ) ) ;
#980 = ORIENTED_EDGE ( 'NONE', *, *, #1096, .F. ) ;
#981 = CARTESIAN_POINT ( 'NONE',  ( -7.516492484579054612, -5.000000000000000000, 1.666666666666664964 ) ) ;
#982 =( GEOMETRIC_REPRESENTATION_CONTEXT ( 3 ) GLOBAL_UNCERTAINTY_ASSIGNED_CONTEXT ( ( #806 ) ) GLOBAL_UNIT_ASSIGNED_CONTEXT ( ( #1014, #196, #819 ) ) REPRESENTATION_CONTEXT ( 'NONE', 'WORKASPACE' ) );
#983 = B_SPLINE_CURVE_WITH_KNOTS ( 'NONE', 3,
 ( #1169, #1272, #760, #298, #973, #1068, #74, #461 ),
 .UNSPECIFIED., .F., .F.,
 ( 4, 2, 2, 4 ),
 ( 0.000000000000000000, 0.2500000000000000555, 0.5000000000000001110, 1.000000000000000000 ),
 .UNSPECIFIED. ) ;
#984 = AXIS2_PLACEMENT_3D ( 'NONE', #936, #439, #534 ) ;
#985 = CARTESIAN_POINT ( 'NONE',  ( 1.338436823869876946, -5.053674724512158711, 5.848964456170786974 ) ) ;
#986 = DIRECTION ( 'NONE',  ( 0.000000000000000000, 1.000000000000000000, 0.000000000000000000 ) ) ;
#987 = CARTESIAN_POINT ( 'NONE',  ( 5.916079783099617906, -5.554227695286506616, 1.000000000000000888 ) ) ;
#988 = EDGE_CURVE ( 'NONE', #698, #604, #483, .T. ) ;
#989 = CARTESIAN_POINT ( 'NONE',  ( 1.461011925037983827, -5.013561681481517596, -7.356801972024138436 ) ) ;
#990 = DIRECTION ( 'NONE',  ( 0.000000000000000000, -1.000000000000000000, 0.000000000000000000 ) ) ;
#991 = CARTESIAN_POINT ( 'NONE',  ( 1.666666666666666519, -5.000000000000000000, 6.280071544451277354 ) ) ;
#992 = DIRECTION ( 'NONE',  ( -0.000000000000000000, 1.000000000000000000, -0.000000000000000000 ) ) ;
#993 = EDGE_CURVE ( 'NONE', #255, #599, #1294, .T. ) ;
#994 = CARTESIAN_POINT ( 'NONE',  ( 5.680414044343741864, -5.000000000000000000, 1.000000000000000444 ) ) ;
#995 = CARTESIAN_POINT ( 'NONE',  ( -6.292440191088844337, -5.000000000000000000, -1.666666666666665408 ) ) ;
#996 = CARTESIAN_POINT ( 'NONE',  ( 5.913727167122607931, -5.456048933664557232, 1.014230290737852425 ) ) ;
#997 = VECTOR ( 'NONE', #281, 1000.000000000000000 ) ;
#998 = CARTESIAN_POINT ( 'NONE',  ( 7.312470322826768232, -5.000000000000000000, -1.666666666666665408 ) ) ;
#999 = AXIS2_PLACEMENT_3D ( 'NONE', #329, #524, #730 ) ;
#1000 = VECTOR ( 'NONE', #1229, 1000.000000000000000 ) ;
#1001 = CARTESIAN_POINT ( 'NONE',  ( 0.000000000000000000, -7.000000000000000000, -7.500000000000000000 ) ) ;
#1002 = CARTESIAN_POINT ( 'NONE',  ( -7.425934087310698040, -5.274679423840603398, 1.057428469262730264 ) ) ;
#1003 = EDGE_CURVE ( 'NONE', #314, #255, #898, .T. ) ;
#1004 = DIRECTION ( 'NONE',  ( -0.000000000000000000, 1.000000000000000000, -0.000000000000000000 ) ) ;
#1005 = ORIENTED_EDGE ( 'NONE', *, *, #719, .F. ) ;
#1006 = CARTESIAN_POINT ( 'NONE',  ( -7.433034373659253013, -7.000000000000000000, -0.9999999999999985567 ) ) ;
#1007 = DIRECTION ( 'NONE',  ( 0.000000000000000000, -0.000000000000000000, -1.000000000000000000 ) ) ;
#1008 = CARTESIAN_POINT ( 'NONE',  ( -6.904466337833937040, -5.000000000000000000, -1.666666666666664964 ) ) ;
#1009 = CARTESIAN_POINT ( 'NONE',  ( 5.916079783099617018, -7.000000000000000000, 1.000000000000000444 ) ) ;
#1010 = DIRECTION ( 'NONE',  ( -2.738022182978913185E-16, 0.000000000000000000, -1.000000000000000000 ) ) ;
#1011 = ADVANCED_FACE ( 'NONE', ( #194, #1082 ), #881, .T. ) ;
#1012 = ORIENTED_EDGE ( 'NONE', *, *, #1202, .T. ) ;
#1013 = EDGE_LOOP ( 'NONE', ( #713, #470, #431, #1167 ) ) ;
#1014 =( LENGTH_UNIT ( ) NAMED_UNIT ( * ) SI_UNIT ( .MILLI., .METRE. ) );
#1015 = LINE ( 'NONE', #711, #1259 ) ;
#1016 = PLANE ( 'NONE',  #947 ) ;
#1017 = VERTEX_POINT ( 'NONE', #1 ) ;
#1018 = ORIENTED_EDGE ( 'NONE', *, *, #636, .T. ) ;
#1019 = ORIENTED_EDGE ( 'NONE', *, *, #1137, .T. ) ;
#1020 = CARTESIAN_POINT ( 'NONE',  ( -1.281314010796359204, -5.054385118494743701, 5.862684145829594407 ) ) ;
#1021 = DIRECTION ( 'NONE',  ( 0.000000000000000000, 1.000000000000000000, 0.000000000000000000 ) ) ;
#1022 = AXIS2_PLACEMENT_3D ( 'NONE', #183, #571, #90 ) ;
#1023 = CARTESIAN_POINT ( 'NONE',  ( -1.557291291410584977, -5.000000000000000888, 7.337399284456112447 ) ) ;
#1024 =( GEOMETRIC_REPRESENTATION_CONTEXT ( 3 ) GLOBAL_UNCERTAINTY_ASSIGNED_CONTEXT ( ( #705 ) ) GLOBAL_UNIT_ASSIGNED_CONTEXT ( ( #57, #313, #1110 ) ) REPRESENTATION_CONTEXT ( 'NONE', 'WORKASPACE' ) );
#1025 = PLANE ( 'NONE',  #965 ) ;
#1026 = CARTESIAN_POINT ( 'NONE',  ( -1.666666666666666519, -5.000000000000000000, 5.763872155263528363 ) ) ;
#1027 = ORIENTED_EDGE ( 'NONE', *, *, #103, .T. ) ;
#1028 = ORIENTED_EDGE ( 'NONE', *, *, #536, .T. ) ;
#1029 = ORIENTED_EDGE ( 'NONE', *, *, #232, .T. ) ;
#1030 = EDGE_CURVE ( 'NONE', #49, #619, #695, .T. ) ;
#1031 = CARTESIAN_POINT ( 'NONE',  ( -0.9999999999999991118, -5.666666666666666963, -6.292440191088629398 ) ) ;
#1032 = CARTESIAN_POINT ( 'NONE',  ( -7.433034373659253013, -7.000000000000000000, -0.9999999999999985567 ) ) ;
#1033 = DIRECTION ( 'NONE',  ( 0.000000000000000000, 0.000000000000000000, -1.000000000000000000 ) ) ;
#1034 = ORIENTED_EDGE ( 'NONE', *, *, #488, .F. ) ;
#1035 = DIRECTION ( 'NONE',  ( -0.000000000000000000, -1.000000000000000000, -0.000000000000000000 ) ) ;
#1036 = ORIENTED_EDGE ( 'NONE', *, *, #126, .T. ) ;
#1037 = DIRECTION ( 'NONE',  ( 0.000000000000000000, 1.000000000000000000, 0.000000000000000000 ) ) ;
#1038 = DIRECTION ( 'NONE',  ( 0.000000000000000000, -1.000000000000000000, 0.000000000000000000 ) ) ;
#1039 = VERTEX_POINT ( 'NONE', #481 ) ;
#1040 = ADVANCED_BREP_SHAPE_REPRESENTATION ( 'Shaft Fastener Tool', ( #466, #641 ), #1024 ) ;
#1041 = ORIENTED_EDGE ( 'NONE', *, *, #363, .T. ) ;
#1042 = DIRECTION ( 'NONE',  ( 0.000000000000000000, 1.000000000000000000, 0.000000000000000000 ) ) ;
#1043 = CARTESIAN_POINT ( 'NONE',  ( 1.666666666666666519, -5.000000000000000000, 6.904466337833937040 ) ) ;
#1044 = DIRECTION ( 'NONE',  ( -0.000000000000000000, 1.000000000000000000, -0.000000000000000000 ) ) ;
#1045 = AXIS2_PLACEMENT_3D ( 'NONE', #140, #628, #512 ) ;
#1046 = CARTESIAN_POINT ( 'NONE',  ( 0.000000000000000000, 5.000000000000000000, 0.000000000000000000 ) ) ;
#1047 = EDGE_CURVE ( 'NONE', #348, #1063, #122, .T. ) ;
#1048 = CARTESIAN_POINT ( 'NONE',  ( 1.281314010796361869, -5.054385118494743701, -5.862684145829593518 ) ) ;
#1049 = CARTESIAN_POINT ( 'NONE',  ( -1.461011925037981829, -5.013561681481517596, 7.356801972024138436 ) ) ;
#1050 = VERTEX_POINT ( 'NONE', #1073 ) ;
#1051 = EDGE_LOOP ( 'NONE', ( #605, #300, #1028, #61 ) ) ;
#1052 = EDGE_CURVE ( 'NONE', #123, #957, #784, .T. ) ;
#1053 = B_SPLINE_SURFACE_WITH_KNOTS ( 'NONE', 2, 3, ( 
 ( #981, #1263, #564, #87 ),
 ( #976, #289, #889, #671 ),
 ( #886, #880, #266, #376 ) ),
 .UNSPECIFIED., .F., .F., .F.,
 ( 3, 3 ),
 ( 4, 4 ),
 ( 0.000000000000000000, 1.000000000000000000 ),
 ( -0.007516492484579053585, -0.005680414044343411704 ),
 .UNSPECIFIED. ) ;
#1054 = CARTESIAN_POINT ( 'NONE',  ( -1.231362490008875765, -5.110704119306328508, -5.872392768811045549 ) ) ;
#1055 = ORIENTED_EDGE ( 'NONE', *, *, #1124, .F. ) ;
#1056 = ORIENTED_EDGE ( 'NONE', *, *, #2, .F. ) ;
#1057 = CARTESIAN_POINT ( 'NONE',  ( -5.916079783099617906, -5.554227695286505728, -0.9999999999999961142 ) ) ;
#1058 = ORIENTED_EDGE ( 'NONE', *, *, #971, .T. ) ;
#1059 = PRODUCT_RELATED_PRODUCT_CATEGORY ( 'part', '', ( #554 ) ) ;
#1060 = EDGE_CURVE ( 'NONE', #1218, #599, #95, .T. ) ;
#1061 = DIRECTION ( 'NONE',  ( -0.000000000000000000, 1.000000000000000000, -0.000000000000000000 ) ) ;
#1062 = CARTESIAN_POINT ( 'NONE',  ( -5.916079783099617018, -7.000000000000000000, -0.9999999999999988898 ) ) ;
#1063 = VERTEX_POINT ( 'NONE', #1078 ) ;
#1064 = CARTESIAN_POINT ( 'NONE',  ( -1.666666666666664964, -5.000000000000000000, -7.312470322826768232 ) ) ;
#1065 = AXIS2_PLACEMENT_3D ( 'NONE', #1240, #343, #744 ) ;
#1066 = ORIENTED_EDGE ( 'NONE', *, *, #1271, .F. ) ;
#1067 = VECTOR ( 'NONE', #25, 1000.000000000000000 ) ;
#1068 = CARTESIAN_POINT ( 'NONE',  ( -7.426022384495103879, -5.273643976490048679, -1.057076295487956674 ) ) ;
#1069 = CARTESIAN_POINT ( 'NONE',  ( 1.000000000000000000, -5.666666666666666963, 6.421731313286161758 ) ) ;
#1070 = EDGE_CURVE ( 'NONE', #49, #1251, #1083, .T. ) ;
#1071 = CARTESIAN_POINT ( 'NONE',  ( 0.000000000000000000, -5.000000000000000000, 0.000000000000000000 ) ) ;
#1072 = ORIENTED_EDGE ( 'NONE', *, *, #436, .T. ) ;
#1073 = CARTESIAN_POINT ( 'NONE',  ( 1.000000000000000666, -7.000000000000000000, -5.916079783099617906 ) ) ;
#1074 = CARTESIAN_POINT ( 'NONE',  ( 1.000000000000000888, -5.666666666666666963, -7.516492484579039512 ) ) ;
#1075 = CARTESIAN_POINT ( 'NONE',  ( -1.338436823869878944, -5.053674724512156047, -5.848964456170786086 ) ) ;
#1076 = VERTEX_POINT ( 'NONE', #487 ) ;
#1077 = LINE ( 'NONE', #393, #616 ) ;
#1078 = CARTESIAN_POINT ( 'NONE',  ( 1.666666666666666519, -5.000000000000000000, 5.763872155263529251 ) ) ;
#1079 = DIRECTION ( 'NONE',  ( -1.000000000000000000, 0.000000000000000000, 0.000000000000000000 ) ) ;
#1080 = DIRECTION ( 'NONE',  ( -0.000000000000000000, 1.000000000000000000, -0.000000000000000000 ) ) ;
#1081 = DIRECTION ( 'NONE',  ( 6.829619984160655581E-17, 0.000000000000000000, -1.000000000000000000 ) ) ;
#1082 = FACE_BOUND ( 'NONE', #362, .T. ) ;
#1083 = CIRCLE ( 'NONE', #1022, 7.500000000000000000 ) ;
#1084 = VECTOR ( 'NONE', #701, 1000.000000000000000 ) ;
#1085 = CARTESIAN_POINT ( 'NONE',  ( 0.000000000000000000, -7.000000000000000000, -6.000000000000000888 ) ) ;
#1086 = LINE ( 'NONE', #664, #1126 ) ;
#1087 = EDGE_CURVE ( 'NONE', #599, #861, #121, .T. ) ;
#1088 = DIRECTION ( 'NONE',  ( -0.000000000000000000, 1.000000000000000000, -0.000000000000000000 ) ) ;
#1089 = CARTESIAN_POINT ( 'NONE',  ( 1.000000000000000888, -5.666666666666666963, -7.433034373659253013 ) ) ;
#1090 = FACE_OUTER_BOUND ( 'NONE', #758, .T. ) ;
#1091 = ORIENTED_EDGE ( 'NONE', *, *, #195, .T. ) ;
#1092 = CARTESIAN_POINT ( 'NONE',  ( 6.421731313286158205, -5.666666666666666963, 1.000000000000000444 ) ) ;
#1093 = CARTESIAN_POINT ( 'NONE',  ( -1.000000000000000444, -5.443012506477436396, -7.433034373659251237 ) ) ;
#1094 = ORIENTED_EDGE ( 'NONE', *, *, #1106, .T. ) ;
#1095 = CARTESIAN_POINT ( 'NONE',  ( -1.000000000000000000, -5.666666666666666963, 6.292440191088844337 ) ) ;
#1096 = EDGE_CURVE ( 'NONE', #916, #484, #725, .T. ) ;
#1097 = CARTESIAN_POINT ( 'NONE',  ( -0.9999999999999991118, -5.000000000000000000, -7.516492484579054612 ) ) ;
#1098 = CARTESIAN_POINT ( 'NONE',  ( -7.362642181354146054, -5.000000000000000000, 1.446538530753136653 ) ) ;
#1099 = CARTESIAN_POINT ( 'NONE',  ( -1.666666666666666519, -5.000000000000000000, 6.280071544451274690 ) ) ;
#1100 = ORIENTED_EDGE ( 'NONE', *, *, #305, .F. ) ;
#1101 = CIRCLE ( 'NONE', #422, 6.000000000000000888 ) ;
#1102 = ORIENTED_EDGE ( 'NONE', *, *, #1213, .F. ) ;
#1103 = CARTESIAN_POINT ( 'NONE',  ( -0.9999999999999991118, -7.000000000000000000, -7.433034373659253013 ) ) ;
#1104 = CARTESIAN_POINT ( 'NONE',  ( -5.857471204135548781, -5.070448075922210585, 1.300492793408709380 ) ) ;
#1105 = CARTESIAN_POINT ( 'NONE',  ( 1.000000000000000666, -5.666666666666666963, -5.916079783099617906 ) ) ;
#1106 = EDGE_CURVE ( 'NONE', #1198, #625, #320, .T. ) ;
#1107 = DIRECTION ( 'NONE',  ( 0.000000000000000000, 0.000000000000000000, -1.000000000000000000 ) ) ;
#1108 = ORIENTED_EDGE ( 'NONE', *, *, #1003, .T. ) ;
#1109 = ORIENTED_EDGE ( 'NONE', *, *, #211, .T. ) ;
#1110 =( NAMED_UNIT ( * ) SI_UNIT ( $, .STERADIAN. ) SOLID_ANGLE_UNIT ( ) );
#1111 = CARTESIAN_POINT ( 'NONE',  ( 0.000000000000000000, -7.000000000000000000, 0.000000000000000000 ) ) ;
#1112 = VERTEX_POINT ( 'NONE', #529 ) ;
#1113 = CARTESIAN_POINT ( 'NONE',  ( 5.763872155263528363, -5.000000000000000000, -1.666666666666665853 ) ) ;
#1114 = CARTESIAN_POINT ( 'NONE',  ( -7.516492484579039512, -5.000000000000000000, -0.9999999999999983347 ) ) ;
#1115 = ADVANCED_FACE ( 'NONE', ( #915 ), #1016, .T. ) ;
#1116 = CARTESIAN_POINT ( 'NONE',  ( -5.763872155263528363, -5.000000000000000000, 1.666666666666665853 ) ) ;
#1117 = EDGE_LOOP ( 'NONE', ( #1005, #45, #908, #652 ) ) ;
#1118 = CARTESIAN_POINT ( 'NONE',  ( 1.000000000000000000, -5.000000000000000000, 5.680414044343740976 ) ) ;
#1119 = FACE_OUTER_BOUND ( 'NONE', #1117, .T. ) ;
#1120 = CARTESIAN_POINT ( 'NONE',  ( 0.9999999999999997780, -7.000000000000000000, 1.369011091489456346E-16 ) ) ;
#1121 = B_SPLINE_CURVE_WITH_KNOTS ( 'NONE', 3,
 ( #1279, #651, #1267, #873 ),
 .UNSPECIFIED., .F., .F.,
 ( 4, 4 ),
 ( 0.000000000000000000, 1.000000000000000000 ),
 .UNSPECIFIED. ) ;
#1122 = EDGE_LOOP ( 'NONE', ( #476, #1152, #639, #1041 ) ) ;
#1123 = ORIENTED_EDGE ( 'NONE', *, *, #763, .F. ) ;
#1124 = EDGE_CURVE ( 'NONE', #453, #1252, #717, .T. ) ;
#1125 = CARTESIAN_POINT ( 'NONE',  ( 5.916079783099617018, -7.000000000000000000, 1.000000000000000444 ) ) ;
#1126 = VECTOR ( 'NONE', #569, 1000.000000000000000 ) ;
#1127 = DIRECTION ( 'NONE',  ( -0.000000000000000000, 1.000000000000000000, -0.000000000000000000 ) ) ;
#1128 = CIRCLE ( 'NONE', #757, 6.000000000000000888 ) ;
#1129 = CARTESIAN_POINT ( 'NONE',  ( 1.666666666666667407, -5.000000000000000000, -5.763872155263528363 ) ) ;
#1130 = VECTOR ( 'NONE', #212, 1000.000000000000000 ) ;
#1131 = CARTESIAN_POINT ( 'NONE',  ( -7.312470322826768232, -5.000000000000000000, -1.666666666666664742 ) ) ;
#1132 = VERTEX_POINT ( 'NONE', #735 ) ;
#1133 = CIRCLE ( 'NONE', #688, 7.500000000000000000 ) ;
#1134 = CARTESIAN_POINT ( 'NONE',  ( 3.175000000000000266, 11.35000000000000320, 3.174999999999999822 ) ) ;
#1135 = ORIENTED_EDGE ( 'NONE', *, *, #672, .F. ) ;
#1136 = VERTEX_POINT ( 'NONE', #1224 ) ;
#1137 = EDGE_CURVE ( 'NONE', #1178, #1159, #110, .T. ) ;
#1138 = DIRECTION ( 'NONE',  ( 0.000000000000000000, 0.000000000000000000, -1.000000000000000000 ) ) ;
#1139 = DIRECTION ( 'NONE',  ( -1.000000000000000000, 0.000000000000000000, 2.738022182978913185E-16 ) ) ;
#1140 = CARTESIAN_POINT ( 'NONE',  ( 1.666666666666665853, -5.000000000000000000, 7.312470322826768232 ) ) ;
#1141 = ORIENTED_EDGE ( 'NONE', *, *, #1183, .T. ) ;
#1142 = CARTESIAN_POINT ( 'NONE',  ( -7.433034373659253013, -5.666666666666666963, -0.9999999999999985567 ) ) ;
#1143 = DIRECTION ( 'NONE',  ( 0.000000000000000000, 0.000000000000000000, -1.000000000000000000 ) ) ;
#1144 = PLANE ( 'NONE',  #555 ) ;
#1145 = EDGE_CURVE ( 'NONE', #243, #79, #1238, .T. ) ;
#1146 = ORIENTED_EDGE ( 'NONE', *, *, #506, .T. ) ;
#1147 = ORIENTED_EDGE ( 'NONE', *, *, #1197, .F. ) ;
#1148 = CARTESIAN_POINT ( 'NONE',  ( 7.312470322826767344, -5.000000000000000000, 1.666666666666666519 ) ) ;
#1149 = CARTESIAN_POINT ( 'NONE',  ( 6.292440191088629398, -5.000000000000000000, -1.666666666666666075 ) ) ;
#1150 = VECTOR ( 'NONE', #696, 1000.000000000000000 ) ;
#1151 = EDGE_LOOP ( 'NONE', ( #1029, #729, #1147, #876 ) ) ;
#1152 = ORIENTED_EDGE ( 'NONE', *, *, #1030, .T. ) ;
#1153 = EDGE_CURVE ( 'NONE', #1039, #314, #443, .T. ) ;
#1154 = VECTOR ( 'NONE', #1035, 1000.000000000000000 ) ;
#1155 = AXIS2_PLACEMENT_3D ( 'NONE', #962, #66, #867 ) ;
#1156 = CARTESIAN_POINT ( 'NONE',  ( -1.666666666666665408, -5.000000000000000000, -5.763872155263528363 ) ) ;
#1157 = CARTESIAN_POINT ( 'NONE',  ( 5.680414044343411462, -5.000000000000000000, -0.9999999999999995559 ) ) ;
#1158 = VERTEX_POINT ( 'NONE', #44 ) ;
#1159 = VERTEX_POINT ( 'NONE', #428 ) ;
#1160 = ORIENTED_EDGE ( 'NONE', *, *, #182, .T. ) ;
#1161 = ADVANCED_FACE ( 'NONE', ( #327 ), #1216, .T. ) ;
#1162 = CARTESIAN_POINT ( 'NONE',  ( 1.000000000000000888, -5.666666666666666963, -5.680414044343741864 ) ) ;
#1163 = PLANE ( 'NONE',  #865 ) ;
#1164 = ORIENTED_EDGE ( 'NONE', *, *, #1106, .F. ) ;
#1165 = DIRECTION ( 'NONE',  ( -0.000000000000000000, 1.000000000000000000, -0.000000000000000000 ) ) ;
#1166 = CARTESIAN_POINT ( 'NONE',  ( -5.862684145829592630, -5.054385118494741924, -1.281314010796358538 ) ) ;
#1167 = ORIENTED_EDGE ( 'NONE', *, *, #1047, .T. ) ;
#1168 = EDGE_CURVE ( 'NONE', #262, #762, #170, .T. ) ;
#1169 = CARTESIAN_POINT ( 'NONE',  ( -7.312470322826768232, -5.000000000000000000, -1.666666666666664742 ) ) ;
#1170 = CARTESIAN_POINT ( 'NONE',  ( -1.558117207340152799, -4.999999999999998224, -5.795260041856223232 ) ) ;
#1171 = EDGE_LOOP ( 'NONE', ( #1102, #111, #1246, #825 ) ) ;
#1172 = CARTESIAN_POINT ( 'NONE',  ( 1.000000000000000888, -7.000000000000000000, -7.433034373659253013 ) ) ;
#1173 = CIRCLE ( 'NONE', #573, 7.500000000000000000 ) ;
#1174 = VERTEX_POINT ( 'NONE', #839 ) ;
#1175 = VECTOR ( 'NONE', #795, 1000.000000000000000 ) ;
#1176 = CARTESIAN_POINT ( 'NONE',  ( 1.000000000000000888, -5.000000000000000000, -5.680414044343741864 ) ) ;
#1177 = CARTESIAN_POINT ( 'NONE',  ( -1.057786074288568079, -5.271796249728341266, -5.907177664318551180 ) ) ;
#1178 = VERTEX_POINT ( 'NONE', #702 ) ;
#1179 = DIRECTION ( 'NONE',  ( 1.000000000000000000, 0.000000000000000000, 0.000000000000000000 ) ) ;
#1180 = LINE ( 'NONE', #673, #595 ) ;
#1181 = CARTESIAN_POINT ( 'NONE',  ( -0.9999999999999991118, -5.666666666666666963, -6.927382843472706497 ) ) ;
#1182 = CARTESIAN_POINT ( 'NONE',  ( 1.000000000000000000, -5.666666666666666963, 6.927382843472706497 ) ) ;
#1183 = EDGE_CURVE ( 'NONE', #1039, #851, #720, .T. ) ;
#1184 = CARTESIAN_POINT ( 'NONE',  ( 0.000000000000000000, 5.000000000000000000, -6.000000000000000888 ) ) ;
#1185 = CARTESIAN_POINT ( 'NONE',  ( 5.878631239677345022, -5.133331154488512738, -1.201061387456339613 ) ) ;
#1186 = DIRECTION ( 'NONE',  ( 0.000000000000000000, 1.000000000000000000, 0.000000000000000000 ) ) ;
#1187 = CARTESIAN_POINT ( 'NONE',  ( 5.763872155263528363, -5.000000000000000000, 1.666666666666666963 ) ) ;
#1188 = ADVANCED_FACE ( 'NONE', ( #816 ), #220, .T. ) ;
#1189 = VECTOR ( 'NONE', #180, 1000.000000000000000 ) ;
#1190 = AXIS2_PLACEMENT_3D ( 'NONE', #935, #1021, #1226 ) ;
#1191 = AXIS2_PLACEMENT_3D ( 'NONE', #210, #809, #513 ) ;
#1192 = CARTESIAN_POINT ( 'NONE',  ( 5.872392768811048214, -5.110704119306328508, -1.231362490008868438 ) ) ;
#1193 = FACE_OUTER_BOUND ( 'NONE', #322, .T. ) ;
#1194 = CYLINDRICAL_SURFACE ( 'NONE', #1191, 6.000000000000000888 ) ;
#1195 = CARTESIAN_POINT ( 'NONE',  ( -5.763872155263528363, -5.000000000000000000, -1.666666666666665408 ) ) ;
#1196 = CARTESIAN_POINT ( 'NONE',  ( -0.9999999999999991118, -7.000000000000000000, -5.916079783099617906 ) ) ;
#1197 = EDGE_CURVE ( 'NONE', #70, #566, #522, .T. ) ;
#1198 = VERTEX_POINT ( 'NONE', #1134 ) ;
#1199 = FACE_OUTER_BOUND ( 'NONE', #941, .T. ) ;
#1200 = CARTESIAN_POINT ( 'NONE',  ( -6.292440191088844337, -5.666666666666666963, -0.9999999999999985567 ) ) ;
#1201 = CARTESIAN_POINT ( 'NONE',  ( 1.666666666666665853, -5.000000000000000000, 7.312470322826768232 ) ) ;
#1202 = EDGE_CURVE ( 'NONE', #1174, #328, #712, .T. ) ;
#1203 = ORIENTED_EDGE ( 'NONE', *, *, #472, .T. ) ;
#1204 = CARTESIAN_POINT ( 'NONE',  ( -1.666666666666666519, -5.000000000000000000, 6.292440191088844337 ) ) ;
#1205 = PLANE ( 'NONE',  #796 ) ;
#1206 = DIRECTION ( 'NONE',  ( 0.000000000000000000, -0.000000000000000000, 1.000000000000000000 ) ) ;
#1207 = CARTESIAN_POINT ( 'NONE',  ( -2.738022182978914171E-16, -7.000000000000000000, -1.000000000000000444 ) ) ;
#1208 = ORIENTED_EDGE ( 'NONE', *, *, #1096, .T. ) ;
#1209 = ORIENTED_EDGE ( 'NONE', *, *, #893, .T. ) ;
#1210 = AXIS2_PLACEMENT_3D ( 'NONE', #234, #1233, #1138 ) ;
#1211 = ORIENTED_EDGE ( 'NONE', *, *, #501, .T. ) ;
#1212 = CARTESIAN_POINT ( 'NONE',  ( 7.433034373659251237, -5.443012506477439061, -0.9999999999999988898 ) ) ;
#1213 = EDGE_CURVE ( 'NONE', #1132, #147, #648, .T. ) ;
#1214 = CARTESIAN_POINT ( 'NONE',  ( 6.904466337833945033, -5.000000000000000000, 1.000000000000000444 ) ) ;
#1215 = CARTESIAN_POINT ( 'NONE',  ( 7.337399284456114223, -5.000000000000000888, 1.557291291410587863 ) ) ;
#1216 = PLANE ( 'NONE',  #684 ) ;
#1217 = ORIENTED_EDGE ( 'NONE', *, *, #778, .F. ) ;
#1218 = VERTEX_POINT ( 'NONE', #802 ) ;
#1219 = VERTEX_POINT ( 'NONE', #297 ) ;
#1220 = CARTESIAN_POINT ( 'NONE',  ( 1.071044485490109111, -5.288211829937071506, -5.903701872547039819 ) ) ;
#1221 = CARTESIAN_POINT ( 'NONE',  ( 7.399104028833703772, -5.107288278422299932, 1.227421792976279846 ) ) ;
#1222 = DIRECTION ( 'NONE',  ( 0.000000000000000000, -1.000000000000000000, 0.000000000000000000 ) ) ;
#1223 = EDGE_CURVE ( 'NONE', #1112, #703, #878, .T. ) ;
#1224 = CARTESIAN_POINT ( 'NONE',  ( -3.175000000000000711, 11.35000000000000320, 3.174999999999999822 ) ) ;
#1225 = CARTESIAN_POINT ( 'NONE',  ( -1.666666666666664964, -5.000000000000000000, -7.312470322826768232 ) ) ;
#1226 = DIRECTION ( 'NONE',  ( 0.000000000000000000, 0.000000000000000000, 1.000000000000000000 ) ) ;
#1227 = CARTESIAN_POINT ( 'NONE',  ( 1.000000000000000000, -5.666666666666666963, 7.433034373659253013 ) ) ;
#1228 = ORIENTED_EDGE ( 'NONE', *, *, #78, .F. ) ;
#1229 = DIRECTION ( 'NONE',  ( -0.000000000000000000, 1.000000000000000000, -0.000000000000000000 ) ) ;
#1230 = ADVANCED_FACE ( 'NONE', ( #1090 ), #790, .T. ) ;
#1231 = ORIENTED_EDGE ( 'NONE', *, *, #379, .F. ) ;
#1232 = ORIENTED_EDGE ( 'NONE', *, *, #1293, .T. ) ;
#1233 = DIRECTION ( 'NONE',  ( 0.000000000000000000, -1.000000000000000000, 0.000000000000000000 ) ) ;
#1234 = CIRCLE ( 'NONE', #189, 6.000000000000000888 ) ;
#1235 = CARTESIAN_POINT ( 'NONE',  ( 1.014230290737852869, -5.456048933664554568, -5.913727167122607931 ) ) ;
#1236 = AXIS2_PLACEMENT_3D ( 'NONE', #245, #137, #1249 ) ;
#1237 = CARTESIAN_POINT ( 'NONE',  ( -5.916079783099617018, -7.000000000000000000, 0.9999999999999988898 ) ) ;
#1238 = CIRCLE ( 'NONE', #574, 7.500000000000000000 ) ;
#1239 = ORIENTED_EDGE ( 'NONE', *, *, #211, .F. ) ;
#1240 = CARTESIAN_POINT ( 'NONE',  ( 0.000000000000000000, -7.000000000000000000, 0.000000000000000000 ) ) ;
#1241 = ORIENTED_EDGE ( 'NONE', *, *, #745, .T. ) ;
#1242 = ADVANCED_FACE ( 'NONE', ( #395 ), #890, .T. ) ;
#1243 = CARTESIAN_POINT ( 'NONE',  ( 0.000000000000000000, -7.000000000000000000, 0.000000000000000000 ) ) ;
#1244 = CARTESIAN_POINT ( 'NONE',  ( -0.9999999999999991118, -5.666666666666666963, -5.680414044343410573 ) ) ;
#1245 = CARTESIAN_POINT ( 'NONE',  ( 0.000000000000000000, -5.000000000000000000, 0.000000000000000000 ) ) ;
#1246 = ORIENTED_EDGE ( 'NONE', *, *, #771, .F. ) ;
#1247 = VERTEX_POINT ( 'NONE', #98 ) ;
#1248 = EDGE_CURVE ( 'NONE', #824, #597, #390, .T. ) ;
#1249 = DIRECTION ( 'NONE',  ( 0.000000000000000000, 0.000000000000000000, 1.000000000000000000 ) ) ;
#1250 = CARTESIAN_POINT ( 'NONE',  ( 6.904466337833839340, -5.000000000000000000, -1.666666666666666075 ) ) ;
#1251 = VERTEX_POINT ( 'NONE', #286 ) ;
#1252 = VERTEX_POINT ( 'NONE', #494 ) ;
#1253 = CARTESIAN_POINT ( 'NONE',  ( -5.916079783099617018, -5.666666666666666963, 0.9999999999999988898 ) ) ;
#1254 = DIRECTION ( 'NONE',  ( 0.000000000000000000, 0.000000000000000000, 1.000000000000000000 ) ) ;
#1255 = VECTOR ( 'NONE', #1179, 1000.000000000000000 ) ;
#1256 = CIRCLE ( 'NONE', #847, 6.000000000000000888 ) ;
#1257 = ORIENTED_EDGE ( 'NONE', *, *, #293, .F. ) ;
#1258 = AXIS2_PLACEMENT_3D ( 'NONE', #687, #990, #186 ) ;
#1259 = VECTOR ( 'NONE', #923, 1000.000000000000000 ) ;
#1260 = ORIENTED_EDGE ( 'NONE', *, *, #293, .T. ) ;
#1261 = CARTESIAN_POINT ( 'NONE',  ( -7.433034373659253013, -5.666666666666666963, -0.9999999999999985567 ) ) ;
#1262 = VERTEX_POINT ( 'NONE', #587 ) ;
#1263 = CARTESIAN_POINT ( 'NONE',  ( -6.904466337833830458, -5.000000000000000000, 1.666666666666664964 ) ) ;
#1264 = EDGE_CURVE ( 'NONE', #484, #625, #894, .T. ) ;
#1265 = EDGE_LOOP ( 'NONE', ( #938, #660, #755, #1094 ) ) ;
#1266 = DIRECTION ( 'NONE',  ( -0.000000000000000000, 1.000000000000000000, -0.000000000000000000 ) ) ;
#1267 = CARTESIAN_POINT ( 'NONE',  ( 6.927382843472706497, -5.666666666666666963, -0.9999999999999995559 ) ) ;
#1268 = ORIENTED_EDGE ( 'NONE', *, *, #506, .F. ) ;
#1269 = FACE_OUTER_BOUND ( 'NONE', #1280, .T. ) ;
#1270 = CARTESIAN_POINT ( 'NONE',  ( 3.175000000000000266, 11.35000000000000320, 3.174999999999999822 ) ) ;
#1271 = EDGE_CURVE ( 'NONE', #463, #1132, #677, .T. ) ;
#1272 = CARTESIAN_POINT ( 'NONE',  ( -7.337399284456112447, -5.000000000000000888, -1.557291291410584089 ) ) ;
#1273 = LINE ( 'NONE', #1006, #187 ) ;
#1274 = LINE ( 'NONE', #77, #1189 ) ;
#1275 = DIRECTION ( 'NONE',  ( 0.000000000000000000, 1.000000000000000000, 0.000000000000000000 ) ) ;
#1276 = VECTOR ( 'NONE', #1004, 1000.000000000000000 ) ;
#1277 = CARTESIAN_POINT ( 'NONE',  ( 5.763872155263528363, -5.000000000000000000, -1.666666666666665853 ) ) ;
#1278 = EDGE_CURVE ( 'NONE', #1198, #1174, #565, .T. ) ;
#1279 = CARTESIAN_POINT ( 'NONE',  ( 5.916079783099617906, -5.666666666666666963, -0.9999999999999995559 ) ) ;
#1280 = EDGE_LOOP ( 'NONE', ( #36, #788, #958, #73 ) ) ;
#1281 = CARTESIAN_POINT ( 'NONE',  ( 1.000000000000000666, -5.666666666666667851, -6.421731313286159093 ) ) ;
#1282 = DIRECTION ( 'NONE',  ( 1.000000000000000000, 0.000000000000000000, 0.000000000000000000 ) ) ;
#1283 = CARTESIAN_POINT ( 'NONE',  ( 1.462248141597889406, -5.013418681128039012, 5.819709935774638687 ) ) ;
#1284 = EDGE_CURVE ( 'NONE', #311, #1112, #580, .T. ) ;
#1285 = CARTESIAN_POINT ( 'NONE',  ( 1.000000000000000888, -5.666666666666666963, -6.927382843472706497 ) ) ;
#1286 = CARTESIAN_POINT ( 'NONE',  ( 5.827058309898828448, -5.000000000000000000, 1.448148516286291709 ) ) ;
#1287 = CARTESIAN_POINT ( 'NONE',  ( -1.666666666666666519, -5.000000000000000000, 7.516492484579039512 ) ) ;
#1288 = CARTESIAN_POINT ( 'NONE',  ( -0.9999999999999985567, -5.666666666666666963, 5.916079783099617906 ) ) ;
#1289 = CARTESIAN_POINT ( 'NONE',  ( 1.666666666666667629, -5.000000000000000000, -7.312470322826767344 ) ) ;
#1290 = ADVANCED_FACE ( 'NONE', ( #104 ), #83, .F. ) ;
#1291 = CARTESIAN_POINT ( 'NONE',  ( -5.916079783099617018, -7.000000000000000000, -0.9999999999999988898 ) ) ;
#1292 = VERTEX_POINT ( 'NONE', #782 ) ;
#1293 = EDGE_CURVE ( 'NONE', #79, #604, #1180, .T. ) ;
#1294 = CIRCLE ( 'NONE', #88, 7.500000000000000000 ) ;
#1295 = DIRECTION ( 'NONE',  ( 0.000000000000000000, -1.000000000000000000, 0.000000000000000000 ) ) ;
#1296 = B_SPLINE_CURVE_WITH_KNOTS ( 'NONE', 3,
 ( #929, #1023, #1049, #856, #226, #752, #351, #732 ),
 .UNSPECIFIED., .F., .F.,
 ( 4, 2, 2, 4 ),
 ( 0.000000000000000000, 0.2500000000000000555, 0.5000000000000001110, 1.000000000000000000 ),
 .UNSPECIFIED. ) ;
#1297 = CARTESIAN_POINT ( 'NONE',  ( 7.390883839791396959, -5.054935884768118726, -1.279643740812517638 ) ) ;
#1298 = CARTESIAN_POINT ( 'NONE',  ( 6.292440191088844337, -5.000000000000000000, 1.666666666666666963 ) ) ;
#1299 = CARTESIAN_POINT ( 'NONE',  ( 7.433034373659253013, -5.666666666666666963, 1.000000000000000444 ) ) ;
ENDSEC;
END-ISO-10303-21;
