ISO-10303-21;
HEADER;
FILE_DESCRIPTION (( 'STEP AP214' ),
    '1' );
FILE_NAME ('Long Arm.STEP',
    '2025-07-04T00:44:49',
    ( '' ),
    ( '' ),
    'SwSTEP 2.0',
    'SolidWorks 2023',
    '' );
FILE_SCHEMA (( 'AUTOMOTIVE_DESIGN' ));
ENDSEC;

DATA;
#1 = CARTESIAN_POINT ( 'NONE',  ( 5.763573603998092487, 210.0000000000001421, 3.444271374289811671 ) ) ;
#2 = B_SPLINE_CURVE_WITH_KNOTS ( 'NONE', 3,
 ( #985, #1877, #401, #1592 ),
 .UNSPECIFIED., .F., .F.,
 ( 4, 4 ),
 ( 0.000000000000000000, 0.0005103904671009922142 ),
 .UNSPECIFIED. ) ;
#3 = CARTESIAN_POINT ( 'NONE',  ( 2.701847454608830024, 26.67030298733151028, -4.540039298151329561 ) ) ;
#4 = CARTESIAN_POINT ( 'NONE',  ( 8.999999999999996447, 10.10005809903880802, -3.812500615147385918 ) ) ;
#5 = CARTESIAN_POINT ( 'NONE',  ( 0.5013057094430838356, 10.00389763885125838, -3.644478238934435677 ) ) ;
#6 = ORIENTED_EDGE ( 'NONE', *, *, #646, .T. ) ;
#7 = CARTESIAN_POINT ( 'NONE',  ( 9.345348009125590494, 10.34787354871062881, 4.001974428229726044 ) ) ;
#8 = ADVANCED_FACE ( 'NONE', ( #129 ), #1329, .T. ) ;
#9 = EDGE_LOOP ( 'NONE', ( #1446, #192, #1724, #1240 ) ) ;
#10 = CARTESIAN_POINT ( 'NONE',  ( 8.118293948698150686, 176.6672094156631374, 1.271771328998201556 ) ) ;
#11 = CARTESIAN_POINT ( 'NONE',  ( 7.681155550916423991, 210.0000000000000284, 2.249756633902888936 ) ) ;
#12 = CARTESIAN_POINT ( 'NONE',  ( 3.840618261279891588, 26.67030298733144988, -4.715627133598238707 ) ) ;
#13 = CARTESIAN_POINT ( 'NONE',  ( 8.999999999999994671, 10.01245206877441696, -3.634441208235349219 ) ) ;
#14 = PLANE ( 'NONE',  #1565 ) ;
#15 = ORIENTED_EDGE ( 'NONE', *, *, #1793, .F. ) ;
#16 = VERTEX_POINT ( 'NONE', #1775 ) ;
#17 = CARTESIAN_POINT ( 'NONE',  ( 7.500000000000001776, 0.000000000000000000, -4.000000000000000000 ) ) ;
#18 = CARTESIAN_POINT ( 'NONE',  ( 0.5006218633711332355, 10.00033494417633051, -3.569168280609093191 ) ) ;
#19 = ORIENTED_EDGE ( 'NONE', *, *, #299, .F. ) ;
#20 = CARTESIAN_POINT ( 'NONE',  ( 7.769769304257829745, 176.6672094156632511, 2.028434386444705417 ) ) ;
#21 = EDGE_CURVE ( 'NONE', #617, #501, #1816, .T. ) ;
#22 = EDGE_CURVE ( 'NONE', #790, #1398, #1375, .T. ) ;
#23 = B_SPLINE_CURVE_WITH_KNOTS ( 'NONE', 3,
 ( #1463, #1873, #1160, #87 ),
 .UNSPECIFIED., .F., .F.,
 ( 4, 4 ),
 ( 0.000000000000000000, 0.0003800931116066773178 ),
 .UNSPECIFIED. ) ;
#24 = VECTOR ( 'NONE', #249, 1000.000000000000000 ) ;
#25 = CARTESIAN_POINT ( 'NONE',  ( 8.275160285992145148, 60.00374906278415210, 2.684118922649855854 ) ) ;
#26 = CIRCLE ( 'NONE', #460, 0.5000000000000000000 ) ;
#27 = CARTESIAN_POINT ( 'NONE',  ( 8.104414673421000970, 60.00374906278393894, -3.006869597603890387 ) ) ;
#28 = CARTESIAN_POINT ( 'NONE',  ( 9.999973072392096540, 9.999999999988526511, -1.400150406033744188 ) ) ;
#29 = CARTESIAN_POINT ( 'NONE',  ( 0.4959148618961593535, 10.49960861318559679, -4.000677632556170593 ) ) ;
#30 = ORIENTED_EDGE ( 'NONE', *, *, #301, .T. ) ;
#31 = CARTESIAN_POINT ( 'NONE',  ( 0.01690722159009118430, 10.42522997658538308, -3.996772592387314749 ) ) ;
#32 = CARTESIAN_POINT ( 'NONE',  ( 0.01690722159009028572, 10.42522997658538841, 3.996772592387314749 ) ) ;
#33 = CARTESIAN_POINT ( 'NONE',  ( 9.413207834496949644, 27.01504425278593757, 3.864174200462580533 ) ) ;
#34 = AXIS2_PLACEMENT_3D ( 'NONE', #1578, #1735, #390 ) ;
#35 =( BOUNDED_SURFACE ( )  B_SPLINE_SURFACE ( 3, 2, ( 
 ( #914, #357, #39 ),
 ( #1682, #1082, #1812 ),
 ( #190, #1674, #338 ),
 ( #1522, #1404, #502 ) ),
 .UNSPECIFIED., .F., .F., .F. ) 
 B_SPLINE_SURFACE_WITH_KNOTS ( ( 4, 4 ),
 ( 3, 3 ),
 ( 0.001654221355255234508, 0.009736140539373588226 ),
 ( 0.000000000000000000, 1.000000000000000000 ),
 .UNSPECIFIED. ) 
 GEOMETRIC_REPRESENTATION_ITEM ( )  RATIONAL_B_SPLINE_SURFACE ( (
 ( 1.000000000000000000, 0.6945601525106701590, 1.000000000000000000),
 ( 1.000000000000000000, 0.7081468753421293894, 1.000000000000000000),
 ( 1.000000000000000000, 0.7081468753421432671, 1.000000000000000000),
 ( 1.000000000000000000, 0.6945601525106688268, 1.000000000000000000) ) ) 
 REPRESENTATION_ITEM ( '' )  SURFACE ( )  );
#36 = CARTESIAN_POINT ( 'NONE',  ( 6.846387690255551384, 126.6564770998268301, -2.305051562103036744 ) ) ;
#37 = CARTESIAN_POINT ( 'NONE',  ( 0.1783728028480537353, 10.00962552123206351, -4.000258413480581865 ) ) ;
#38 = ORIENTED_EDGE ( 'NONE', *, *, #1057, .F. ) ;
#39 = CARTESIAN_POINT ( 'NONE',  ( 0.01818699144683078028, 10.51758619454435539, -4.044401197725417063 ) ) ;
#40 = CARTESIAN_POINT ( 'NONE',  ( 9.498339234543649923, 10.49955610594591349, -4.000729755941104138 ) ) ;
#41 = CARTESIAN_POINT ( 'NONE',  ( 7.050000000000073541, 0.000000000000000000, 0.000000000000000000 ) ) ;
#42 = EDGE_CURVE ( 'NONE', #1398, #1770, #1202, .T. ) ;
#43 = EDGE_CURVE ( 'NONE', #730, #747, #928, .T. ) ;
#44 = CARTESIAN_POINT ( 'NONE',  ( 2.648791543131025605, 126.6564770998266596, -1.966371725760386768 ) ) ;
#45 = CARTESIAN_POINT ( 'NONE',  ( 0.3476356260571356604, 10.00009319143952702, -3.508967073138422599 ) ) ;
#46 = VERTEX_POINT ( 'NONE', #1538 ) ;
#47 = DIRECTION ( 'NONE',  ( 1.000000000000000000, 0.000000000000000000, -0.000000000000000000 ) ) ;
#48 = CARTESIAN_POINT ( 'NONE',  ( 1.000000000000004441, 9.527341354366768655, -3.767719969442804739 ) ) ;
#49 = EDGE_LOOP ( 'NONE', ( #598, #819, #1066, #1765 ) ) ;
#50 = DIRECTION ( 'NONE',  ( 1.000000000000000000, 0.000000000000000000, 0.000000000000000000 ) ) ;
#51 = B_SPLINE_CURVE_WITH_KNOTS ( 'NONE', 3,
 ( #454, #565, #288, #879, #890, #437 ),
 .UNSPECIFIED., .F., .F.,
 ( 4, 1, 1, 4 ),
 ( 0.002585713321698577833, 0.2499968762106128117, 0.5000312453916733180, 1.000000000000000000 ),
 .UNSPECIFIED. ) ;
#52 = CARTESIAN_POINT ( 'NONE',  ( 2.482451366960187755, 210.0000000000000284, -2.444735766055605719 ) ) ;
#53 = DIRECTION ( 'NONE',  ( 0.000000000000000000, 0.000000000000000000, 1.000000000000000000 ) ) ;
#54 = ORIENTED_EDGE ( 'NONE', *, *, #974, .T. ) ;
#55 = DIRECTION ( 'NONE',  ( 0.000000000000000000, 0.000000000000000000, -1.000000000000000000 ) ) ;
#56 = AXIS2_PLACEMENT_3D ( 'NONE', #350, #1675, #1683 ) ;
#58 = EDGE_CURVE ( 'NONE', #1239, #1387, #1556, .T. ) ;
#57 = CARTESIAN_POINT ( 'NONE',  ( 0.1390410608230050471, 10.16634952006141468, 3.874995063220450398 ) ) ;
#59 = CARTESIAN_POINT ( 'NONE',  ( 0.01783890495958653441, 10.51726041137807321, -3.996016490204127969 ) ) ;
#60 = CIRCLE ( 'NONE', #1122, 0.5000000000000004441 ) ;
#61 = CARTESIAN_POINT ( 'NONE',  ( 0.4166666666666662411, 10.00000000000000000, -4.000000000000000000 ) ) ;
#62 = CARTESIAN_POINT ( 'NONE',  ( 9.902939359506296668, 10.21925076591097081, 3.916853099291520035 ) ) ;
#63 = ORIENTED_EDGE ( 'NONE', *, *, #1352, .F. ) ;
#64 = CARTESIAN_POINT ( 'NONE',  ( 2.239063909972430100, 126.6564770998268017, -1.042666777985838067 ) ) ;
#65 = CARTESIAN_POINT ( 'NONE',  ( 0.9048626625680588065, 10.00000000000000000, 4.000000000000000000 ) ) ;
#66 = VERTEX_POINT ( 'NONE', #1382 ) ;
#67 = SURFACE_STYLE_USAGE ( .BOTH. , #958 ) ;
#68 = EDGE_CURVE ( 'NONE', #280, #218, #1874, .T. ) ;
#69 = CARTESIAN_POINT ( 'NONE',  ( 9.497325207355221011, 10.00000715462071987, 1.507968342560598307 ) ) ;
#70 = CARTESIAN_POINT ( 'NONE',  ( 0.01759497827244086918, 10.50852551847748906, -3.996086844426280926 ) ) ;
#71 = CYLINDRICAL_SURFACE ( 'NONE', #581, 2.000000000000000000 ) ;
#72 = ORIENTED_EDGE ( 'NONE', *, *, #79, .T. ) ;
#73 = CARTESIAN_POINT ( 'NONE',  ( 9.980880190642228200, 10.00009378980235475, -3.505815632142276428 ) ) ;
#74 = CARTESIAN_POINT ( 'NONE',  ( 9.499870509440141220, 10.00020330431581250, -3.514953063323324134 ) ) ;
#75 = DIRECTION ( 'NONE',  ( 0.000000000000000000, 0.000000000000000000, -1.000000000000000000 ) ) ;
#76 = B_SPLINE_CURVE_WITH_KNOTS ( 'NONE', 3,
 ( #871, #1344, #1483, #1781, #438, #1034 ),
 .UNSPECIFIED., .F., .F.,
 ( 4, 2, 4 ),
 ( 1.734723475976806902E-18, 0.0003870917978157493349, 0.0007741835956314969350 ),
 .UNSPECIFIED. ) ;
#77 = EDGE_CURVE ( 'NONE', #939, #439, #1109, .T. ) ;
#78 = CARTESIAN_POINT ( 'NONE',  ( 7.500000000000000000, 10.00000000000000000, -4.000000000000000000 ) ) ;
#79 = EDGE_CURVE ( 'NONE', #1155, #575, #685, .T. ) ;
#80 = CARTESIAN_POINT ( 'NONE',  ( 9.980880190642219318, 10.00009378980236008, 3.505815632142369687 ) ) ;
#81 = ORIENTED_EDGE ( 'NONE', *, *, #536, .F. ) ;
#82 = CARTESIAN_POINT ( 'NONE',  ( 2.318844449083576897, 210.0000000000000284, -2.249756633902888936 ) ) ;
#83 = CARTESIAN_POINT ( 'NONE',  ( 0.5040596042769838192, 10.24299052891653083, 3.948353968168433425 ) ) ;
#84 = CARTESIAN_POINT ( 'NONE',  ( 9.496884849045093446, 10.00012596855950875, -3.512331499676559332 ) ) ;
#85 = CARTESIAN_POINT ( 'NONE',  ( 5.000000000000000000, 215.0000000000000284, 0.000000000000000000 ) ) ;
#86 = AXIS2_PLACEMENT_3D ( 'NONE', #328, #925, #782 ) ;
#87 = CARTESIAN_POINT ( 'NONE',  ( 8.999999999999996447, 9.633562273040141122, -4.000000000000000000 ) ) ;
#88 = CIRCLE ( 'NONE', #433, 3.500000000000000888 ) ;
#89 = CARTESIAN_POINT ( 'NONE',  ( 2.482451366960186867, 210.0000000000000284, 2.444735766055604831 ) ) ;
#90 = ORIENTED_EDGE ( 'NONE', *, *, #1536, .F. ) ;
#91 = CARTESIAN_POINT ( 'NONE',  ( 7.500000000000001776, 0.000000000000000000, -2.000000000000000000 ) ) ;
#92 = PLANE ( 'NONE',  #545 ) ;
#93 = CARTESIAN_POINT ( 'NONE',  ( 0.01759497827244065754, 10.50852551847748551, 3.996086844426279150 ) ) ;
#94 = CARTESIAN_POINT ( 'NONE',  ( 8.999999999999996447, 9.500103502858211257, -3.515082181280189566 ) ) ;
#95 = CARTESIAN_POINT ( 'NONE',  ( 1.000000000000004219, 9.500103502866545924, 3.515082181276486750 ) ) ;
#96 = EDGE_CURVE ( 'NONE', #1533, #1110, #899, .T. ) ;
#97 = B_SPLINE_SURFACE_WITH_KNOTS ( 'NONE', 3, 3, ( 
 ( #1134, #101, #1261, #1709, #524, #82 ),
 ( #1586, #964, #693, #219, #367, #673 ),
 ( #1594, #381, #987, #64, #245, #813 ),
 ( #1421, #996, #837, #666, #1271, #209 ),
 ( #1298, #1869, #1896, #1725, #542, #1146 ),
 ( #515, #1120, #1719, #373, #828, #970 ),
 ( #1278, #1880, #981, #1457, #846, #703 ) ),
 .UNSPECIFIED., .F., .F., .F.,
 ( 4, 1, 1, 1, 4 ),
 ( 4, 1, 1, 4 ),
 ( 0.5000000000000000000, 0.5555555555555556912, 0.6111111111111111605, 0.6666666666666667407, 0.7222222222222223209 ),
 ( 0.000000000000000000, 0.2499968762106128117, 0.5000312453916733180, 1.000000000000000000 ),
 .UNSPECIFIED. ) ;
#98 = CARTESIAN_POINT ( 'NONE',  ( 9.492542176397824605, 10.49950319708393032, 4.000782264771494567 ) ) ;
#99 = EDGE_LOOP ( 'NONE', ( #1366, #307, #269, #1251 ) ) ;
#100 = EDGE_CURVE ( 'NONE', #163, #650, #1651, .T. ) ;
#101 = CARTESIAN_POINT ( 'NONE',  ( 0.5749178304738599143, 26.67030298733152094, -3.876483595510669122 ) ) ;
#102 = CARTESIAN_POINT ( 'NONE',  ( 9.500000000000000000, 2.999999999999998224, -4.000000000000000000 ) ) ;
#103 = CARTESIAN_POINT ( 'NONE',  ( 10.00000000000000000, 2.499999999999998224, 4.000000000000000000 ) ) ;
#104 = LINE ( 'NONE', #983, #1568 ) ;
#105 = CARTESIAN_POINT ( 'NONE',  ( 1.000000000000005107, 9.633562273040135793, -4.000000000000000000 ) ) ;
#106 = CARTESIAN_POINT ( 'NONE',  ( 2.852350704865191933, 210.0000000000001421, -2.798866280046588884 ) ) ;
#107 = CARTESIAN_POINT ( 'NONE',  ( 4.673951605535039633, 60.00374906278423737, 4.749981260308268283 ) ) ;
#108 = ORIENTED_EDGE ( 'NONE', *, *, #1047, .F. ) ;
#109 = CARTESIAN_POINT ( 'NONE',  ( 10.00000000000000000, 10.00000000000000000, -4.000000000000000000 ) ) ;
#110 = DIRECTION ( 'NONE',  ( -0.000000000000000000, -0.000000000000000000, -1.000000000000000000 ) ) ;
#111 = DIRECTION ( 'NONE',  ( 1.858632295689435856E-16, 1.000000000000000000, -0.000000000000000000 ) ) ;
#112 = ORIENTED_EDGE ( 'NONE', *, *, #548, .F. ) ;
#113 = CARTESIAN_POINT ( 'NONE',  ( 10.00000000000000000, 0.000000000000000000, 0.000000000000000000 ) ) ;
#114 = CARTESIAN_POINT ( 'NONE',  ( 0.9633369625090313360, 9.885976560459738494, -4.000000000000000000 ) ) ;
#115 = AXIS2_PLACEMENT_3D ( 'NONE', #1654, #1062, #763 ) ;
#116 = CARTESIAN_POINT ( 'NONE',  ( 9.497559377855990803, 10.05945004981348490, -3.769650033479066575 ) ) ;
#117 = FACE_OUTER_BOUND ( 'NONE', #583, .T. ) ;
#118 = ORIENTED_EDGE ( 'NONE', *, *, #523, .F. ) ;
#119 = AXIS2_PLACEMENT_3D ( 'NONE', #955, #631, #47 ) ;
#120 = CARTESIAN_POINT ( 'NONE',  ( 0.5000000000000000000, 2.499999999999998224, -4.000000000000000000 ) ) ;
#121 = EDGE_CURVE ( 'NONE', #1196, #1039, #60, .T. ) ;
#122 = CARTESIAN_POINT ( 'NONE',  ( 1.000000000000003775, 9.761807266955514706, 4.000000000000000000 ) ) ;
#123 = CARTESIAN_POINT ( 'NONE',  ( 0.5001294905597687412, 10.00020330431581783, 3.514953063323475124 ) ) ;
#124 = ORIENTED_EDGE ( 'NONE', *, *, #1268, .F. ) ;
#125 = CARTESIAN_POINT ( 'NONE',  ( 1.000000000000004441, 9.500669877453601586, 3.637631000189466501 ) ) ;
#126 = EDGE_CURVE ( 'NONE', #1895, #1033, #400, .T. ) ;
#127 = DIRECTION ( 'NONE',  ( 1.000000000000000000, 0.000000000000000000, 0.000000000000000000 ) ) ;
#128 = CARTESIAN_POINT ( 'NONE',  ( 7.517548633039813133, 210.0000000000000284, 2.444735766055605275 ) ) ;
#129 = FACE_OUTER_BOUND ( 'NONE', #1780, .T. ) ;
#130 = DIRECTION ( 'NONE',  ( 0.000000000000000000, 0.000000000000000000, 1.000000000000000000 ) ) ;
#131 = CARTESIAN_POINT ( 'NONE',  ( 5.000000000000000000, 215.0000000000000284, -2.499999999999999112 ) ) ;
#132 = EDGE_LOOP ( 'NONE', ( #633, #683, #1577, #1553, #706, #1489, #233, #1637 ) ) ;
#133 = CARTESIAN_POINT ( 'NONE',  ( 9.495936712428710180, 10.24224015093094486, 3.948759151481312291 ) ) ;
#134 = VERTEX_POINT ( 'NONE', #1573 ) ;
#135 = CARTESIAN_POINT ( 'NONE',  ( 9.999999999999998224, 9.999999999999998224, -3.333333333333332149 ) ) ;
#136 = DIRECTION ( 'NONE',  ( -1.000000000000000000, -0.000000000000000000, -0.000000000000000000 ) ) ;
#137 = ADVANCED_FACE ( 'NONE', ( #830 ), #991, .T. ) ;
#138 = CARTESIAN_POINT ( 'NONE',  ( 6.490946085054439152, 210.0000000000001705, 3.197344197505877172 ) ) ;
#139 = ORIENTED_EDGE ( 'NONE', *, *, #265, .F. ) ;
#140 = CARTESIAN_POINT ( 'NONE',  ( 4.583333333333333037, 10.00000000000000000, -4.000000000000000000 ) ) ;
#141 = DIRECTION ( 'NONE',  ( 1.000000000000000000, 1.858632295689435856E-16, -0.000000000000000000 ) ) ;
#142 = CARTESIAN_POINT ( 'NONE',  ( 1.000000000000004219, 9.499989604270727028, -0.1616392729907631109 ) ) ;
#143 = ORIENTED_EDGE ( 'NONE', *, *, #1900, .T. ) ;
#144 = CARTESIAN_POINT ( 'NONE',  ( 9.095137337431937752, 10.00000000000000000, 4.000000000000000000 ) ) ;
#145 = CARTESIAN_POINT ( 'NONE',  ( 5.978131625799368187, 60.00374906278410947, 4.658354462261236506 ) ) ;
#146 = ADVANCED_FACE ( 'NONE', ( #1890 ), #1273, .T. ) ;
#147 = CARTESIAN_POINT ( 'NONE',  ( 7.298152545391165980, 26.67030298733149607, -4.540039298151333114 ) ) ;
#148 = CARTESIAN_POINT ( 'NONE',  ( 8.999999999999996447, 9.629703926622619647, -4.010564737316452799 ) ) ;
#149 = CARTESIAN_POINT ( 'NONE',  ( 9.495467385055331277, 10.36994614744117627, 4.000633928218642943 ) ) ;
#150 = ORIENTED_EDGE ( 'NONE', *, *, #652, .T. ) ;
#151 = CIRCLE ( 'NONE', #654, 2.499999999999999112 ) ;
#152 = CARTESIAN_POINT ( 'NONE',  ( 0.01783890495958631237, 10.51726041137806966, 3.996016490204126193 ) ) ;
#153 = ORIENTED_EDGE ( 'NONE', *, *, #1591, .T. ) ;
#154 = CARTESIAN_POINT ( 'NONE',  ( 7.942926619732660676, 210.0000000000000284, 1.937790022203913054 ) ) ;
#155 = ORIENTED_EDGE ( 'NONE', *, *, #942, .T. ) ;
#156 = CARTESIAN_POINT ( 'NONE',  ( 8.275160285992143372, 60.00374906278393894, -2.684118922649841643 ) ) ;
#157 = CARTESIAN_POINT ( 'NONE',  ( 10.00002858116066129, 9.999999999999994671, 4.044528006583076873 ) ) ;
#158 = CARTESIAN_POINT ( 'NONE',  ( 9.822990345231772835, 10.50258400530430514, -3.997711634433916306 ) ) ;
#159 = EDGE_CURVE ( 'NONE', #1878, #439, #882, .T. ) ;
#160 = EDGE_LOOP ( 'NONE', ( #487, #1285 ) ) ;
#161 = CARTESIAN_POINT ( 'NONE',  ( 8.999999999999996447, 9.984480294545589274, 4.396750281590001030 ) ) ;
#162 = AXIS2_PLACEMENT_3D ( 'NONE', #205, #1453, #507 ) ;
#163 = VERTEX_POINT ( 'NONE', #94 ) ;
#164 = CARTESIAN_POINT ( 'NONE',  ( 7.891549021010066056, 126.6564770998272422, -2.557020946180803993E-16 ) ) ;
#165 = CARTESIAN_POINT ( 'NONE',  ( 5.000000000000000000, 10.00000000000000000, 4.000000000000000000 ) ) ;
#166 = CARTESIAN_POINT ( 'NONE',  ( 9.425082169526143971, 26.67030298733152094, -3.876483595510669122 ) ) ;
#167 = CARTESIAN_POINT ( 'NONE',  ( 3.250000000000000000, 0.000000000000000000, 0.000000000000000000 ) ) ;
#168 = CARTESIAN_POINT ( 'NONE',  ( 0.5045337178206519280, 10.49952988160629630, -4.000755782676144179 ) ) ;
#169 = ORIENTED_EDGE ( 'NONE', *, *, #241, .T. ) ;
#170 = PLANE ( 'NONE',  #119 ) ;
#171 = CARTESIAN_POINT ( 'NONE',  ( 0.2797379407283904773, 10.04161508089946686, 3.734707509918722579 ) ) ;
#172 =( NAMED_UNIT ( * ) PLANE_ANGLE_UNIT ( ) SI_UNIT ( $, .RADIAN. ) );
#173 = CARTESIAN_POINT ( 'NONE',  ( 5.000000000000000000, 215.0000000000000284, -2.499999999999999112 ) ) ;
#174 = VECTOR ( 'NONE', #1614, 1000.000000000000000 ) ;
#175 = CARTESIAN_POINT ( 'NONE',  ( 9.583333333333333925, 10.00000000000000178, -4.000000000000000000 ) ) ;
#176 = CARTESIAN_POINT ( 'NONE',  ( 8.999999999999996447, 10.23993105795155145, -3.952143392906811492 ) ) ;
#177 = DIRECTION ( 'NONE',  ( 0.000000000000000000, 0.000000000000000000, 1.000000000000000000 ) ) ;
#178 = ORIENTED_EDGE ( 'NONE', *, *, #96, .F. ) ;
#179 =( BOUNDED_SURFACE ( )  B_SPLINE_SURFACE ( 3, 2, ( 
 ( #1733, #1435, #80 ),
 ( #551, #539, #682 ),
 ( #412, #671, #1163 ),
 ( #98, #1756, #388 ) ),
 .UNSPECIFIED., .F., .F., .F. ) 
 B_SPLINE_SURFACE_WITH_KNOTS ( ( 4, 4 ),
 ( 3, 3 ),
 ( 0.002396245421560259329, 0.002889041005423833436 ),
 ( 0.000000000000000000, 0.9864152265706070954 ),
 .UNSPECIFIED. ) 
 GEOMETRIC_REPRESENTATION_ITEM ( )  RATIONAL_B_SPLINE_SURFACE ( (
 ( 1.000000000000000000, 0.7081576020667644800, 0.9920707742939725016),
 ( 1.000000000000000000, 0.7092937693365460872, 0.9921016434438483245),
 ( 1.000000000000000000, 0.7103864979147217484, 0.9921313323841569609),
 ( 1.000000000000000000, 0.7114321036486510597, 0.9921597410181408616) ) ) 
 REPRESENTATION_ITEM ( '' )  SURFACE ( )  );
#180 = FACE_OUTER_BOUND ( 'NONE', #1390, .T. ) ;
#181 = CIRCLE ( 'NONE', #1437, 2.000000000000000000 ) ;
#182 = CARTESIAN_POINT ( 'NONE',  ( 0.01755890658184072750, 10.50415680626778148, 3.996122810762797517 ) ) ;
#183 = ORIENTED_EDGE ( 'NONE', *, *, #194, .T. ) ;
#184 = DIRECTION ( 'NONE',  ( 1.000000000000000000, -0.000000000000000000, -0.000000000000000000 ) ) ;
#185 = EDGE_CURVE ( 'NONE', #783, #1043, #527, .T. ) ;
#186 = B_SPLINE_CURVE_WITH_KNOTS ( 'NONE', 3,
 ( #1646, #1506, #1918, #298, #1617, #428 ),
 .UNSPECIFIED., .F., .F.,
 ( 4, 2, 4 ),
 ( 0.000000000000000000, 0.0003870917978213933119, 0.0007741835956427866238 ),
 .UNSPECIFIED. ) ;
#187 = CARTESIAN_POINT ( 'NONE',  ( 0.5119016813392429643, 10.00009290978834109, 3.510441172624975792 ) ) ;
#188 = FACE_OUTER_BOUND ( 'NONE', #132, .T. ) ;
#189 = EDGE_LOOP ( 'NONE', ( #1868, #1708, #1020 ) ) ;
#190 = CARTESIAN_POINT ( 'NONE',  ( 0.4991115011075014096, 9.999999999999984013, 1.346985633831579321 ) ) ;
#191 = CARTESIAN_POINT ( 'NONE',  ( 0.03540482506811629820, 10.34890562553116311, 3.978329032197530424 ) ) ;
#192 = ORIENTED_EDGE ( 'NONE', *, *, #1729, .T. ) ;
#193 = CARTESIAN_POINT ( 'NONE',  ( 7.681155550916423991, 210.0000000000000284, 2.249756633902888936 ) ) ;
#194 = EDGE_CURVE ( 'NONE', #1461, #1543, #628, .T. ) ;
#195 = DIRECTION ( 'NONE',  ( -1.000000000000000000, 0.000000000000000000, 0.000000000000000000 ) ) ;
#196 = DIRECTION ( 'NONE',  ( 0.000000000000000000, 1.000000000000000000, 0.000000000000000000 ) ) ;
#197 = VERTEX_POINT ( 'NONE', #407 ) ;
#198 = VERTEX_POINT ( 'NONE', #1871 ) ;
#199 = CARTESIAN_POINT ( 'NONE',  ( 0.09706064049369131363, 10.21925076591098325, -3.916853099291530249 ) ) ;
#200 = CARTESIAN_POINT ( 'NONE',  ( 7.500000000000000000, 10.00000000000000000, 4.000000000000000000 ) ) ;
#201 = ORIENTED_EDGE ( 'NONE', *, *, #299, .T. ) ;
#202 = CARTESIAN_POINT ( 'NONE',  ( 2.499999999999998668, 0.000000000000000000, 2.000000000000000000 ) ) ;
#203 = CARTESIAN_POINT ( 'NONE',  ( 9.498079896994381599, 10.00015416286335856, 3.513239390481476931 ) ) ;
#204 = CIRCLE ( 'NONE', #541, 2.000000000000000000 ) ;
#205 = CARTESIAN_POINT ( 'NONE',  ( 2.499999999999998668, 0.000000000000000000, 0.000000000000000000 ) ) ;
#206 = CARTESIAN_POINT ( 'NONE',  ( 0.5008461086057994782, 9.999997371611994978, -0.1746452419743810269 ) ) ;
#207 = ORIENTED_EDGE ( 'NONE', *, *, #1600, .F. ) ;
#208 = EDGE_CURVE ( 'NONE', #134, #726, #435, .T. ) ;
#209 = CARTESIAN_POINT ( 'NONE',  ( 1.428161042890991883, 210.0000000000002274, 1.192622389734054877E-15 ) ) ;
#210 = AXIS2_PLACEMENT_3D ( 'NONE', #982, #1749, #534 ) ;
#211 = DIRECTION ( 'NONE',  ( -1.000000000000000000, 0.000000000000000000, 0.000000000000000000 ) ) ;
#212 = ORIENTED_EDGE ( 'NONE', *, *, #1162, .F. ) ;
#213 = CARTESIAN_POINT ( 'NONE',  ( 7.351208456868975283, 126.6564770998267733, 1.966371725760390321 ) ) ;
#214 = B_SPLINE_CURVE_WITH_KNOTS ( 'NONE', 3,
 ( #1206, #158, #462, #1532, #1094, #40, #1552 ),
 .UNSPECIFIED., .F., .F.,
 ( 4, 3, 4 ),
 ( 1.118597810463032514E-07, 0.0004785111202806335839, 0.0004871306887008900518 ),
 .UNSPECIFIED. ) ;
#215 = CARTESIAN_POINT ( 'NONE',  ( 9.496410873792340723, 10.00001204607984029, 2.174623726999179052 ) ) ;
#216 = CARTESIAN_POINT ( 'NONE',  ( 0.01911980935778296448, 10.00009378980236008, 3.505815632142425198 ) ) ;
#217 = CARTESIAN_POINT ( 'NONE',  ( 0.5014647357969039820, 9.999993195389718537, 1.158683326178816975 ) ) ;
#218 = VERTEX_POINT ( 'NONE', #822 ) ;
#219 = CARTESIAN_POINT ( 'NONE',  ( 2.489983982954785180, 126.6564770998266880, -1.677371048974956036 ) ) ;
#220 = ADVANCED_FACE ( 'NONE', ( #248 ), #1123, .F. ) ;
#221 = CARTESIAN_POINT ( 'NONE',  ( 0.5045337178206524831, 10.49952988160629808, 4.000755782676141514 ) ) ;
#222 = CARTESIAN_POINT ( 'NONE',  ( 0.1770096547682325216, 10.50258400530429626, 3.997711634433915417 ) ) ;
#223 = EDGE_CURVE ( 'NONE', #1456, #980, #104, .T. ) ;
#224 = FACE_OUTER_BOUND ( 'NONE', #1833, .T. ) ;
#225 = LINE ( 'NONE', #1860, #1686 ) ;
#226 = ORIENTED_EDGE ( 'NONE', *, *, #942, .F. ) ;
#227 = CARTESIAN_POINT ( 'NONE',  ( 5.000000000000000000, 215.0000000000000284, 0.000000000000000000 ) ) ;
#228 = DIRECTION ( 'NONE',  ( 0.000000000000000000, 0.000000000000000000, 1.000000000000000000 ) ) ;
#229 = DIRECTION ( 'NONE',  ( 1.000000000000000000, 0.000000000000000000, 0.000000000000000000 ) ) ;
#230 = CARTESIAN_POINT ( 'NONE',  ( 7.500000000000001776, 2.449293598294705921E-16, 2.000000000000000000 ) ) ;
#231 = B_SPLINE_CURVE_WITH_KNOTS ( 'NONE', 3,
 ( #938, #641, #1545, #789 ),
 .UNSPECIFIED., .F., .F.,
 ( 4, 4 ),
 ( -1.393036652700192942E-05, 0.0004907676168849150295 ),
 .UNSPECIFIED. ) ;
#232 = CARTESIAN_POINT ( 'NONE',  ( 4.785200140559991766, 126.6564770998268301, 2.738060639082459335 ) ) ;
#233 = ORIENTED_EDGE ( 'NONE', *, *, #379, .T. ) ;
#234 = VECTOR ( 'NONE', #823, 1000.000000000000000 ) ;
#235 = FACE_OUTER_BOUND ( 'NONE', #1841, .T. ) ;
#236 = CARTESIAN_POINT ( 'NONE',  ( 9.495966645355069957, 10.00010576289169606, -3.511702978623139071 ) ) ;
#237 = EDGE_CURVE ( 'NONE', #1861, #715, #535, .T. ) ;
#238 = DIRECTION ( 'NONE',  ( 1.000000000000000000, 0.000000000000000000, 0.000000000000000000 ) ) ;
#239 = PLANE ( 'NONE',  #1052 ) ;
#240 =( BOUNDED_SURFACE ( )  B_SPLINE_SURFACE ( 3, 2, ( 
 ( #1385, #751, #1644 ),
 ( #1528, #436, #1360 ),
 ( #1072, #13, #1350 ),
 ( #303, #1777, #148 ),
 ( #742, #4, #594 ),
 ( #287, #176, #604 ),
 ( #1217, #1194, #1061 ),
 ( #1205, #1809, #1050 ) ),
 .UNSPECIFIED., .F., .F., .T. ) 
 B_SPLINE_SURFACE_WITH_KNOTS ( ( 4, 2, 2, 4 ),
 ( 3, 3 ),
 ( 0.003207113454846092365, 0.003598787200928000793, 0.003990460947009909221, 0.004773808439173726076 ),
 ( 0.000000000000000000, 1.000000000000000000 ),
 .UNSPECIFIED. ) 
 GEOMETRIC_REPRESENTATION_ITEM ( )  RATIONAL_B_SPLINE_SURFACE ( (
 ( 1.000000000000000000, 0.7071227821501721023, 1.000000000000000000),
 ( 1.000000000000000000, 0.7075465041495813123, 1.000000000000000000),
 ( 1.000000000000000000, 0.7079635300035488354, 1.000000000000000000),
 ( 1.000000000000000000, 0.7087409441607045446, 1.000000000000000000),
 ( 1.000000000000000000, 0.7090935805397483582, 1.000000000000000000),
 ( 1.000000000000000000, 0.7099743885168212643, 1.000000000000000000),
 ( 1.000000000000000000, 0.7103182451200638070, 1.000000000000000000),
 ( 1.000000000000000000, 0.7103052597039019034, 1.000000000000000000) ) ) 
 REPRESENTATION_ITEM ( '' )  SURFACE ( )  );
#241 = EDGE_CURVE ( 'NONE', #1507, #764, #976, .T. ) ;
#242 = CARTESIAN_POINT ( 'NONE',  ( 0.5071775444279755796, 10.00005152176240841, 3.509877308730665835 ) ) ;
#243 = ORIENTED_EDGE ( 'NONE', *, *, #1047, .T. ) ;
#244 = AXIS2_PLACEMENT_3D ( 'NONE', #993, #355, #794 ) ;
#245 = CARTESIAN_POINT ( 'NONE',  ( 1.881706051301855531, 176.6672094156632227, -1.271771328998200001 ) ) ;
#246 = CARTESIAN_POINT ( 'NONE',  ( 8.999999999999996447, 9.992835266846295639, 3.557217939653911642 ) ) ;
#247 = FACE_OUTER_BOUND ( 'NONE', #904, .T. ) ;
#248 = FACE_OUTER_BOUND ( 'NONE', #1015, .T. ) ;
#249 = DIRECTION ( 'NONE',  ( 2.478176394252581634E-16, -1.000000000000000000, 0.000000000000000000 ) ) ;
#250 = CARTESIAN_POINT ( 'NONE',  ( 0.5749178304738599143, 26.67030298733152094, -3.876483595510669122 ) ) ;
#251 = FACE_OUTER_BOUND ( 'NONE', #1169, .T. ) ;
#252 = ADVANCED_FACE ( 'NONE', ( #1129 ), #847, .F. ) ;
#253 = LINE ( 'NONE', #109, #1739 ) ;
#254 = CARTESIAN_POINT ( 'NONE',  ( 1.000000000000004219, 9.502558667229850542, -3.685719330139407557 ) ) ;
#255 = CARTESIAN_POINT ( 'NONE',  ( 9.982161095040410714, 10.51726041137806611, 3.996016490204125304 ) ) ;
#256 = ORIENTED_EDGE ( 'NONE', *, *, #42, .T. ) ;
#257 = CARTESIAN_POINT ( 'NONE',  ( 0.01783890495958653441, 10.51726041137807321, -3.996016490204127969 ) ) ;
#258 = DIRECTION ( 'NONE',  ( -1.000000000000000000, -0.000000000000000000, -0.000000000000000000 ) ) ;
#259 = CARTESIAN_POINT ( 'NONE',  ( 9.495467385055341936, 10.36994614744126331, -4.000633928218672253 ) ) ;
#260 = EDGE_CURVE ( 'NONE', #980, #726, #1656, .T. ) ;
#261 = CARTESIAN_POINT ( 'NONE',  ( 1.000000000000004219, 9.500103502866545924, 3.515082181276486750 ) ) ;
#262 = ORIENTED_EDGE ( 'NONE', *, *, #1804, .T. ) ;
#263 = CARTESIAN_POINT ( 'NONE',  ( 6.750000000000000888, 0.000000000000000000, 0.000000000000000000 ) ) ;
#264 = CARTESIAN_POINT ( 'NONE',  ( 9.964595174931870858, 10.34890562553114179, -3.978329032197525983 ) ) ;
#265 = EDGE_CURVE ( 'NONE', #389, #730, #1782, .T. ) ;
#266 = ORIENTED_EDGE ( 'NONE', *, *, #560, .T. ) ;
#267 = CARTESIAN_POINT ( 'NONE',  ( 0.5015171810444930545, 10.00016486623843548, 3.513615938663855687 ) ) ;
#268 = MECHANICAL_DESIGN_GEOMETRIC_PRESENTATION_REPRESENTATION (  '', ( #702 ), #977 ) ;
#269 = ORIENTED_EDGE ( 'NONE', *, *, #1326, .T. ) ;
#270 = CARTESIAN_POINT ( 'NONE',  ( 9.574120245512453664, 26.67030298733152094, -3.272769437553181504 ) ) ;
#271 = CIRCLE ( 'NONE', #674, 3.500000000000000888 ) ;
#272 = DIRECTION ( 'NONE',  ( -2.478176394252581634E-16, -1.000000000000000000, 0.000000000000000000 ) ) ;
#273 = CARTESIAN_POINT ( 'NONE',  ( 4.236426396001909289, 210.0000000000000000, 3.444271374289810783 ) ) ;
#274 = ORIENTED_EDGE ( 'NONE', *, *, #756, .T. ) ;
#275 = CARTESIAN_POINT ( 'NONE',  ( 8.999999999999996447, 9.999992841088767292, 1.167924373501123547 ) ) ;
#276 = CARTESIAN_POINT ( 'NONE',  ( 9.413207834496949644, 27.01504425278582389, -3.864174200462572095 ) ) ;
#277 = EDGE_LOOP ( 'NONE', ( #476, #522, #724, #1799 ) ) ;
#278 = CARTESIAN_POINT ( 'NONE',  ( 0.5071805557906632345, 10.00005156501604908, 3.510850302467541262 ) ) ;
#279 = EDGE_CURVE ( 'NONE', #1770, #163, #186, .T. ) ;
#280 = VERTEX_POINT ( 'NONE', #745 ) ;
#281 = CARTESIAN_POINT ( 'NONE',  ( 1.000000000000004441, 10.10005809903859131, 3.812500615147228267 ) ) ;
#282 = EDGE_CURVE ( 'NONE', #1043, #1023, #1945, .T. ) ;
#283 = LINE ( 'NONE', #1608, #358 ) ;
#284 = CARTESIAN_POINT ( 'NONE',  ( 9.999999999999998224, 9.999999999999998224, 3.999999999999999112 ) ) ;
#285 = DIRECTION ( 'NONE',  ( 1.000000000000000000, 1.858632295689435856E-16, -0.000000000000000000 ) ) ;
#286 = DIRECTION ( 'NONE',  ( -1.000000000000000000, 0.000000000000000000, 0.000000000000000000 ) ) ;
#287 = CARTESIAN_POINT ( 'NONE',  ( 9.495936712428038717, 10.24224015093089513, -3.948759151481334939 ) ) ;
#288 = CARTESIAN_POINT ( 'NONE',  ( 1.727228788561024020, 60.17609390959687943, -2.682263034161233239 ) ) ;
#289 = ORIENTED_EDGE ( 'NONE', *, *, #1495, .F. ) ;
#290 = DIRECTION ( 'NONE',  ( -0.000000000000000000, -0.000000000000000000, -1.000000000000000000 ) ) ;
#291 = VERTEX_POINT ( 'NONE', #1159 ) ;
#292 = CARTESIAN_POINT ( 'NONE',  ( 0.5000226290357998593, 10.00000620700037324, 3.503185952081402821 ) ) ;
#293 = ORIENTED_EDGE ( 'NONE', *, *, #971, .T. ) ;
#294 = CARTESIAN_POINT ( 'NONE',  ( 7.387161120025432126, 176.6672094156632227, -2.549195141581819257 ) ) ;
#295 = CARTESIAN_POINT ( 'NONE',  ( 9.500888498907979596, 9.999999999999992895, -1.346985633832094242 ) ) ;
#296 = FACE_OUTER_BOUND ( 'NONE', #1673, .T. ) ;
#297 = ORIENTED_EDGE ( 'NONE', *, *, #1692, .F. ) ;
#298 = CARTESIAN_POINT ( 'NONE',  ( 9.053168403304251655, 9.759064513821286369, -3.513096387797855158 ) ) ;
#299 = EDGE_CURVE ( 'NONE', #1063, #1461, #774, .T. ) ;
#300 = CARTESIAN_POINT ( 'NONE',  ( 9.999999999999998224, 9.999999999999998224, 3.333333333333333037 ) ) ;
#301 = EDGE_CURVE ( 'NONE', #46, #939, #331, .T. ) ;
#302 = CARTESIAN_POINT ( 'NONE',  ( 7.690011458715648729, 60.00374906278384657, -3.592757012791305105 ) ) ;
#303 = CARTESIAN_POINT ( 'NONE',  ( 9.497686425148181399, 10.06485196745330768, -3.755650506478533490 ) ) ;
#304 = CARTESIAN_POINT ( 'NONE',  ( 0.01755890658184090791, 10.50415680626778503, -3.996122810762799293 ) ) ;
#305 = ORIENTED_EDGE ( 'NONE', *, *, #708, .T. ) ;
#306 = CARTESIAN_POINT ( 'NONE',  ( 8.999999999999994671, 10.50421352290834776, 4.005231045861042283 ) ) ;
#307 = ORIENTED_EDGE ( 'NONE', *, *, #1265, .T. ) ;
#308 = CARTESIAN_POINT ( 'NONE',  ( 7.769769304257830633, 176.6672094156631658, -2.028434386444704085 ) ) ;
#309 = CARTESIAN_POINT ( 'NONE',  ( 6.249999999999990230, 9.999999999999992895, 4.000000000000000000 ) ) ;
#310 = CARTESIAN_POINT ( 'NONE',  ( 9.090385089795715245, 26.67030298733152094, -4.012256661828478066 ) ) ;
#311 = CARTESIAN_POINT ( 'NONE',  ( 10.00000000000000000, 0.000000000000000000, 4.000000000000000000 ) ) ;
#312 = CARTESIAN_POINT ( 'NONE',  ( 9.499870509439990229, 10.00020330431580717, 3.514953063323419169 ) ) ;
#313 = ORIENTED_EDGE ( 'NONE', *, *, #1612, .T. ) ;
#314 = CARTESIAN_POINT ( 'NONE',  ( 5.000000000000000000, 210.0000000000000284, 0.000000000000000000 ) ) ;
#315 = CARTESIAN_POINT ( 'NONE',  ( 0.3895506980801301533, 10.00337706684650030, 3.625213170208674729 ) ) ;
#316 = EDGE_LOOP ( 'NONE', ( #779, #243, #491, #1909, #630, #1008 ) ) ;
#317 =( LENGTH_UNIT ( ) NAMED_UNIT ( * ) SI_UNIT ( .MILLI., .METRE. ) );
#318 = CARTESIAN_POINT ( 'NONE',  ( 9.495543801486979518, 10.00001985849940134, -2.492004324730099363 ) ) ;
#319 = CIRCLE ( 'NONE', #1540, 2.000000000000000000 ) ;
#320 = EDGE_CURVE ( 'NONE', #1398, #650, #76, .T. ) ;
#321 = CARTESIAN_POINT ( 'NONE',  ( 5.644394763127611014, 126.6564770998266880, -2.703576526625731002 ) ) ;
#322 = LINE ( 'NONE', #889, #393 ) ;
#323 = DIRECTION ( 'NONE',  ( -1.000000000000000000, 2.478176394252581634E-16, 0.000000000000000000 ) ) ;
#324 = ORIENTED_EDGE ( 'NONE', *, *, #1287, .F. ) ;
#325 = ORIENTED_EDGE ( 'NONE', *, *, #900, .F. ) ;
#326 = CARTESIAN_POINT ( 'NONE',  ( 6.750000000000000888, 0.000000000000000000, 0.000000000000000000 ) ) ;
#327 = EDGE_CURVE ( 'NONE', #1110, #197, #808, .T. ) ;
#328 = CARTESIAN_POINT ( 'NONE',  ( 6.750000000000000888, 0.000000000000000000, 0.000000000000000000 ) ) ;
#329 = ORIENTED_EDGE ( 'NONE', *, *, #1200, .T. ) ;
#330 = DIRECTION ( 'NONE',  ( 0.000000000000000000, 0.000000000000000000, -1.000000000000000000 ) ) ;
#331 = B_SPLINE_CURVE_WITH_KNOTS ( 'NONE', 3,
 ( #278, #456, #1761, #1910, #881, #557, #417, #267, #1471, #123 ),
 .UNSPECIFIED., .F., .F.,
 ( 4, 3, 3, 4 ),
 ( 1.964375798443360645E-15, 2.184927741051157589E-06, 5.442182495882261778E-06, 8.306831226466089419E-06 ),
 .UNSPECIFIED. ) ;
#332 = CARTESIAN_POINT ( 'NONE',  ( 9.492822455572042628, 10.00005152176242085, -3.509877308724419720 ) ) ;
#333 = VECTOR ( 'NONE', #1128, 1000.000000000000000 ) ;
#334 = DIRECTION ( 'NONE',  ( 1.000000000000000000, -0.000000000000000000, -0.000000000000000000 ) ) ;
#335 = CARTESIAN_POINT ( 'NONE',  ( 5.000000000000000000, 210.0000000000000284, 0.000000000000000000 ) ) ;
#336 = ORIENTED_EDGE ( 'NONE', *, *, #936, .F. ) ;
#337 = ORIENTED_EDGE ( 'NONE', *, *, #343, .T. ) ;
#338 = CARTESIAN_POINT ( 'NONE',  ( -0.001219890001160541231, 10.49943441621865325, 1.348450722040596350 ) ) ;
#339 = AXIS2_PLACEMENT_3D ( 'NONE', #1936, #141, #1653 ) ;
#340 = PLANE ( 'NONE',  #431 ) ;
#341 = VERTEX_POINT ( 'NONE', #17 ) ;
#342 =( NAMED_UNIT ( * ) SI_UNIT ( $, .STERADIAN. ) SOLID_ANGLE_UNIT ( ) );
#343 = EDGE_CURVE ( 'NONE', #1801, #198, #1579, .T. ) ;
#344 = CARTESIAN_POINT ( 'NONE',  ( 9.492828474853169496, 10.00005143538620267, -3.507931321246129386 ) ) ;
#345 = CARTESIAN_POINT ( 'NONE',  ( 9.982441093418170652, 10.50415680626778325, 3.996122810762796629 ) ) ;
#346 = CARTESIAN_POINT ( 'NONE',  ( 9.983092778409922374, 10.42522997658537598, 3.996772592387316081 ) ) ;
#347 = ORIENTED_EDGE ( 'NONE', *, *, #100, .T. ) ;
#348 = ORIENTED_EDGE ( 'NONE', *, *, #816, .F. ) ;
#349 = CARTESIAN_POINT ( 'NONE',  ( 0.2797379407284517616, 10.04161508089942600, -3.734707509918651525 ) ) ;
#350 = CARTESIAN_POINT ( 'NONE',  ( 3.250000000000000000, 0.000000000000000000, 0.000000000000000000 ) ) ;
#351 = EDGE_LOOP ( 'NONE', ( #807, #1363, #1436, #1628 ) ) ;
#352 = CARTESIAN_POINT ( 'NONE',  ( 0.000000000000000000, 2.499999999999998224, 4.000000000000000000 ) ) ;
#353 = CARTESIAN_POINT ( 'NONE',  ( 9.494784016723349040, 10.00002663051242990, -2.830647014231911118 ) ) ;
#354 = ADVANCED_FACE ( 'NONE', ( #1855, #934 ), #1666, .T. ) ;
#355 = DIRECTION ( 'NONE',  ( -1.000000000000000000, 0.000000000000000000, 0.000000000000000000 ) ) ;
#356 = FACE_OUTER_BOUND ( 'NONE', #872, .T. ) ;
#357 = CARTESIAN_POINT ( 'NONE',  ( -2.858116066181085402E-05, 9.999999999999996447, -4.044528006583076873 ) ) ;
#358 = VECTOR ( 'NONE', #136, 1000.000000000000000 ) ;
#359 = CARTESIAN_POINT ( 'NONE',  ( 1.000000000000004441, 9.704682471226686147, -4.120899406144993726 ) ) ;
#360 = ORIENTED_EDGE ( 'NONE', *, *, #1555, .T. ) ;
#361 = CARTESIAN_POINT ( 'NONE',  ( 0.5073249272039054292, 10.00005365954380565, 3.557217277013355883 ) ) ;
#362 = ADVANCED_FACE ( 'NONE', ( #180 ), #170, .T. ) ;
#363 = CARTESIAN_POINT ( 'NONE',  ( 0.5001294905597687412, 10.00020330431581783, 3.514953063323475124 ) ) ;
#364 = PLANE ( 'NONE',  #897 ) ;
#365 = ORIENTED_EDGE ( 'NONE', *, *, #1243, .F. ) ;
#366 = EDGE_CURVE ( 'NONE', #894, #870, #680, .T. ) ;
#367 = CARTESIAN_POINT ( 'NONE',  ( 2.230230695742172919, 176.6672094156631658, -2.028434386444704529 ) ) ;
#368 = VECTOR ( 'NONE', #1596, 1000.000000000000000 ) ;
#369 = CARTESIAN_POINT ( 'NONE',  ( 10.00000000000000000, 10.00000000000000000, -4.000000000000000000 ) ) ;
#370 = CARTESIAN_POINT ( 'NONE',  ( 9.495466282179343409, 10.49952988160629808, 4.000755782676142402 ) ) ;
#371 = DIRECTION ( 'NONE',  ( 1.000000000000000000, 1.858632295689435856E-16, -0.000000000000000000 ) ) ;
#372 = EDGE_LOOP ( 'NONE', ( #441, #1745, #1053, #754 ) ) ;
#373 = CARTESIAN_POINT ( 'NONE',  ( 2.489983982954784292, 126.6564770998268017, 1.677371048974959367 ) ) ;
#374 = CARTESIAN_POINT ( 'NONE',  ( 9.095137337431941305, 10.00000000000000000, -4.000000000000000000 ) ) ;
#375 = CARTESIAN_POINT ( 'NONE',  ( -0.001314505669724176824, 10.49930790790629054, -1.332083927448323823 ) ) ;
#376 = DIRECTION ( 'NONE',  ( -1.000000000000000000, 0.000000000000000000, 0.000000000000000000 ) ) ;
#377 =( BOUNDED_SURFACE ( )  B_SPLINE_SURFACE ( 3, 2, ( 
 ( #713, #246, #1165 ),
 ( #404, #275, #848 ),
 ( #573, #424, #553 ),
 ( #1017, #868, #1439 ) ),
 .UNSPECIFIED., .F., .F., .F. ) 
 B_SPLINE_SURFACE_WITH_KNOTS ( ( 4, 4 ),
 ( 3, 3 ),
 ( 0.001950712515663318098, 0.009065238848813893940 ),
 ( 0.000000000000000000, 1.000000000000000000 ),
 .UNSPECIFIED. ) 
 GEOMETRIC_REPRESENTATION_ITEM ( )  RATIONAL_B_SPLINE_SURFACE ( (
 ( 1.000000000000000000, 0.7122674548258524085, 1.000000000000000000),
 ( 1.000000000000000000, 0.7069447757051170456, 1.000000000000000000),
 ( 1.000000000000000000, 0.7069447757063700433, 1.000000000000000000),
 ( 1.000000000000000000, 0.7122674548257220684, 1.000000000000000000) ) ) 
 REPRESENTATION_ITEM ( '' )  SURFACE ( )  );
#378 = CARTESIAN_POINT ( 'NONE',  ( 0.4166666666666662411, 10.00000000000000000, 4.000000000000000000 ) ) ;
#379 = EDGE_CURVE ( 'NONE', #980, #917, #947, .T. ) ;
#380 = ORIENTED_EDGE ( 'NONE', *, *, #100, .F. ) ;
#381 = CARTESIAN_POINT ( 'NONE',  ( 0.1904097880064044013, 26.67030298733157778, -2.003118677991682528 ) ) ;
#382 = AXIS2_PLACEMENT_3D ( 'NONE', #791, #1264, #50 ) ;
#383 = DIRECTION ( 'NONE',  ( 0.000000000000000000, 1.000000000000000000, 0.000000000000000000 ) ) ;
#384 = CARTESIAN_POINT ( 'NONE',  ( 8.999999999999996447, 9.500103502858211257, 3.515082181279702844 ) ) ;
#385 = ADVANCED_FACE ( 'NONE', ( #1544 ), #781, .F. ) ;
#386 = LINE ( 'NONE', #1607, #1589 ) ;
#387 = CARTESIAN_POINT ( 'NONE',  ( 0.5013057094430880545, 10.00389763885128502, 3.644478238934473868 ) ) ;
#388 = CARTESIAN_POINT ( 'NONE',  ( 9.488098318660748376, 10.00009290978832865, 3.510441172624918948 ) ) ;
#389 = VERTEX_POINT ( 'NONE', #755 ) ;
#390 = DIRECTION ( 'NONE',  ( 1.000000000000000000, 0.000000000000000000, -0.000000000000000000 ) ) ;
#391 = DIRECTION ( 'NONE',  ( -0.000000000000000000, -0.000000000000000000, -1.000000000000000000 ) ) ;
#392 = CYLINDRICAL_SURFACE ( 'NONE', #612, 4.000000000000000000 ) ;
#393 = VECTOR ( 'NONE', #1662, 1000.000000000000000 ) ;
#394 = CARTESIAN_POINT ( 'NONE',  ( 8.999999999999996447, 9.499954000323089787, 1.838360733497411026 ) ) ;
#395 = LINE ( 'NONE', #1598, #24 ) ;
#396 = B_SPLINE_CURVE_WITH_KNOTS ( 'NONE', 3,
 ( #182, #32, #191, #1523, #57, #171, #315, #485 ),
 .UNSPECIFIED., .F., .F.,
 ( 4, 2, 2, 4 ),
 ( 1.748223473168675632E-18, 0.0002327517681844599258, 0.0004655035363689181169, 0.0009310070727378344990 ),
 .UNSPECIFIED. ) ;
#397 = CARTESIAN_POINT ( 'NONE',  ( 9.500000000000000000, 2.499999999999998224, -4.000000000000000000 ) ) ;
#398 = VECTOR ( 'NONE', #902, 1000.000000000000000 ) ;
#399 = EDGE_CURVE ( 'NONE', #1362, #1155, #766, .T. ) ;
#400 = CIRCLE ( 'NONE', #1313, 4.000000000000000000 ) ;
#401 = CARTESIAN_POINT ( 'NONE',  ( 8.999999999999996447, 9.502558667237671841, -3.685719330134903160 ) ) ;
#402 = EDGE_LOOP ( 'NONE', ( #6, #932, #155, #1101, #293, #1684, #118, #753 ) ) ;
#403 = CARTESIAN_POINT ( 'NONE',  ( 9.656940614894901742, 10.50100306916052340, -3.999293846794970353 ) ) ;
#404 = CARTESIAN_POINT ( 'NONE',  ( 9.500103294622924466, 9.999944818653744960, 1.185782079342242223 ) ) ;
#405 = DIRECTION ( 'NONE',  ( 1.000000000000000000, -1.858632295689435856E-16, -0.000000000000000000 ) ) ;
#406 = EDGE_LOOP ( 'NONE', ( #496, #305, #1338, #1929 ) ) ;
#407 = CARTESIAN_POINT ( 'NONE',  ( 8.999999999999998224, 3.499999999999997780, 4.000000000000000000 ) ) ;
#408 = CARTESIAN_POINT ( 'NONE',  ( 7.351208456868975283, 126.6564770998267733, 1.966371725760390321 ) ) ;
#409 = PLANE ( 'NONE',  #601 ) ;
#410 = AXIS2_PLACEMENT_3D ( 'NONE', #397, #1541, #784 ) ;
#411 = ADVANCED_FACE ( 'NONE', ( #1824 ), #1209, .T. ) ;
#412 = CARTESIAN_POINT ( 'NONE',  ( 9.656940614894882202, 10.50100306916025694, 3.999293846794967688 ) ) ;
#413 = ORIENTED_EDGE ( 'NONE', *, *, #1162, .T. ) ;
#414 = CARTESIAN_POINT ( 'NONE',  ( 0.5045337178206519280, 10.49952988160629630, -4.000755782676144179 ) ) ;
#415 = CARTESIAN_POINT ( 'NONE',  ( 0.9632328488565893299, 9.886179579509139614, 4.000000000000000000 ) ) ;
#416 = ORIENTED_EDGE ( 'NONE', *, *, #1817, .T. ) ;
#417 = CARTESIAN_POINT ( 'NONE',  ( 0.5022671887210458097, 10.00014660960068191, 3.513013086823993714 ) ) ;
#418 = CARTESIAN_POINT ( 'NONE',  ( 7.050000000000073541, 0.000000000000000000, 0.000000000000000000 ) ) ;
#419 = CARTESIAN_POINT ( 'NONE',  ( 0.7652697854314083337, 9.943218643202119011, -3.511445714373317539 ) ) ;
#420 = B_SPLINE_CURVE_WITH_KNOTS ( 'NONE', 3,
 ( #1450, #806, #675, #660, #236, #84, #525, #1262, #1572, #74 ),
 .UNSPECIFIED., .F., .F.,
 ( 4, 3, 3, 4 ),
 ( 0.000000000000000000, 2.184927740933935006E-06, 5.442182495906322596E-06, 8.306831226077519831E-06 ),
 .UNSPECIFIED. ) ;
#421 = CARTESIAN_POINT ( 'NONE',  ( 2.701847454608835797, 26.67030298733163107, 4.540039298151339331 ) ) ;
#422 = ORIENTED_EDGE ( 'NONE', *, *, #1302, .F. ) ;
#423 = ADVANCED_FACE ( 'NONE', ( #493 ), #35, .T. ) ;
#424 = CARTESIAN_POINT ( 'NONE',  ( 8.999999999999996447, 9.999992841148023004, -1.167924373743010058 ) ) ;
#425 = CARTESIAN_POINT ( 'NONE',  ( 9.982441093418163547, 10.50415680626778858, -3.996122810762798405 ) ) ;
#426 = EDGE_CURVE ( 'NONE', #642, #1521, #678, .T. ) ;
#427 = EDGE_LOOP ( 'NONE', ( #701, #786, #1734, #590 ) ) ;
#428 = CARTESIAN_POINT ( 'NONE',  ( 8.999999999999996447, 9.500103502858211257, -3.515082181280189566 ) ) ;
#429 = ORIENTED_EDGE ( 'NONE', *, *, #1741, .T. ) ;
#430 = CARTESIAN_POINT ( 'NONE',  ( 1.000000000000004441, 9.527341354366575032, 3.767719969442710592 ) ) ;
#431 = AXIS2_PLACEMENT_3D ( 'NONE', #1845, #544, #1112 ) ;
#432 = CARTESIAN_POINT ( 'NONE',  ( 0.000000000000000000, 0.000000000000000000, 0.000000000000000000 ) ) ;
#433 = AXIS2_PLACEMENT_3D ( 'NONE', #335, #196, #930 ) ;
#434 = CARTESIAN_POINT ( 'NONE',  ( 5.000000000000000888, 26.67030298733168436, 4.755927641063724565 ) ) ;
#435 = CIRCLE ( 'NONE', #550, 4.000000000000000000 ) ;
#436 = CARTESIAN_POINT ( 'NONE',  ( 8.999999999999994671, 9.999713327154502451, -3.569131772815554715 ) ) ;
#437 = CARTESIAN_POINT ( 'NONE',  ( 2.318844449083576897, 210.0000000000000284, -2.249756633902888936 ) ) ;
#438 = CARTESIAN_POINT ( 'NONE',  ( 9.000000000002868816, 9.629221114498960787, 3.514138790780690691 ) ) ;
#439 = VERTEX_POINT ( 'NONE', #466 ) ;
#440 = CARTESIAN_POINT ( 'NONE',  ( 1.000000000000004441, 9.984480294545065249, 4.396750281589712372 ) ) ;
#441 = ORIENTED_EDGE ( 'NONE', *, *, #1413, .T. ) ;
#442 =( BOUNDED_SURFACE ( )  B_SPLINE_SURFACE ( 3, 2, ( 
 ( #1670, #445, #776 ),
 ( #878, #37, #1174 ),
 ( #732, #1341, #45 ),
 ( #1099, #1269, #638 ) ),
 .UNSPECIFIED., .F., .F., .T. ) 
 B_SPLINE_SURFACE_WITH_KNOTS ( ( 4, 4 ),
 ( 3, 3 ),
 ( 0.002396245421560012565, 0.002889041005434350631 ),
 ( 0.000000000000000000, 0.9864152265706384037 ),
 .UNSPECIFIED. ) 
 GEOMETRIC_REPRESENTATION_ITEM ( )  RATIONAL_B_SPLINE_SURFACE ( (
 ( 1.000000000000000000, 0.7081576020667543769, 0.9920707742939904872),
 ( 1.000000000000000000, 0.7092937693365649610, 0.9921016434438669762),
 ( 1.000000000000000000, 0.7103864979147522796, 0.9921313323841759457),
 ( 1.000000000000000000, 0.7114321036487133432, 0.9921597410181605126) ) ) 
 REPRESENTATION_ITEM ( '' )  SURFACE ( )  );
#443 = CARTESIAN_POINT ( 'NONE',  ( 4.284096025755538051, 176.6672094156633079, -3.506039712736621183 ) ) ;
#444 = EDGE_CURVE ( 'NONE', #949, #197, #1691, .T. ) ;
#445 = CARTESIAN_POINT ( 'NONE',  ( 0.01423336949048834184, 10.00967199259408780, -4.000233214914895363 ) ) ;
#446 = CARTESIAN_POINT ( 'NONE',  ( 1.000000000000004219, 9.630718323058969688, 3.514127851520957524 ) ) ;
#447 = CARTESIAN_POINT ( 'NONE',  ( 9.495466438036965329, 10.50417599884464259, 4.000738562295857115 ) ) ;
#448 = EDGE_LOOP ( 'NONE', ( #297, #1231, #1931, #906 ) ) ;
#449 = CARTESIAN_POINT ( 'NONE',  ( 1.000000000000004663, 9.999983579269583700, 3.503186064826589341 ) ) ;
#450 = VECTOR ( 'NONE', #272, 1000.000000000000000 ) ;
#451 = DIRECTION ( 'NONE',  ( 0.000000000000000000, 1.000000000000000000, 0.000000000000000000 ) ) ;
#452 = CARTESIAN_POINT ( 'NONE',  ( 3.509053914945563957, 209.9999999999997726, -3.197344197505875840 ) ) ;
#453 = CARTESIAN_POINT ( 'NONE',  ( 10.00121989000174239, 10.49943441619734230, 1.348450722065340335 ) ) ;
#454 = CARTESIAN_POINT ( 'NONE',  ( 0.01783890495958653441, 10.51726041137807321, -3.996016490204127969 ) ) ;
#455 = ORIENTED_EDGE ( 'NONE', *, *, #708, .F. ) ;
#456 = CARTESIAN_POINT ( 'NONE',  ( 0.5064523216604017719, 10.00006202433664093, 3.510850195785154337 ) ) ;
#457 = ORIENTED_EDGE ( 'NONE', *, *, #472, .T. ) ;
#458 = CARTESIAN_POINT ( 'NONE',  ( 9.999999999999976907, 9.999999999999976907, -2.000000000000000000 ) ) ;
#459 = AXIS2_PLACEMENT_3D ( 'NONE', #1282, #1001, #1424 ) ;
#460 = AXIS2_PLACEMENT_3D ( 'NONE', #120, #704, #1030 ) ;
#461 = CARTESIAN_POINT ( 'NONE',  ( 1.000000000000004441, 9.992835266846482156, 3.557217939592365319 ) ) ;
#462 = CARTESIAN_POINT ( 'NONE',  ( 9.663538329569830054, 10.50106627025926187, -3.999230522368319107 ) ) ;
#463 = ORIENTED_EDGE ( 'NONE', *, *, #1200, .F. ) ;
#464 = VERTEX_POINT ( 'NONE', #1102 ) ;
#465 = AXIS2_PLACEMENT_3D ( 'NONE', #85, #526, #75 ) ;
#466 = CARTESIAN_POINT ( 'NONE',  ( 0.5045337178206524831, 10.49952988160629808, 4.000755782676141514 ) ) ;
#467 = CARTESIAN_POINT ( 'NONE',  ( 1.000000000000004441, 9.984480294545125645, -4.396750281589762110 ) ) ;
#468 = FILL_AREA_STYLE_COLOUR ( '', #1113 ) ;
#469 = ADVANCED_FACE ( 'NONE', ( #1412 ), #1862, .F. ) ;
#470 = CARTESIAN_POINT ( 'NONE',  ( 9.498535264203088246, 9.999993195389718537, -1.158683326178821860 ) ) ;
#471 = CARTESIAN_POINT ( 'NONE',  ( 6.846387690255554048, 126.6564770998269154, 2.305051562103041629 ) ) ;
#472 = EDGE_CURVE ( 'NONE', #280, #1239, #151, .T. ) ;
#473 = CARTESIAN_POINT ( 'NONE',  ( 6.894427364352631038, 60.00374906278391762, -4.251127759855481969 ) ) ;
#474 = CARTESIAN_POINT ( 'NONE',  ( 1.000000000000002887, 3.499999999999997780, 4.000000000000000000 ) ) ;
#475 = CARTESIAN_POINT ( 'NONE',  ( 0.5071805557906619022, 10.00005156501585724, -3.510850302458040861 ) ) ;
#476 = ORIENTED_EDGE ( 'NONE', *, *, #1536, .T. ) ;
#477 = DIRECTION ( 'NONE',  ( 1.000000000000000000, 0.000000000000000000, 0.000000000000000000 ) ) ;
#478 = CARTESIAN_POINT ( 'NONE',  ( 9.495466282179343409, 10.49952988160629808, 4.000755782676142402 ) ) ;
#479 = LINE ( 'NONE', #1380, #1305 ) ;
#480 = CARTESIAN_POINT ( 'NONE',  ( 9.496335757608724393, 10.00011402666113014, 3.511972564092556759 ) ) ;
#481 = CARTESIAN_POINT ( 'NONE',  ( 5.386462085897572472, 26.67030298733149252, -4.755927641063715683 ) ) ;
#482 = CARTESIAN_POINT ( 'NONE',  ( 0.01755890658184090791, 10.50415680626778503, -3.996122810762799293 ) ) ;
#483 = ORIENTED_EDGE ( 'NONE', *, *, #874, .F. ) ;
#484 = DIRECTION ( 'NONE',  ( -1.000000000000000000, -0.000000000000000000, -0.000000000000000000 ) ) ;
#486 = ADVANCED_FACE ( 'NONE', ( #1747 ), #1854, .T. ) ;
#485 = CARTESIAN_POINT ( 'NONE',  ( 0.5001294905597687412, 10.00020330431581783, 3.514953063323475124 ) ) ;
#487 = ORIENTED_EDGE ( 'NONE', *, *, #1106, .F. ) ;
#488 = CARTESIAN_POINT ( 'NONE',  ( 9.494074059686914424, 10.00007082395374347, 3.510973010567803421 ) ) ;
#489 = LINE ( 'NONE', #499, #1944 ) ;
#490 = CARTESIAN_POINT ( 'NONE',  ( 10.00000000000000000, 0.000000000000000000, 4.000000000000000000 ) ) ;
#491 = ORIENTED_EDGE ( 'NONE', *, *, #845, .T. ) ;
#492 = ORIENTED_EDGE ( 'NONE', *, *, #1227, .F. ) ;
#493 = FACE_OUTER_BOUND ( 'NONE', #986, .T. ) ;
#494 = CIRCLE ( 'NONE', #864, 3.500000000000000888 ) ;
#495 = CARTESIAN_POINT ( 'NONE',  ( 1.000000000000004441, 9.999983579269590805, -3.503186064826709245 ) ) ;
#496 = ORIENTED_EDGE ( 'NONE', *, *, #793, .T. ) ;
#497 = CARTESIAN_POINT ( 'NONE',  ( 1.000000000000004441, 9.992835266846300968, -3.557217939654235828 ) ) ;
#498 = CARTESIAN_POINT ( 'NONE',  ( 9.493443634456335545, 10.00006052999825812, 3.510850211034838075 ) ) ;
#499 = CARTESIAN_POINT ( 'NONE',  ( 1.000000000000002665, 2.230358754827322731E-15, -4.000000000000000000 ) ) ;
#500 = CARTESIAN_POINT ( 'NONE',  ( 0.5035891262076556130, 10.00001204607983141, -2.174623726999183049 ) ) ;
#501 = VERTEX_POINT ( 'NONE', #91 ) ;
#502 = CARTESIAN_POINT ( 'NONE',  ( 0.01818699144682557611, 10.51758619454434296, 4.044401197724686980 ) ) ;
#503 = CARTESIAN_POINT ( 'NONE',  ( 1.000000000000004441, 9.629703926622051213, -4.010564737316138384 ) ) ;
#504 = VERTEX_POINT ( 'NONE', #532 ) ;
#505 = CARTESIAN_POINT ( 'NONE',  ( 1.000000000000004441, 9.999992841036950963, -1.167924373501528557 ) ) ;
#506 = ADVANCED_FACE ( 'NONE', ( #235 ), #97, .T. ) ;
#507 = DIRECTION ( 'NONE',  ( -2.168404344971008868E-16, -1.000000000000000000, 0.000000000000000000 ) ) ;
#508 = CARTESIAN_POINT ( 'NONE',  ( 9.720262059271528088, 10.04161508089941179, 3.734707509918627544 ) ) ;
#509 = VERTEX_POINT ( 'NONE', #1602 ) ;
#510 = CARTESIAN_POINT ( 'NONE',  ( 9.985766630509459674, 10.00967199259401852, -4.000233214914895363 ) ) ;
#511 = LINE ( 'NONE', #1300, #1434 ) ;
#512 = CARTESIAN_POINT ( 'NONE',  ( 3.250000000000000000, 0.000000000000000000, 2.000000000000000000 ) ) ;
#513 = CARTESIAN_POINT ( 'NONE',  ( 7.500000000000001776, 0.000000000000000000, 0.000000000000000000 ) ) ;
#514 = EDGE_LOOP ( 'NONE', ( #1826, #1230, #588, #1485, #324, #1035 ) ) ;
#515 = CARTESIAN_POINT ( 'NONE',  ( -0.000000000000000000, 10.00000000000000000, 3.333333333333333037 ) ) ;
#516 = AXIS2_PLACEMENT_3D ( 'NONE', #722, #857, #130 ) ;
#517 = CARTESIAN_POINT ( 'NONE',  ( 7.500000000000001776, -4.646580739223587051E-16, 4.000000000000000000 ) ) ;
#518 = CARTESIAN_POINT ( 'NONE',  ( 0.4987878134813245046, 10.49958234981536620, 4.000703705897630691 ) ) ;
#519 = DIRECTION ( 'NONE',  ( 0.000000000000000000, 0.000000000000000000, -1.000000000000000000 ) ) ;
#520 = CLOSED_SHELL ( 'NONE', ( #728, #1037, #1819, #772, #8, #385, #1582, #1875, #469, #362, #411, #146, #1615, #354, #1920, #506, #811, #670, #1497, #561, #625, #137, #1115, #1132, #1476, #990, #1639, #1376, #1381, #1472, #1460, #1754, #423, #912, #486, #1696, #1894, #684, #1433, #792, #252, #1083, #1714, #696, #1283, #220, #611 ) ) ;
#521 = CARTESIAN_POINT ( 'NONE',  ( 0.5071745342132920609, 10.00005147855248921, 3.508904314990235029 ) ) ;
#522 = ORIENTED_EDGE ( 'NONE', *, *, #1924, .T. ) ;
#523 = EDGE_CURVE ( 'NONE', #1521, #1005, #253, .T. ) ;
#524 = CARTESIAN_POINT ( 'NONE',  ( 2.450818008287963590, 176.6672094156631942, -2.363766421355004255 ) ) ;
#525 = CARTESIAN_POINT ( 'NONE',  ( 9.497732811279108844, 10.00014660960068547, -3.513013086824133158 ) ) ;
#526 = DIRECTION ( 'NONE',  ( -0.000000000000000000, -1.000000000000000000, -0.000000000000000000 ) ) ;
#527 = B_SPLINE_CURVE_WITH_KNOTS ( 'NONE', 3,
 ( #257, #375, #1293, #1606 ),
 .UNSPECIFIED., .F., .F.,
 ( 4, 4 ),
 ( -6.000000000110490941E-08, 0.007992125721057345006 ),
 .UNSPECIFIED. ) ;
#528 = CARTESIAN_POINT ( 'NONE',  ( 2.500000000000000444, 10.00000000000000000, 4.756179762631780328 ) ) ;
#529 = UNCERTAINTY_MEASURE_WITH_UNIT (LENGTH_MEASURE( 1.000000000000000082E-05 ), #1215, 'distance_accuracy_value', 'NONE');
#530 = CARTESIAN_POINT ( 'NONE',  ( 2.450818008287962257, 176.6672094156632511, 2.363766421355003367 ) ) ;
#531 = ORIENTED_EDGE ( 'NONE', *, *, #523, .T. ) ;
#532 = CARTESIAN_POINT ( 'NONE',  ( 0.9048626625680622482, 10.00000000000000000, -4.000000000000000000 ) ) ;
#533 = CARTESIAN_POINT ( 'NONE',  ( 10.00000000000000000, 10.00000000000000000, 4.000000000000000000 ) ) ;
#534 = DIRECTION ( 'NONE',  ( 1.000000000000000000, 0.000000000000000000, -0.000000000000000000 ) ) ;
#535 = LINE ( 'NONE', #512, #1151 ) ;
#536 = EDGE_CURVE ( 'NONE', #1239, #280, #1084, .T. ) ;
#537 = DIRECTION ( 'NONE',  ( 0.000000000000000000, 0.000000000000000000, 1.000000000000000000 ) ) ;
#538 = CARTESIAN_POINT ( 'NONE',  ( 10.00000000000000000, 0.000000000000000000, 4.000000000000000000 ) ) ;
#539 = CARTESIAN_POINT ( 'NONE',  ( 9.821627197155464728, 10.00962552122841842, 4.000258413482950637 ) ) ;
#540 = ORIENTED_EDGE ( 'NONE', *, *, #1900, .F. ) ;
#541 = AXIS2_PLACEMENT_3D ( 'NONE', #418, #1139, #992 ) ;
#542 = CARTESIAN_POINT ( 'NONE',  ( 1.881706051301855087, 176.6672094156630237, 1.271771328998198003 ) ) ;
#543 = FACE_OUTER_BOUND ( 'NONE', #1411, .T. ) ;
#544 = DIRECTION ( 'NONE',  ( 1.000000000000000000, 1.858632295689435856E-16, -0.000000000000000000 ) ) ;
#545 = AXIS2_PLACEMENT_3D ( 'NONE', #997, #1330, #1595 ) ;
#546 = CARTESIAN_POINT ( 'NONE',  ( 9.982441093418163547, 10.50415680626778858, -3.996122810762798405 ) ) ;
#547 = CARTESIAN_POINT ( 'NONE',  ( 9.999999999999998224, 9.999999999999998224, 3.999999999999999112 ) ) ;
#548 = EDGE_CURVE ( 'NONE', #1277, #1005, #1911, .T. ) ;
#549 = CARTESIAN_POINT ( 'NONE',  ( 2.950000000000112976, 0.000000000000000000, 0.000000000000000000 ) ) ;
#550 = AXIS2_PLACEMENT_3D ( 'NONE', #1738, #1137, #1462 ) ;
#551 = CARTESIAN_POINT ( 'NONE',  ( 9.821339908557670029, 10.50257166760980354, 3.997728293832151891 ) ) ;
#552 = VERTEX_POINT ( 'NONE', #1883 ) ;
#553 = CARTESIAN_POINT ( 'NONE',  ( 8.999999999999996447, 9.499889637450847246, -1.185754439355505285 ) ) ;
#554 = B_SPLINE_CURVE_WITH_KNOTS ( 'NONE', 3,
 ( #345, #1257, #953, #944 ),
 .UNSPECIFIED., .F., .F.,
 ( 4, 4 ),
 ( 0.000000000000000000, 1.310702750584381271E-05 ),
 .UNSPECIFIED. ) ;
#555 = CARTESIAN_POINT ( 'NONE',  ( 7.351208456868976171, 126.6564770998266596, -1.966371725760386324 ) ) ;
#556 = ORIENTED_EDGE ( 'NONE', *, *, #22, .F. ) ;
#557 = CARTESIAN_POINT ( 'NONE',  ( 0.5031151509550005896, 10.00012596855950697, 3.512331499676482505 ) ) ;
#558 = FACE_BOUND ( 'NONE', #867, .T. ) ;
#559 = CARTESIAN_POINT ( 'NONE',  ( 0.9999999999772174464, 9.629221114562762196, -3.514138790784848698 ) ) ;
#560 = EDGE_CURVE ( 'NONE', #1039, #1110, #1274, .T. ) ;
#561 = ADVANCED_FACE ( 'NONE', ( #817, #558 ), #239, .F. ) ;
#562 = CARTESIAN_POINT ( 'NONE',  ( 2.852350704865194597, 210.0000000000000284, 2.798866280046587551 ) ) ;
#563 = ORIENTED_EDGE ( 'NONE', *, *, #327, .T. ) ;
#564 = CARTESIAN_POINT ( 'NONE',  ( 1.000000000000004219, 9.500103502858211257, -3.515082181280047013 ) ) ;
#565 = CARTESIAN_POINT ( 'NONE',  ( 0.5867921655030543526, 27.01504425278582389, -3.864174200462572539 ) ) ;
#566 = VERTEX_POINT ( 'NONE', #852 ) ;
#567 = CARTESIAN_POINT ( 'NONE',  ( 9.499378136629800906, 10.00033494417641045, 3.569168280609778421 ) ) ;
#568 = ORIENTED_EDGE ( 'NONE', *, *, #320, .T. ) ;
#569 = CARTESIAN_POINT ( 'NONE',  ( 7.351208456868976171, 126.6564770998266596, -1.966371725760386324 ) ) ;
#570 = DIRECTION ( 'NONE',  ( 0.000000000000000000, 0.000000000000000000, -1.000000000000000000 ) ) ;
#571 = CARTESIAN_POINT ( 'NONE',  ( 7.351208456868975283, 126.6564770998267733, 1.966371725760390321 ) ) ;
#572 = DIRECTION ( 'NONE',  ( 0.000000000000000000, 0.000000000000000000, -1.000000000000000000 ) ) ;
#573 = CARTESIAN_POINT ( 'NONE',  ( 9.500103294660815934, 9.999944818654347145, -1.185782079577171855 ) ) ;
#574 = CARTESIAN_POINT ( 'NONE',  ( 9.610449301919379295, 10.00337706684647188, -3.625213170208968716 ) ) ;
#575 = VERTEX_POINT ( 'NONE', #1583 ) ;
#576 = CARTESIAN_POINT ( 'NONE',  ( 1.727228788561021799, 60.17609390959707838, 2.682263034161245674 ) ) ;
#577 = PRODUCT_DEFINITION_SHAPE ( 'NONE', 'NONE',  #935 ) ;
#578 = CARTESIAN_POINT ( 'NONE',  ( 1.000000000000004441, 10.23993105795147684, 3.952143392906625863 ) ) ;
#579 = B_SPLINE_CURVE_WITH_KNOTS ( 'NONE', 3,
 ( #255, #743, #1634, #1504 ),
 .UNSPECIFIED., .F., .F.,
 ( 4, 4 ),
 ( -6.000000000021915118E-08, 0.007992125721057346741 ),
 .UNSPECIFIED. ) ;
#580 = EDGE_CURVE ( 'NONE', #1521, #1145, #23, .T. ) ;
#581 = AXIS2_PLACEMENT_3D ( 'NONE', #1117, #1080, #53 ) ;
#582 = CARTESIAN_POINT ( 'NONE',  ( 7.387161120025431238, 176.6672094156632511, 2.549195141581819257 ) ) ;
#583 = EDGE_LOOP ( 'NONE', ( #768, #153, #836, #1415, #463, #201, #183, #1626, #274, #90, #1211, #1184 ) ) ;
#584 = CARTESIAN_POINT ( 'NONE',  ( 4.745472819620162319, 210.0000000000000284, -3.500000000000001332 ) ) ;
#585 = FACE_OUTER_BOUND ( 'NONE', #1126, .T. ) ;
#586 = CARTESIAN_POINT ( 'NONE',  ( 1.000000000000004219, 9.499954000323080905, -1.838360733497811594 ) ) ;
#587 = EDGE_CURVE ( 'NONE', #291, #66, #204, .T. ) ;
#588 = ORIENTED_EDGE ( 'NONE', *, *, #1315, .F. ) ;
#589 = CARTESIAN_POINT ( 'NONE',  ( 8.999999999999996447, 10.50835199768929229, 4.500700568701920368 ) ) ;
#590 = ORIENTED_EDGE ( 'NONE', *, *, #1838, .T. ) ;
#591 = CARTESIAN_POINT ( 'NONE',  ( 1.000000000000004441, 10.50421352290816657, 4.005231045861045835 ) ) ;
#592 = CARTESIAN_POINT ( 'NONE',  ( 6.894427364352634591, 60.00374906278432974, 4.251127759855505950 ) ) ;
#593 = CARTESIAN_POINT ( 'NONE',  ( 3.733172457687520929, 126.6564770998268301, -2.551016119929336412 ) ) ;
#594 = CARTESIAN_POINT ( 'NONE',  ( 8.999999999999996447, 9.704682471226934837, -4.120899406145639432 ) ) ;
#595 = CARTESIAN_POINT ( 'NONE',  ( 0.7651198535705157067, 9.943287533021083036, 3.511444995689973592 ) ) ;
#596 = VERTEX_POINT ( 'NONE', #1124 ) ;
#597 = CARTESIAN_POINT ( 'NONE',  ( 8.999999999999996447, 10.37158390975412203, 4.006348697505947243 ) ) ;
#598 = ORIENTED_EDGE ( 'NONE', *, *, #587, .T. ) ;
#599 = CARTESIAN_POINT ( 'NONE',  ( 9.796566953073778450, 60.00374906278398157, 7.168329827315508212E-15 ) ) ;
#600 = EDGE_CURVE ( 'NONE', #389, #464, #386, .T. ) ;
#601 = AXIS2_PLACEMENT_3D ( 'NONE', #1026, #1763, #1012 ) ;
#602 = CARTESIAN_POINT ( 'NONE',  ( 5.000000000000000000, 176.6672094156632511, 3.560313249643687783 ) ) ;
#603 = CARTESIAN_POINT ( 'NONE',  ( 3.105572635647347646, 60.00374906278390341, -4.251127759855481969 ) ) ;
#604 = CARTESIAN_POINT ( 'NONE',  ( 8.999999999999996447, 9.984480294545559076, -4.396750281589402398 ) ) ;
#605 = DIRECTION ( 'NONE',  ( -2.478176394252581634E-16, -1.000000000000000000, 0.000000000000000000 ) ) ;
#606 = ORIENTED_EDGE ( 'NONE', *, *, #185, .F. ) ;
#607 = EDGE_CURVE ( 'NONE', #870, #894, #1336, .T. ) ;
#608 = FACE_OUTER_BOUND ( 'NONE', #649, .T. ) ;
#609 = ORIENTED_EDGE ( 'NONE', *, *, #886, .F. ) ;
#610 = CARTESIAN_POINT ( 'NONE',  ( 8.356516641220158803, 210.0000000000000568, 1.221682476207504253 ) ) ;
#611 = ADVANCED_FACE ( 'NONE', ( #224 ), #1314, .T. ) ;
#612 = AXIS2_PLACEMENT_3D ( 'NONE', #1422, #1881, #228 ) ;
#613 = LINE ( 'NONE', #1192, #1746 ) ;
#614 = CARTESIAN_POINT ( 'NONE',  ( 8.749999999999998224, 10.00000000000000888, -3.999999999999994671 ) ) ;
#615 = CARTESIAN_POINT ( 'NONE',  ( 10.00002858116066307, 9.999999999999992895, -4.044528006582346791 ) ) ;
#616 = CARTESIAN_POINT ( 'NONE',  ( 8.999999999999994671, 9.762066812583499953, 4.000000000000000000 ) ) ;
#617 = VERTEX_POINT ( 'NONE', #230 ) ;
#618 = AXIS2_PLACEMENT_3D ( 'NONE', #1364, #484, #640 ) ;
#619 = DIRECTION ( 'NONE',  ( 0.000000000000000000, -0.000000000000000000, 1.000000000000000000 ) ) ;
#620 = CARTESIAN_POINT ( 'NONE',  ( 0.5000226290357956405, 10.00000620700037501, -3.503185952081521393 ) ) ;
#621 = DIRECTION ( 'NONE',  ( 1.000000000000000000, 0.000000000000000000, 0.000000000000000000 ) ) ;
#622 = B_SPLINE_CURVE_WITH_KNOTS ( 'NONE', 3,
 ( #940, #33, #1678, #213, #655, #193 ),
 .UNSPECIFIED., .F., .F.,
 ( 4, 1, 1, 4 ),
 ( 0.002585713321698534031, 0.2499968762106128117, 0.5000312453916733180, 1.000000000000000000 ),
 .UNSPECIFIED. ) ;
#623 = CARTESIAN_POINT ( 'NONE',  ( 9.497080248178390249, 10.00013115890658533, 3.512513312330749482 ) ) ;
#624 = EDGE_CURVE ( 'NONE', #1219, #1917, #1610, .T. ) ;
#625 = ADVANCED_FACE ( 'NONE', ( #1431 ), #689, .F. ) ;
#626 = CARTESIAN_POINT ( 'NONE',  ( 7.191566813056136986, 126.6564770998266312, -2.086610229871033617 ) ) ;
#627 = CARTESIAN_POINT ( 'NONE',  ( 0.5036642423890103082, 10.00011402666117277, -3.511972564094045346 ) ) ;
#628 = B_SPLINE_CURVE_WITH_KNOTS ( 'NONE', 3,
 ( #370, #1865, #1581, #1301, #1712, #1899, #688 ),
 .UNSPECIFIED., .F., .F.,
 ( 4, 3, 4 ),
 ( 0.0004955034189523259587, 0.0005041229871045749137, 0.0009825222327288598342 ),
 .UNSPECIFIED. ) ;
#629 = ORIENTED_EDGE ( 'NONE', *, *, #1392, .T. ) ;
#630 = ORIENTED_EDGE ( 'NONE', *, *, #1013, .F. ) ;
#631 = DIRECTION ( 'NONE',  ( 0.000000000000000000, 0.000000000000000000, 1.000000000000000000 ) ) ;
#632 = LINE ( 'NONE', #1221, #1774 ) ;
#633 = ORIENTED_EDGE ( 'NONE', *, *, #1013, .T. ) ;
#634 = DIRECTION ( 'NONE',  ( 0.000000000000000000, 0.000000000000000000, -1.000000000000000000 ) ) ;
#635 = DIRECTION ( 'NONE',  ( 1.000000000000000000, 0.000000000000000000, 0.000000000000000000 ) ) ;
#636 = CARTESIAN_POINT ( 'NONE',  ( 9.498995640504080740, 10.00017819438120981, 3.514080715769708263 ) ) ;
#637 = CARTESIAN_POINT ( 'NONE',  ( 1.724839714007852409, 60.00374906278393894, -2.684118922649842087 ) ) ;
#638 = CARTESIAN_POINT ( 'NONE',  ( 0.5119016813499472907, 10.00009290978834109, -3.510441172624993555 ) ) ;
#639 = ORIENTED_EDGE ( 'NONE', *, *, #1402, .T. ) ;
#640 = DIRECTION ( 'NONE',  ( 0.000000000000000000, 0.000000000000000000, 1.000000000000000000 ) ) ;
#641 = CARTESIAN_POINT ( 'NONE',  ( 8.999999999999996447, 9.502558667229793699, 3.685719330139178851 ) ) ;
#642 = VERTEX_POINT ( 'NONE', #1740 ) ;
#643 = CARTESIAN_POINT ( 'NONE',  ( 6.750000000000000888, 0.000000000000000000, 0.000000000000000000 ) ) ;
#644 = APPLICATION_PROTOCOL_DEFINITION ( 'draft international standard', 'automotive_design', 1998, #1358 ) ;
#645 = CONICAL_SURFACE ( 'NONE', #1406, 1.700000000000117639, 0.7853981633974410625 ) ;
#646 = EDGE_CURVE ( 'NONE', #1145, #1196, #395, .T. ) ;
#647 = CARTESIAN_POINT ( 'NONE',  ( 0.3428086517271453082, 10.00958071866433663, 4.000275270058708976 ) ) ;
#648 = CARTESIAN_POINT ( 'NONE',  ( 2.950000000000112976, 0.000000000000000000, 2.000000000000000000 ) ) ;
#649 = EDGE_LOOP ( 'NONE', ( #798, #1934, #1403, #483 ) ) ;
#650 = VERTEX_POINT ( 'NONE', #842 ) ;
#651 = CARTESIAN_POINT ( 'NONE',  ( 8.999999999999996447, 9.999999999999998224, 4.000000000000000000 ) ) ;
#652 = EDGE_CURVE ( 'NONE', #721, #504, #1070, .T. ) ;
#653 = CARTESIAN_POINT ( 'NONE',  ( 1.000000000000004441, 9.500669877454745560, -3.637631000189749386 ) ) ;
#654 = AXIS2_PLACEMENT_3D ( 'NONE', #227, #1448, #1438 ) ;
#655 = CARTESIAN_POINT ( 'NONE',  ( 7.549181991712039519, 176.6672094156632511, 2.363766421355004699 ) ) ;
#656 = CARTESIAN_POINT ( 'NONE',  ( 1.895585326578997032, 60.00374906278393894, -3.006869597603890831 ) ) ;
#657 = LINE ( 'NONE', #490, #1848 ) ;
#658 = EDGE_LOOP ( 'NONE', ( #1513, #1919, #1940, #1311 ) ) ;
#659 = CARTESIAN_POINT ( 'NONE',  ( 9.816625479272685695, 10.00009348601151338, -3.507423359379159500 ) ) ;
#660 = CARTESIAN_POINT ( 'NONE',  ( 9.494958637523689404, 10.00008691823575724, -3.511293598441091124 ) ) ;
#661 = VERTEX_POINT ( 'NONE', #1452 ) ;
#662 = AXIS2_PLACEMENT_3D ( 'NONE', #1316, #1922, #1003 ) ;
#663 = CARTESIAN_POINT ( 'NONE',  ( 1.000000000000003553, 3.499999999999997780, -4.000000000000000000 ) ) ;
#664 = CARTESIAN_POINT ( 'NONE',  ( 0.5044699344411385233, 10.00009716846086860, -3.511487820460498455 ) ) ;
#665 = ORIENTED_EDGE ( 'NONE', *, *, #1097, .T. ) ;
#666 = CARTESIAN_POINT ( 'NONE',  ( 2.108450978989930391, 126.6564770998269154, 5.551817479619238156E-15 ) ) ;
#667 = CARTESIAN_POINT ( 'NONE',  ( 3.250000000000000000, 0.000000000000000000, 0.000000000000000000 ) ) ;
#668 = CARTESIAN_POINT ( 'NONE',  ( 0.01755890658184072750, 10.50415680626778148, 3.996122810762797517 ) ) ;
#669 = DIRECTION ( 'NONE',  ( 1.000000000000000000, -0.000000000000000000, -0.000000000000000000 ) ) ;
#670 = ADVANCED_FACE ( 'NONE', ( #1901 ), #1500, .T. ) ;
#671 = CARTESIAN_POINT ( 'NONE',  ( 9.657191348272860409, 10.00958071867177424, 4.000275270056753207 ) ) ;
#672 = ORIENTED_EDGE ( 'NONE', *, *, #1879, .F. ) ;
#673 = CARTESIAN_POINT ( 'NONE',  ( 2.057073380267340212, 210.0000000000000000, -1.937790022203912610 ) ) ;
#674 = AXIS2_PLACEMENT_3D ( 'NONE', #911, #752, #177 ) ;
#675 = CARTESIAN_POINT ( 'NONE',  ( 9.494283955842247380, 10.00007430509550233, -3.511019591334226142 ) ) ;
#676 = B_SPLINE_CURVE_WITH_KNOTS ( 'NONE', 3,
 ( #714, #1007, #1319, #1916, #142, #586, #858 ),
 .UNSPECIFIED., .F., .F.,
 ( 4, 3, 4 ),
 ( 3.193625919273301861E-15, 0.002000000001990871051, 0.007030164365764947181 ),
 .UNSPECIFIED. ) ;
#677 = DIRECTION ( 'NONE',  ( -1.000000000000000000, 0.000000000000000000, 0.000000000000000000 ) ) ;
#678 = B_SPLINE_CURVE_WITH_KNOTS ( 'NONE', 3,
 ( #788, #924, #1093, #1531 ),
 .UNSPECIFIED., .F., .F.,
 ( 4, 4 ),
 ( -4.474606740799256686E-06, 0.0006397976335004735421 ),
 .UNSPECIFIED. ) ;
#679 = CARTESIAN_POINT ( 'NONE',  ( 1.000000000000004441, 9.633562273040148227, 4.000000000000000000 ) ) ;
#680 = CIRCLE ( 'NONE', #1383, 1.699999999999923350 ) ;
#681 = CIRCLE ( 'NONE', #244, 2.000000000000000000 ) ;
#682 = CARTESIAN_POINT ( 'NONE',  ( 9.816625479272692800, 10.00009348601149561, 3.507423359379266081 ) ) ;
#683 = ORIENTED_EDGE ( 'NONE', *, *, #1119, .T. ) ;
#684 = ADVANCED_FACE ( 'NONE', ( #1515 ), #1864, .F. ) ;
#685 = LINE ( 'NONE', #1289, #1876 ) ;
#686 = CARTESIAN_POINT ( 'NONE',  ( 0.5000000000000027756, 3.499999999999997780, 4.000000000000000000 ) ) ;
#687 = FACE_OUTER_BOUND ( 'NONE', #1492, .T. ) ;
#688 = CARTESIAN_POINT ( 'NONE',  ( 9.982441093418170652, 10.50415680626778325, 3.996122810762796629 ) ) ;
#689 = PLANE ( 'NONE',  #891 ) ;
#690 = CARTESIAN_POINT ( 'NONE',  ( 0.01768832680144594854, 10.51289413724534327, -3.996051383350069042 ) ) ;
#691 = CARTESIAN_POINT ( 'NONE',  ( 2.648791543131024717, 126.6564770998267733, 1.966371725760389433 ) ) ;
#692 = ORIENTED_EDGE ( 'NONE', *, *, #1243, .T. ) ;
#693 = CARTESIAN_POINT ( 'NONE',  ( 1.277703134248905137, 60.00374906278393894, -2.341661441568584578 ) ) ;
#694 = CARTESIAN_POINT ( 'NONE',  ( 1.000000000000005107, 9.633562273040135793, -4.000000000000000000 ) ) ;
#695 = CARTESIAN_POINT ( 'NONE',  ( 6.750000000000000888, 0.000000000000000000, -2.000000000000000000 ) ) ;
#696 = ADVANCED_FACE ( 'NONE', ( #1046 ), #1554, .F. ) ;
#697 = CARTESIAN_POINT ( 'NONE',  ( 9.982405021727556615, 10.50852551847749083, -3.996086844426280038 ) ) ;
#698 = CARTESIAN_POINT ( 'NONE',  ( 1.000000000000005995, 9.762066812583494624, -4.000000000000002665 ) ) ;
#699 = CARTESIAN_POINT ( 'NONE',  ( 2.612838879974570983, 176.6672094156631942, -2.549195141581819257 ) ) ;
#700 = CARTESIAN_POINT ( 'NONE',  ( 2.808433186943863458, 126.6564770998268017, 2.086610229871035838 ) ) ;
#701 = ORIENTED_EDGE ( 'NONE', *, *, #1718, .T. ) ;
#702 = STYLED_ITEM ( 'NONE', ( #1546 ), #737 ) ;
#703 = CARTESIAN_POINT ( 'NONE',  ( 2.318844449083576009, 210.0000000000000284, 2.249756633902888048 ) ) ;
#704 = DIRECTION ( 'NONE',  ( -0.000000000000000000, -0.000000000000000000, -1.000000000000000000 ) ) ;
#705 = CYLINDRICAL_SURFACE ( 'NONE', #1275, 0.5000000000000000000 ) ;
#706 = ORIENTED_EDGE ( 'NONE', *, *, #1729, .F. ) ;
#707 = DIRECTION ( 'NONE',  ( 0.000000000000000000, 0.000000000000000000, -1.000000000000000000 ) ) ;
#708 = EDGE_CURVE ( 'NONE', #862, #1533, #479, .T. ) ;
#709 = CARTESIAN_POINT ( 'NONE',  ( 7.549181991712039519, 176.6672094156632511, 2.363766421355004699 ) ) ;
#710 = CARTESIAN_POINT ( 'NONE',  ( 9.495940395723010852, 10.24299052891654327, -3.948353968168441863 ) ) ;
#711 = AXIS2_PLACEMENT_3D ( 'NONE', #1769, #736, #1054 ) ;
#712 = CARTESIAN_POINT ( 'NONE',  ( 1.895585326578994811, 60.00374906278418052, 3.006869597603904598 ) ) ;
#713 = CARTESIAN_POINT ( 'NONE',  ( 9.492675072795899283, 10.00005365954380920, 3.557217277074901762 ) ) ;
#714 = CARTESIAN_POINT ( 'NONE',  ( 1.000000000000004219, 9.500103502866545924, 3.515082181276486750 ) ) ;
#715 = VERTEX_POINT ( 'NONE', #202 ) ;
#716 = CARTESIAN_POINT ( 'NONE',  ( 8.999999999999996447, 10.01245206877448446, 3.634441208235462462 ) ) ;
#717 = ORIENTED_EDGE ( 'NONE', *, *, #279, .T. ) ;
#718 = CARTESIAN_POINT ( 'NONE',  ( 0.5012122087068420218, 10.01367067304120440, 3.634218128562453742 ) ) ;
#719 = CARTESIAN_POINT ( 'NONE',  ( 0.5071805557906619022, 10.00005156501585724, -3.510850302458040861 ) ) ;
#720 = CARTESIAN_POINT ( 'NONE',  ( 9.583333333333332149, 10.00000000000000000, 4.000000000000000000 ) ) ;
#721 = VERTEX_POINT ( 'NONE', #1096 ) ;
#722 = CARTESIAN_POINT ( 'NONE',  ( 5.000000000000000000, 210.0000000000000284, 0.000000000000000000 ) ) ;
#723 = CARTESIAN_POINT ( 'NONE',  ( 9.902939359506303774, 10.21925076591098147, -3.916853099291525364 ) ) ;
#724 = ORIENTED_EDGE ( 'NONE', *, *, #1346, .T. ) ;
#725 = CARTESIAN_POINT ( 'NONE',  ( 0.5867921655030530204, 27.01504425278594113, 3.864174200462580977 ) ) ;
#726 = VERTEX_POINT ( 'NONE', #1695 ) ;
#727 = CARTESIAN_POINT ( 'NONE',  ( 8.722296865751088646, 60.00374906278393894, -2.341661441568584134 ) ) ;
#728 = ADVANCED_FACE ( 'NONE', ( #1223 ), #1141, .T. ) ;
#729 = CARTESIAN_POINT ( 'NONE',  ( 7.690011458715651393, 60.00374906278410236, 3.592757012791316207 ) ) ;
#730 = VERTEX_POINT ( 'NONE', #352 ) ;
#731 = CARTESIAN_POINT ( 'NONE',  ( 4.613537914102431081, 26.67030298733149252, -4.755927641063715683 ) ) ;
#732 = CARTESIAN_POINT ( 'NONE',  ( 0.3430593851122263338, 10.50100306915891935, -3.999293846795036078 ) ) ;
#733 = LINE ( 'NONE', #1937, #1021 ) ;
#734 = PRESENTATION_LAYER_ASSIGNMENT (  '', '', ( #702 ) ) ;
#735 = EDGE_LOOP ( 'NONE', ( #1074, #1010, #1167, #1263 ) ) ;
#736 = DIRECTION ( 'NONE',  ( 0.000000000000000000, 0.000000000000000000, 1.000000000000000000 ) ) ;
#737 = MANIFOLD_SOLID_BREP ( 'Fillet2', #520 ) ;
#738 = CARTESIAN_POINT ( 'NONE',  ( 7.549181991712040407, 176.6672094156631942, -2.363766421355003367 ) ) ;
#739 = CARTESIAN_POINT ( 'NONE',  ( 7.298152545391173085, 26.67030298733171279, 4.540039298151340219 ) ) ;
#740 = VECTOR ( 'NONE', #1526, 1000.000000000000000 ) ;
#741 = CARTESIAN_POINT ( 'NONE',  ( 4.021868374200640694, 60.00374906278378973, -4.658354462261225848 ) ) ;
#742 = CARTESIAN_POINT ( 'NONE',  ( 9.497186380255943305, 10.10234123378436699, -3.810822381971866069 ) ) ;
#743 = CARTESIAN_POINT ( 'NONE',  ( 10.00131463798056153, 10.49930802705302924, 1.332083927596688255 ) ) ;
#744 = VERTEX_POINT ( 'NONE', #663 ) ;
#745 = CARTESIAN_POINT ( 'NONE',  ( 5.000000000000000000, 215.0000000000000284, 2.499999999999999112 ) ) ;
#746 = B_SPLINE_CURVE_WITH_KNOTS ( 'NONE', 3,
 ( #221, #1280, #1136, #65 ),
 .UNSPECIFIED., .F., .F.,
 ( 4, 4 ),
 ( -4.474606740810499354E-06, 0.0006397976335004321256 ),
 .UNSPECIFIED. ) ;
#747 = VERTEX_POINT ( 'NONE', #1564 ) ;
#748 = CARTESIAN_POINT ( 'NONE',  ( 7.681155550916423991, 210.0000000000000284, 2.249756633902888936 ) ) ;
#749 = CARTESIAN_POINT ( 'NONE',  ( 8.749999999999996447, 10.00000000000000178, 4.000000000000001776 ) ) ;
#750 = LINE ( 'NONE', #1384, #1266 ) ;
#751 = CARTESIAN_POINT ( 'NONE',  ( 8.999999999999994671, 9.999983579269578371, -3.503186064827149782 ) ) ;
#752 = DIRECTION ( 'NONE',  ( 0.000000000000000000, 1.000000000000000000, 0.000000000000000000 ) ) ;
#753 = ORIENTED_EDGE ( 'NONE', *, *, #580, .T. ) ;
#754 = ORIENTED_EDGE ( 'NONE', *, *, #1019, .F. ) ;
#755 = CARTESIAN_POINT ( 'NONE',  ( 0.5000000000000000000, 2.999999999999998224, 4.000000000000000000 ) ) ;
#756 = EDGE_CURVE ( 'NONE', #1717, #509, #622, .T. ) ;
#757 = FACE_OUTER_BOUND ( 'NONE', #1081, .T. ) ;
#758 = ORIENTED_EDGE ( 'NONE', *, *, #1576, .F. ) ;
#759 = CARTESIAN_POINT ( 'NONE',  ( 7.760936090027573897, 126.6564770998264748, -1.042666777985831850 ) ) ;
#760 = CARTESIAN_POINT ( 'NONE',  ( 5.715903974244454844, 176.6672094156634216, 3.506039712736622516 ) ) ;
#761 = DIRECTION ( 'NONE',  ( 0.000000000000000000, 1.000000000000000000, 0.000000000000000000 ) ) ;
#762 = FACE_OUTER_BOUND ( 'NONE', #1378, .T. ) ;
#763 = DIRECTION ( 'NONE',  ( 0.000000000000000000, 0.000000000000000000, 1.000000000000000000 ) ) ;
#764 = VERTEX_POINT ( 'NONE', #799 ) ;
#765 = ORIENTED_EDGE ( 'NONE', *, *, #1773, .F. ) ;
#766 = LINE ( 'NONE', #1388, #1849 ) ;
#767 = CARTESIAN_POINT ( 'NONE',  ( 7.050000000000073541, 0.000000000000000000, 0.000000000000000000 ) ) ;
#768 = ORIENTED_EDGE ( 'NONE', *, *, #159, .T. ) ;
#769 = CARTESIAN_POINT ( 'NONE',  ( 1.000000000000004441, 9.999992841123161114, 1.167924373739960275 ) ) ;
#770 = EDGE_CURVE ( 'NONE', #464, #744, #1235, .T. ) ;
#771 = B_SPLINE_CURVE_WITH_KNOTS ( 'NONE', 3,
 ( #1419, #1548, #508, #1229, #62, #1410, #346, #968 ),
 .UNSPECIFIED., .F., .F.,
 ( 4, 2, 2, 4 ),
 ( 1.543348524839779502E-05, 0.0004812280253594040783, 0.0007141252954149074047, 0.0009470225654704107852 ),
 .UNSPECIFIED. ) ;
#772 = ADVANCED_FACE ( 'NONE', ( #1399 ), #1078, .T. ) ;
#773 = DIRECTION ( 'NONE',  ( -0.000000000000000000, -1.000000000000000000, -0.000000000000000000 ) ) ;
#774 = B_SPLINE_CURVE_WITH_KNOTS ( 'NONE', 3,
 ( #144, #905, #7, #1800 ),
 .UNSPECIFIED., .F., .F.,
 ( 4, 4 ),
 ( 0.000000000000000000, 0.0006401793638881578307 ),
 .UNSPECIFIED. ) ;
#775 = CARTESIAN_POINT ( 'NONE',  ( 7.681155550916423991, 210.0000000000000284, -2.249756633902888492 ) ) ;
#776 = CARTESIAN_POINT ( 'NONE',  ( 0.01911980935772037218, 10.00009378980236185, -3.505815632142347926 ) ) ;
#777 = CARTESIAN_POINT ( 'NONE',  ( 1.000000000000004441, 9.999999999999998224, -4.756179762631771446 ) ) ;
#778 = ORIENTED_EDGE ( 'NONE', *, *, #1352, .T. ) ;
#779 = ORIENTED_EDGE ( 'NONE', *, *, #1268, .T. ) ;
#780 = AXIS2_PLACEMENT_3D ( 'NONE', #1029, #285, #1068 ) ;
#781 = PLANE ( 'NONE',  #1473 ) ;
#782 = DIRECTION ( 'NONE',  ( 0.000000000000000000, 0.000000000000000000, -1.000000000000000000 ) ) ;
#783 = VERTEX_POINT ( 'NONE', #59 ) ;
#784 = DIRECTION ( 'NONE',  ( 1.000000000000000000, 0.000000000000000000, 0.000000000000000000 ) ) ;
#785 = DIRECTION ( 'NONE',  ( 0.000000000000000000, 0.000000000000000000, 1.000000000000000000 ) ) ;
#786 = ORIENTED_EDGE ( 'NONE', *, *, #971, .F. ) ;
#787 = ORIENTED_EDGE ( 'NONE', *, *, #68, .T. ) ;
#788 = CARTESIAN_POINT ( 'NONE',  ( 9.495466282179354067, 10.49952988160629808, -4.000755782676143291 ) ) ;
#789 = CARTESIAN_POINT ( 'NONE',  ( 8.999999999999996447, 9.633562273040142898, 4.000000000000000000 ) ) ;
#790 = VERTEX_POINT ( 'NONE', #1245 ) ;
#791 = CARTESIAN_POINT ( 'NONE',  ( 0.5000000000000027756, 3.499999999999997780, -4.000000000000000000 ) ) ;
#792 = ADVANCED_FACE ( 'NONE', ( #1416 ), #1180, .F. ) ;
#793 = EDGE_CURVE ( 'NONE', #1033, #862, #750, .T. ) ;
#794 = DIRECTION ( 'NONE',  ( 0.000000000000000000, 0.000000000000000000, 1.000000000000000000 ) ) ;
#795 = DIRECTION ( 'NONE',  ( 0.000000000000000000, 1.000000000000000000, 0.000000000000000000 ) ) ;
#796 = ORIENTED_EDGE ( 'NONE', *, *, #444, .T. ) ;
#797 = DIRECTION ( 'NONE',  ( 1.000000000000000000, 0.000000000000000000, 0.000000000000000000 ) ) ;
#798 = ORIENTED_EDGE ( 'NONE', *, *, #399, .F. ) ;
#799 = CARTESIAN_POINT ( 'NONE',  ( 9.982441093418163547, 10.50415680626778858, -3.996122810762798405 ) ) ;
#800 = CARTESIAN_POINT ( 'NONE',  ( 9.492825465786468797, 10.00005147855248921, 3.508904314990070716 ) ) ;
#801 = CIRCLE ( 'NONE', #1902, 3.500000000000000888 ) ;
#802 = CARTESIAN_POINT ( 'NONE',  ( 2.450818008287963590, 176.6672094156631942, -2.363766421355004255 ) ) ;
#803 = CARTESIAN_POINT ( 'NONE',  ( 10.00000000000000000, 0.000000000000000000, -4.000000000000000000 ) ) ;
#804 = ORIENTED_EDGE ( 'NONE', *, *, #1138, .T. ) ;
#805 = CARTESIAN_POINT ( 'NONE',  ( 9.985725682974898376, 10.50418912897248447, -3.996090079706235532 ) ) ;
#806 = CARTESIAN_POINT ( 'NONE',  ( 9.493547678339560036, 10.00006202433664448, -3.510850195785519379 ) ) ;
#807 = ORIENTED_EDGE ( 'NONE', *, *, #260, .T. ) ;
#808 = CIRCLE ( 'NONE', #966, 0.5000000000000004441 ) ;
#809 = CARTESIAN_POINT ( 'NONE',  ( 0.3476356260500255702, 10.00009319143942399, 3.508967073137262194 ) ) ;
#810 = CARTESIAN_POINT ( 'NONE',  ( 0.01755890658184072750, 10.50415680626778148, 3.996122810762797517 ) ) ;
#811 = ADVANCED_FACE ( 'NONE', ( #1369 ), #1286, .T. ) ;
#812 = EDGE_LOOP ( 'NONE', ( #1635, #457 ) ) ;
#813 = CARTESIAN_POINT ( 'NONE',  ( 1.643483358779845638, 209.9999999999999432, -1.221682476207502699 ) ) ;
#814 = PLANE ( 'NONE',  #210 ) ;
#815 = CARTESIAN_POINT ( 'NONE',  ( 9.499999999999998224, 3.499999999999998224, -4.000000000000000000 ) ) ;
#816 = EDGE_CURVE ( 'NONE', #66, #291, #319, .T. ) ;
#817 = FACE_OUTER_BOUND ( 'NONE', #351, .T. ) ;
#818 = DIRECTION ( 'NONE',  ( 1.000000000000000000, 0.000000000000000000, -0.000000000000000000 ) ) ;
#819 = ORIENTED_EDGE ( 'NONE', *, *, #1692, .T. ) ;
#820 = CARTESIAN_POINT ( 'NONE',  ( 9.652364373949987808, 10.00009319143955899, -3.508967073137565507 ) ) ;
#821 = LINE ( 'NONE', #695, #1055 ) ;
#822 = CARTESIAN_POINT ( 'NONE',  ( 5.000000000000000000, 210.0000000000000284, 2.499999999999999112 ) ) ;
#823 = DIRECTION ( 'NONE',  ( 0.000000000000000000, 0.000000000000000000, 1.000000000000000000 ) ) ;
#824 = DIRECTION ( 'NONE',  ( -0.000000000000000000, -1.000000000000000000, -0.000000000000000000 ) ) ;
#825 = EDGE_CURVE ( 'NONE', #1895, #1533, #1599, .T. ) ;
#826 = CARTESIAN_POINT ( 'NONE',  ( 0.5052159832766471848, 10.00002663051242990, 2.830647014231949310 ) ) ;
#827 = ORIENTED_EDGE ( 'NONE', *, *, #1537, .F. ) ;
#828 = CARTESIAN_POINT ( 'NONE',  ( 2.230230695742171587, 176.6672094156632227, 2.028434386444704529 ) ) ;
#829 = DIRECTION ( 'NONE',  ( 0.000000000000000000, 0.000000000000000000, 1.000000000000000000 ) ) ;
#830 = FACE_OUTER_BOUND ( 'NONE', #1343, .T. ) ;
#831 = VECTOR ( 'NONE', #1852, 1000.000000000000000 ) ;
#832 = DIRECTION ( 'NONE',  ( -1.858632295689435856E-16, -1.000000000000000000, 0.000000000000000000 ) ) ;
#833 = VECTOR ( 'NONE', #1839, 1000.000000000000000 ) ;
#834 = B_SPLINE_CURVE_WITH_KNOTS ( 'NONE', 3,
 ( #1414, #1727, #93, #1148 ),
 .UNSPECIFIED., .F., .F.,
 ( 4, 4 ),
 ( 1.735123785205091958E-18, 1.310702750584697384E-05 ),
 .UNSPECIFIED. ) ;
#835 = CARTESIAN_POINT ( 'NONE',  ( 0.5749178304738588041, 26.67030298733163818, 3.876483595510677560 ) ) ;
#836 = ORIENTED_EDGE ( 'NONE', *, *, #379, .F. ) ;
#837 = CARTESIAN_POINT ( 'NONE',  ( 0.2034330469262201624, 60.00374906278391052, 3.353987046076945054E-15 ) ) ;
#838 = CARTESIAN_POINT ( 'NONE',  ( 8.999999999999996447, 9.500024278323873972, -2.181748848530840057 ) ) ;
#839 = DIRECTION ( 'NONE',  ( -0.000000000000000000, -0.000000000000000000, -1.000000000000000000 ) ) ;
#840 = DIRECTION ( 'NONE',  ( 0.000000000000000000, 0.000000000000000000, -1.000000000000000000 ) ) ;
#841 = CARTESIAN_POINT ( 'NONE',  ( 9.982311673198557500, 10.51289413724534505, -3.996051383350068154 ) ) ;
#842 = CARTESIAN_POINT ( 'NONE',  ( 8.999999999999996447, 9.500103502858211257, 3.515082181279702844 ) ) ;
#843 = CARTESIAN_POINT ( 'NONE',  ( 0.1783728028445445424, 10.00962552122989990, 4.000258413482672637 ) ) ;
#844 = CARTESIAN_POINT ( 'NONE',  ( 3.749999999999995559, 9.999999999999991118, 3.999999999999994671 ) ) ;
#845 = EDGE_CURVE ( 'NONE', #721, #744, #489, .T. ) ;
#846 = CARTESIAN_POINT ( 'NONE',  ( 2.450818008287962257, 176.6672094156632511, 2.363766421355003367 ) ) ;
#847 =( BOUNDED_SURFACE ( )  B_SPLINE_SURFACE ( 3, 2, ( 
 ( #1150, #1751, #1333 ),
 ( #1009, #861, #567 ),
 ( #1493, #716, #1354 ),
 ( #1790, #1941, #1189 ),
 ( #1627, #1321, #1514 ),
 ( #161, #1930, #133 ),
 ( #1168, #597, #1197 ),
 ( #589, #306, #447 ) ),
 .UNSPECIFIED., .F., .F., .T. ) 
 B_SPLINE_SURFACE_WITH_KNOTS ( ( 4, 2, 2, 4 ),
 ( 3, 3 ),
 ( 0.003207113454846434106, 0.003598787200928342967, 0.003990460947010251828, 0.004773808439174069551 ),
 ( 0.000000000000000000, 1.000000000000000000 ),
 .UNSPECIFIED. ) 
 GEOMETRIC_REPRESENTATION_ITEM ( )  RATIONAL_B_SPLINE_SURFACE ( (
 ( 1.000000000000000000, 0.7071227821501708810, 1.000000000000000000),
 ( 1.000000000000000000, 0.7075465041495863083, 1.000000000000000000),
 ( 1.000000000000000000, 0.7079635300035440615, 1.000000000000000000),
 ( 1.000000000000000000, 0.7087409441607144256, 1.000000000000000000),
 ( 1.000000000000000000, 0.7090935805400004899, 1.000000000000000000),
 ( 1.000000000000000000, 0.7099743885163317669, 1.000000000000000000),
 ( 1.000000000000000000, 0.7103182451204299586, 1.000000000000000000),
 ( 1.000000000000000000, 0.7103052597039043459, 1.000000000000000000) ) ) 
 REPRESENTATION_ITEM ( '' )  SURFACE ( )  );
#848 = CARTESIAN_POINT ( 'NONE',  ( 8.999999999999996447, 9.499889637434366207, 1.185754439097426616 ) ) ;
#849 = CARTESIAN_POINT ( 'NONE',  ( 8.272771211438971761, 60.17609390959687943, -2.682263034161232795 ) ) ;
#850 = ORIENTED_EDGE ( 'NONE', *, *, #185, .T. ) ;
#851 = DIRECTION ( 'NONE',  ( 1.000000000000000000, 0.000000000000000000, 0.000000000000000000 ) ) ;
#852 = CARTESIAN_POINT ( 'NONE',  ( 3.250000000000000000, 0.000000000000000000, 1.700000000000117639 ) ) ;
#853 = CARTESIAN_POINT ( 'NONE',  ( 9.495466282179354067, 10.49952988160629808, -4.000755782676143291 ) ) ;
#854 = CARTESIAN_POINT ( 'NONE',  ( 0.5061242460074126814, 10.00003641174019897, 3.169289399074040059 ) ) ;
#855 = ORIENTED_EDGE ( 'NONE', *, *, #58, .F. ) ;
#856 = B_SPLINE_CURVE_WITH_KNOTS ( 'NONE', 3,
 ( #1560, #1090, #1250, #1394, #954, #500, #1689, #206, #217, #1445, #826, #854, #1466, #521, #242, #1904 ),
 .UNSPECIFIED., .F., .F.,
 ( 4, 3, 3, 3, 3, 4 ),
 ( -2.918994143308615563E-06, 0.000000000000000000, 0.001999968034413717073, 0.005999946162401867920, 0.007015876525120628288, 0.007018795519302016735 ),
 .UNSPECIFIED. ) ;
#857 = DIRECTION ( 'NONE',  ( 0.000000000000000000, 1.000000000000000000, 0.000000000000000000 ) ) ;
#858 = CARTESIAN_POINT ( 'NONE',  ( 1.000000000000004219, 9.500103502858211257, -3.515082181280047013 ) ) ;
#859 = EDGE_LOOP ( 'NONE', ( #1095, #1234, #609, #827 ) ) ;
#860 = CIRCLE ( 'NONE', #1246, 2.000000000000000000 ) ;
#861 = CARTESIAN_POINT ( 'NONE',  ( 8.999999999999996447, 9.999713327152903730, 3.569131772815774983 ) ) ;
#862 = VERTEX_POINT ( 'NONE', #1140 ) ;
#863 = CARTESIAN_POINT ( 'NONE',  ( 1.000000000000004441, 9.500012414000746475, 3.505677226809969849 ) ) ;
#864 = AXIS2_PLACEMENT_3D ( 'NONE', #1785, #876, #1328 ) ;
#865 = FACE_OUTER_BOUND ( 'NONE', #1244, .T. ) ;
#866 = VECTOR ( 'NONE', #1252, 1000.000000000000000 ) ;
#867 = EDGE_LOOP ( 'NONE', ( #207, #1822 ) ) ;
#868 = CARTESIAN_POINT ( 'NONE',  ( 8.999999999999996447, 9.992835266846471498, -3.557217939596090783 ) ) ;
#869 = CARTESIAN_POINT ( 'NONE',  ( 7.549181991712040407, 176.6672094156631942, -2.363766421355003367 ) ) ;
#870 = VERTEX_POINT ( 'NONE', #1903 ) ;
#871 = CARTESIAN_POINT ( 'NONE',  ( 9.492819444209338542, 10.00005156501586079, 3.510850302458317529 ) ) ;
#872 = EDGE_LOOP ( 'NONE', ( #1681, #72, #1188, #1208 ) ) ;
#873 = CARTESIAN_POINT ( 'NONE',  ( 1.000000000000004441, 9.629703926622100951, 4.010564737315909234 ) ) ;
#874 = EDGE_CURVE ( 'NONE', #1155, #1861, #681, .T. ) ;
#875 = CARTESIAN_POINT ( 'NONE',  ( 0.9468315966628962910, 9.759064513870958635, -3.513096387797491005 ) ) ;
#876 = DIRECTION ( 'NONE',  ( 0.000000000000000000, 1.000000000000000000, 0.000000000000000000 ) ) ;
#877 = CARTESIAN_POINT ( 'NONE',  ( 5.254527180379837681, 210.0000000000000284, -3.500000000000001332 ) ) ;
#878 = CARTESIAN_POINT ( 'NONE',  ( 0.1786600914458859879, 10.50257166761159233, -3.997728293832173652 ) ) ;
#879 = CARTESIAN_POINT ( 'NONE',  ( 2.648791543131025605, 126.6564770998266596, -1.966371725760386768 ) ) ;
#880 = ORIENTED_EDGE ( 'NONE', *, *, #96, .T. ) ;
#881 = CARTESIAN_POINT ( 'NONE',  ( 0.5040333546449906610, 10.00010576289169428, 3.511702978623179483 ) ) ;
#882 = B_SPLINE_CURVE_WITH_KNOTS ( 'NONE', 3,
 ( #668, #222, #1441, #1597, #518, #1882, #1451 ),
 .UNSPECIFIED., .F., .F.,
 ( 4, 3, 4 ),
 ( 1.118597810522725970E-07, 0.0004785111202806426912, 0.0004871306887008992675 ),
 .UNSPECIFIED. ) ;
#883 = VERTEX_POINT ( 'NONE', #1098 ) ;
#884 = CARTESIAN_POINT ( 'NONE',  ( 1.000000000000004441, 10.37158390975374900, 4.006348697502288836 ) ) ;
#885 = PRODUCT_DEFINITION_CONTEXT ( 'detailed design', #1358, 'design' ) ;
#886 = EDGE_CURVE ( 'NONE', #1861, #1155, #1784, .T. ) ;
#887 = CARTESIAN_POINT ( 'NONE',  ( 5.238636887552072352, 176.6672094156632511, 3.560313249643687339 ) ) ;
#888 = CARTESIAN_POINT ( 'NONE',  ( 7.351208456868976171, 126.6564770998266596, -1.966371725760386324 ) ) ;
#889 = CARTESIAN_POINT ( 'NONE',  ( 6.750000000000000888, 2.449293598294705921E-16, 2.000000000000000000 ) ) ;
#890 = CARTESIAN_POINT ( 'NONE',  ( 2.450818008287963590, 176.6672094156631942, -2.363766421355004255 ) ) ;
#891 = AXIS2_PLACEMENT_3D ( 'NONE', #1294, #1891, #537 ) ;
#892 = ORIENTED_EDGE ( 'NONE', *, *, #68, .F. ) ;
#893 = DIRECTION ( 'NONE',  ( -1.858632295689435856E-16, -1.000000000000000000, 0.000000000000000000 ) ) ;
#894 = VERTEX_POINT ( 'NONE', #1892 ) ;
#895 = CIRCLE ( 'NONE', #516, 2.499999999999999112 ) ;
#896 = CARTESIAN_POINT ( 'NONE',  ( 8.722296865751088646, 60.00374906278413789, 2.341661441568598345 ) ) ;
#897 = AXIS2_PLACEMENT_3D ( 'NONE', #961, #785, #818 ) ;
#898 = CARTESIAN_POINT ( 'NONE',  ( 5.000000000000000000, 60.00374906278423737, 4.749981260308268283 ) ) ;
#899 = CIRCLE ( 'NONE', #1027, 0.5000000000000004441 ) ;
#900 = EDGE_CURVE ( 'NONE', #1543, #1717, #554, .T. ) ;
#901 = CARTESIAN_POINT ( 'NONE',  ( 6.249999999999997335, 10.00000000000000178, -3.999999999999993339 ) ) ;
#902 = DIRECTION ( 'NONE',  ( -1.000000000000000000, -0.000000000000000000, -0.000000000000000000 ) ) ;
#903 = CARTESIAN_POINT ( 'NONE',  ( 5.000000000000000000, 210.0000000000000284, -2.499999999999999112 ) ) ;
#904 = EDGE_LOOP ( 'NONE', ( #1158, #429 ) ) ;
#905 = CARTESIAN_POINT ( 'NONE',  ( 9.193088277117306362, 10.19274722149748946, 4.001747940725516095 ) ) ;
#906 = ORIENTED_EDGE ( 'NONE', *, *, #21, .F. ) ;
#907 = CARTESIAN_POINT ( 'NONE',  ( 7.942926619732660676, 210.0000000000000000, -1.937790022203912166 ) ) ;
#908 = CARTESIAN_POINT ( 'NONE',  ( 5.644394763127613679, 126.6564770998270575, 2.703576526625738108 ) ) ;
#909 = CARTESIAN_POINT ( 'NONE',  ( 6.266827542312503496, 126.6564770998265317, -2.551016119929335524 ) ) ;
#910 = CARTESIAN_POINT ( 'NONE',  ( 9.981813008553164224, 10.51758619454435362, 4.044401197725416175 ) ) ;
#911 = CARTESIAN_POINT ( 'NONE',  ( 5.000000000000000000, 210.0000000000000284, 0.000000000000000000 ) ) ;
#912 = ADVANCED_FACE ( 'NONE', ( #1567 ), #1116, .T. ) ;
#913 = ORIENTED_EDGE ( 'NONE', *, *, #21, .T. ) ;
#914 = CARTESIAN_POINT ( 'NONE',  ( 0.5178655135950451793, 9.999999999999998224, -4.040922654176098305 ) ) ;
#916 = EDGE_CURVE ( 'NONE', #575, #715, #1858, .T. ) ;
#915 = DIRECTION ( 'NONE',  ( 1.000000000000000000, -0.000000000000000000, -0.000000000000000000 ) ) ;
#917 = VERTEX_POINT ( 'NONE', #1107 ) ;
#918 = AXIS2_PLACEMENT_3D ( 'NONE', #643, #621, #1535 ) ;
#919 = CARTESIAN_POINT ( 'NONE',  ( 9.492819444209334989, 10.00005156501585724, -3.510850302458233152 ) ) ;
#920 = CARTESIAN_POINT ( 'NONE',  ( 10.00000000000000000, 10.00000000000000000, -4.000000000000000000 ) ) ;
#921 = CARTESIAN_POINT ( 'NONE',  ( 9.981813008553171329, 10.51758619454434651, -4.044401197724686980 ) ) ;
#922 = CARTESIAN_POINT ( 'NONE',  ( 0.5016607654563552954, 10.49955610594592414, -4.000729755941104138 ) ) ;
#923 = EDGE_LOOP ( 'NONE', ( #262, #913 ) ) ;
#924 = CARTESIAN_POINT ( 'NONE',  ( 9.344388253814035039, 10.34690396012482516, -4.001982219430069598 ) ) ;
#925 = DIRECTION ( 'NONE',  ( 1.000000000000000000, 0.000000000000000000, 0.000000000000000000 ) ) ;
#926 = ORIENTED_EDGE ( 'NONE', *, *, #1612, .F. ) ;
#927 = CONICAL_SURFACE ( 'NONE', #1872, 2.000000000000000000, 0.7853981633974548293 ) ;
#928 = LINE ( 'NONE', #1687, #740 ) ;
#929 = CARTESIAN_POINT ( 'NONE',  ( 0.000000000000000000, 10.00000000000000000, -4.000000000000000000 ) ) ;
#930 = DIRECTION ( 'NONE',  ( 0.000000000000000000, 0.000000000000000000, 1.000000000000000000 ) ) ;
#931 = VERTEX_POINT ( 'NONE', #1706 ) ;
#932 = ORIENTED_EDGE ( 'NONE', *, *, #121, .T. ) ;
#933 = VECTOR ( 'NONE', #1561, 1000.000000000000000 ) ;
#934 = FACE_OUTER_BOUND ( 'NONE', #277, .T. ) ;
#935 = PRODUCT_DEFINITION ( 'UNKNOWN', '', #1938, #885 ) ;
#936 = EDGE_CURVE ( 'NONE', #1801, #783, #1267, .T. ) ;
#937 = AXIS2_PLACEMENT_3D ( 'NONE', #549, #195, #1089 ) ;
#938 = CARTESIAN_POINT ( 'NONE',  ( 8.999999999999996447, 9.500103502858211257, 3.515082181279702844 ) ) ;
#939 = VERTEX_POINT ( 'NONE', #363 ) ;
#940 = CARTESIAN_POINT ( 'NONE',  ( 9.982161095040410714, 10.51726041137806611, 3.996016490204125304 ) ) ;
#941 = B_SPLINE_CURVE_WITH_KNOTS ( 'NONE', 3,
 ( #168, #922, #1529, #29, #1051, #1218, #304 ),
 .UNSPECIFIED., .F., .F.,
 ( 4, 3, 4 ),
 ( 0.0004955034189523344155, 0.0005041229871045767568, 0.0009825222327288533290 ),
 .UNSPECIFIED. ) ;
#942 = EDGE_CURVE ( 'NONE', #1039, #862, #1259, .T. ) ;
#943 = CARTESIAN_POINT ( 'NONE',  ( 9.499153891394209737, 9.999997371611998531, 0.1746452419743760587 ) ) ;
#944 = CARTESIAN_POINT ( 'NONE',  ( 9.982161095040410714, 10.51726041137806611, 3.996016490204125304 ) ) ;
#945 = CARTESIAN_POINT ( 'NONE',  ( 0.5019201030031383848, 10.00015416286341896, -3.513239390483878122 ) ) ;
#946 = ORIENTED_EDGE ( 'NONE', *, *, #1779, .T. ) ;
#947 = LINE ( 'NONE', #1220, #933 ) ;
#948 = FACE_BOUND ( 'NONE', #923, .T. ) ;
#949 = VERTEX_POINT ( 'NONE', #1161 ) ;
#950 = CARTESIAN_POINT ( 'NONE',  ( 0.5000000000000027756, 3.499999999999997780, -4.756179762631771446 ) ) ;
#951 = CARTESIAN_POINT ( 'NONE',  ( 9.493875753992584876, 10.00003641174019542, -3.169289399073959235 ) ) ;
#952 = EDGE_CURVE ( 'NONE', #1605, #642, #1618, .T. ) ;
#953 = CARTESIAN_POINT ( 'NONE',  ( 9.982311673198552171, 10.51289413724533972, 3.996051383350066377 ) ) ;
#954 = CARTESIAN_POINT ( 'NONE',  ( 0.5051098442122985421, 10.00002185973309032, -2.841278498385726881 ) ) ;
#955 = CARTESIAN_POINT ( 'NONE',  ( 10.00000000000000000, 0.000000000000000000, 4.000000000000000000 ) ) ;
#956 = CARTESIAN_POINT ( 'NONE',  ( 0.5040632875717818706, 10.24224015093069262, -3.948759151481211926 ) ) ;
#957 = ORIENTED_EDGE ( 'NONE', *, *, #42, .F. ) ;
#958 = SURFACE_SIDE_STYLE ('',( #1827 ) ) ;
#959 = VECTOR ( 'NONE', #1309, 1000.000000000000000 ) ;
#960 = CARTESIAN_POINT ( 'NONE',  ( 0.01423336949055173731, 10.00967199259416951, 4.000233214914892699 ) ) ;
#961 = CARTESIAN_POINT ( 'NONE',  ( 10.00000000000000000, 0.000000000000000000, 4.000000000000000000 ) ) ;
#962 = EDGE_LOOP ( 'NONE', ( #672, #54, #124, #1690 ) ) ;
#963 = EDGE_CURVE ( 'NONE', #218, #1387, #1516, .T. ) ;
#964 = CARTESIAN_POINT ( 'NONE',  ( 0.4258797544875452812, 26.67030298733152449, -3.272769437553182392 ) ) ;
#965 = CARTESIAN_POINT ( 'NONE',  ( 3.250000000000000000, 0.000000000000000000, 0.000000000000000000 ) ) ;
#966 = AXIS2_PLACEMENT_3D ( 'NONE', #1636, #290, #477 ) ;
#967 = CARTESIAN_POINT ( 'NONE',  ( 10.00000000000000000, 0.000000000000000000, 0.000000000000000000 ) ) ;
#968 = CARTESIAN_POINT ( 'NONE',  ( 9.982441093418170652, 10.50415680626778325, 3.996122810762796629 ) ) ;
#969 = ORIENTED_EDGE ( 'NONE', *, *, #327, .F. ) ;
#970 = CARTESIAN_POINT ( 'NONE',  ( 2.057073380267339324, 210.0000000000000000, 1.937790022203911944 ) ) ;
#971 = EDGE_CURVE ( 'NONE', #1033, #341, #283, .T. ) ;
#972 = DIRECTION ( 'NONE',  ( 1.858632295689435856E-16, -1.000000000000000000, -0.000000000000000000 ) ) ;
#973 = DIRECTION ( 'NONE',  ( 0.000000000000000000, 0.000000000000000000, -1.000000000000000000 ) ) ;
#974 = EDGE_CURVE ( 'NONE', #1332, #552, #1291, .T. ) ;
#975 = CARTESIAN_POINT ( 'NONE',  ( 9.499999999999998224, 2.999999999999998224, 4.000000000000000000 ) ) ;
#976 = B_SPLINE_CURVE_WITH_KNOTS ( 'NONE', 3,
 ( #1728, #841, #697, #546 ),
 .UNSPECIFIED., .F., .F.,
 ( 4, 4 ),
 ( 3.469446951953614189E-18, 1.310702750583989772E-05 ),
 .UNSPECIFIED. ) ;
#977 =( GEOMETRIC_REPRESENTATION_CONTEXT ( 3 ) GLOBAL_UNCERTAINTY_ASSIGNED_CONTEXT ( ( #1201 ) ) GLOBAL_UNIT_ASSIGNED_CONTEXT ( ( #317, #172, #342 ) ) REPRESENTATION_CONTEXT ( 'NONE', 'WORKASPACE' ) );
#978 =( BOUNDED_SURFACE ( )  B_SPLINE_SURFACE ( 3, 2, ( 
 ( #1186, #157, #910 ),
 ( #1797, #1370, #453 ),
 ( #295, #28, #1633 ),
 ( #1503, #615, #921 ) ),
 .UNSPECIFIED., .F., .F., .F. ) 
 B_SPLINE_SURFACE_WITH_KNOTS ( ( 4, 4 ),
 ( 3, 3 ),
 ( 0.001654221355255077732, 0.009736140539373435571 ),
 ( 0.000000000000000000, 1.000000000000000000 ),
 .UNSPECIFIED. ) 
 GEOMETRIC_REPRESENTATION_ITEM ( )  RATIONAL_B_SPLINE_SURFACE ( (
 ( 1.000000000000000000, 0.6945601525106676055, 1.000000000000000000),
 ( 1.000000000000000000, 0.7081468753421416018, 1.000000000000000000),
 ( 1.000000000000000000, 0.7081468753421364948, 1.000000000000000000),
 ( 1.000000000000000000, 0.6945601525106714913, 1.000000000000000000) ) ) 
 REPRESENTATION_ITEM ( '' )  SURFACE ( )  );
#979 = CARTESIAN_POINT ( 'NONE',  ( 4.583333333333333925, 10.00000000000000000, 4.000000000000000000 ) ) ;
#980 = VERTEX_POINT ( 'NONE', #1912 ) ;
#981 = CARTESIAN_POINT ( 'NONE',  ( 1.724839714007850411, 60.00374906278415210, 2.684118922649854522 ) ) ;
#982 = CARTESIAN_POINT ( 'NONE',  ( 10.00000000000000000, 0.000000000000000000, -4.000000000000000000 ) ) ;
#983 = CARTESIAN_POINT ( 'NONE',  ( 5.000000000000000000, 10.00000000000000000, 4.000000000000000000 ) ) ;
#984 = CARTESIAN_POINT ( 'NONE',  ( 9.500000000000000000, 2.499999999999998224, 0.000000000000000000 ) ) ;
#985 = CARTESIAN_POINT ( 'NONE',  ( 8.999999999999996447, 9.633562273040141122, -4.000000000000000000 ) ) ;
#986 = EDGE_LOOP ( 'NONE', ( #946, #1420, #30, #1524, #758, #606, #336, #337 ) ) ;
#987 = CARTESIAN_POINT ( 'NONE',  ( 0.5712579204902463736, 60.00374906278406684, -1.503384824298136913 ) ) ;
#988 = CARTESIAN_POINT ( 'NONE',  ( 9.500000000000000000, 2.999999999999998224, 4.000000000000000000 ) ) ;
#989 = CARTESIAN_POINT ( 'NONE',  ( 7.500000000000002665, -4.000000000000000888, -4.000000000000000000 ) ) ;
#990 = ADVANCED_FACE ( 'NONE', ( #865 ), #409, .F. ) ;
#991 = CYLINDRICAL_SURFACE ( 'NONE', #465, 2.499999999999999112 ) ;
#992 = DIRECTION ( 'NONE',  ( 0.000000000000000000, 0.000000000000000000, -1.000000000000000000 ) ) ;
#993 = CARTESIAN_POINT ( 'NONE',  ( 2.950000000000112976, 0.000000000000000000, 0.000000000000000000 ) ) ;
#994 = CARTESIAN_POINT ( 'NONE',  ( 3.105572635647347202, 60.00374906278407394, 4.251127759855494403 ) ) ;
#995 = ORIENTED_EDGE ( 'NONE', *, *, #1225, .T. ) ;
#996 = CARTESIAN_POINT ( 'NONE',  ( 0.06780762585396869768, 26.67030298733153870, 3.543964101059699096E-15 ) ) ;
#997 = CARTESIAN_POINT ( 'NONE',  ( 5.000000000000000000, 215.0000000000000284, 0.000000000000000000 ) ) ;
#998 = DIRECTION ( 'NONE',  ( -2.168404344971008868E-16, -1.000000000000000000, 0.000000000000000000 ) ) ;
#999 = EDGE_LOOP ( 'NONE', ( #15, #1768, #1494, #1795 ) ) ;
#1000 = CARTESIAN_POINT ( 'NONE',  ( 8.999999999999996447, 9.499989604270735910, 0.1616392729903066705 ) ) ;
#1001 = DIRECTION ( 'NONE',  ( 0.000000000000000000, 1.000000000000000000, 0.000000000000000000 ) ) ;
#1002 = B_SPLINE_CURVE_WITH_KNOTS ( 'NONE', 3,
 ( #1671, #616, #1520, #1386 ),
 .UNSPECIFIED., .F., .F.,
 ( 4, 4 ),
 ( 0.000000000000000000, 0.0003794848791979809938 ),
 .UNSPECIFIED. ) ;
#1003 = DIRECTION ( 'NONE',  ( 0.000000000000000000, 0.000000000000000000, 1.000000000000000000 ) ) ;
#1004 = CARTESIAN_POINT ( 'NONE',  ( 10.00000000000000000, 0.000000000000000000, 4.000000000000000000 ) ) ;
#1005 = VERTEX_POINT ( 'NONE', #1630 ) ;
#1006 = CARTESIAN_POINT ( 'NONE',  ( 8.999999999999998224, 3.499999999999998224, -4.000000000000000000 ) ) ;
#1007 = CARTESIAN_POINT ( 'NONE',  ( 1.000000000000004219, 9.500044060452561112, 2.848415516599440256 ) ) ;
#1008 = ORIENTED_EDGE ( 'NONE', *, *, #624, .T. ) ;
#1009 = CARTESIAN_POINT ( 'NONE',  ( 8.999999999999996447, 9.500669877454633649, 3.637631000190785890 ) ) ;
#1010 = ORIENTED_EDGE ( 'NONE', *, *, #874, .T. ) ;
#1011 = CARTESIAN_POINT ( 'NONE',  ( 9.428742079509747853, 60.00374906278402420, -1.503384824298136246 ) ) ;
#1012 = DIRECTION ( 'NONE',  ( 2.478176394252581634E-16, -1.000000000000000000, 0.000000000000000000 ) ) ;
#1013 = EDGE_CURVE ( 'NONE', #1219, #1677, #1477, .T. ) ;
#1014 = CARTESIAN_POINT ( 'NONE',  ( 3.733172457687516932, 126.6564770998270291, 2.551016119929340853 ) ) ;
#1015 = EDGE_LOOP ( 'NONE', ( #1814, #1297, #1750, #969 ) ) ;
#1016 = B_SPLINE_SURFACE_WITH_KNOTS ( 'NONE', 3, 3, ( 
 ( #1764, #835, #1154, #691, #530, #1276 ),
 ( #378, #1893, #712, #700, #1296, #89 ),
 ( #1317, #1609, #1143, #1284, #1913, #562 ),
 ( #1744, #421, #994, #1014, #1621, #1601 ),
 ( #844, #1125, #1455, #1723, #1884, #273 ),
 ( #979, #1584, #107, #232, #1131, #1306 ),
 ( #165, #434, #898, #1058, #602, #1818 ),
 ( #1660, #1357, #1517, #1933, #887, #1488 ),
 ( #309, #1498, #145, #908, #760, #1 ),
 ( #1509, #739, #592, #1925, #1203, #138 ),
 ( #749, #1347, #729, #471, #1806, #1337 ),
 ( #720, #1794, #1183, #1478, #582, #128 ),
 ( #284, #1368, #25, #571, #1640, #11 ) ),
 .UNSPECIFIED., .F., .F., .F.,
 ( 4, 1, 1, 1, 3, 1, 1, 1, 4 ),
 ( 4, 1, 1, 4 ),
 ( 0.7222222222222223209, 0.7569444444444444198, 0.7916666666666667407, 0.8263888888888890616, 0.8611111111111111605, 0.8958333333333334814, 0.9305555555555555802, 0.9652777777777776791, 1.000000000000000000 ),
 ( 0.000000000000000000, 0.2499968762106128117, 0.5000312453916733180, 1.000000000000000000 ),
 .UNSPECIFIED. ) ;
#1017 = CARTESIAN_POINT ( 'NONE',  ( 9.492675072796084024, 10.00005365954380565, -3.557217277017080903 ) ) ;
#1018 = CARTESIAN_POINT ( 'NONE',  ( 0.9466644601884158794, 9.759317074266178338, 3.513094224969956603 ) ) ;
#1019 = EDGE_CURVE ( 'NONE', #661, #883, #1704, .T. ) ;
#1020 = ORIENTED_EDGE ( 'NONE', *, *, #1402, .F. ) ;
#1021 = VECTOR ( 'NONE', #111, 1000.000000000000000 ) ;
#1022 = CARTESIAN_POINT ( 'NONE',  ( 2.648791543131024717, 126.6564770998267733, 1.966371725760389433 ) ) ;
#1023 = VERTEX_POINT ( 'NONE', #1171 ) ;
#1024 = CARTESIAN_POINT ( 'NONE',  ( 0.5028136197443677791, 10.10234123378413251, 3.810822381971588069 ) ) ;
#1025 = VECTOR ( 'NONE', #1401, 1000.000000000000000 ) ;
#1026 = CARTESIAN_POINT ( 'NONE',  ( 8.999999999999996447, 9.999999999999998224, -4.756179762631771446 ) ) ;
#1027 = AXIS2_PLACEMENT_3D ( 'NONE', #1837, #1214, #635 ) ;
#1028 = APPLICATION_PROTOCOL_DEFINITION ( 'draft international standard', 'automotive_design', 1998, #1499 ) ;
#1029 = CARTESIAN_POINT ( 'NONE',  ( 7.500000000000001776, 0.000000000000000000, 0.000000000000000000 ) ) ;
#1030 = DIRECTION ( 'NONE',  ( 1.000000000000000000, 0.000000000000000000, 0.000000000000000000 ) ) ;
#1031 = DIRECTION ( 'NONE',  ( 0.000000000000000000, 0.000000000000000000, 1.000000000000000000 ) ) ;
#1032 = CARTESIAN_POINT ( 'NONE',  ( 1.000000000000004441, 9.633562273040148227, 4.000000000000000000 ) ) ;
#1033 = VERTEX_POINT ( 'NONE', #1772 ) ;
#1034 = CARTESIAN_POINT ( 'NONE',  ( 8.999999999999996447, 9.500103502858211257, 3.515082181279702844 ) ) ;
#1035 = ORIENTED_EDGE ( 'NONE', *, *, #1591, .F. ) ;
#1036 = CARTESIAN_POINT ( 'NONE',  ( 0.5045434968397952691, 10.37276808653041549, 4.001836254367103329 ) ) ;
#1037 = ADVANCED_FACE ( 'NONE', ( #1766 ), #645, .T. ) ;
#1038 = AXIS2_PLACEMENT_3D ( 'NONE', #432, #127, #570 ) ;
#1039 = VERTEX_POINT ( 'NONE', #102 ) ;
#1040 = CARTESIAN_POINT ( 'NONE',  ( 4.236426396001903072, 210.0000000000002558, -3.444271374289811227 ) ) ;
#1041 = FACE_OUTER_BOUND ( 'NONE', #1786, .T. ) ;
#1042 = CARTESIAN_POINT ( 'NONE',  ( 9.982161095040417820, 10.51726041137807144, -3.996016490204127081 ) ) ;
#1043 = VERTEX_POINT ( 'NONE', #1915 ) ;
#1044 = CARTESIAN_POINT ( 'NONE',  ( 2.499999999999998668, 1.393974221767077101E-15, 4.000000000000000000 ) ) ;
#1045 = ORIENTED_EDGE ( 'NONE', *, *, #936, .T. ) ;
#1046 = FACE_OUTER_BOUND ( 'NONE', #999, .T. ) ;
#1047 = EDGE_CURVE ( 'NONE', #552, #721, #1832, .T. ) ;
#1048 = ORIENTED_EDGE ( 'NONE', *, *, #426, .F. ) ;
#1049 = CARTESIAN_POINT ( 'NONE',  ( 5.978131625799368187, 60.00374906278381815, -4.658354462261226736 ) ) ;
#1050 = CARTESIAN_POINT ( 'NONE',  ( 8.999999999999996447, 10.50835199768892458, -4.500700568701923920 ) ) ;
#1051 = CARTESIAN_POINT ( 'NONE',  ( 0.3364616704301736649, 10.50106627025926009, -3.999230522368316443 ) ) ;
#1052 = AXIS2_PLACEMENT_3D ( 'NONE', #528, #1762, #832 ) ;
#1053 = ORIENTED_EDGE ( 'NONE', *, *, #1939, .F. ) ;
#1054 = DIRECTION ( 'NONE',  ( 1.000000000000000000, 0.000000000000000000, 0.000000000000000000 ) ) ;
#1055 = VECTOR ( 'NONE', #1429, 1000.000000000000000 ) ;
#1056 = CARTESIAN_POINT ( 'NONE',  ( 9.809590211993581832, 26.67030298733154581, -2.003118677991681640 ) ) ;
#1057 = EDGE_CURVE ( 'NONE', #870, #66, #1927, .T. ) ;
#1058 = CARTESIAN_POINT ( 'NONE',  ( 4.999999999999999112, 126.6564770998268301, 2.738060639082458891 ) ) ;
#1059 = VECTOR ( 'NONE', #824, 1000.000000000000000 ) ;
#1060 = CARTESIAN_POINT ( 'NONE',  ( 1.000000000000004441, 9.500107319087611302, 3.557263167277998850 ) ) ;
#1061 = CARTESIAN_POINT ( 'NONE',  ( 8.999999999999996447, 10.24553618249809439, -4.502895764258080469 ) ) ;
#1062 = DIRECTION ( 'NONE',  ( -1.000000000000000000, 0.000000000000000000, 0.000000000000000000 ) ) ;
#1063 = VERTEX_POINT ( 'NONE', #1299 ) ;
#1064 = CARTESIAN_POINT ( 'NONE',  ( 0.01755890658184090791, 10.50415680626778503, -3.996122810762799293 ) ) ;
#1065 = CARTESIAN_POINT ( 'NONE',  ( 1.000000000000004441, 10.37158390975408295, -4.006348697505025314 ) ) ;
#1066 = ORIENTED_EDGE ( 'NONE', *, *, #1804, .F. ) ;
#1067 = CARTESIAN_POINT ( 'NONE',  ( 1.000000000000004441, 9.500107319087621960, -3.557263167339872467 ) ) ;
#1068 = DIRECTION ( 'NONE',  ( 0.000000000000000000, 1.000000000000000000, 0.000000000000000000 ) ) ;
#1069 =( NAMED_UNIT ( * ) PLANE_ANGLE_UNIT ( ) SI_UNIT ( $, .RADIAN. ) );
#1070 = B_SPLINE_CURVE_WITH_KNOTS ( 'NONE', 3,
 ( #105, #698, #114, #1303 ),
 .UNSPECIFIED., .F., .F.,
 ( 4, 4 ),
 ( 0.000000000000000000, 0.0003794848791979892879 ),
 .UNSPECIFIED. ) ;
#1071 = CARTESIAN_POINT ( 'NONE',  ( 6.401302253352442406, 176.6672094156630806, -3.268101363076731047 ) ) ;
#1072 = CARTESIAN_POINT ( 'NONE',  ( 9.498787791293304750, 10.01367067304133407, -3.634218128562896499 ) ) ;
#1073 = FACE_OUTER_BOUND ( 'NONE', #316, .T. ) ;
#1074 = ORIENTED_EDGE ( 'NONE', *, *, #79, .F. ) ;
#1075 = DIRECTION ( 'NONE',  ( -0.7071067811865526798, 8.659560562354872461E-17, -0.7071067811865424657 ) ) ;
#1076 = CARTESIAN_POINT ( 'NONE',  ( 0.5028136197441488431, 10.10234123378423732, -3.810822381971694650 ) ) ;
#1077 = ORIENTED_EDGE ( 'NONE', *, *, #1939, .T. ) ;
#1078 = CYLINDRICAL_SURFACE ( 'NONE', #918, 2.000000000000000000 ) ;
#1079 = CARTESIAN_POINT ( 'NONE',  ( 7.517548633039813133, 210.0000000000000568, -2.444735766055605719 ) ) ;
#1080 = DIRECTION ( 'NONE',  ( -1.000000000000000000, 0.000000000000000000, 0.000000000000000000 ) ) ;
#1081 = EDGE_LOOP ( 'NONE', ( #38, #1836, #1757, #348 ) ) ;
#1082 = CARTESIAN_POINT ( 'NONE',  ( 2.692762954981318111E-05, 10.00000000000458655, -1.400150406057276697 ) ) ;
#1083 = ADVANCED_FACE ( 'NONE', ( #543 ), #377, .F. ) ;
#1084 = CIRCLE ( 'NONE', #459, 2.499999999999999112 ) ;
#1085 = DIRECTION ( 'NONE',  ( 0.000000000000000000, 0.000000000000000000, -1.000000000000000000 ) ) ;
#1086 = ORIENTED_EDGE ( 'NONE', *, *, #652, .F. ) ;
#1087 = DIRECTION ( 'NONE',  ( -1.000000000000000000, 0.000000000000000000, 0.000000000000000000 ) ) ;
#1088 = CARTESIAN_POINT ( 'NONE',  ( 9.494890155787578223, 10.00002185973309743, 2.841278498385724216 ) ) ;
#1089 = DIRECTION ( 'NONE',  ( 0.000000000000000000, 0.000000000000000000, 1.000000000000000000 ) ) ;
#1090 = CARTESIAN_POINT ( 'NONE',  ( 0.5071775444280093303, 10.00005152176242262, -3.509877308730655177 ) ) ;
#1091 = ORIENTED_EDGE ( 'NONE', *, *, #1327, .T. ) ;
#1092 = EDGE_LOOP ( 'NONE', ( #1427, #665, #1222, #365 ) ) ;
#1093 = CARTESIAN_POINT ( 'NONE',  ( 9.193083897382591019, 10.19273860308401680, -4.001747862568872272 ) ) ;
#1094 = CARTESIAN_POINT ( 'NONE',  ( 9.501212186518682046, 10.49958234981537686, -4.000703705897632467 ) ) ;
#1095 = ORIENTED_EDGE ( 'NONE', *, *, #1741, .F. ) ;
#1096 = CARTESIAN_POINT ( 'NONE',  ( 1.000000000000005107, 9.633562273040135793, -4.000000000000000000 ) ) ;
#1097 = EDGE_CURVE ( 'NONE', #980, #1277, #1147, .T. ) ;
#1098 = CARTESIAN_POINT ( 'NONE',  ( 0.000000000000000000, 0.000000000000000000, -4.000000000000000000 ) ) ;
#1099 = CARTESIAN_POINT ( 'NONE',  ( 0.5074578236128834963, 10.49950319708384150, -4.000782264771591379 ) ) ;
#1100 = B_SPLINE_CURVE_WITH_KNOTS ( 'NONE', 3,
 ( #1156, #1135, #1758, #414 ),
 .UNSPECIFIED., .F., .F.,
 ( 4, 4 ),
 ( 2.168404344971008627E-19, 0.0006401793638880191612 ),
 .UNSPECIFIED. ) ;
#1101 = ORIENTED_EDGE ( 'NONE', *, *, #793, .F. ) ;
#1102 = CARTESIAN_POINT ( 'NONE',  ( 0.5000000000000004441, 2.999999999999998224, -4.000000000000000000 ) ) ;
#1103 = CARTESIAN_POINT ( 'NONE',  ( 1.000000000000004441, 9.500012414000748251, -3.505677226810206992 ) ) ;
#1104 = ORIENTED_EDGE ( 'NONE', *, *, #1392, .F. ) ;
#1105 = CARTESIAN_POINT ( 'NONE',  ( 1.000000000000004441, 9.499889637397345155, -1.185754439098899438 ) ) ;
#1106 = EDGE_CURVE ( 'NONE', #1387, #218, #895, .T. ) ;
#1107 = CARTESIAN_POINT ( 'NONE',  ( 0.9048626625680588065, 10.00000000000000000, 4.000000000000000000 ) ) ;
#1108 = CARTESIAN_POINT ( 'NONE',  ( 0.5053374773459987646, 10.00008147141549841, -3.511181077419070817 ) ) ;
#1109 = B_SPLINE_CURVE_WITH_KNOTS ( 'NONE', 3,
 ( #1432, #387, #1642, #83, #1279, #1726 ),
 .UNSPECIFIED., .F., .F.,
 ( 4, 2, 4 ),
 ( 8.673617379884035472E-19, 0.0003832332578383093190, 0.0007664665156766169033 ),
 .UNSPECIFIED. ) ;
#1110 = VERTEX_POINT ( 'NONE', #988 ) ;
#1111 = CARTESIAN_POINT ( 'NONE',  ( 9.657191348272872844, 10.00958071867155041, -4.000275270056333987 ) ) ;
#1112 = DIRECTION ( 'NONE',  ( -1.858632295689435856E-16, 1.000000000000000000, 0.000000000000000000 ) ) ;
#1113 = COLOUR_RGB ( '',0.7921568627450980005, 0.8196078431372548767, 0.9333333333333333481 ) ;
#1114 = AXIS2_PLACEMENT_3D ( 'NONE', #965, #211, #840 ) ;
#1115 = ADVANCED_FACE ( 'NONE', ( #1748 ), #92, .T. ) ;
#1116 =( BOUNDED_SURFACE ( )  B_SPLINE_SURFACE ( 3, 2, ( 
 ( #216, #960, #1559 ),
 ( #1248, #843, #1859 ),
 ( #809, #647, #1851 ),
 ( #187, #1698, #1743 ) ),
 .UNSPECIFIED., .F., .F., .F. ) 
 B_SPLINE_SURFACE_WITH_KNOTS ( ( 4, 4 ),
 ( 3, 3 ),
 ( 0.002396245421560272339, 0.002889041005423840808 ),
 ( 0.01358477342947058547, 1.000000000000000000 ),
 .UNSPECIFIED. ) 
 GEOMETRIC_REPRESENTATION_ITEM ( )  RATIONAL_B_SPLINE_SURFACE ( (
 ( 0.9920707742939278706, 0.7081576020667877946, 1.000000000000000000),
 ( 0.9921016434438036935, 0.7092937693365681806, 1.000000000000000000),
 ( 0.9921313323841125520, 0.7103864979147436198, 1.000000000000000000),
 ( 0.9921597410180965637, 0.7114321036486777050, 1.000000000000000000) ) ) 
 REPRESENTATION_ITEM ( '' )  SURFACE ( )  );
#1117 = CARTESIAN_POINT ( 'NONE',  ( 3.250000000000000000, 0.000000000000000000, 0.000000000000000000 ) ) ;
#1118 = ORIENTED_EDGE ( 'NONE', *, *, #241, .F. ) ;
#1119 = EDGE_CURVE ( 'NONE', #1677, #389, #1713, .T. ) ;
#1120 = CARTESIAN_POINT ( 'NONE',  ( 0.4258797544875443930, 26.67030298733163107, 3.272769437553190386 ) ) ;
#1121 = CARTESIAN_POINT ( 'NONE',  ( 9.982441093418170652, 10.50415680626778325, 3.996122810762796629 ) ) ;
#1122 = AXIS2_PLACEMENT_3D ( 'NONE', #815, #1423, #851 ) ;
#1123 = CYLINDRICAL_SURFACE ( 'NONE', #1539, 0.5000000000000004441 ) ;
#1124 = CARTESIAN_POINT ( 'NONE',  ( 0.5045337178206519280, 10.49952988160629630, -4.000755782676144179 ) ) ;
#1125 = CARTESIAN_POINT ( 'NONE',  ( 3.840618261279882262, 26.67030298733169502, 4.715627133598244924 ) ) ;
#1126 = EDGE_LOOP ( 'NONE', ( #1563, #256, #1270, #995, #1118, #1694, #325, #765 ) ) ;
#1127 = CARTESIAN_POINT ( 'NONE',  ( 9.492537764518719001, 10.00953799768772079, -4.000295452243081584 ) ) ;
#1128 = DIRECTION ( 'NONE',  ( -1.858632295689435856E-16, 1.000000000000000000, 0.000000000000000000 ) ) ;
#1129 = FACE_OUTER_BOUND ( 'NONE', #1372, .T. ) ;
#1130 = CARTESIAN_POINT ( 'NONE',  ( 6.750000000000000888, 0.000000000000000000, 0.000000000000000000 ) ) ;
#1131 = CARTESIAN_POINT ( 'NONE',  ( 4.761363112447926760, 176.6672094156632511, 3.560313249643688227 ) ) ;
#1132 = ADVANCED_FACE ( 'NONE', ( #1632 ), #1468, .F. ) ;
#1133 = ORIENTED_EDGE ( 'NONE', *, *, #1838, .F. ) ;
#1134 = CARTESIAN_POINT ( 'NONE',  ( 0.000000000000000000, 10.00000000000000000, -4.000000000000000000 ) ) ;
#1135 = CARTESIAN_POINT ( 'NONE',  ( 0.8069117228826890864, 10.19274722149743440, -4.001747940725516095 ) ) ;
#1136 = CARTESIAN_POINT ( 'NONE',  ( 0.8069161026174098694, 10.19273860308401503, 4.001747862568872272 ) ) ;
#1137 = DIRECTION ( 'NONE',  ( -1.000000000000000000, 1.858632295689435856E-16, 0.000000000000000000 ) ) ;
#1138 = EDGE_CURVE ( 'NONE', #197, #1196, #1290, .T. ) ;
#1139 = DIRECTION ( 'NONE',  ( 1.000000000000000000, -0.000000000000000000, -0.000000000000000000 ) ) ;
#1140 = CARTESIAN_POINT ( 'NONE',  ( 10.00000000000000000, 2.499999999999998224, -4.000000000000000000 ) ) ;
#1141 = CONICAL_SURFACE ( 'NONE', #1465, 2.000000000000000000, 0.7853981633974548293 ) ;
#1142 = B_SPLINE_CURVE_WITH_KNOTS ( 'NONE', 3,
 ( #1867, #1258, #945, #1238, #627, #664, #1108, #1699, #1840, #1707 ),
 .UNSPECIFIED., .F., .F.,
 ( 4, 3, 3, 4 ),
 ( 2.082684362675784987E-18, 3.707175170096736015E-06, 6.478315869229825609E-06, 8.357547198106023462E-06 ),
 .UNSPECIFIED. ) ;
#1143 = CARTESIAN_POINT ( 'NONE',  ( 2.309988541284353492, 60.00374906278419473, 3.592757012791319315 ) ) ;
#1144 = VECTOR ( 'NONE', #1318, 1000.000000000000000 ) ;
#1145 = VERTEX_POINT ( 'NONE', #1173 ) ;
#1146 = CARTESIAN_POINT ( 'NONE',  ( 1.643483358779845416, 209.9999999999998579, 1.221682476207500478 ) ) ;
#1147 = LINE ( 'NONE', #1480, #1379 ) ;
#1148 = CARTESIAN_POINT ( 'NONE',  ( 0.01755890658184072750, 10.50415680626778148, 3.996122810762797517 ) ) ;
#1149 = ORIENTED_EDGE ( 'NONE', *, *, #580, .F. ) ;
#1150 = CARTESIAN_POINT ( 'NONE',  ( 8.999999999999996447, 9.500012414000750027, 3.505677226811455327 ) ) ;
#1151 = VECTOR ( 'NONE', #677, 1000.000000000000000 ) ;
#1152 = CARTESIAN_POINT ( 'NONE',  ( 9.425082169526140419, 26.67030298733163818, 3.876483595510677116 ) ) ;
#1153 = CARTESIAN_POINT ( 'NONE',  ( 2.318844449083576897, 210.0000000000000284, -2.249756633902888936 ) ) ;
#1154 = CARTESIAN_POINT ( 'NONE',  ( 1.724839714007850411, 60.00374906278415210, 2.684118922649854522 ) ) ;
#1155 = VERTEX_POINT ( 'NONE', #1449 ) ;
#1156 = CARTESIAN_POINT ( 'NONE',  ( 0.9048626625680622482, 10.00000000000000000, -4.000000000000000000 ) ) ;
#1157 = LINE ( 'NONE', #1604, #174 ) ;
#1158 = ORIENTED_EDGE ( 'NONE', *, *, #1672, .T. ) ;
#1159 = CARTESIAN_POINT ( 'NONE',  ( 7.050000000000073541, 0.000000000000000000, -2.000000000000000000 ) ) ;
#1160 = CARTESIAN_POINT ( 'NONE',  ( 8.999999999999994671, 9.761807266955511153, -4.000000000000000000 ) ) ;
#1161 = CARTESIAN_POINT ( 'NONE',  ( 8.999999999999996447, 9.633562273040142898, 4.000000000000000000 ) ) ;
#1162 = EDGE_CURVE ( 'NONE', #747, #464, #26, .T. ) ;
#1163 = CARTESIAN_POINT ( 'NONE',  ( 9.652364373949984255, 10.00009319143956077, 3.508967073138064663 ) ) ;
#1164 = ORIENTED_EDGE ( 'NONE', *, *, #1326, .F. ) ;
#1165 = CARTESIAN_POINT ( 'NONE',  ( 8.999999999999996447, 9.500107319087616631, 3.557263167339549170 ) ) ;
#1166 = CARTESIAN_POINT ( 'NONE',  ( 1.000000000000004441, 9.633562273040148227, 4.000000000000000000 ) ) ;
#1167 = ORIENTED_EDGE ( 'NONE', *, *, #237, .T. ) ;
#1168 = CARTESIAN_POINT ( 'NONE',  ( 8.999999999999996447, 10.24553618249869480, 4.502895764260005151 ) ) ;
#1169 = EDGE_LOOP ( 'NONE', ( #1505, #1091, #1550 ) ) ;
#1170 = CARTESIAN_POINT ( 'NONE',  ( 0.5023135748516677213, 10.06485196745310695, 3.755650506478200867 ) ) ;
#1171 = CARTESIAN_POINT ( 'NONE',  ( 2.318844449083576009, 210.0000000000000284, 2.249756633902888048 ) ) ;
#1172 = ORIENTED_EDGE ( 'NONE', *, *, #1649, .F. ) ;
#1173 = CARTESIAN_POINT ( 'NONE',  ( 8.999999999999996447, 9.633562273040141122, -4.000000000000000000 ) ) ;
#1174 = CARTESIAN_POINT ( 'NONE',  ( 0.1833745207308411507, 10.00009348601156312, -3.507423359379336691 ) ) ;
#1175 = CARTESIAN_POINT ( 'NONE',  ( 9.495940395723014404, 10.24299052891641360, 3.948353968168357042 ) ) ;
#1176 = EDGE_CURVE ( 'NONE', #504, #596, #1100, .T. ) ;
#1177 = ORIENTED_EDGE ( 'NONE', *, *, #1844, .F. ) ;
#1178 = AXIS2_PLACEMENT_3D ( 'NONE', #667, #1272, #829 ) ;
#1179 = CARTESIAN_POINT ( 'NONE',  ( 2.318844449083576009, 210.0000000000000284, 2.249756633902888048 ) ) ;
#1180 =( BOUNDED_SURFACE ( )  B_SPLINE_SURFACE ( 3, 2, ( 
 ( #1847, #497, #1067 ),
 ( #1857, #505, #1105 ),
 ( #1525, #769, #1703 ),
 ( #361, #461, #1060 ) ),
 .UNSPECIFIED., .F., .F., .F. ) 
 B_SPLINE_SURFACE_WITH_KNOTS ( ( 4, 4 ),
 ( 3, 3 ),
 ( 0.001950712515662997824, 0.009065238848810172959 ),
 ( 0.000000000000000000, 1.000000000000000000 ),
 .UNSPECIFIED. ) 
 GEOMETRIC_REPRESENTATION_ITEM ( )  RATIONAL_B_SPLINE_SURFACE ( (
 ( 1.000000000000000000, 0.7122674548258506322, 1.000000000000000000),
 ( 1.000000000000000000, 0.7069447757051281478, 1.000000000000000000),
 ( 1.000000000000000000, 0.7069447757063601623, 1.000000000000000000),
 ( 1.000000000000000000, 0.7122674548257145188, 1.000000000000000000) ) ) 
 REPRESENTATION_ITEM ( '' )  SURFACE ( )  );
#1181 = ORIENTED_EDGE ( 'NONE', *, *, #282, .T. ) ;
#1182 = CARTESIAN_POINT ( 'NONE',  ( 7.681155550916423991, 210.0000000000000284, -2.249756633902888492 ) ) ;
#1183 = CARTESIAN_POINT ( 'NONE',  ( 8.104414673421002746, 60.00374906278416631, 3.006869597603905930 ) ) ;
#1184 = ORIENTED_EDGE ( 'NONE', *, *, #1576, .T. ) ;
#1185 = CARTESIAN_POINT ( 'NONE',  ( 3.750000000000005773, 9.999999999999987566, -4.000000000000000000 ) ) ;
#1186 = CARTESIAN_POINT ( 'NONE',  ( 9.482134486404950380, 9.999999999999994671, 4.040922654176095641 ) ) ;
#1187 = CARTESIAN_POINT ( 'NONE',  ( 1.000000000000004219, 9.500103502866545924, 3.515082181276486750 ) ) ;
#1188 = ORIENTED_EDGE ( 'NONE', *, *, #916, .T. ) ;
#1189 = CARTESIAN_POINT ( 'NONE',  ( 9.497686425148177847, 10.06485196745342137, 3.755650506478741324 ) ) ;
#1190 = ORIENTED_EDGE ( 'NONE', *, *, #58, .T. ) ;
#1191 = CARTESIAN_POINT ( 'NONE',  ( 1.000000000000004441, 10.24553618249800024, 4.502895764259904787 ) ) ;
#1192 = CARTESIAN_POINT ( 'NONE',  ( 0.000000000000000000, 0.000000000000000000, -4.000000000000000000 ) ) ;
#1193 = CARTESIAN_POINT ( 'NONE',  ( 3.598697746647574025, 176.6672094156631090, -3.268101363076731936 ) ) ;
#1194 = CARTESIAN_POINT ( 'NONE',  ( 8.999999999999996447, 10.37158390975382893, -4.006348697505823786 ) ) ;
#1195 = CARTESIAN_POINT ( 'NONE',  ( 0.6379793116272512998, 9.998172957450952580, 3.510869462035608457 ) ) ;
#1196 = VERTEX_POINT ( 'NONE', #1006 ) ;
#1197 = CARTESIAN_POINT ( 'NONE',  ( 9.495456503156615824, 10.37276808653084359, 4.001836254367181489 ) ) ;
#1198 = ORIENTED_EDGE ( 'NONE', *, *, #1718, .F. ) ;
#1199 = CARTESIAN_POINT ( 'NONE',  ( 10.00000000000002132, 10.00000000000002132, 4.336808689942017736E-16 ) ) ;
#1200 = EDGE_CURVE ( 'NONE', #1063, #1456, #1613, .T. ) ;
#1201 = UNCERTAINTY_MEASURE_WITH_UNIT (LENGTH_MEASURE( 1.000000000000000082E-05 ), #317, 'distance_accuracy_value', 'NONE');
#1202 = B_SPLINE_CURVE_WITH_KNOTS ( 'NONE', 3,
 ( #1705, #1697, #800, #1417, #1088, #215, #69, #943, #470, #318, #353, #951, #344, #1828, #332, #919 ),
 .UNSPECIFIED., .F., .F.,
 ( 4, 3, 3, 3, 3, 4 ),
 ( -2.918994143585359014E-06, 4.235164736271501695E-22, 0.001999968034413721844, 0.005999946162401871390, 0.007015876525120504255, 0.007018795519292706474 ),
 .UNSPECIFIED. ) ;
#1203 = CARTESIAN_POINT ( 'NONE',  ( 6.401302253352433524, 176.6672094156632795, 3.268101363076731491 ) ) ;
#1204 = CARTESIAN_POINT ( 'NONE',  ( 1.250000000000000666, 9.999999999999985789, -3.999999999999997335 ) ) ;
#1205 = CARTESIAN_POINT ( 'NONE',  ( 9.495466438036968881, 10.50417599884446140, -4.000738562295858891 ) ) ;
#1206 = CARTESIAN_POINT ( 'NONE',  ( 9.982441093418163547, 10.50415680626778858, -3.996122810762798405 ) ) ;
#1207 = AXIS2_PLACEMENT_3D ( 'NONE', #1130, #258, #519 ) ;
#1208 = ORIENTED_EDGE ( 'NONE', *, *, #237, .F. ) ;
#1209 = CYLINDRICAL_SURFACE ( 'NONE', #618, 4.000000000000000000 ) ;
#1210 = DIRECTION ( 'NONE',  ( 0.000000000000000000, 1.000000000000000000, 0.000000000000000000 ) ) ;
#1211 = ORIENTED_EDGE ( 'NONE', *, *, #282, .F. ) ;
#1212 = VECTOR ( 'NONE', #110, 1000.000000000000000 ) ;
#1213 = CARTESIAN_POINT ( 'NONE',  ( 8.118293948698148910, 176.6672094156632795, -1.271771328998194894 ) ) ;
#1214 = DIRECTION ( 'NONE',  ( 0.000000000000000000, 0.000000000000000000, 1.000000000000000000 ) ) ;
#1215 =( LENGTH_UNIT ( ) NAMED_UNIT ( * ) SI_UNIT ( .MILLI., .METRE. ) );
#1216 = CARTESIAN_POINT ( 'NONE',  ( 8.396688148740311775, 26.67030298733149252, -4.259594801468354675 ) ) ;
#1217 = CARTESIAN_POINT ( 'NONE',  ( 9.495456503154814598, 10.37276808653056293, -4.001836254367152179 ) ) ;
#1218 = CARTESIAN_POINT ( 'NONE',  ( 0.1770096547682319943, 10.50258400530430514, -3.997711634433915417 ) ) ;
#1219 = VERTEX_POINT ( 'NONE', #1032 ) ;
#1220 = CARTESIAN_POINT ( 'NONE',  ( 10.00000000000000000, 10.00000000000000000, 4.000000000000000000 ) ) ;
#1221 = CARTESIAN_POINT ( 'NONE',  ( 0.000000000000000000, 0.000000000000000000, 4.000000000000000000 ) ) ;
#1222 = ORIENTED_EDGE ( 'NONE', *, *, #548, .T. ) ;
#1223 = FACE_OUTER_BOUND ( 'NONE', #658, .T. ) ;
#1224 = PRODUCT_RELATED_PRODUCT_CATEGORY ( 'part', '', ( #1339 ) ) ;
#1225 = EDGE_CURVE ( 'NONE', #1605, #764, #1803, .T. ) ;
#1226 = CARTESIAN_POINT ( 'NONE',  ( 0.000000000000000000, 0.000000000000000000, 0.000000000000000000 ) ) ;
#1227 = EDGE_CURVE ( 'NONE', #783, #1842, #51, .T. ) ;
#1228 = CARTESIAN_POINT ( 'NONE',  ( 7.549181991712040407, 176.6672094156631942, -2.363766421355003367 ) ) ;
#1229 = CARTESIAN_POINT ( 'NONE',  ( 9.860958939176949656, 10.16634952006135428, 3.874995063220395775 ) ) ;
#1230 = ORIENTED_EDGE ( 'NONE', *, *, #301, .F. ) ;
#1231 = ORIENTED_EDGE ( 'NONE', *, *, #816, .T. ) ;
#1232 = DIRECTION ( 'NONE',  ( 0.000000000000000000, 0.000000000000000000, -1.000000000000000000 ) ) ;
#1233 = FACE_OUTER_BOUND ( 'NONE', #1702, .T. ) ;
#1234 = ORIENTED_EDGE ( 'NONE', *, *, #399, .T. ) ;
#1235 = CIRCLE ( 'NONE', #382, 0.4999999999999998890 ) ;
#1236 = CARTESIAN_POINT ( 'NONE',  ( 9.499870509439990229, 10.00020330431580717, 3.514953063323419169 ) ) ;
#1237 = DIRECTION ( 'NONE',  ( 0.000000000000000000, 0.000000000000000000, -1.000000000000000000 ) ) ;
#1238 = CARTESIAN_POINT ( 'NONE',  ( 0.5029197518180881232, 10.00013115890666171, -3.512513312333472637 ) ) ;
#1239 = VERTEX_POINT ( 'NONE', #131 ) ;
#1240 = ORIENTED_EDGE ( 'NONE', *, *, #1817, .F. ) ;
#1241 = DIRECTION ( 'NONE',  ( -1.000000000000000000, -0.000000000000000000, -0.000000000000000000 ) ) ;
#1243 = EDGE_CURVE ( 'NONE', #1456, #1005, #1157, .T. ) ;
#1242 = FACE_OUTER_BOUND ( 'NONE', #1323, .T. ) ;
#1244 = EDGE_LOOP ( 'NONE', ( #1664, #143, #347, #1353, #796, #804 ) ) ;
#1245 = CARTESIAN_POINT ( 'NONE',  ( 9.499870509439990229, 10.00020330431580717, 3.514953063323419169 ) ) ;
#1246 = AXIS2_PLACEMENT_3D ( 'NONE', #1292, #405, #998 ) ;
#1247 =( GEOMETRIC_REPRESENTATION_CONTEXT ( 3 ) GLOBAL_UNCERTAINTY_ASSIGNED_CONTEXT ( ( #529 ) ) GLOBAL_UNIT_ASSIGNED_CONTEXT ( ( #1215, #1069, #1650 ) ) REPRESENTATION_CONTEXT ( 'NONE', 'WORKASPACE' ) );
#1248 = CARTESIAN_POINT ( 'NONE',  ( 0.1833745207273217992, 10.00009348601152581, 3.507423359379899352 ) ) ;
#1249 = VECTOR ( 'NONE', #773, 1000.000000000000000 ) ;
#1250 = CARTESIAN_POINT ( 'NONE',  ( 0.5071745342134091894, 10.00005147855248921, -3.508904314990168860 ) ) ;
#1251 = ORIENTED_EDGE ( 'NONE', *, *, #1924, .F. ) ;
#1252 = DIRECTION ( 'NONE',  ( 2.478176394252581634E-16, -1.000000000000000000, 0.000000000000000000 ) ) ;
#1253 = CARTESIAN_POINT ( 'NONE',  ( 1.000000000000004219, 10.01245206877451466, -3.634441208235049459 ) ) ;
#1254 = ORIENTED_EDGE ( 'NONE', *, *, #426, .T. ) ;
#1255 = EDGE_CURVE ( 'NONE', #596, #198, #1484, .T. ) ;
#1256 = CARTESIAN_POINT ( 'NONE',  ( 9.492819444209338542, 10.00005156501586079, 3.510850302458317529 ) ) ;
#1257 = CARTESIAN_POINT ( 'NONE',  ( 9.982405021727570826, 10.50852551847748551, 3.996086844426278262 ) ) ;
#1258 = CARTESIAN_POINT ( 'NONE',  ( 0.5010043594803256228, 10.00017819438165212, -3.514080715755595996 ) ) ;
#1259 = CIRCLE ( 'NONE', #410, 0.5000000000000004441 ) ;
#1260 = ORIENTED_EDGE ( 'NONE', *, *, #600, .T. ) ;
#1261 = CARTESIAN_POINT ( 'NONE',  ( 1.724839714007852409, 60.00374906278393894, -2.684118922649842087 ) ) ;
#1262 = CARTESIAN_POINT ( 'NONE',  ( 9.498482818955569229, 10.00016486623843726, -3.513615938663933402 ) ) ;
#1263 = ORIENTED_EDGE ( 'NONE', *, *, #1600, .T. ) ;
#1264 = DIRECTION ( 'NONE',  ( 0.000000000000000000, 0.000000000000000000, 1.000000000000000000 ) ) ;
#1265 = EDGE_CURVE ( 'NONE', #1717, #1507, #579, .T. ) ;
#1266 = VECTOR ( 'NONE', #761, 1000.000000000000000 ) ;
#1267 = B_SPLINE_CURVE_WITH_KNOTS ( 'NONE', 3,
 ( #1418, #70, #690, #1295 ),
 .UNSPECIFIED., .F., .F.,
 ( 4, 4 ),
 ( 0.000000000000000000, 1.310702750584871703E-05 ),
 .UNSPECIFIED. ) ;
#1268 = EDGE_CURVE ( 'NONE', #1917, #552, #676, .T. ) ;
#1269 = CARTESIAN_POINT ( 'NONE',  ( 0.5074622354919936518, 10.00953799768779540, -4.000295452243078032 ) ) ;
#1270 = ORIENTED_EDGE ( 'NONE', *, *, #1649, .T. ) ;
#1271 = CARTESIAN_POINT ( 'NONE',  ( 1.700266134215089764, 176.6672094156634216, 2.323345412937194419E-15 ) ) ;
#1272 = DIRECTION ( 'NONE',  ( 1.000000000000000000, -0.000000000000000000, -0.000000000000000000 ) ) ;
#1273 = PLANE ( 'NONE',  #1715 ) ;
#1274 = LINE ( 'NONE', #975, #234 ) ;
#1275 = AXIS2_PLACEMENT_3D ( 'NONE', #1928, #1469, #1351 ) ;
#1276 = CARTESIAN_POINT ( 'NONE',  ( 2.318844449083576009, 210.0000000000000284, 2.249756633902888048 ) ) ;
#1277 = VERTEX_POINT ( 'NONE', #1481 ) ;
#1278 = CARTESIAN_POINT ( 'NONE',  ( 0.000000000000000000, 10.00000000000000000, 4.000000000000000000 ) ) ;
#1279 = CARTESIAN_POINT ( 'NONE',  ( 0.5045326149446697217, 10.36994614744124732, 4.000633928218669588 ) ) ;
#1280 = CARTESIAN_POINT ( 'NONE',  ( 0.6556117461733140805, 10.34690396011230362, 4.001982219429943477 ) ) ;
#1281 = DIRECTION ( 'NONE',  ( 0.000000000000000000, 0.000000000000000000, -1.000000000000000000 ) ) ;
#1282 = CARTESIAN_POINT ( 'NONE',  ( 5.000000000000000000, 215.0000000000000284, 0.000000000000000000 ) ) ;
#1283 = ADVANCED_FACE ( 'NONE', ( #296 ), #705, .T. ) ;
#1284 = CARTESIAN_POINT ( 'NONE',  ( 3.153612309744441955, 126.6564770998267733, 2.305051562103038076 ) ) ;
#1285 = ORIENTED_EDGE ( 'NONE', *, *, #963, .F. ) ;
#1286 = B_SPLINE_SURFACE_WITH_KNOTS ( 'NONE', 3, 3, ( 
 ( #920, #166, #156, #888, #1228, #775 ),
 ( #175, #310, #27, #626, #294, #1079 ),
 ( #614, #1216, #302, #36, #1820, #1340 ),
 ( #1502, #147, #473, #909, #1071, #1652 ),
 ( #901, #1669, #1049, #321, #1490, #1527 ),
 ( #1830, #481, #1510, #1349, #1679, #877 ),
 ( #140, #731, #1796, #1935, #1359, #584 ),
 ( #1185, #12, #741, #1787, #443, #1040 ),
 ( #1643, #3, #603, #593, #1193, #452 ),
 ( #1204, #1808, #1661, #1518, #1547, #106 ),
 ( #61, #1393, #656, #1688, #699, #52 ),
 ( #929, #250, #637, #44, #802, #1153 ) ),
 .UNSPECIFIED., .F., .F., .F.,
 ( 4, 1, 1, 1, 2, 1, 1, 1, 4 ),
 ( 4, 1, 1, 4 ),
 ( 0.2222222222222222932, 0.2569444444444445308, 0.2916666666666667407, 0.3263888888888889506, 0.3611111111111111605, 0.3958333333333332593, 0.4305555555555555802, 0.4652777777777779011, 0.5000000000000000000 ),
 ( 0.000000000000000000, 0.2499968762106128117, 0.5000312453916733180, 1.000000000000000000 ),
 .UNSPECIFIED. ) ;
#1287 = EDGE_CURVE ( 'NONE', #917, #1219, #1923, .T. ) ;
#1288 = CARTESIAN_POINT ( 'NONE',  ( 9.821627197155457623, 10.00962552122944693, -4.000258413482534969 ) ) ;
#1289 = CARTESIAN_POINT ( 'NONE',  ( 3.250000000000000000, 2.449293598294705921E-16, -2.000000000000000000 ) ) ;
#1290 = LINE ( 'NONE', #1888, #1212 ) ;
#1291 = B_SPLINE_CURVE_WITH_KNOTS ( 'NONE', 3,
 ( #719, #1325, #419, #875, #559, #1753 ),
 .UNSPECIFIED., .F., .F.,
 ( 4, 2, 4 ),
 ( 0.000000000000000000, 0.0003870917977770950338, 0.0007741835955541900675 ),
 .UNSPECIFIED. ) ;
#1292 = CARTESIAN_POINT ( 'NONE',  ( 2.499999999999998668, 0.000000000000000000, 0.000000000000000000 ) ) ;
#1293 = CARTESIAN_POINT ( 'NONE',  ( -0.001314505667070490309, 10.49930790790628876, 1.332083927448304728 ) ) ;
#1294 = CARTESIAN_POINT ( 'NONE',  ( 7.500000000000000000, 10.00000000000000000, 4.756179762631780328 ) ) ;
#1295 = CARTESIAN_POINT ( 'NONE',  ( 0.01783890495958653441, 10.51726041137807321, -3.996016490204127969 ) ) ;
#1296 = CARTESIAN_POINT ( 'NONE',  ( 2.612838879974569650, 176.6672094156632511, 2.549195141581817925 ) ) ;
#1297 = ORIENTED_EDGE ( 'NONE', *, *, #121, .F. ) ;
#1298 = CARTESIAN_POINT ( 'NONE',  ( 0.000000000000000000, 9.999999999999998224, 2.000000000000000000 ) ) ;
#1299 = CARTESIAN_POINT ( 'NONE',  ( 9.095137337431937752, 10.00000000000000000, 4.000000000000000000 ) ) ;
#1300 = CARTESIAN_POINT ( 'NONE',  ( 3.250000000000000000, 0.000000000000000000, 1.700000000000117639 ) ) ;
#1301 = CARTESIAN_POINT ( 'NONE',  ( 9.504085138103842922, 10.49960861318559147, 4.000677632556170593 ) ) ;
#1302 = EDGE_CURVE ( 'NONE', #134, #1277, #733, .T. ) ;
#1303 = CARTESIAN_POINT ( 'NONE',  ( 0.9048626625680622482, 10.00000000000000000, -4.000000000000000000 ) ) ;
#1304 = CARTESIAN_POINT ( 'NONE',  ( 7.050000000000073541, 0.000000000000000000, 0.000000000000000000 ) ) ;
#1305 = VECTOR ( 'NONE', #1685, 1000.000000000000000 ) ;
#1306 = CARTESIAN_POINT ( 'NONE',  ( 4.745472819620162319, 210.0000000000000284, 3.500000000000001332 ) ) ;
#1307 = AXIS2_PLACEMENT_3D ( 'NONE', #263, #1603, #1776 ) ;
#1308 = DIRECTION ( 'NONE',  ( -0.000000000000000000, -1.000000000000000000, -0.000000000000000000 ) ) ;
#1309 = DIRECTION ( 'NONE',  ( 0.7071067811865429098, 8.659560562354989558E-17, 0.7071067811865522357 ) ) ;
#1310 = CARTESIAN_POINT ( 'NONE',  ( 0.5001294905599067420, 10.00020330431581250, -3.514953063323395188 ) ) ;
#1311 = ORIENTED_EDGE ( 'NONE', *, *, #1866, .F. ) ;
#1312 = CARTESIAN_POINT ( 'NONE',  ( 2.450818008287962257, 176.6672094156632511, 2.363766421355003367 ) ) ;
#1313 = AXIS2_PLACEMENT_3D ( 'NONE', #967, #238, #1281 ) ;
#1314 = CYLINDRICAL_SURFACE ( 'NONE', #1805, 0.5000000000000004441 ) ;
#1315 = EDGE_CURVE ( 'NONE', #1917, #46, #1731, .T. ) ;
#1316 = CARTESIAN_POINT ( 'NONE',  ( 5.000000000000000000, 210.0000000000000284, 0.000000000000000000 ) ) ;
#1317 = CARTESIAN_POINT ( 'NONE',  ( 1.249999999999993783, 9.999999999999985789, 3.999999999999994671 ) ) ;
#1318 = DIRECTION ( 'NONE',  ( -1.000000000000000000, -0.000000000000000000, 0.000000000000000000 ) ) ;
#1319 = CARTESIAN_POINT ( 'NONE',  ( 1.000000000000004219, 9.500024278323881077, 2.181748848530328910 ) ) ;
#1320 = ORIENTED_EDGE ( 'NONE', *, *, #1676, .T. ) ;
#1321 = CARTESIAN_POINT ( 'NONE',  ( 8.999999999999996447, 10.10005809903895191, 3.812500615147679461 ) ) ;
#1322 =( BOUNDED_SURFACE ( )  B_SPLINE_SURFACE ( 3, 2, ( 
 ( #1103, #495, #620 ),
 ( #653, #1701, #18 ),
 ( #48, #1253, #1856 ),
 ( #503, #1835, #1365 ),
 ( #359, #1825, #1076 ),
 ( #467, #1813, #956 ),
 ( #1377, #1065, #1667 ),
 ( #1562, #1389, #1693 ) ),
 .UNSPECIFIED., .F., .F., .T. ) 
 B_SPLINE_SURFACE_WITH_KNOTS ( ( 4, 2, 2, 4 ),
 ( 3, 3 ),
 ( 0.003207113454845174263, 0.003598787200927299965, 0.003990460947009426100, 0.004773808439173678371 ),
 ( 0.000000000000000000, 1.000000000000000000 ),
 .UNSPECIFIED. ) 
 GEOMETRIC_REPRESENTATION_ITEM ( )  RATIONAL_B_SPLINE_SURFACE ( (
 ( 1.000000000000000000, 0.7071227821501662181, 1.000000000000000000),
 ( 1.000000000000000000, 0.7075465041494573004, 1.000000000000000000),
 ( 1.000000000000000000, 0.7079635300037087076, 1.000000000000000000),
 ( 1.000000000000000000, 0.7087409441605431182, 1.000000000000000000),
 ( 1.000000000000000000, 0.7090935805398208558, 1.000000000000000000),
 ( 1.000000000000000000, 0.7099743885166760471, 1.000000000000000000),
 ( 1.000000000000000000, 0.7103182451201680569, 1.000000000000000000),
 ( 1.000000000000000000, 0.7103052597039060112, 1.000000000000000000) ) ) 
 REPRESENTATION_ITEM ( '' )  SURFACE ( )  );
#1323 = EDGE_LOOP ( 'NONE', ( #1320, #692, #360, #1198 ) ) ;
#1324 = CARTESIAN_POINT ( 'NONE',  ( 1.000000000000018652, 10.06280542545501433, 3.756724983298830089 ) ) ;
#1325 = CARTESIAN_POINT ( 'NONE',  ( 0.6380554770226042338, 9.998171863519386804, -3.510869473192649970 ) ) ;
#1326 = EDGE_CURVE ( 'NONE', #1507, #931, #1454, .T. ) ;
#1327 = EDGE_CURVE ( 'NONE', #1461, #790, #1641, .T. ) ;
#1328 = DIRECTION ( 'NONE',  ( 0.000000000000000000, 0.000000000000000000, 1.000000000000000000 ) ) ;
#1329 = CYLINDRICAL_SURFACE ( 'NONE', #1409, 2.499999999999999112 ) ;
#1330 = DIRECTION ( 'NONE',  ( 0.000000000000000000, 1.000000000000000000, 0.000000000000000000 ) ) ;
#1331 = CARTESIAN_POINT ( 'NONE',  ( 9.983092778409909940, 10.42522997658537065, -3.996772592387313860 ) ) ;
#1332 = VERTEX_POINT ( 'NONE', #475 ) ;
#1333 = CARTESIAN_POINT ( 'NONE',  ( 9.499977370964197476, 10.00000620700037324, 3.503185952082145782 ) ) ;
#1334 = ORIENTED_EDGE ( 'NONE', *, *, #1176, .T. ) ;
#1335 = CARTESIAN_POINT ( 'NONE',  ( 1.000000000000004441, 9.704682471226584894, 4.120899406144902244 ) ) ;
#1336 = CIRCLE ( 'NONE', #1207, 1.699999999999923350 ) ;
#1337 = CARTESIAN_POINT ( 'NONE',  ( 7.147649295134805847, 210.0000000000000000, 2.798866280046588439 ) ) ;
#1338 = ORIENTED_EDGE ( 'NONE', *, *, #825, .F. ) ;
#1339 = PRODUCT ( 'Long Arm', 'Long Arm', '', ( #1829 ) ) ;
#1340 = CARTESIAN_POINT ( 'NONE',  ( 7.147649295134803182, 210.0000000000001705, -2.798866280046588884 ) ) ;
#1341 = CARTESIAN_POINT ( 'NONE',  ( 0.3428086517342545103, 10.00958071866949872, -4.000275270058359922 ) ) ;
#1342 = CARTESIAN_POINT ( 'NONE',  ( 9.720262059271533417, 10.04161508089942245, -3.734707509918644863 ) ) ;
#1343 = EDGE_LOOP ( 'NONE', ( #892, #81, #1190, #1467 ) ) ;
#1344 = CARTESIAN_POINT ( 'NONE',  ( 9.361944522964330773, 9.998171863519191405, 3.510869473192581580 ) ) ;
#1345 = CARTESIAN_POINT ( 'NONE',  ( 1.000000000000004441, 9.999713327153479270, 3.569131772815065329 ) ) ;
#1346 = EDGE_CURVE ( 'NONE', #931, #1842, #271, .T. ) ;
#1347 = CARTESIAN_POINT ( 'NONE',  ( 8.396688148740309998, 26.67030298733163107, 4.259594801468367997 ) ) ;
#1348 = ORIENTED_EDGE ( 'NONE', *, *, #472, .F. ) ;
#1349 = CARTESIAN_POINT ( 'NONE',  ( 5.214799859440009122, 126.6564770998266027, -2.738060639082455339 ) ) ;
#1350 = CARTESIAN_POINT ( 'NONE',  ( 8.999999999999996447, 9.527341354366708259, -3.767719969443711125 ) ) ;
#1351 = DIRECTION ( 'NONE',  ( -1.000000000000000000, 0.000000000000000000, 0.000000000000000000 ) ) ;
#1352 = EDGE_CURVE ( 'NONE', #949, #1063, #1002, .T. ) ;
#1353 = ORIENTED_EDGE ( 'NONE', *, *, #1495, .T. ) ;
#1354 = CARTESIAN_POINT ( 'NONE',  ( 9.498787791293301197, 10.01367067304135894, 3.634218128563025729 ) ) ;
#1355 = ORIENTED_EDGE ( 'NONE', *, *, #845, .F. ) ;
#1356 = CARTESIAN_POINT ( 'NONE',  ( 9.428742079509749630, 60.00374906278420184, 1.503384824298154232 ) ) ;
#1357 = CARTESIAN_POINT ( 'NONE',  ( 5.386462085897571583, 26.67030298733168436, 4.755927641063724565 ) ) ;
#1358 = APPLICATION_CONTEXT ( 'automotive_design' ) ;
#1359 = CARTESIAN_POINT ( 'NONE',  ( 4.761363112447927648, 176.6672094156631942, -3.560313249643687783 ) ) ;
#1360 = CARTESIAN_POINT ( 'NONE',  ( 8.999999999999996447, 9.500669877454516410, -3.637631000190390207 ) ) ;
#1361 = CARTESIAN_POINT ( 'NONE',  ( 3.250000000000000000, 2.265596578422675577E-16, -1.700000000000117639 ) ) ;
#1362 = VERTEX_POINT ( 'NONE', #1361 ) ;
#1363 = ORIENTED_EDGE ( 'NONE', *, *, #208, .F. ) ;
#1364 = CARTESIAN_POINT ( 'NONE',  ( 10.00000000000000000, 0.000000000000000000, 0.000000000000000000 ) ) ;
#1365 = CARTESIAN_POINT ( 'NONE',  ( 0.5023135748515629162, 10.06485196745311939, -3.755650506478185768 ) ) ;
#1366 = ORIENTED_EDGE ( 'NONE', *, *, #756, .F. ) ;
#1367 = CARTESIAN_POINT ( 'NONE',  ( 8.275160285992143372, 60.00374906278393894, -2.684118922649841643 ) ) ;
#1368 = CARTESIAN_POINT ( 'NONE',  ( 9.425082169526140419, 26.67030298733163818, 3.876483595510677116 ) ) ;
#1369 = FACE_OUTER_BOUND ( 'NONE', #1593, .T. ) ;
#1370 = CARTESIAN_POINT ( 'NONE',  ( 9.999973072373744998, 10.00000000000917133, 1.400150406057331542 ) ) ;
#1371 = CARTESIAN_POINT ( 'NONE',  ( 9.498694290556922937, 10.00389763885125127, 3.644478238934406811 ) ) ;
#1372 = EDGE_LOOP ( 'NONE', ( #63, #289, #1853, #556, #1914, #19 ) ) ;
#1373 = EDGE_LOOP ( 'NONE', ( #1611, #1665, #1655 ) ) ;
#1374 = CARTESIAN_POINT ( 'NONE',  ( 0.3895506980793963514, 10.00337706684647365, -3.625213170207761237 ) ) ;
#1375 = B_SPLINE_CURVE_WITH_KNOTS ( 'NONE', 3,
 ( #1236, #636, #203, #623, #480, #1668, #1850, #488, #498, #1256 ),
 .UNSPECIFIED., .F., .F.,
 ( 4, 3, 3, 4 ),
 ( 1.288892027633989361E-15, 3.707175173191909178E-06, 6.478315865639524843E-06, 8.357547194472543498E-06 ),
 .UNSPECIFIED. ) ;
#1376 = ADVANCED_FACE ( 'NONE', ( #1663 ), #1810, .T. ) ;
#1377 = CARTESIAN_POINT ( 'NONE',  ( 1.000000000000004441, 10.24553618249804821, -4.502895764258876277 ) ) ;
#1378 = EDGE_LOOP ( 'NONE', ( #1104, #1846, #1479 ) ) ;
#1379 = VECTOR ( 'NONE', #391, 1000.000000000000000 ) ;
#1380 = CARTESIAN_POINT ( 'NONE',  ( 10.00000000000000000, 2.499999999999998224, 4.000000000000000000 ) ) ;
#1381 = ADVANCED_FACE ( 'NONE', ( #1073 ), #14, .T. ) ;
#1382 = CARTESIAN_POINT ( 'NONE',  ( 7.050000000000073541, 2.449293598294705921E-16, 2.000000000000000000 ) ) ;
#1383 = AXIS2_PLACEMENT_3D ( 'NONE', #326, #1241, #55 ) ;
#1384 = CARTESIAN_POINT ( 'NONE',  ( 10.00000000000000000, 0.000000000000000000, -4.000000000000000000 ) ) ;
#1385 = CARTESIAN_POINT ( 'NONE',  ( 9.499977370964195700, 10.00000620700037146, -3.503185952081962373 ) ) ;
#1386 = CARTESIAN_POINT ( 'NONE',  ( 9.095137337431937752, 10.00000000000000000, 4.000000000000000000 ) ) ;
#1387 = VERTEX_POINT ( 'NONE', #903 ) ;
#1388 = CARTESIAN_POINT ( 'NONE',  ( 3.250000000000000000, 2.081899558550644493E-16, -1.700000000000117639 ) ) ;
#1389 = CARTESIAN_POINT ( 'NONE',  ( 1.000000000000004441, 10.50421352290816301, -4.005231045861045835 ) ) ;
#1390 = EDGE_LOOP ( 'NONE', ( #1549, #880, #563, #1616, #778, #329, #1885, #1133 ) ) ;
#1391 = FILL_AREA_STYLE ('',( #468 ) ) ;
#1392 = EDGE_CURVE ( 'NONE', #596, #1801, #941, .T. ) ;
#1393 = CARTESIAN_POINT ( 'NONE',  ( 0.9096149102042887513, 26.67030298733152094, -4.012256661828478954 ) ) ;
#1394 = CARTESIAN_POINT ( 'NONE',  ( 0.5071715251469464114, 10.00005143538620445, -3.507931321246130718 ) ) ;
#1395 = ORIENTED_EDGE ( 'NONE', *, *, #366, .T. ) ;
#1396 = CARTESIAN_POINT ( 'NONE',  ( 0.5001294905599067420, 10.00020330431581250, -3.514953063323395188 ) ) ;
#1397 = FACE_OUTER_BOUND ( 'NONE', #448, .T. ) ;
#1398 = VERTEX_POINT ( 'NONE', #1512 ) ;
#1399 = FACE_OUTER_BOUND ( 'NONE', #49, .T. ) ;
#1400 = DIRECTION ( 'NONE',  ( 0.000000000000000000, 0.000000000000000000, 1.000000000000000000 ) ) ;
#1401 = DIRECTION ( 'NONE',  ( -1.000000000000000000, -0.000000000000000000, -0.000000000000000000 ) ) ;
#1402 = EDGE_CURVE ( 'NONE', #764, #642, #214, .T. ) ;
#1403 = ORIENTED_EDGE ( 'NONE', *, *, #1537, .T. ) ;
#1404 = CARTESIAN_POINT ( 'NONE',  ( -2.858116066896659513E-05, 9.999999999999985789, 4.044528006582346791 ) ) ;
#1405 = CYLINDRICAL_SURFACE ( 'NONE', #86, 2.000000000000000000 ) ;
#1406 = AXIS2_PLACEMENT_3D ( 'NONE', #1907, #286, #1897 ) ;
#1407 = CIRCLE ( 'NONE', #1658, 1.700000000000117639 ) ;
#1408 = DIRECTION ( 'NONE',  ( -2.478176394252581634E-16, -1.000000000000000000, 0.000000000000000000 ) ) ;
#1409 = AXIS2_PLACEMENT_3D ( 'NONE', #1926, #1308, #572 ) ;
#1410 = CARTESIAN_POINT ( 'NONE',  ( 9.964595174931872634, 10.34890562553113824, 3.978329032197527759 ) ) ;
#1411 = EDGE_LOOP ( 'NONE', ( #568, #380, #1823, #957 ) ) ;
#1412 = FACE_OUTER_BOUND ( 'NONE', #402, .T. ) ;
#1413 = EDGE_CURVE ( 'NONE', #661, #730, #632, .T. ) ;
#1414 = CARTESIAN_POINT ( 'NONE',  ( 0.01783890495958631237, 10.51726041137806966, 3.996016490204126193 ) ) ;
#1415 = ORIENTED_EDGE ( 'NONE', *, *, #223, .F. ) ;
#1416 = FACE_OUTER_BOUND ( 'NONE', #962, .T. ) ;
#1417 = CARTESIAN_POINT ( 'NONE',  ( 9.492828474852931464, 10.00005143538620445, 3.507931321246129830 ) ) ;
#1418 = CARTESIAN_POINT ( 'NONE',  ( 0.01755890658184090791, 10.50415680626778503, -3.996122810762799293 ) ) ;
#1419 = CARTESIAN_POINT ( 'NONE',  ( 9.499870509439990229, 10.00020330431580717, 3.514953063323419169 ) ) ;
#1420 = ORIENTED_EDGE ( 'NONE', *, *, #1879, .T. ) ;
#1421 = CARTESIAN_POINT ( 'NONE',  ( 0.000000000000000000, 10.00000000000000533, 4.336808689942017736E-16 ) ) ;
#1422 = CARTESIAN_POINT ( 'NONE',  ( 10.00000000000000000, 0.000000000000000000, 0.000000000000000000 ) ) ;
#1423 = DIRECTION ( 'NONE',  ( 0.000000000000000000, 0.000000000000000000, 1.000000000000000000 ) ) ;
#1424 = DIRECTION ( 'NONE',  ( 0.000000000000000000, 0.000000000000000000, 1.000000000000000000 ) ) ;
#1425 = CARTESIAN_POINT ( 'NONE',  ( 8.999999999999996447, 9.500103502858211257, -3.515082181280189566 ) ) ;
#1426 = CARTESIAN_POINT ( 'NONE',  ( 9.492819444209334989, 10.00005156501585724, -3.510850302458233152 ) ) ;
#1427 = ORIENTED_EDGE ( 'NONE', *, *, #223, .T. ) ;
#1428 = CARTESIAN_POINT ( 'NONE',  ( 9.492542176397828158, 10.49950319708393209, -4.000782264771495456 ) ) ;
#1429 = DIRECTION ( 'NONE',  ( 1.000000000000000000, 0.000000000000000000, 0.000000000000000000 ) ) ;
#1430 = DIRECTION ( 'NONE',  ( -1.000000000000000000, 0.000000000000000000, 0.000000000000000000 ) ) ;
#1431 = FACE_OUTER_BOUND ( 'NONE', #1092, .T. ) ;
#1432 = CARTESIAN_POINT ( 'NONE',  ( 0.5001294905597687412, 10.00020330431581783, 3.514953063323475124 ) ) ;
#1433 = ADVANCED_FACE ( 'NONE', ( #1233 ), #1322, .F. ) ;
#1434 = VECTOR ( 'NONE', #1863, 1000.000000000000000 ) ;
#1435 = CARTESIAN_POINT ( 'NONE',  ( 9.985766630509450792, 10.00967199259411089, 4.000233214914892699 ) ) ;
#1436 = ORIENTED_EDGE ( 'NONE', *, *, #1302, .T. ) ;
#1437 = AXIS2_PLACEMENT_3D ( 'NONE', #513, #371, #795 ) ;
#1438 = DIRECTION ( 'NONE',  ( 0.000000000000000000, 0.000000000000000000, 1.000000000000000000 ) ) ;
#1439 = CARTESIAN_POINT ( 'NONE',  ( 8.999999999999996447, 9.500107319087611302, -3.557263167281721650 ) ) ;
#1440 = LINE ( 'NONE', #989, #1807 ) ;
#1441 = CARTESIAN_POINT ( 'NONE',  ( 0.3364616704301751082, 10.50106627025925121, 3.999230522368316443 ) ) ;
#1442 = CARTESIAN_POINT ( 'NONE',  ( 1.000000000000004219, 9.502558667237593681, 3.685719330135574179 ) ) ;
#1443 = CARTESIAN_POINT ( 'NONE',  ( 8.999999999999996447, 9.500044060452564665, -2.848415516599950514 ) ) ;
#1444 = CARTESIAN_POINT ( 'NONE',  ( 8.999999999999996447, 9.500014413959011250, -1.515082181273530226 ) ) ;
#1445 = CARTESIAN_POINT ( 'NONE',  ( 0.5044561985130160409, 10.00001985849940134, 2.492004324730095366 ) ) ;
#1446 = ORIENTED_EDGE ( 'NONE', *, *, #208, .T. ) ;
#1447 = EDGE_CURVE ( 'NONE', #1878, #939, #396, .T. ) ;
#1448 = DIRECTION ( 'NONE',  ( 0.000000000000000000, 1.000000000000000000, 0.000000000000000000 ) ) ;
#1449 = CARTESIAN_POINT ( 'NONE',  ( 2.950000000000112976, 2.449293598294705921E-16, -2.000000000000000000 ) ) ;
#1450 = CARTESIAN_POINT ( 'NONE',  ( 9.492819444209334989, 10.00005156501585724, -3.510850302458233152 ) ) ;
#1451 = CARTESIAN_POINT ( 'NONE',  ( 0.5045337178206524831, 10.49952988160629808, 4.000755782676141514 ) ) ;
#1452 = CARTESIAN_POINT ( 'NONE',  ( 0.000000000000000000, 0.000000000000000000, 4.000000000000000000 ) ) ;
#1453 = DIRECTION ( 'NONE',  ( 1.000000000000000000, -1.858632295689435856E-16, -0.000000000000000000 ) ) ;
#1454 = B_SPLINE_CURVE_WITH_KNOTS ( 'NONE', 3,
 ( #1042, #276, #849, #555, #869, #1778 ),
 .UNSPECIFIED., .F., .F.,
 ( 4, 1, 1, 4 ),
 ( 0.002585713321698567425, 0.2499968762106128117, 0.5000312453916733180, 1.000000000000000000 ),
 .UNSPECIFIED. ) ;
#1455 = CARTESIAN_POINT ( 'NONE',  ( 4.021868374200635365, 60.00374906278430842, 4.658354462261246276 ) ) ;
#1456 = VERTEX_POINT ( 'NONE', #200 ) ;
#1457 = CARTESIAN_POINT ( 'NONE',  ( 2.648791543131024717, 126.6564770998267733, 1.966371725760389433 ) ) ;
#1458 = DIRECTION ( 'NONE',  ( 1.000000000000000000, 0.000000000000000000, 0.000000000000000000 ) ) ;
#1459 = CARTESIAN_POINT ( 'NONE',  ( 0.5045326149553033268, 10.36994614744111765, -4.000633928218742419 ) ) ;
#1460 = ADVANCED_FACE ( 'NONE', ( #757 ), #927, .T. ) ;
#1461 = VERTEX_POINT ( 'NONE', #478 ) ;
#1462 = DIRECTION ( 'NONE',  ( -2.168404344971008868E-16, -1.000000000000000000, 0.000000000000000000 ) ) ;
#1463 = CARTESIAN_POINT ( 'NONE',  ( 9.095137337431941305, 10.00000000000000000, -4.000000000000000000 ) ) ;
#1464 = CARTESIAN_POINT ( 'NONE',  ( 9.499870509440141220, 10.00020330431581250, -3.514953063323324134 ) ) ;
#1465 = AXIS2_PLACEMENT_3D ( 'NONE', #41, #184, #330 ) ;
#1466 = CARTESIAN_POINT ( 'NONE',  ( 0.5071715251468293939, 10.00005143538620445, 3.507931321246251954 ) ) ;
#1467 = ORIENTED_EDGE ( 'NONE', *, *, #1106, .T. ) ;
#1468 = PLANE ( 'NONE',  #1307 ) ;
#1469 = DIRECTION ( 'NONE',  ( 0.000000000000000000, 0.000000000000000000, -1.000000000000000000 ) ) ;
#1470 = AXIS2_PLACEMENT_3D ( 'NONE', #1226, #1400, #1566 ) ;
#1471 = CARTESIAN_POINT ( 'NONE',  ( 0.5008108733372991228, 10.00018374769851093, 3.514273644276938224 ) ) ;
#1472 = ADVANCED_FACE ( 'NONE', ( #608 ), #1742, .T. ) ;
#1473 = AXIS2_PLACEMENT_3D ( 'NONE', #1551, #797, #1232 ) ;
#1474 = ORIENTED_EDGE ( 'NONE', *, *, #1255, .F. ) ;
#1475 = CARTESIAN_POINT ( 'NONE',  ( 7.510016017045219705, 126.6564770998266880, -1.677371048974955370 ) ) ;
#1476 = ADVANCED_FACE ( 'NONE', ( #1397 ), #1405, .T. ) ;
#1477 = LINE ( 'NONE', #1620, #450 ) ;
#1478 = CARTESIAN_POINT ( 'NONE',  ( 7.191566813056136098, 126.6564770998268017, 2.086610229871035394 ) ) ;
#1479 = ORIENTED_EDGE ( 'NONE', *, *, #343, .F. ) ;
#1480 = CARTESIAN_POINT ( 'NONE',  ( 2.500000000000000444, 10.00000000000000000, 4.756179762631780328 ) ) ;
#1481 = CARTESIAN_POINT ( 'NONE',  ( 2.499999999999997780, 10.00000000000000000, -4.000000000000000000 ) ) ;
#1482 = ORIENTED_EDGE ( 'NONE', *, *, #952, .F. ) ;
#1483 = CARTESIAN_POINT ( 'NONE',  ( 9.234730214542869575, 9.943218643190293804, 3.511445714373532478 ) ) ;
#1484 = B_SPLINE_CURVE_WITH_KNOTS ( 'NONE', 3,
 ( #1491, #1459, #1759, #1789, #5, #1310 ),
 .UNSPECIFIED., .F., .F.,
 ( 4, 2, 4 ),
 ( 7.845197318584710960E-17, 0.0003869640727464841875, 0.0007739281454928899871 ),
 .UNSPECIFIED. ) ;
#1485 = ORIENTED_EDGE ( 'NONE', *, *, #624, .F. ) ;
#1486 = CARTESIAN_POINT ( 'NONE',  ( 9.999999999999987566, 9.999999999999987566, 2.000000000000000888 ) ) ;
#1487 = CARTESIAN_POINT ( 'NONE',  ( 9.498694290556915831, 10.00389763885126904, -3.644478238934409475 ) ) ;
#1488 = CARTESIAN_POINT ( 'NONE',  ( 5.254527180379837681, 210.0000000000000284, 3.500000000000001332 ) ) ;
#1489 = ORIENTED_EDGE ( 'NONE', *, *, #260, .F. ) ;
#1490 = CARTESIAN_POINT ( 'NONE',  ( 5.715903974244453067, 176.6672094156632795, -3.506039712736620295 ) ) ;
#1491 = CARTESIAN_POINT ( 'NONE',  ( 0.5045337178206519280, 10.49952988160629630, -4.000755782676144179 ) ) ;
#1492 = EDGE_LOOP ( 'NONE', ( #1077, #413, #1811, #1355, #150, #926, #422, #416 ) ) ;
#1493 = CARTESIAN_POINT ( 'NONE',  ( 8.999999999999996447, 9.527341354366850368, 3.767719969444021988 ) ) ;
#1494 = ORIENTED_EDGE ( 'NONE', *, *, #600, .F. ) ;
#1495 = EDGE_CURVE ( 'NONE', #650, #949, #231, .T. ) ;
#1496 = CARTESIAN_POINT ( 'NONE',  ( 8.571838957109005008, 209.9999999999998579, -1.192622389734054877E-15 ) ) ;
#1497 = ADVANCED_FACE ( 'NONE', ( #1242, #948 ), #340, .F. ) ;
#1498 = CARTESIAN_POINT ( 'NONE',  ( 6.159381738720110633, 26.67030298733163463, 4.715627133598244924 ) ) ;
#1499 = APPLICATION_CONTEXT ( 'automotive_design' ) ;
#1500 = B_SPLINE_SURFACE_WITH_KNOTS ( 'NONE', 3, 3, ( 
 ( #547, #1152, #1752, #408, #709, #748 ),
 ( #300, #1619, #896, #1508, #20, #154 ),
 ( #1486, #1815, #1356, #1771, #10, #610 ),
 ( #1199, #1783, #599, #164, #1802, #1496 ),
 ( #458, #1056, #1011, #759, #1213, #1657 ),
 ( #135, #270, #727, #1475, #308, #907 ),
 ( #1638, #1921, #1367, #569, #738, #1182 ) ),
 .UNSPECIFIED., .F., .F., .F.,
 ( 4, 1, 1, 1, 4 ),
 ( 4, 1, 1, 4 ),
 ( 0.000000000000000000, 0.05555555555555555247, 0.1111111111111111327, 0.1666666666666667129, 0.2222222222222222932 ),
 ( 0.000000000000000000, 0.2499968762106128117, 0.5000312453916733180, 1.000000000000000000 ),
 .UNSPECIFIED. ) ;
#1501 = CIRCLE ( 'NONE', #339, 4.000000000000000000 ) ;
#1502 = CARTESIAN_POINT ( 'NONE',  ( 7.500000000000002665, 9.999999999999994671, -4.000000000000007105 ) ) ;
#1503 = CARTESIAN_POINT ( 'NONE',  ( 9.482134486404955709, 9.999999999999992895, -4.040922654175369999 ) ) ;
#1504 = CARTESIAN_POINT ( 'NONE',  ( 9.982161095040417820, 10.51726041137807144, -3.996016490204127081 ) ) ;
#1505 = ORIENTED_EDGE ( 'NONE', *, *, #194, .F. ) ;
#1506 = CARTESIAN_POINT ( 'NONE',  ( 9.361944522962419413, 9.998171863519175417, -3.510869473192697487 ) ) ;
#1507 = VERTEX_POINT ( 'NONE', #1587 ) ;
#1508 = CARTESIAN_POINT ( 'NONE',  ( 7.510016017045218817, 126.6564770998267733, 1.677371048974960477 ) ) ;
#1509 = CARTESIAN_POINT ( 'NONE',  ( 7.500000000000011546, 10.00000000000000888, 4.000000000000000000 ) ) ;
#1510 = CARTESIAN_POINT ( 'NONE',  ( 5.326048394464959479, 60.00374906278388210, -4.749981260308254072 ) ) ;
#1511 = DIRECTION ( 'NONE',  ( 1.000000000000000000, -0.000000000000000000, -0.000000000000000000 ) ) ;
#1512 = CARTESIAN_POINT ( 'NONE',  ( 9.492819444209338542, 10.00005156501586079, 3.510850302458317529 ) ) ;
#1513 = ORIENTED_EDGE ( 'NONE', *, *, #607, .F. ) ;
#1514 = CARTESIAN_POINT ( 'NONE',  ( 9.497186380255595139, 10.10234123378453575, 3.810822381972071682 ) ) ;
#1515 = FACE_OUTER_BOUND ( 'NONE', #514, .T. ) ;
#1516 = CIRCLE ( 'NONE', #662, 2.499999999999999112 ) ;
#1517 = CARTESIAN_POINT ( 'NONE',  ( 5.326048394464957703, 60.00374906278423737, 4.749981260308268283 ) ) ;
#1518 = CARTESIAN_POINT ( 'NONE',  ( 3.153612309744437958, 126.6564770998264464, -2.305051562103033636 ) ) ;
#1519 = LINE ( 'NONE', #311, #398 ) ;
#1520 = CARTESIAN_POINT ( 'NONE',  ( 9.036663037490972883, 9.885976560459740270, 4.000000000000000000 ) ) ;
#1521 = VERTEX_POINT ( 'NONE', #374 ) ;
#1522 = CARTESIAN_POINT ( 'NONE',  ( 0.5178655135950399613, 9.999999999999984013, 4.040922654175368223 ) ) ;
#1523 = CARTESIAN_POINT ( 'NONE',  ( 0.09706064049366733282, 10.21925076591101877, 3.916853099291547569 ) ) ;
#1524 = ORIENTED_EDGE ( 'NONE', *, *, #1447, .F. ) ;
#1525 = CARTESIAN_POINT ( 'NONE',  ( 0.4998967053510253167, 9.999944818654165957, 1.185782079574561498 ) ) ;
#1526 = DIRECTION ( 'NONE',  ( 0.000000000000000000, -0.000000000000000000, -1.000000000000000000 ) ) ;
#1527 = CARTESIAN_POINT ( 'NONE',  ( 5.763573603998089823, 210.0000000000001421, -3.444271374289810783 ) ) ;
#1528 = CARTESIAN_POINT ( 'NONE',  ( 9.499378136631632330, 10.00033494417638380, -3.569168280609574140 ) ) ;
#1529 = CARTESIAN_POINT ( 'NONE',  ( 0.4987878134813227837, 10.49958234981537508, -4.000703705897631579 ) ) ;
#1530 = ORIENTED_EDGE ( 'NONE', *, *, #43, .F. ) ;
#1531 = CARTESIAN_POINT ( 'NONE',  ( 9.095137337431941305, 10.00000000000000000, -4.000000000000000000 ) ) ;
#1532 = CARTESIAN_POINT ( 'NONE',  ( 9.504085138103844699, 10.49960861318559857, -4.000677632556171481 ) ) ;
#1533 = VERTEX_POINT ( 'NONE', #103 ) ;
#1534 = CIRCLE ( 'NONE', #1178, 1.700000000000117639 ) ;
#1535 = DIRECTION ( 'NONE',  ( 0.000000000000000000, 0.000000000000000000, -1.000000000000000000 ) ) ;
#1536 = EDGE_CURVE ( 'NONE', #1023, #509, #801, .T. ) ;
#1537 = EDGE_CURVE ( 'NONE', #566, #1861, #511, .T. ) ;
#1538 = CARTESIAN_POINT ( 'NONE',  ( 0.5071805557906632345, 10.00005156501604908, 3.510850302467541262 ) ) ;
#1539 = AXIS2_PLACEMENT_3D ( 'NONE', #1721, #973, #1430 ) ;
#1540 = AXIS2_PLACEMENT_3D ( 'NONE', #1304, #334, #1237 ) ;
#1541 = DIRECTION ( 'NONE',  ( -0.000000000000000000, -0.000000000000000000, -1.000000000000000000 ) ) ;
#1542 = DIRECTION ( 'NONE',  ( 0.7071067811865429098, 0.000000000000000000, -0.7071067811865522357 ) ) ;
#1543 = VERTEX_POINT ( 'NONE', #1121 ) ;
#1544 = FACE_OUTER_BOUND ( 'NONE', #372, .T. ) ;
#1545 = CARTESIAN_POINT ( 'NONE',  ( 8.999999999999996447, 9.548359478037303560, 3.852136688604694825 ) ) ;
#1546 = PRESENTATION_STYLE_ASSIGNMENT (( #67 ) ) ;
#1547 = CARTESIAN_POINT ( 'NONE',  ( 2.972850527305884061, 176.6672094156631658, -2.886611495638260472 ) ) ;
#1548 = CARTESIAN_POINT ( 'NONE',  ( 9.610449301920573006, 10.00337706684647188, 3.625213170207724378 ) ) ;
#1549 = ORIENTED_EDGE ( 'NONE', *, *, #825, .T. ) ;
#1550 = ORIENTED_EDGE ( 'NONE', *, *, #1773, .T. ) ;
#1551 = CARTESIAN_POINT ( 'NONE',  ( 0.000000000000000000, 0.000000000000000000, 0.000000000000000000 ) ) ;
#1552 = CARTESIAN_POINT ( 'NONE',  ( 9.495466282179354067, 10.49952988160629808, -4.000755782676143291 ) ) ;
#1553 = ORIENTED_EDGE ( 'NONE', *, *, #1413, .F. ) ;
#1554 = CYLINDRICAL_SURFACE ( 'NONE', #1648, 0.5000000000000000000 ) ;
#1555 = EDGE_CURVE ( 'NONE', #1005, #341, #1440, .T. ) ;
#1556 = LINE ( 'NONE', #173, #1249 ) ;
#1557 = SHAPE_DEFINITION_REPRESENTATION ( #577, #1755 ) ;
#1558 = EDGE_CURVE ( 'NONE', #291, #501, #821, .T. ) ;
#1559 = CARTESIAN_POINT ( 'NONE',  ( 0.01427431702511429597, 10.50418912897248447, 3.996090079706235532 ) ) ;
#1560 = CARTESIAN_POINT ( 'NONE',  ( 0.5071805557906619022, 10.00005156501585724, -3.510850302458040861 ) ) ;
#1561 = DIRECTION ( 'NONE',  ( -1.000000000000000000, -0.000000000000000000, 0.000000000000000000 ) ) ;
#1562 = CARTESIAN_POINT ( 'NONE',  ( 1.000000000000004441, 10.50835199768892103, -4.500700568701923920 ) ) ;
#1563 = ORIENTED_EDGE ( 'NONE', *, *, #22, .T. ) ;
#1564 = CARTESIAN_POINT ( 'NONE',  ( 0.000000000000000000, 2.499999999999998224, -4.000000000000000000 ) ) ;
#1565 = AXIS2_PLACEMENT_3D ( 'NONE', #777, #323, #605 ) ;
#1566 = DIRECTION ( 'NONE',  ( 1.000000000000000000, 0.000000000000000000, 0.000000000000000000 ) ) ;
#1567 = FACE_OUTER_BOUND ( 'NONE', #1373, .T. ) ;
#1568 = VECTOR ( 'NONE', #1588, 1000.000000000000000 ) ;
#1569 = LINE ( 'NONE', #1575, #831 ) ;
#1570 = ORIENTED_EDGE ( 'NONE', *, *, #607, .T. ) ;
#1571 = CARTESIAN_POINT ( 'NONE',  ( 9.488098318660753705, 10.00009290978833043, -3.510441172624826578 ) ) ;
#1572 = CARTESIAN_POINT ( 'NONE',  ( 9.499189126662505700, 10.00018374769850915, -3.514273644277134068 ) ) ;
#1573 = CARTESIAN_POINT ( 'NONE',  ( 2.499999999999998668, 0.000000000000000000, -4.000000000000000000 ) ) ;
#1574 = DIRECTION ( 'NONE',  ( -1.000000000000000000, -0.000000000000000000, 0.000000000000000000 ) ) ;
#1575 = CARTESIAN_POINT ( 'NONE',  ( 1.000000000000002887, 3.499999999999997780, 4.000000000000000000 ) ) ;
#1576 = EDGE_CURVE ( 'NONE', #1043, #1878, #834, .T. ) ;
#1577 = ORIENTED_EDGE ( 'NONE', *, *, #265, .T. ) ;
#1578 = CARTESIAN_POINT ( 'NONE',  ( 10.00000000000000000, 0.000000000000000000, -4.000000000000000000 ) ) ;
#1579 = B_SPLINE_CURVE_WITH_KNOTS ( 'NONE', 3,
 ( #1064, #31, #1834, #199, #1843, #349, #1374, #1396 ),
 .UNSPECIFIED., .F., .F.,
 ( 4, 2, 2, 4 ),
 ( 3.490137563248181679E-18, 0.0002327517681845008002, 0.0004655035363689980768, 0.0009310070727379899736 ),
 .UNSPECIFIED. ) ;
#1580 = CARTESIAN_POINT ( 'NONE',  ( 9.499870509440141220, 10.00020330431581250, -3.514953063323324134 ) ) ;
#1581 = CARTESIAN_POINT ( 'NONE',  ( 9.501212186518674940, 10.49958234981536975, 4.000703705897631579 ) ) ;
#1582 = ADVANCED_FACE ( 'NONE', ( #687 ), #814, .F. ) ;
#1583 = CARTESIAN_POINT ( 'NONE',  ( 2.499999999999998668, 2.449293598294705921E-16, -2.000000000000000000 ) ) ;
#1584 = CARTESIAN_POINT ( 'NONE',  ( 4.613537914102431081, 26.67030298733168436, 4.755927641063724565 ) ) ;
#1585 = EDGE_LOOP ( 'NONE', ( #1395, #1570 ) ) ;
#1586 = CARTESIAN_POINT ( 'NONE',  ( 0.000000000000000000, 10.00000000000000000, -3.333333333333333037 ) ) ;
#1587 = CARTESIAN_POINT ( 'NONE',  ( 9.982161095040417820, 10.51726041137807144, -3.996016490204127081 ) ) ;
#1588 = DIRECTION ( 'NONE',  ( -1.000000000000000000, -0.000000000000000000, -0.000000000000000000 ) ) ;
#1589 = VECTOR ( 'NONE', #1730, 1000.000000000000000 ) ;
#1590 = CARTESIAN_POINT ( 'NONE',  ( 1.000000000000004441, 9.548359478036831050, 3.852136688603792880 ) ) ;
#1591 = EDGE_CURVE ( 'NONE', #439, #917, #746, .T. ) ;
#1592 = CARTESIAN_POINT ( 'NONE',  ( 8.999999999999996447, 9.500103502858211257, -3.515082181280189566 ) ) ;
#1593 = EDGE_LOOP ( 'NONE', ( #313, #1334, #629, #1045, #1760, #1942, #1164, #169, #639, #1254, #531, #112 ) ) ;
#1594 = CARTESIAN_POINT ( 'NONE',  ( 0.000000000000000000, 10.00000000000000178, -2.000000000000000888 ) ) ;
#1595 = DIRECTION ( 'NONE',  ( 0.000000000000000000, -0.000000000000000000, 1.000000000000000000 ) ) ;
#1596 = DIRECTION ( 'NONE',  ( -1.000000000000000000, -0.000000000000000000, 0.000000000000000000 ) ) ;
#1597 = CARTESIAN_POINT ( 'NONE',  ( 0.4959148618961617405, 10.49960861318558791, 4.000677632556169705 ) ) ;
#1598 = CARTESIAN_POINT ( 'NONE',  ( 8.999999999999998224, -2.478176394252586564E-16, -4.000000000000000000 ) ) ;
#1599 = LINE ( 'NONE', #538, #833 ) ;
#1600 = EDGE_CURVE ( 'NONE', #715, #575, #860, .T. ) ;
#1601 = CARTESIAN_POINT ( 'NONE',  ( 3.509053914945561736, 210.0000000000000568, 3.197344197505875840 ) ) ;
#1602 = CARTESIAN_POINT ( 'NONE',  ( 7.681155550916423991, 210.0000000000000284, 2.249756633902888936 ) ) ;
#1603 = DIRECTION ( 'NONE',  ( 1.000000000000000000, 0.000000000000000000, 0.000000000000000000 ) ) ;
#1604 = CARTESIAN_POINT ( 'NONE',  ( 7.500000000000000000, 10.00000000000000000, 4.756179762631780328 ) ) ;
#1605 = VERTEX_POINT ( 'NONE', #1580 ) ;
#1606 = CARTESIAN_POINT ( 'NONE',  ( 0.01783890495958631237, 10.51726041137806966, 3.996016490204126193 ) ) ;
#1607 = CARTESIAN_POINT ( 'NONE',  ( 0.5000000000000027756, 2.999999999999998224, -4.000000000000000000 ) ) ;
#1608 = CARTESIAN_POINT ( 'NONE',  ( 10.00000000000000000, 0.000000000000000000, -4.000000000000000000 ) ) ;
#1609 = CARTESIAN_POINT ( 'NONE',  ( 1.603311851259687781, 26.67030298733165239, 4.259594801468363556 ) ) ;
#1610 = B_SPLINE_CURVE_WITH_KNOTS ( 'NONE', 3,
 ( #679, #1590, #1442, #95 ),
 .UNSPECIFIED., .F., .F.,
 ( 4, 4 ),
 ( 0.000000000000000000, 0.0005103904671045093660 ),
 .UNSPECIFIED. ) ;
#1611 = ORIENTED_EDGE ( 'NONE', *, *, #1447, .T. ) ;
#1612 = EDGE_CURVE ( 'NONE', #1277, #504, #1711, .T. ) ;
#1613 = LINE ( 'NONE', #533, #1144 ) ;
#1614 = DIRECTION ( 'NONE',  ( -0.000000000000000000, -0.000000000000000000, -1.000000000000000000 ) ) ;
#1615 = ADVANCED_FACE ( 'NONE', ( #1737 ), #392, .T. ) ;
#1616 = ORIENTED_EDGE ( 'NONE', *, *, #444, .F. ) ;
#1617 = CARTESIAN_POINT ( 'NONE',  ( 8.999999999999996447, 9.629221114489896038, -3.514138790782033173 ) ) ;
#1618 = B_SPLINE_CURVE_WITH_KNOTS ( 'NONE', 3,
 ( #1464, #1487, #116, #710, #259, #853 ),
 .UNSPECIFIED., .F., .F.,
 ( 4, 2, 4 ),
 ( 9.185848120258998226E-17, 0.0003832332578383844542, 0.0007664665156766770765 ),
 .UNSPECIFIED. ) ;
#1619 = CARTESIAN_POINT ( 'NONE',  ( 9.574120245512451888, 26.67030298733163107, 3.272769437553190830 ) ) ;
#1620 = CARTESIAN_POINT ( 'NONE',  ( 1.000000000000004441, 9.999999999999998224, 4.000000000000000000 ) ) ;
#1621 = CARTESIAN_POINT ( 'NONE',  ( 3.598697746647570472, 176.6672094156633648, 3.268101363076732380 ) ) ;
#1622 = AXIS2_PLACEMENT_3D ( 'NONE', #686, #839, #1458 ) ;
#1623 = ORIENTED_EDGE ( 'NONE', *, *, #974, .F. ) ;
#1624 = CARTESIAN_POINT ( 'NONE',  ( 7.050000000000073541, 2.449293598294705921E-16, 2.000000000000000000 ) ) ;
#1625 = CARTESIAN_POINT ( 'NONE',  ( 0.5071805557906632345, 10.00005156501604908, 3.510850302467541262 ) ) ;
#1626 = ORIENTED_EDGE ( 'NONE', *, *, #900, .T. ) ;
#1627 = CARTESIAN_POINT ( 'NONE',  ( 8.999999999999996447, 9.704682471227306095, 4.120899406145726473 ) ) ;
#1628 = ORIENTED_EDGE ( 'NONE', *, *, #1097, .F. ) ;
#1629 = CARTESIAN_POINT ( 'NONE',  ( 0.9999999999999902300, 10.01245206877424287, 3.634441208234896692 ) ) ;
#1630 = CARTESIAN_POINT ( 'NONE',  ( 7.500000000000000000, 10.00000000000000000, -4.000000000000000000 ) ) ;
#1631 = ORIENTED_EDGE ( 'NONE', *, *, #1779, .F. ) ;
#1632 = FACE_OUTER_BOUND ( 'NONE', #1585, .T. ) ;
#1633 = CARTESIAN_POINT ( 'NONE',  ( 10.00121989000238898, 10.49943441618324691, -1.348450722041349970 ) ) ;
#1634 = CARTESIAN_POINT ( 'NONE',  ( 10.00131463797515785, 10.49930802720953693, -1.332083927595595352 ) ) ;
#1635 = ORIENTED_EDGE ( 'NONE', *, *, #536, .T. ) ;
#1636 = CARTESIAN_POINT ( 'NONE',  ( 9.499999999999998224, 3.499999999999998224, 4.000000000000000000 ) ) ;
#1637 = ORIENTED_EDGE ( 'NONE', *, *, #1287, .T. ) ;
#1638 = CARTESIAN_POINT ( 'NONE',  ( 10.00000000000000000, 10.00000000000000000, -4.000000000000000000 ) ) ;
#1639 = ADVANCED_FACE ( 'NONE', ( #247 ), #1720, .F. ) ;
#1640 = CARTESIAN_POINT ( 'NONE',  ( 7.549181991712039519, 176.6672094156632511, 2.363766421355004699 ) ) ;
#1641 = B_SPLINE_CURVE_WITH_KNOTS ( 'NONE', 3,
 ( #1645, #149, #1175, #1821, #1371, #312 ),
 .UNSPECIFIED., .F., .F.,
 ( 4, 2, 4 ),
 ( 9.415969727883592137E-17, 0.0003869640727464062875, 0.0007739281454927194421 ),
 .UNSPECIFIED. ) ;
#1642 = CARTESIAN_POINT ( 'NONE',  ( 0.5024406221440061993, 10.05945004981346891, 3.769650033479042150 ) ) ;
#1643 = CARTESIAN_POINT ( 'NONE',  ( 2.499999999999995115, 10.00000000000001421, -4.000000000000000000 ) ) ;
#1644 = CARTESIAN_POINT ( 'NONE',  ( 8.999999999999996447, 9.500012414000748251, -3.505677226811089842 ) ) ;
#1645 = CARTESIAN_POINT ( 'NONE',  ( 9.495466282179343409, 10.49952988160629808, 4.000755782676142402 ) ) ;
#1646 = CARTESIAN_POINT ( 'NONE',  ( 9.492819444209334989, 10.00005156501585724, -3.510850302458233152 ) ) ;
#1647 = CARTESIAN_POINT ( 'NONE',  ( 0.5006218633687024022, 10.00033494417631275, 3.569168280609064325 ) ) ;
#1648 = AXIS2_PLACEMENT_3D ( 'NONE', #950, #634, #1087 ) ;
#1649 = EDGE_CURVE ( 'NONE', #1770, #1605, #420, .T. ) ;
#1650 =( NAMED_UNIT ( * ) SI_UNIT ( $, .STERADIAN. ) SOLID_ANGLE_UNIT ( ) );
#1651 = B_SPLINE_CURVE_WITH_KNOTS ( 'NONE', 3,
 ( #1425, #1443, #838, #1444, #1000, #394, #384 ),
 .UNSPECIFIED., .F., .F.,
 ( 4, 3, 4 ),
 ( 0.000000000000000000, 0.002000000001990867582, 0.007030164365765111979 ),
 .UNSPECIFIED. ) ;
#1652 = CARTESIAN_POINT ( 'NONE',  ( 6.490946085054444481, 209.9999999999998863, -3.197344197505875396 ) ) ;
#1653 = DIRECTION ( 'NONE',  ( -2.168404344971008868E-16, 1.000000000000000000, 0.000000000000000000 ) ) ;
#1654 = CARTESIAN_POINT ( 'NONE',  ( 3.250000000000000000, 0.000000000000000000, 0.000000000000000000 ) ) ;
#1655 = ORIENTED_EDGE ( 'NONE', *, *, #159, .F. ) ;
#1656 = LINE ( 'NONE', #1044, #1659 ) ;
#1657 = CARTESIAN_POINT ( 'NONE',  ( 8.356516641220157027, 210.0000000000002558, -1.221682476207498480 ) ) ;
#1658 = AXIS2_PLACEMENT_3D ( 'NONE', #167, #1511, #1031 ) ;
#1659 = VECTOR ( 'NONE', #893, 1000.000000000000000 ) ;
#1660 = CARTESIAN_POINT ( 'NONE',  ( 5.416666666666667851, 10.00000000000000000, 4.000000000000000000 ) ) ;
#1661 = CARTESIAN_POINT ( 'NONE',  ( 2.309988541284354824, 60.00374906278388920, -3.592757012791310434 ) ) ;
#1662 = DIRECTION ( 'NONE',  ( 1.000000000000000000, 0.000000000000000000, 0.000000000000000000 ) ) ;
#1663 = FACE_OUTER_BOUND ( 'NONE', #735, .T. ) ;
#1664 = ORIENTED_EDGE ( 'NONE', *, *, #646, .F. ) ;
#1665 = ORIENTED_EDGE ( 'NONE', *, *, #77, .T. ) ;
#1666 = PLANE ( 'NONE',  #1906 ) ;
#1667 = CARTESIAN_POINT ( 'NONE',  ( 0.5045434968434906464, 10.37276808653053450, -4.001836254367137080 ) ) ;
#1668 = CARTESIAN_POINT ( 'NONE',  ( 9.495530065558057231, 10.00009716846085084, 3.511487820460153841 ) ) ;
#1669 = CARTESIAN_POINT ( 'NONE',  ( 6.159381738720117738, 26.67030298733147120, -4.715627133598234266 ) ) ;
#1670 = CARTESIAN_POINT ( 'NONE',  ( 0.01427431702505092652, 10.50418912897248447, -3.996090079706235532 ) ) ;
#1671 = CARTESIAN_POINT ( 'NONE',  ( 8.999999999999996447, 9.633562273040142898, 4.000000000000000000 ) ) ;
#1672 = EDGE_CURVE ( 'NONE', #566, #1362, #1534, .T. ) ;
#1673 = EDGE_LOOP ( 'NONE', ( #212, #1530, #139, #1260 ) ) ;
#1674 = CARTESIAN_POINT ( 'NONE',  ( 2.692765448455357010E-05, 10.00000000005502976, 1.400150406033774164 ) ) ;
#1676 = EDGE_CURVE ( 'NONE', #16, #1456, #1870, .T. ) ;
#1675 = DIRECTION ( 'NONE',  ( -1.000000000000000000, 0.000000000000000000, 0.000000000000000000 ) ) ;
#1677 = VERTEX_POINT ( 'NONE', #474 ) ;
#1678 = CARTESIAN_POINT ( 'NONE',  ( 8.272771211438971761, 60.17609390959707838, 2.682263034161247006 ) ) ;
#1679 = CARTESIAN_POINT ( 'NONE',  ( 5.238636887552073240, 176.6672094156631942, -3.560313249643687783 ) ) ;
#1680 = CARTESIAN_POINT ( 'NONE',  ( 2.318844449083576897, 210.0000000000000284, -2.249756633902888936 ) ) ;
#1681 = ORIENTED_EDGE ( 'NONE', *, *, #886, .T. ) ;
#1682 = CARTESIAN_POINT ( 'NONE',  ( 0.4991115011075061836, 9.999999999999998224, -1.346985633855561915 ) ) ;
#1683 = DIRECTION ( 'NONE',  ( 0.000000000000000000, 0.000000000000000000, 1.000000000000000000 ) ) ;
#1684 = ORIENTED_EDGE ( 'NONE', *, *, #1555, .F. ) ;
#1685 = DIRECTION ( 'NONE',  ( -0.000000000000000000, 0.000000000000000000, 1.000000000000000000 ) ) ;
#1686 = VECTOR ( 'NONE', #1542, 1000.000000000000000 ) ;
#1687 = CARTESIAN_POINT ( 'NONE',  ( 0.000000000000000000, 2.499999999999998224, -4.000000000000000000 ) ) ;
#1688 = CARTESIAN_POINT ( 'NONE',  ( 2.808433186943864346, 126.6564770998266312, -2.086610229871033173 ) ) ;
#1689 = CARTESIAN_POINT ( 'NONE',  ( 0.5026747926447800996, 10.00000715462071454, -1.507968342560603636 ) ) ;
#1690 = ORIENTED_EDGE ( 'NONE', *, *, #1315, .T. ) ;
#1691 = LINE ( 'NONE', #651, #866 ) ;
#1692 = EDGE_CURVE ( 'NONE', #66, #617, #322, .T. ) ;
#1693 = CARTESIAN_POINT ( 'NONE',  ( 0.5045335619630377799, 10.50417599884446140, -4.000738562295858891 ) ) ;
#1694 = ORIENTED_EDGE ( 'NONE', *, *, #1265, .F. ) ;
#1695 = CARTESIAN_POINT ( 'NONE',  ( 2.499999999999998668, -1.612106538270565538E-31, 4.000000000000000000 ) ) ;
#1696 = ADVANCED_FACE ( 'NONE', ( #585 ), #978, .T. ) ;
#1697 = CARTESIAN_POINT ( 'NONE',  ( 9.492822455571992890, 10.00005152176242618, 3.509877308730460221 ) ) ;
#1698 = CARTESIAN_POINT ( 'NONE',  ( 0.5074622354812813319, 10.00953799768787533, 4.000295452243077143 ) ) ;
#1699 = CARTESIAN_POINT ( 'NONE',  ( 0.5059259403137621458, 10.00007082395373814, -3.510973010567865593 ) ) ;
#1700 = DIRECTION ( 'NONE',  ( 0.000000000000000000, 1.000000000000000000, 0.000000000000000000 ) ) ;
#1701 = CARTESIAN_POINT ( 'NONE',  ( 1.000000000000004441, 9.999713327151882325, -3.569131772815129722 ) ) ;
#1702 = EDGE_LOOP ( 'NONE', ( #1086, #108, #1623, #1631, #1474, #1905 ) ) ;
#1703 = CARTESIAN_POINT ( 'NONE',  ( 1.000000000000004441, 9.499889637440562140, 1.185754439352930234 ) ) ;
#1704 = CIRCLE ( 'NONE', #1038, 4.000000000000000000 ) ;
#1705 = CARTESIAN_POINT ( 'NONE',  ( 9.492819444209338542, 10.00005156501586079, 3.510850302458317529 ) ) ;
#1706 = CARTESIAN_POINT ( 'NONE',  ( 7.681155550916423991, 210.0000000000000284, -2.249756633902888492 ) ) ;
#1707 = CARTESIAN_POINT ( 'NONE',  ( 0.5071805557906619022, 10.00005156501585724, -3.510850302458040861 ) ) ;
#1708 = ORIENTED_EDGE ( 'NONE', *, *, #952, .T. ) ;
#1709 = CARTESIAN_POINT ( 'NONE',  ( 2.648791543131025605, 126.6564770998266596, -1.966371725760386768 ) ) ;
#1710 = VECTOR ( 'NONE', #669, 1000.000000000000000 ) ;
#1711 = LINE ( 'NONE', #369, #368 ) ;
#1712 = CARTESIAN_POINT ( 'NONE',  ( 9.663538329569831831, 10.50106627025925476, 3.999230522368316443 ) ) ;
#1713 = CIRCLE ( 'NONE', #1622, 0.4999999999999998890 ) ;
#1714 = ADVANCED_FACE ( 'NONE', ( #1041 ), #240, .F. ) ;
#1715 = AXIS2_PLACEMENT_3D ( 'NONE', #113, #229, #707 ) ;
#1716 = DIRECTION ( 'NONE',  ( -1.000000000000000000, -0.000000000000000000, -0.000000000000000000 ) ) ;
#1717 = VERTEX_POINT ( 'NONE', #1788 ) ;
#1718 = EDGE_CURVE ( 'NONE', #16, #341, #1501, .T. ) ;
#1719 = CARTESIAN_POINT ( 'NONE',  ( 1.277703134248903805, 60.00374906278412368, 2.341661441568597457 ) ) ;
#1720 = PLANE ( 'NONE',  #1114 ) ;
#1721 = CARTESIAN_POINT ( 'NONE',  ( 9.499999999999998224, 3.499999999999998224, -4.756179762631771446 ) ) ;
#1722 = DIRECTION ( 'NONE',  ( 0.000000000000000000, 0.000000000000000000, -1.000000000000000000 ) ) ;
#1723 = CARTESIAN_POINT ( 'NONE',  ( 4.355605236872384545, 126.6564770998268017, 2.703576526625730558 ) ) ;
#1724 = ORIENTED_EDGE ( 'NONE', *, *, #1019, .T. ) ;
#1725 = CARTESIAN_POINT ( 'NONE',  ( 2.239063909972430100, 126.6564770998265743, 1.042666777985839177 ) ) ;
#1726 = CARTESIAN_POINT ( 'NONE',  ( 0.5045337178206524831, 10.49952988160629808, 4.000755782676141514 ) ) ;
#1727 = CARTESIAN_POINT ( 'NONE',  ( 0.01768832680144579936, 10.51289413724534150, 3.996051383350068154 ) ) ;
#1728 = CARTESIAN_POINT ( 'NONE',  ( 9.982161095040417820, 10.51726041137807144, -3.996016490204127081 ) ) ;
#1729 = EDGE_CURVE ( 'NONE', #726, #661, #1519, .T. ) ;
#1730 = DIRECTION ( 'NONE',  ( 0.000000000000000000, -0.000000000000000000, -1.000000000000000000 ) ) ;
#1731 = B_SPLINE_CURVE_WITH_KNOTS ( 'NONE', 3,
 ( #1187, #446, #1018, #595, #1195, #1625 ),
 .UNSPECIFIED., .F., .F.,
 ( 4, 2, 4 ),
 ( -3.742727402781801429E-05, 0.0003541531225942280725, 0.0007457335192162740847 ),
 .UNSPECIFIED. ) ;
#1732 = CARTESIAN_POINT ( 'NONE',  ( 5.000000000000000000, 215.0000000000000284, 2.499999999999999112 ) ) ;
#1733 = CARTESIAN_POINT ( 'NONE',  ( 9.985725682974889494, 10.50418912897248269, 3.996090079706234643 ) ) ;
#1734 = ORIENTED_EDGE ( 'NONE', *, *, #126, .F. ) ;
#1735 = DIRECTION ( 'NONE',  ( 0.000000000000000000, 0.000000000000000000, 1.000000000000000000 ) ) ;
#1736 = CARTESIAN_POINT ( 'NONE',  ( 1.000000000000004441, 9.548359478037365733, -3.852136688604795633 ) ) ;
#1737 = FACE_OUTER_BOUND ( 'NONE', #9, .T. ) ;
#1738 = CARTESIAN_POINT ( 'NONE',  ( 2.499999999999998668, 0.000000000000000000, 0.000000000000000000 ) ) ;
#1739 = VECTOR ( 'NONE', #1574, 1000.000000000000000 ) ;
#1740 = CARTESIAN_POINT ( 'NONE',  ( 9.495466282179354067, 10.49952988160629808, -4.000755782676143291 ) ) ;
#1741 = EDGE_CURVE ( 'NONE', #1362, #566, #1407, .T. ) ;
#1742 = CONICAL_SURFACE ( 'NONE', #56, 1.700000000000117639, 0.7853981633974410625 ) ;
#1743 = CARTESIAN_POINT ( 'NONE',  ( 0.5074578236021719535, 10.49950319708393742, 4.000782264771496344 ) ) ;
#1744 = CARTESIAN_POINT ( 'NONE',  ( 2.500000000000005329, 10.00000000000001243, 4.000000000000005329 ) ) ;
#1745 = ORIENTED_EDGE ( 'NONE', *, *, #43, .T. ) ;
#1746 = VECTOR ( 'NONE', #451, 1000.000000000000000 ) ;
#1747 = FACE_OUTER_BOUND ( 'NONE', #189, .T. ) ;
#1748 = FACE_OUTER_BOUND ( 'NONE', #812, .T. ) ;
#1749 = DIRECTION ( 'NONE',  ( 0.000000000000000000, 0.000000000000000000, 1.000000000000000000 ) ) ;
#1750 = ORIENTED_EDGE ( 'NONE', *, *, #1138, .F. ) ;
#1751 = CARTESIAN_POINT ( 'NONE',  ( 8.999999999999996447, 9.999983579269580147, 3.503186064827333634 ) ) ;
#1752 = CARTESIAN_POINT ( 'NONE',  ( 8.275160285992145148, 60.00374906278415210, 2.684118922649855854 ) ) ;
#1753 = CARTESIAN_POINT ( 'NONE',  ( 1.000000000000004219, 9.500103502858211257, -3.515082181280047013 ) ) ;
#1754 = ADVANCED_FACE ( 'NONE', ( #762 ), #442, .T. ) ;
#1755 = ADVANCED_BREP_SHAPE_REPRESENTATION ( 'Long Arm', ( #737, #1470 ), #1247 ) ;
#1756 = CARTESIAN_POINT ( 'NONE',  ( 9.492537764518715449, 10.00953799768780961, 4.000295452243080696 ) ) ;
#1757 = ORIENTED_EDGE ( 'NONE', *, *, #1866, .T. ) ;
#1758 = CARTESIAN_POINT ( 'NONE',  ( 0.6546519908949450794, 10.34787354873083487, -4.001974428229874370 ) ) ;
#1759 = CARTESIAN_POINT ( 'NONE',  ( 0.5040596042769887042, 10.24299052891641360, -3.948353968168358819 ) ) ;
#1760 = ORIENTED_EDGE ( 'NONE', *, *, #1227, .T. ) ;
#1761 = CARTESIAN_POINT ( 'NONE',  ( 0.5057160441577663867, 10.00007430509550055, 3.511019591334285206 ) ) ;
#1762 = DIRECTION ( 'NONE',  ( -1.000000000000000000, 1.858632295689435856E-16, 0.000000000000000000 ) ) ;
#1763 = DIRECTION ( 'NONE',  ( -1.000000000000000000, -2.478176394252581634E-16, 0.000000000000000000 ) ) ;
#1764 = CARTESIAN_POINT ( 'NONE',  ( 0.000000000000000000, 10.00000000000000000, 4.000000000000000000 ) ) ;
#1765 = ORIENTED_EDGE ( 'NONE', *, *, #1558, .F. ) ;
#1766 = FACE_OUTER_BOUND ( 'NONE', #859, .T. ) ;
#1767 = CARTESIAN_POINT ( 'NONE',  ( 9.499870509440141220, 10.00020330431581250, -3.514953063323324134 ) ) ;
#1768 = ORIENTED_EDGE ( 'NONE', *, *, #770, .F. ) ;
#1769 = CARTESIAN_POINT ( 'NONE',  ( 0.5000000000000000000, 2.499999999999998224, 4.000000000000000000 ) ) ;
#1770 = VERTEX_POINT ( 'NONE', #1426 ) ;
#1771 = CARTESIAN_POINT ( 'NONE',  ( 7.760936090027576562, 126.6564770998264748, 1.042666777985842064 ) ) ;
#1772 = CARTESIAN_POINT ( 'NONE',  ( 10.00000000000000000, 0.000000000000000000, -4.000000000000000000 ) ) ;
#1773 = EDGE_CURVE ( 'NONE', #790, #1543, #771, .T. ) ;
#1774 = VECTOR ( 'NONE', #1210, 1000.000000000000000 ) ;
#1775 = CARTESIAN_POINT ( 'NONE',  ( 7.500000000000001776, 1.612106538270565538E-31, 4.000000000000000000 ) ) ;
#1776 = DIRECTION ( 'NONE',  ( 0.000000000000000000, 0.000000000000000000, -1.000000000000000000 ) ) ;
#1777 = CARTESIAN_POINT ( 'NONE',  ( 8.999999999999994671, 10.06280542545515289, -3.756724983299139176 ) ) ;
#1778 = CARTESIAN_POINT ( 'NONE',  ( 7.681155550916423991, 210.0000000000000284, -2.249756633902888492 ) ) ;
#1779 = EDGE_CURVE ( 'NONE', #198, #1332, #1142, .T. ) ;
#1780 = EDGE_LOOP ( 'NONE', ( #1348, #787, #1791, #855 ) ) ;
#1781 = CARTESIAN_POINT ( 'NONE',  ( 9.053168403308434975, 9.759064513827622633, 3.513096387797744136 ) ) ;
#1782 = CIRCLE ( 'NONE', #711, 0.5000000000000000000 ) ;
#1783 = CARTESIAN_POINT ( 'NONE',  ( 9.932192374146046276, 26.67030298733157068, 4.682082184253216293E-15 ) ) ;
#1784 = CIRCLE ( 'NONE', #937, 2.000000000000000000 ) ;
#1785 = CARTESIAN_POINT ( 'NONE',  ( 5.000000000000000000, 210.0000000000000284, 0.000000000000000000 ) ) ;
#1786 = EDGE_LOOP ( 'NONE', ( #1482, #1172, #717, #540, #1149, #1048 ) ) ;
#1787 = CARTESIAN_POINT ( 'NONE',  ( 4.355605236872372998, 126.6564770998265601, -2.703576526625732779 ) ) ;
#1788 = CARTESIAN_POINT ( 'NONE',  ( 9.982161095040410714, 10.51726041137806611, 3.996016490204125304 ) ) ;
#1789 = CARTESIAN_POINT ( 'NONE',  ( 0.5024406221440096409, 10.05945004981341384, -3.769650033478939566 ) ) ;
#1790 = CARTESIAN_POINT ( 'NONE',  ( 8.999999999999996447, 9.629703926622761756, 4.010564737316820505 ) ) ;
#1791 = ORIENTED_EDGE ( 'NONE', *, *, #963, .T. ) ;
#1792 = CARTESIAN_POINT ( 'NONE',  ( 1.000000000000004441, 10.50835199768892281, 4.500700568701923920 ) ) ;
#1793 = EDGE_CURVE ( 'NONE', #744, #1677, #1569, .T. ) ;
#1794 = CARTESIAN_POINT ( 'NONE',  ( 9.090385089795713469, 26.67030298733164528, 4.012256661828487836 ) ) ;
#1795 = ORIENTED_EDGE ( 'NONE', *, *, #1119, .F. ) ;
#1796 = CARTESIAN_POINT ( 'NONE',  ( 4.673951605535041409, 60.00374906278388210, -4.749981260308254072 ) ) ;
#1797 = CARTESIAN_POINT ( 'NONE',  ( 9.500888498898724777, 9.999999999999994671, 1.346985633856065956 ) ) ;
#1798 = CARTESIAN_POINT ( 'NONE',  ( 9.860958939176958538, 10.16634952006136494, -3.874995063220405989 ) ) ;
#1799 = ORIENTED_EDGE ( 'NONE', *, *, #1844, .T. ) ;
#1800 = CARTESIAN_POINT ( 'NONE',  ( 9.495466282179343409, 10.49952988160629808, 4.000755782676142402 ) ) ;
#1801 = VERTEX_POINT ( 'NONE', #482 ) ;
#1802 = CARTESIAN_POINT ( 'NONE',  ( 8.299733865784904907, 176.6672094156633079, -1.214930500093736112E-15 ) ) ;
#1803 = B_SPLINE_CURVE_WITH_KNOTS ( 'NONE', 3,
 ( #1767, #574, #1342, #1798, #723, #264, #1331, #425 ),
 .UNSPECIFIED., .F., .F.,
 ( 4, 2, 2, 4 ),
 ( 1.543348524845078879E-05, 0.0004812280253594330265, 0.0007141252954149257277, 0.0009470225654704184830 ),
 .UNSPECIFIED. ) ;
#1804 = EDGE_CURVE ( 'NONE', #501, #617, #181, .T. ) ;
#1805 = AXIS2_PLACEMENT_3D ( 'NONE', #984, #1722, #376 ) ;
#1806 = CARTESIAN_POINT ( 'NONE',  ( 7.027149472694112831, 176.6672094156632795, 2.886611495638262248 ) ) ;
#1807 = VECTOR ( 'NONE', #972, 1000.000000000000000 ) ;
#1808 = CARTESIAN_POINT ( 'NONE',  ( 1.603311851259693332, 26.67030298733149252, -4.259594801468359115 ) ) ;
#1809 = CARTESIAN_POINT ( 'NONE',  ( 8.999999999999996447, 10.50421352290816301, -4.005231045861040506 ) ) ;
#1810 = CYLINDRICAL_SURFACE ( 'NONE', #115, 2.000000000000000000 ) ;
#1811 = ORIENTED_EDGE ( 'NONE', *, *, #770, .T. ) ;
#1812 = CARTESIAN_POINT ( 'NONE',  ( -0.001219890001891628731, 10.49943441619313766, -1.348450722064618246 ) ) ;
#1813 = CARTESIAN_POINT ( 'NONE',  ( 1.000000000000004441, 10.23993105795101144, -3.952143392906896313 ) ) ;
#1814 = ORIENTED_EDGE ( 'NONE', *, *, #560, .F. ) ;
#1815 = CARTESIAN_POINT ( 'NONE',  ( 9.809590211993588937, 26.67030298733163818, 2.003118677991692298 ) ) ;
#1816 = CIRCLE ( 'NONE', #780, 2.000000000000000000 ) ;
#1817 = EDGE_CURVE ( 'NONE', #134, #883, #1831, .T. ) ;
#1818 = CARTESIAN_POINT ( 'NONE',  ( 5.000000000000000000, 210.0000000000000284, 3.500000000000001332 ) ) ;
#1819 = ADVANCED_FACE ( 'NONE', ( #356 ), #71, .T. ) ;
#1820 = CARTESIAN_POINT ( 'NONE',  ( 7.027149472694111054, 176.6672094156633648, -2.886611495638261804 ) ) ;
#1821 = CARTESIAN_POINT ( 'NONE',  ( 9.497559377855990803, 10.05945004981342450, 3.769650033478953333 ) ) ;
#1822 = ORIENTED_EDGE ( 'NONE', *, *, #916, .F. ) ;
#1823 = ORIENTED_EDGE ( 'NONE', *, *, #279, .F. ) ;
#1824 = FACE_OUTER_BOUND ( 'NONE', #427, .T. ) ;
#1825 = CARTESIAN_POINT ( 'NONE',  ( 1.000000000000004441, 10.10005809903885954, -3.812500615147122573 ) ) ;
#1826 = ORIENTED_EDGE ( 'NONE', *, *, #77, .F. ) ;
#1827 = SURFACE_STYLE_FILL_AREA ( #1391 ) ;
#1828 = CARTESIAN_POINT ( 'NONE',  ( 9.492825465786715711, 10.00005147855248744, -3.508904314987050466 ) ) ;
#1829 = PRODUCT_CONTEXT ( 'NONE', #1499, 'mechanical' ) ;
#1830 = CARTESIAN_POINT ( 'NONE',  ( 5.416666666666666963, 10.00000000000000000, -4.000000000000000000 ) ) ;
#1831 = LINE ( 'NONE', #803, #1025 ) ;
#1832 = B_SPLINE_CURVE_WITH_KNOTS ( 'NONE', 3,
 ( #564, #254, #1736, #694 ),
 .UNSPECIFIED., .F., .F.,
 ( 4, 4 ),
 ( -1.393036652669968773E-05, 0.0004907676168846131877 ),
 .UNSPECIFIED. ) ;
#1833 = EDGE_LOOP ( 'NONE', ( #226, #266, #178, #455 ) ) ;
#1834 = CARTESIAN_POINT ( 'NONE',  ( 0.03540482506812416691, 10.34890562553114357, -3.978329032197527759 ) ) ;
#1835 = CARTESIAN_POINT ( 'NONE',  ( 1.000000000000004441, 10.06280542545482071, -3.756724983298850518 ) ) ;
#1836 = ORIENTED_EDGE ( 'NONE', *, *, #366, .F. ) ;
#1837 = CARTESIAN_POINT ( 'NONE',  ( 9.500000000000000000, 2.499999999999998224, 4.000000000000000000 ) ) ;
#1838 = EDGE_CURVE ( 'NONE', #1895, #16, #657, .T. ) ;
#1839 = DIRECTION ( 'NONE',  ( 0.000000000000000000, 1.000000000000000000, 0.000000000000000000 ) ) ;
#1840 = CARTESIAN_POINT ( 'NONE',  ( 0.5065563655440984414, 10.00006052999825634, -3.510850211035057900 ) ) ;
#1841 = EDGE_LOOP ( 'NONE', ( #492, #850, #1181, #1177 ) ) ;
#1842 = VERTEX_POINT ( 'NONE', #1680 ) ;
#1843 = CARTESIAN_POINT ( 'NONE',  ( 0.1390410608230346345, 10.16634952006136849, -3.874995063220409541 ) ) ;
#1844 = EDGE_CURVE ( 'NONE', #1842, #1023, #88, .T. ) ;
#1845 = CARTESIAN_POINT ( 'NONE',  ( 7.500000000000002665, -4.000000000000000888, 4.756179762631780328 ) ) ;
#1846 = ORIENTED_EDGE ( 'NONE', *, *, #1255, .T. ) ;
#1847 = CARTESIAN_POINT ( 'NONE',  ( 0.5073249272040993851, 10.00005365954381453, -3.557217277075226392 ) ) ;
#1848 = VECTOR ( 'NONE', #1716, 1000.000000000000000 ) ;
#1849 = VECTOR ( 'NONE', #1075, 1000.000000000000000 ) ;
#1850 = CARTESIAN_POINT ( 'NONE',  ( 9.494662522654884640, 10.00008147141550907, 3.511181077419178287 ) ) ;
#1851 = CARTESIAN_POINT ( 'NONE',  ( 0.3430593851050807719, 10.50100306915572013, 3.999293846794966800 ) ) ;
#1852 = DIRECTION ( 'NONE',  ( 0.000000000000000000, -0.000000000000000000, 1.000000000000000000 ) ) ;
#1853 = ORIENTED_EDGE ( 'NONE', *, *, #320, .F. ) ;
#1854 =( BOUNDED_SURFACE ( )  B_SPLINE_SURFACE ( 3, 2, ( 
 ( #73, #510, #805 ),
 ( #659, #1288, #1886 ),
 ( #820, #1111, #403 ),
 ( #1571, #1127, #1428 ) ),
 .UNSPECIFIED., .F., .F., .T. ) 
 B_SPLINE_SURFACE_WITH_KNOTS ( ( 4, 4 ),
 ( 3, 3 ),
 ( 0.002396245421560079351, 0.002889041005423651290 ),
 ( 0.01358477342926218273, 1.000000000000000000 ),
 .UNSPECIFIED. ) 
 GEOMETRIC_REPRESENTATION_ITEM ( )  RATIONAL_B_SPLINE_SURFACE ( (
 ( 0.9920707742940477747, 0.7081576020667249560, 1.000000000000000000),
 ( 0.9921016434439229315, 0.7092937693365026774, 1.000000000000000000),
 ( 0.9921313323842317899, 0.7103864979146909953, 1.000000000000000000),
 ( 0.9921597410182150245, 0.7114321036486128680, 1.000000000000000000) ) ) 
 REPRESENTATION_ITEM ( '' )  SURFACE ( )  );
#1855 = FACE_BOUND ( 'NONE', #160, .T. ) ;
#1856 = CARTESIAN_POINT ( 'NONE',  ( 0.5012122087069501575, 10.01367067304127190, -3.634218128562630046 ) ) ;
#1857 = CARTESIAN_POINT ( 'NONE',  ( 0.4998967053960056139, 9.999944818653480283, -1.185782079343043582 ) ) ;
#1858 = CIRCLE ( 'NONE', #162, 2.000000000000000000 ) ;
#1859 = CARTESIAN_POINT ( 'NONE',  ( 0.1786600914423543407, 10.50257166761106475, 3.997728293832142565 ) ) ;
#1860 = CARTESIAN_POINT ( 'NONE',  ( 7.050000000000073541, 0.000000000000000000, -2.000000000000000000 ) ) ;
#1861 = VERTEX_POINT ( 'NONE', #648 ) ;
#1862 = PLANE ( 'NONE',  #34 ) ;
#1863 = DIRECTION ( 'NONE',  ( -0.7071067811865526798, 0.000000000000000000, 0.7071067811865424657 ) ) ;
#1864 =( BOUNDED_SURFACE ( )  B_SPLINE_SURFACE ( 3, 2, ( 
 ( #292, #449, #863 ),
 ( #1647, #1345, #125 ),
 ( #718, #1629, #430 ),
 ( #1170, #1324, #873 ),
 ( #1024, #281, #1335 ),
 ( #1932, #578, #440 ),
 ( #1036, #884, #1191 ),
 ( #1943, #591, #1792 ) ),
 .UNSPECIFIED., .F., .F., .F. ) 
 B_SPLINE_SURFACE_WITH_KNOTS ( ( 4, 2, 2, 4 ),
 ( 3, 3 ),
 ( 0.003207113454844869385, 0.003598787200927054501, 0.003990460947009239617, 0.004773808439173608982 ),
 ( 0.000000000000000000, 1.000000000000000000 ),
 .UNSPECIFIED. ) 
 GEOMETRIC_REPRESENTATION_ITEM ( )  RATIONAL_B_SPLINE_SURFACE ( (
 ( 1.000000000000000000, 0.7071227821501692157, 1.000000000000000000),
 ( 1.000000000000000000, 0.7075465041494948260, 1.000000000000000000),
 ( 1.000000000000000000, 0.7079635300036563050, 1.000000000000000000),
 ( 1.000000000000000000, 0.7087409441605930782, 1.000000000000000000),
 ( 1.000000000000000000, 0.7090935805399721792, 1.000000000000000000),
 ( 1.000000000000000000, 0.7099743885163695145, 1.000000000000000000),
 ( 1.000000000000000000, 0.7103182451203995385, 1.000000000000000000),
 ( 1.000000000000000000, 0.7103052597039056781, 1.000000000000000000) ) ) 
 REPRESENTATION_ITEM ( '' )  SURFACE ( )  );
#1865 = CARTESIAN_POINT ( 'NONE',  ( 9.498339234543639265, 10.49955610594591704, 4.000729755941103249 ) ) ;
#1866 = EDGE_CURVE ( 'NONE', #894, #291, #225, .T. ) ;
#1867 = CARTESIAN_POINT ( 'NONE',  ( 0.5001294905599067420, 10.00020330431581250, -3.514953063323395188 ) ) ;
#1868 = ORIENTED_EDGE ( 'NONE', *, *, #1225, .F. ) ;
#1869 = CARTESIAN_POINT ( 'NONE',  ( 0.1904097880064037074, 26.67030298733165949, 2.003118677991689633 ) ) ;
#1870 = LINE ( 'NONE', #517, #333 ) ;
#1871 = CARTESIAN_POINT ( 'NONE',  ( 0.5001294905599067420, 10.00020330431581250, -3.514953063323395188 ) ) ;
#1872 = AXIS2_PLACEMENT_3D ( 'NONE', #767, #915, #1085 ) ;
#1873 = CARTESIAN_POINT ( 'NONE',  ( 9.036767151143410004, 9.886179579509137838, -4.000000000000000000 ) ) ;
#1874 = LINE ( 'NONE', #1732, #1059 ) ;
#1875 = ADVANCED_FACE ( 'NONE', ( #188 ), #364, .T. ) ;
#1876 = VECTOR ( 'NONE', #1887, 1000.000000000000000 ) ;
#1877 = CARTESIAN_POINT ( 'NONE',  ( 8.999999999999996447, 9.548359478037411918, -3.852136688604810733 ) ) ;
#1878 = VERTEX_POINT ( 'NONE', #810 ) ;
#1879 = EDGE_CURVE ( 'NONE', #1332, #46, #856, .T. ) ;
#1880 = CARTESIAN_POINT ( 'NONE',  ( 0.5749178304738588041, 26.67030298733163818, 3.876483595510677560 ) ) ;
#1881 = DIRECTION ( 'NONE',  ( -1.000000000000000000, -0.000000000000000000, -0.000000000000000000 ) ) ;
#1882 = CARTESIAN_POINT ( 'NONE',  ( 0.5016607654563564056, 10.49955610594591704, 4.000729755941102361 ) ) ;
#1883 = CARTESIAN_POINT ( 'NONE',  ( 1.000000000000004219, 9.500103502858211257, -3.515082181280047013 ) ) ;
#1884 = CARTESIAN_POINT ( 'NONE',  ( 4.284096025755544268, 176.6672094156631942, 3.506039712736618963 ) ) ;
#1885 = ORIENTED_EDGE ( 'NONE', *, *, #1676, .F. ) ;
#1886 = CARTESIAN_POINT ( 'NONE',  ( 9.821339908557646936, 10.50257166760995631, -3.997728293832151891 ) ) ;
#1887 = DIRECTION ( 'NONE',  ( -1.000000000000000000, 0.000000000000000000, 0.000000000000000000 ) ) ;
#1888 = CARTESIAN_POINT ( 'NONE',  ( 8.999999999999998224, 3.499999999999998224, -4.000000000000000000 ) ) ;
#1889 = DIRECTION ( 'NONE',  ( 0.000000000000000000, 0.000000000000000000, 1.000000000000000000 ) ) ;
#1890 = FACE_OUTER_BOUND ( 'NONE', #406, .T. ) ;
#1891 = DIRECTION ( 'NONE',  ( 0.000000000000000000, 1.000000000000000000, -0.000000000000000000 ) ) ;
#1892 = CARTESIAN_POINT ( 'NONE',  ( 6.750000000000000888, 0.000000000000000000, -1.699999999999923350 ) ) ;
#1893 = CARTESIAN_POINT ( 'NONE',  ( 0.9096149102042874190, 26.67030298733165239, 4.012256661828486948 ) ) ;
#1894 = ADVANCED_FACE ( 'NONE', ( #251 ), #179, .T. ) ;
#1895 = VERTEX_POINT ( 'NONE', #1004 ) ;
#1896 = CARTESIAN_POINT ( 'NONE',  ( 0.5712579204902449304, 60.00374906278425868, 1.503384824298148681 ) ) ;
#1897 = DIRECTION ( 'NONE',  ( 0.000000000000000000, 0.000000000000000000, 1.000000000000000000 ) ) ;
#1898 = CARTESIAN_POINT ( 'NONE',  ( 5.000000000000000000, 210.0000000000000284, 0.000000000000000000 ) ) ;
#1899 = CARTESIAN_POINT ( 'NONE',  ( 9.822990345231778164, 10.50258400530429626, 3.997711634433915417 ) ) ;
#1900 = EDGE_CURVE ( 'NONE', #1145, #163, #2, .T. ) ;
#1901 = FACE_OUTER_BOUND ( 'NONE', #99, .T. ) ;
#1902 = AXIS2_PLACEMENT_3D ( 'NONE', #1898, #383, #1889 ) ;
#1903 = CARTESIAN_POINT ( 'NONE',  ( 6.750000000000000888, 2.265596578422556262E-16, 1.699999999999923350 ) ) ;
#1904 = CARTESIAN_POINT ( 'NONE',  ( 0.5071805557906632345, 10.00005156501604908, 3.510850302467541262 ) ) ;
#1905 = ORIENTED_EDGE ( 'NONE', *, *, #1176, .F. ) ;
#1906 = AXIS2_PLACEMENT_3D ( 'NONE', #314, #1700, #619 ) ;
#1907 = CARTESIAN_POINT ( 'NONE',  ( 3.250000000000000000, 0.000000000000000000, 0.000000000000000000 ) ) ;
#1908 = CARTESIAN_POINT ( 'NONE',  ( 0.9048626625680588065, 10.00000000000000000, 4.000000000000000000 ) ) ;
#1909 = ORIENTED_EDGE ( 'NONE', *, *, #1793, .T. ) ;
#1910 = CARTESIAN_POINT ( 'NONE',  ( 0.5050413624762906117, 10.00008691823575724, 3.511293598441163955 ) ) ;
#1911 = LINE ( 'NONE', #78, #1710 ) ;
#1912 = CARTESIAN_POINT ( 'NONE',  ( 2.500000000000000444, 10.00000000000000000, 4.000000000000000000 ) ) ;
#1913 = CARTESIAN_POINT ( 'NONE',  ( 2.972850527305885837, 176.6672094156632511, 2.886611495638260028 ) ) ;
#1914 = ORIENTED_EDGE ( 'NONE', *, *, #1327, .F. ) ;
#1915 = CARTESIAN_POINT ( 'NONE',  ( 0.01783890495958631237, 10.51726041137806966, 3.996016490204126193 ) ) ;
#1916 = CARTESIAN_POINT ( 'NONE',  ( 1.000000000000004219, 9.500014413959014803, 1.515082181273017747 ) ) ;
#1917 = VERTEX_POINT ( 'NONE', #261 ) ;
#1918 = CARTESIAN_POINT ( 'NONE',  ( 9.234730214539112580, 9.943218643188565409, -3.511445714373587546 ) ) ;
#1919 = ORIENTED_EDGE ( 'NONE', *, *, #1057, .T. ) ;
#1920 = ADVANCED_FACE ( 'NONE', ( #117 ), #1016, .T. ) ;
#1921 = CARTESIAN_POINT ( 'NONE',  ( 9.425082169526143971, 26.67030298733152094, -3.876483595510669122 ) ) ;
#1922 = DIRECTION ( 'NONE',  ( 0.000000000000000000, 1.000000000000000000, 0.000000000000000000 ) ) ;
#1923 = B_SPLINE_CURVE_WITH_KNOTS ( 'NONE', 3,
 ( #1908, #415, #122, #1166 ),
 .UNSPECIFIED., .F., .F.,
 ( 4, 4 ),
 ( 0.000000000000000000, 0.0003800931116066703789 ),
 .UNSPECIFIED. ) ;
#1924 = EDGE_CURVE ( 'NONE', #509, #931, #494, .T. ) ;
#1925 = CARTESIAN_POINT ( 'NONE',  ( 6.266827542312492838, 126.6564770998266880, 2.551016119929336412 ) ) ;
#1926 = CARTESIAN_POINT ( 'NONE',  ( 5.000000000000000000, 215.0000000000000284, 0.000000000000000000 ) ) ;
#1927 = LINE ( 'NONE', #1624, #959 ) ;
#1928 = CARTESIAN_POINT ( 'NONE',  ( 0.5000000000000000000, 2.499999999999998224, -4.756179762631771446 ) ) ;
#1929 = ORIENTED_EDGE ( 'NONE', *, *, #126, .T. ) ;
#1930 = CARTESIAN_POINT ( 'NONE',  ( 8.999999999999996447, 10.23993105795174152, 3.952143392906728003 ) ) ;
#1931 = ORIENTED_EDGE ( 'NONE', *, *, #1558, .T. ) ;
#1932 = CARTESIAN_POINT ( 'NONE',  ( 0.5040632875713388916, 10.24224015093076900, 3.948759151481309626 ) ) ;
#1933 = CARTESIAN_POINT ( 'NONE',  ( 5.214799859440010010, 126.6564770998268301, 2.738060639082458447 ) ) ;
#1934 = ORIENTED_EDGE ( 'NONE', *, *, #1672, .F. ) ;
#1935 = CARTESIAN_POINT ( 'NONE',  ( 4.785200140559990878, 126.6564770998266027, -2.738060639082455339 ) ) ;
#1936 = CARTESIAN_POINT ( 'NONE',  ( 7.500000000000001776, 0.000000000000000000, 0.000000000000000000 ) ) ;
#1937 = CARTESIAN_POINT ( 'NONE',  ( 2.500000000000000444, 10.00000000000000000, -4.000000000000000000 ) ) ;
#1938 = PRODUCT_DEFINITION_FORMATION_WITH_SPECIFIED_SOURCE ( 'ANY', '', #1339, .NOT_KNOWN. ) ;
#1939 = EDGE_CURVE ( 'NONE', #883, #747, #613, .T. ) ;
#1940 = ORIENTED_EDGE ( 'NONE', *, *, #587, .F. ) ;
#1941 = CARTESIAN_POINT ( 'NONE',  ( 8.999999999999994671, 10.06280542545522039, 3.756724983299366105 ) ) ;
#1942 = ORIENTED_EDGE ( 'NONE', *, *, #1346, .F. ) ;
#1943 = CARTESIAN_POINT ( 'NONE',  ( 0.5045335619630374469, 10.50417599884446318, 4.000738562295858891 ) ) ;
#1944 = VECTOR ( 'NONE', #1408, 1000.000000000000000 ) ;
#1945 = B_SPLINE_CURVE_WITH_KNOTS ( 'NONE', 3,
 ( #152, #725, #576, #1022, #1312, #1179 ),
 .UNSPECIFIED., .F., .F.,
 ( 4, 1, 1, 4 ),
 ( 0.002585713321698533598, 0.2499968762106128117, 0.5000312453916733180, 1.000000000000000000 ),
 .UNSPECIFIED. ) ;
ENDSEC;
END-ISO-10303-21;
