ISO-10303-21;
HEADER;
FILE_DESCRIPTION (( 'STEP AP214' ),
    '1' );
FILE_NAME ('BasePlate-Thirds Split 1.STEP',
    '2025-07-27T20:03:48',
    ( '' ),
    ( '' ),
    'SwSTEP 2.0',
    'SolidWorks 2024',
    '' );
FILE_SCHEMA (( 'AUTOMOTIVE_DESIGN' ));
ENDSEC;

DATA;
#1 = CARTESIAN_POINT ( 'NONE',  ( -0.7870128868562318303, 0.000000000000000000, 4.887082620901813890 ) ) ;
#2 = CARTESIAN_POINT ( 'NONE',  ( -0.01227687094347677463, 1.200787401574803237, 2.606899384500333205 ) ) ;
#3 = ORIENTED_EDGE ( 'NONE', *, *, #5776, .F. ) ;
#4 = AXIS2_PLACEMENT_3D ( 'NONE', #1365, #6809, #4677 ) ;
#5 = DIRECTION ( 'NONE',  ( 0.000000000000000000, 0.000000000000000000, 1.000000000000000000 ) ) ;
#6 = DIRECTION ( 'NONE',  ( -0.000000000000000000, -1.000000000000000000, -0.000000000000000000 ) ) ;
#7 = CARTESIAN_POINT ( 'NONE',  ( 1.601138960297982639, 1.200787401574803237, 2.174585915463580044 ) ) ;
#8 = DIRECTION ( 'NONE',  ( 0.000000000000000000, -0.000000000000000000, -1.000000000000000000 ) ) ;
#9 = ADVANCED_FACE ( 'NONE', ( #4607 ), #660, .F. ) ;
#10 = EDGE_LOOP ( 'NONE', ( #5939, #6252, #6708, #274 ) ) ;
#11 = CARTESIAN_POINT ( 'NONE',  ( -0.0007207492543572173839, -7.874015748039371056E-05, 0.5777487185965319849 ) ) ;
#12 = ORIENTED_EDGE ( 'NONE', *, *, #4638, .F. ) ;
#13 = CIRCLE ( 'NONE', #5818, 0.08070866141732309373 ) ;
#14 = FACE_OUTER_BOUND ( 'NONE', #1375, .T. ) ;
#15 = DIRECTION ( 'NONE',  ( 0.000000000000000000, -1.000000000000000000, 0.000000000000000000 ) ) ;
#16 = ORIENTED_EDGE ( 'NONE', *, *, #4692, .T. ) ;
#17 = EDGE_CURVE ( 'NONE', #7299, #3832, #2026, .T. ) ;
#18 = AXIS2_PLACEMENT_3D ( 'NONE', #5130, #6425, #6597 ) ;
#19 = DIRECTION ( 'NONE',  ( 0.000000000000000000, 0.000000000000000000, -1.000000000000000000 ) ) ;
#20 = DIRECTION ( 'NONE',  ( 0.000000000000000000, 0.000000000000000000, -1.000000000000000000 ) ) ;
#21 = ORIENTED_EDGE ( 'NONE', *, *, #5459, .T. ) ;
#22 = DIRECTION ( 'NONE',  ( 0.000000000000000000, 0.000000000000000000, -1.000000000000000000 ) ) ;
#23 = EDGE_CURVE ( 'NONE', #8467, #2621, #7692, .T. ) ;
#24 = VERTEX_POINT ( 'NONE', #4737 ) ;
#25 = ORIENTED_EDGE ( 'NONE', *, *, #8694, .T. ) ;
#26 = DIRECTION ( 'NONE',  ( -0.4999999999999918954, -1.084202172485504187E-16, 0.8660254037844431485 ) ) ;
#27 = PLANE ( 'NONE',  #165 ) ;
#28 = EDGE_CURVE ( 'NONE', #4642, #7374, #8164, .T. ) ;
#29 = AXIS2_PLACEMENT_3D ( 'NONE', #1160, #533, #3904 ) ;
#30 = DIRECTION ( 'NONE',  ( 0.000000000000000000, 1.000000000000000000, 0.000000000000000000 ) ) ;
#31 = CARTESIAN_POINT ( 'NONE',  ( 0.6453142551084108947, -7.874015748039371056E-05, 0.2271270909598940568 ) ) ;
#32 = CARTESIAN_POINT ( 'NONE',  ( 2.657480314960631418, 1.082677165354330784, -0.1117152479293870848 ) ) ;
#33 = ORIENTED_EDGE ( 'NONE', *, *, #2606, .T. ) ;
#34 = EDGE_CURVE ( 'NONE', #4656, #2255, #1601, .T. ) ;
#35 = DIRECTION ( 'NONE',  ( 0.000000000000000000, 0.000000000000000000, -1.000000000000000000 ) ) ;
#36 = AXIS2_PLACEMENT_3D ( 'NONE', #6910, #6247, #3537 ) ;
#37 = VECTOR ( 'NONE', #1366, 39.37007874015748143 ) ;
#38 = CARTESIAN_POINT ( 'NONE',  ( 2.502873447770332938, 0.000000000000000000, 5.435570613893728087 ) ) ;
#39 = CARTESIAN_POINT ( 'NONE',  ( -0.3168295106876288791, 1.082677165354330784, 0.2005707296826883257 ) ) ;
#40 = AXIS2_PLACEMENT_3D ( 'NONE', #970, #348, #4909 ) ;
#41 = VECTOR ( 'NONE', #3952, 39.37007874015748143 ) ;
#42 = CIRCLE ( 'NONE', #4990, 0.08070866141732378762 ) ;
#43 = ORIENTED_EDGE ( 'NONE', *, *, #7015, .T. ) ;
#44 = FACE_OUTER_BOUND ( 'NONE', #3073, .T. ) ;
#45 = CARTESIAN_POINT ( 'NONE',  ( 1.601138960297982639, 1.082677165354330784, 2.093877254046256908 ) ) ;
#46 = DIRECTION ( 'NONE',  ( 0.000000000000000000, 0.000000000000000000, -1.000000000000000000 ) ) ;
#47 = EDGE_LOOP ( 'NONE', ( #230, #3901 ) ) ;
#48 = AXIS2_PLACEMENT_3D ( 'NONE', #7107, #8411, #2457 ) ;
#49 = AXIS2_PLACEMENT_3D ( 'NONE', #718, #3423, #6136 ) ;
#50 = LINE ( 'NONE', #6126, #4415 ) ;
#51 = LINE ( 'NONE', #7321, #6004 ) ;
#52 = VERTEX_POINT ( 'NONE', #8787 ) ;
#53 = DIRECTION ( 'NONE',  ( 0.000000000000000000, -1.000000000000000000, 0.000000000000000000 ) ) ;
#54 = CARTESIAN_POINT ( 'NONE',  ( 1.010587779195629698, 1.200787401574803237, 3.197450565602685923 ) ) ;
#55 = AXIS2_PLACEMENT_3D ( 'NONE', #7408, #1340, #1915 ) ;
#56 = VECTOR ( 'NONE', #3674, 39.37007874015748143 ) ;
#57 = DIRECTION ( 'NONE',  ( 0.000000000000000000, -1.000000000000000000, 0.000000000000000000 ) ) ;
#58 = LINE ( 'NONE', #6883, #3579 ) ;
#59 = EDGE_LOOP ( 'NONE', ( #4822, #2658 ) ) ;
#60 = DIRECTION ( 'NONE',  ( 0.8660254037844433705, -0.000000000000000000, 0.4999999999999920619 ) ) ;
#61 = EDGE_LOOP ( 'NONE', ( #4155, #8077, #4717, #1838, #5045, #6602, #4376, #8736 ) ) ;
#62 = CARTESIAN_POINT ( 'NONE',  ( 3.051181102362205966, 1.200787401574803237, -0.1117152479293870848 ) ) ;
#63 = CARTESIAN_POINT ( 'NONE',  ( -0.4946843471747777166, 1.141732283464567344, 0.2065474434825168570 ) ) ;
#64 = ORIENTED_EDGE ( 'NONE', *, *, #7304, .F. ) ;
#65 = CIRCLE ( 'NONE', #5441, 0.08070866141732323251 ) ;
#66 = ADVANCED_FACE ( 'NONE', ( #7984 ), #4644, .F. ) ;
#67 = DIRECTION ( 'NONE',  ( 0.000000000000000000, -1.000000000000000000, 0.000000000000000000 ) ) ;
#68 = DIRECTION ( 'NONE',  ( -0.7754638790607774057, 0.000000000000000000, -0.6313919323779896287 ) ) ;
#69 = ORIENTED_EDGE ( 'NONE', *, *, #4512, .T. ) ;
#70 = CARTESIAN_POINT ( 'NONE',  ( 2.958219845190298347, 0.6791338582677166613, 5.572084368912591401 ) ) ;
#71 = VERTEX_POINT ( 'NONE', #6777 ) ;
#72 = CARTESIAN_POINT ( 'NONE',  ( -1.075992125407180255, 1.377952755905512028, 1.322053608044465367 ) ) ;
#73 = DIRECTION ( 'NONE',  ( 0.000000000000000000, 0.000000000000000000, -1.000000000000000000 ) ) ;
#74 = DIRECTION ( 'NONE',  ( 0.000000000000000000, -0.000000000000000000, -1.000000000000000000 ) ) ;
#75 = LINE ( 'NONE', #2330, #6558 ) ;
#76 = FACE_OUTER_BOUND ( 'NONE', #1717, .T. ) ;
#77 = ORIENTED_EDGE ( 'NONE', *, *, #5715, .T. ) ;
#78 = EDGE_CURVE ( 'NONE', #4182, #3701, #2589, .T. ) ;
#79 = CARTESIAN_POINT ( 'NONE',  ( 0.1845735227573075399, 1.082677165354330784, 2.265944501120631394 ) ) ;
#80 = DIRECTION ( 'NONE',  ( 0.000000000000000000, 0.000000000000000000, -1.000000000000000000 ) ) ;
#81 = DIRECTION ( 'NONE',  ( 0.000000000000000000, 1.000000000000000000, 0.000000000000000000 ) ) ;
#82 = ADVANCED_FACE ( 'NONE', ( #3361 ), #565, .T. ) ;
#83 = ORIENTED_EDGE ( 'NONE', *, *, #1939, .T. ) ;
#84 = CARTESIAN_POINT ( 'NONE',  ( -1.229793526480098542, 1.200787401574803237, 2.276624371389768253 ) ) ;
#85 = DIRECTION ( 'NONE',  ( -0.6423330032324087169, 0.000000000000000000, -0.7664256734729300025 ) ) ;
#86 = DIRECTION ( 'NONE',  ( -0.000000000000000000, -1.000000000000000000, -0.000000000000000000 ) ) ;
#87 = ORIENTED_EDGE ( 'NONE', *, *, #4252, .T. ) ;
#88 = DIRECTION ( 'NONE',  ( -0.000000000000000000, -1.000000000000000000, -0.000000000000000000 ) ) ;
#89 = ADVANCED_FACE ( 'NONE', ( #5979 ), #3322, .F. ) ;
#90 = ADVANCED_FACE ( 'NONE', ( #8026 ), #5399, .T. ) ;
#91 = EDGE_LOOP ( 'NONE', ( #7949, #6037 ) ) ;
#92 = CARTESIAN_POINT ( 'NONE',  ( -0.9195677519107500197, 0.000000000000000000, 0.3499658142157893170 ) ) ;
#93 = LINE ( 'NONE', #1387, #2534 ) ;
#94 = LINE ( 'NONE', #4086, #1462 ) ;
#95 = VERTEX_POINT ( 'NONE', #3223 ) ;
#96 = FACE_OUTER_BOUND ( 'NONE', #7918, .T. ) ;
#97 = VERTEX_POINT ( 'NONE', #8116 ) ;
#98 = DIRECTION ( 'NONE',  ( 0.6423330032324086059, -0.000000000000000000, 0.7664256734729301135 ) ) ;
#99 = DIRECTION ( 'NONE',  ( 0.000000000000000000, -1.000000000000000000, 0.000000000000000000 ) ) ;
#100 = EDGE_LOOP ( 'NONE', ( #3143, #2784 ) ) ;
#101 = PLANE ( 'NONE',  #3610 ) ;
#102 = LINE ( 'NONE', #2231, #7926 ) ;
#103 = ORIENTED_EDGE ( 'NONE', *, *, #4119, .T. ) ;
#104 = DIRECTION ( 'NONE',  ( 0.000000000000000000, -0.000000000000000000, -1.000000000000000000 ) ) ;
#105 = ORIENTED_EDGE ( 'NONE', *, *, #2051, .T. ) ;
#106 = EDGE_CURVE ( 'NONE', #5689, #8611, #8647, .T. ) ;
#107 = CARTESIAN_POINT ( 'NONE',  ( -0.2380781912452517579, 1.082677165354330784, 1.480110982407677911 ) ) ;
#108 = CARTESIAN_POINT ( 'NONE',  ( 0.8664832895167117188, 1.200787401574803237, 2.659645288522199724 ) ) ;
#109 = DIRECTION ( 'NONE',  ( -0.000000000000000000, -1.000000000000000000, -0.000000000000000000 ) ) ;
#110 = DIRECTION ( 'NONE',  ( 0.000000000000000000, -1.000000000000000000, 0.000000000000000000 ) ) ;
#111 = DIRECTION ( 'NONE',  ( 0.000000000000000000, -1.000000000000000000, 0.000000000000000000 ) ) ;
#112 = VECTOR ( 'NONE', #771, 39.37007874015748143 ) ;
#113 = ORIENTED_EDGE ( 'NONE', *, *, #3424, .T. ) ;
#114 = CYLINDRICAL_SURFACE ( 'NONE', #2257, 0.1771653543307089018 ) ;
#115 = CARTESIAN_POINT ( 'NONE',  ( 1.801055418063914670, 1.200787401574803237, -0.4635869899803467531 ) ) ;
#116 = PLANE ( 'NONE',  #7279 ) ;
#117 = AXIS2_PLACEMENT_3D ( 'NONE', #3917, #6625, #4669 ) ;
#118 = ORIENTED_EDGE ( 'NONE', *, *, #684, .F. ) ;
#119 = DIRECTION ( 'NONE',  ( 0.000000000000000000, 0.000000000000000000, 1.000000000000000000 ) ) ;
#120 = DIRECTION ( 'NONE',  ( 0.000000000000000000, -1.000000000000000000, 0.000000000000000000 ) ) ;
#121 = DIRECTION ( 'NONE',  ( -0.6123724356958319959, 0.7071067811865082708, -0.3535533905932877197 ) ) ;
#122 = EDGE_CURVE ( 'NONE', #2866, #7707, #6561, .T. ) ;
#123 = VECTOR ( 'NONE', #3338, 39.37007874015748143 ) ;
#124 = VERTEX_POINT ( 'NONE', #5935 ) ;
#125 = LINE ( 'NONE', #888, #5005 ) ;
#126 = ORIENTED_EDGE ( 'NONE', *, *, #6918, .F. ) ;
#127 = EDGE_CURVE ( 'NONE', #1231, #4502, #1281, .T. ) ;
#128 = VECTOR ( 'NONE', #2800, 39.37007874015748854 ) ;
#129 = DIRECTION ( 'NONE',  ( 0.000000000000000000, -1.000000000000000000, 0.000000000000000000 ) ) ;
#130 = LINE ( 'NONE', #2056, #6649 ) ;
#131 = DIRECTION ( 'NONE',  ( 0.4999999999999918954, 1.084202172485504187E-16, -0.8660254037844431485 ) ) ;
#132 = ORIENTED_EDGE ( 'NONE', *, *, #470, .T. ) ;
#133 = LINE ( 'NONE', #7633, #8274 ) ;
#134 = ORIENTED_EDGE ( 'NONE', *, *, #4903, .T. ) ;
#135 = EDGE_CURVE ( 'NONE', #8606, #3845, #2736, .T. ) ;
#136 = ADVANCED_FACE ( 'NONE', ( #5267 ), #7396, .F. ) ;
#137 = CARTESIAN_POINT ( 'NONE',  ( 0.9192291935385781265, 1.082677165354330784, 1.780885128062011269 ) ) ;
#138 = CARTESIAN_POINT ( 'NONE',  ( 2.657480314960631418, 1.200787401574803237, 0.2012768780548649661 ) ) ;
#139 = AXIS2_PLACEMENT_3D ( 'NONE', #2613, #5315, #6513 ) ;
#140 = ORIENTED_EDGE ( 'NONE', *, *, #8745, .F. ) ;
#141 = FACE_OUTER_BOUND ( 'NONE', #7894, .T. ) ;
#142 = DIRECTION ( 'NONE',  ( 0.000000000000000000, -1.000000000000000000, 0.000000000000000000 ) ) ;
#143 = VECTOR ( 'NONE', #7614, 39.37007874015748143 ) ;
#144 = ORIENTED_EDGE ( 'NONE', *, *, #616, .F. ) ;
#145 = CYLINDRICAL_SURFACE ( 'NONE', #318, 0.07874015748031500117 ) ;
#146 = ORIENTED_EDGE ( 'NONE', *, *, #3140, .F. ) ;
#147 = DIRECTION ( 'NONE',  ( 0.000000000000000000, -9.389466242107298180E-17, 1.000000000000000000 ) ) ;
#148 = DIRECTION ( 'NONE',  ( -0.000000000000000000, -1.000000000000000000, 0.000000000000000000 ) ) ;
#149 = AXIS2_PLACEMENT_3D ( 'NONE', #6083, #2001, #8178 ) ;
#150 = DIRECTION ( 'NONE',  ( -0.1590695136534932552, 0.000000000000000000, 0.9872673851728522854 ) ) ;
#151 = LINE ( 'NONE', #2863, #2734 ) ;
#152 = EDGE_LOOP ( 'NONE', ( #3756, #5879, #432, #87 ) ) ;
#153 = ORIENTED_EDGE ( 'NONE', *, *, #5602, .T. ) ;
#154 = ORIENTED_EDGE ( 'NONE', *, *, #4338, .F. ) ;
#155 = DIRECTION ( 'NONE',  ( -0.000000000000000000, -1.000000000000000000, -0.000000000000000000 ) ) ;
#156 = CARTESIAN_POINT ( 'NONE',  ( -1.087887425104449246, 1.200787401574803237, 2.895108363858168943 ) ) ;
#157 = DIRECTION ( 'NONE',  ( -0.8660254037844431485, 0.000000000000000000, -0.4999999999999918954 ) ) ;
#158 = AXIS2_PLACEMENT_3D ( 'NONE', #5592, #5630, #8442 ) ;
#159 = CIRCLE ( 'NONE', #6120, 0.08070866141732255250 ) ;
#160 = CIRCLE ( 'NONE', #300, 0.08070866141732269128 ) ;
#161 = ADVANCED_FACE ( 'NONE', ( #4818 ), #2947, .F. ) ;
#162 = VERTEX_POINT ( 'NONE', #7530 ) ;
#163 = CYLINDRICAL_SURFACE ( 'NONE', #3714, 0.06496062992125993529 ) ;
#164 = VECTOR ( 'NONE', #2692, 39.37007874015748143 ) ;
#165 = AXIS2_PLACEMENT_3D ( 'NONE', #2073, #2778, #4020 ) ;
#166 = CARTESIAN_POINT ( 'NONE',  ( 3.084154089709080893, 0.000000000000000000, 1.416951984977440349 ) ) ;
#167 = AXIS2_PLACEMENT_3D ( 'NONE', #7930, #2560, #427 ) ;
#168 = CARTESIAN_POINT ( 'NONE',  ( -0.7469325417247473231, 1.200787401574803237, 3.091958757558953330 ) ) ;
#169 = VERTEX_POINT ( 'NONE', #8202 ) ;
#170 = LINE ( 'NONE', #6253, #6434 ) ;
#171 = VECTOR ( 'NONE', #5644, 39.37007874015748143 ) ;
#172 = AXIS2_PLACEMENT_3D ( 'NONE', #3204, #2669, #4530 ) ;
#173 = CIRCLE ( 'NONE', #6559, 0.08070866141732269128 ) ;
#174 = ORIENTED_EDGE ( 'NONE', *, *, #280, .F. ) ;
#175 = AXIS2_PLACEMENT_3D ( 'NONE', #2747, #2696, #5448 ) ;
#176 = EDGE_CURVE ( 'NONE', #5622, #2987, #893, .T. ) ;
#177 = DIRECTION ( 'NONE',  ( 0.000000000000000000, -0.000000000000000000, -1.000000000000000000 ) ) ;
#178 = CARTESIAN_POINT ( 'NONE',  ( 1.797989353998767026, 1.200787401574803237, 1.752922370666554208 ) ) ;
#180 = EDGE_CURVE ( 'NONE', #8182, #6610, #1183, .T. ) ;
#179 = CARTESIAN_POINT ( 'NONE',  ( 1.398963240209373904, 1.102362204724409489, 4.808229101643051173 ) ) ;
#181 = VECTOR ( 'NONE', #1148, 39.37007874015748854 ) ;
#182 = VERTEX_POINT ( 'NONE', #3535 ) ;
#183 = CARTESIAN_POINT ( 'NONE',  ( 2.217819075456680888, 1.102362204724409489, 4.748196907455893623 ) ) ;
#184 = AXIS2_PLACEMENT_3D ( 'NONE', #1344, #579, #3281 ) ;
#185 = ORIENTED_EDGE ( 'NONE', *, *, #236, .F. ) ;
#186 = EDGE_CURVE ( 'NONE', #4498, #2765, #6143, .T. ) ;
#187 = CARTESIAN_POINT ( 'NONE',  ( -0.3532317543231789370, 1.082677165354330784, 2.490757652216871953 ) ) ;
#188 = DIRECTION ( 'NONE',  ( 0.000000000000000000, 0.000000000000000000, -1.000000000000000000 ) ) ;
#189 = ORIENTED_EDGE ( 'NONE', *, *, #4195, .F. ) ;
#190 = VECTOR ( 'NONE', #1087, 39.37007874015748143 ) ;
#191 = EDGE_CURVE ( 'NONE', #8518, #1353, #5138, .T. ) ;
#192 = CARTESIAN_POINT ( 'NONE',  ( -0.6941866377028810264, 1.082677165354330784, 2.213198597098764875 ) ) ;
#193 = EDGE_CURVE ( 'NONE', #3476, #3396, #4158, .T. ) ;
#194 = CARTESIAN_POINT ( 'NONE',  ( 2.840604636021325291, 1.358267716535428882, 2.594697524731329974 ) ) ;
#195 = ORIENTED_EDGE ( 'NONE', *, *, #186, .T. ) ;
#196 = CARTESIAN_POINT ( 'NONE',  ( 4.282843792717461184, 1.181102362204724532, 3.427374690085645437 ) ) ;
#197 = ORIENTED_EDGE ( 'NONE', *, *, #5493, .F. ) ;
#198 = CARTESIAN_POINT ( 'NONE',  ( -1.035141521082583171, 1.200787401574803237, 2.097056864815303623 ) ) ;
#199 = EDGE_CURVE ( 'NONE', #1392, #8568, #1540, .T. ) ;
#200 = VECTOR ( 'NONE', #2144, 39.37007874015748854 ) ;
#201 = DIRECTION ( 'NONE',  ( 0.000000000000000000, 0.000000000000000000, -1.000000000000000000 ) ) ;
#202 = DIRECTION ( 'NONE',  ( 0.000000000000000000, 0.000000000000000000, -1.000000000000000000 ) ) ;
#203 = ORIENTED_EDGE ( 'NONE', *, *, #3053, .T. ) ;
#204 = ORIENTED_EDGE ( 'NONE', *, *, #4334, .T. ) ;
#205 = EDGE_LOOP ( 'NONE', ( #6307, #4229 ) ) ;
#206 = CARTESIAN_POINT ( 'NONE',  ( 3.051181102362205966, 1.200787401574803237, 0.2012768780548649661 ) ) ;
#207 = DIRECTION ( 'NONE',  ( -0.1730638617519517641, 0.000000000000000000, -0.9849106049563590703 ) ) ;
#208 = DIRECTION ( 'NONE',  ( 0.4999999999999920064, 0.000000000000000000, -0.8660254037844433705 ) ) ;
#209 = DIRECTION ( 'NONE',  ( 0.000000000000000000, -0.000000000000000000, -1.000000000000000000 ) ) ;
#210 = ORIENTED_EDGE ( 'NONE', *, *, #4235, .T. ) ;
#211 = CARTESIAN_POINT ( 'NONE',  ( 4.626053634778662271, 0.000000000000000000, -1.761205371551624266 ) ) ;
#212 = CARTESIAN_POINT ( 'NONE',  ( -0.8910370314036653028, 1.082677165354330784, 2.634862141895789822 ) ) ;
#213 = FACE_OUTER_BOUND ( 'NONE', #2059, .T. ) ;
#214 = ORIENTED_EDGE ( 'NONE', *, *, #6531, .F. ) ;
#215 = EDGE_CURVE ( 'NONE', #5806, #493, #8123, .T. ) ;
#216 = CARTESIAN_POINT ( 'NONE',  ( -0.6464165526627481118, 1.377952755905512028, 0.02550200880387212127 ) ) ;
#217 = VERTEX_POINT ( 'NONE', #244 ) ;
#218 = CARTESIAN_POINT ( 'NONE',  ( 1.653884864319848935, 1.200787401574803237, 1.376534416420714502 ) ) ;
#219 = FACE_BOUND ( 'NONE', #2005, .T. ) ;
#220 = CARTESIAN_POINT ( 'NONE',  ( 2.997589923930455313, 0.6791338582677166613, 5.503893392236651749 ) ) ;
#221 = VERTEX_POINT ( 'NONE', #2911 ) ;
#222 = DIRECTION ( 'NONE',  ( -0.000000000000000000, -1.000000000000000000, -0.000000000000000000 ) ) ;
#223 = VERTEX_POINT ( 'NONE', #8330 ) ;
#224 = PLANE ( 'NONE',  #1584 ) ;
#225 = EDGE_CURVE ( 'NONE', #6356, #6264, #3451, .T. ) ;
#226 = DIRECTION ( 'NONE',  ( 0.000000000000000000, -1.000000000000000000, 0.000000000000000000 ) ) ;
#227 = ORIENTED_EDGE ( 'NONE', *, *, #2097, .F. ) ;
#228 = DIRECTION ( 'NONE',  ( 0.000000000000000000, -1.000000000000000000, 0.000000000000000000 ) ) ;
#229 = DIRECTION ( 'NONE',  ( 0.000000000000000000, -1.000000000000000000, 0.000000000000000000 ) ) ;
#230 = ORIENTED_EDGE ( 'NONE', *, *, #5589, .F. ) ;
#231 = FACE_OUTER_BOUND ( 'NONE', #4087, .T. ) ;
#232 = ORIENTED_EDGE ( 'NONE', *, *, #5908, .T. ) ;
#233 = EDGE_CURVE ( 'NONE', #1675, #5354, #523, .T. ) ;
#234 = EDGE_CURVE ( 'NONE', #396, #7884, #794, .T. ) ;
#235 = LINE ( 'NONE', #198, #4703 ) ;
#236 = EDGE_CURVE ( 'NONE', #7856, #4498, #6944, .T. ) ;
#237 = EDGE_CURVE ( 'NONE', #6716, #2372, #4904, .T. ) ;
#238 = CARTESIAN_POINT ( 'NONE',  ( -1.231991914783367559, 1.200787401574803237, 2.357303086777682744 ) ) ;
#239 = FACE_OUTER_BOUND ( 'NONE', #5497, .T. ) ;
#240 = VERTEX_POINT ( 'NONE', #4942 ) ;
#241 = VERTEX_POINT ( 'NONE', #7615 ) ;
#242 = ORIENTED_EDGE ( 'NONE', *, *, #5987, .F. ) ;
#243 = DIRECTION ( 'NONE',  ( 0.000000000000000000, 0.000000000000000000, -1.000000000000000000 ) ) ;
#244 = CARTESIAN_POINT ( 'NONE',  ( 0.3286780124362252420, 1.200787401574803237, 2.723041116783794902 ) ) ;
#245 = DIRECTION ( 'NONE',  ( -0.8660254037844433705, 0.000000000000000000, -0.4999999999999918954 ) ) ;
#246 = EDGE_CURVE ( 'NONE', #2077, #8182, #2284, .T. ) ;
#247 = DIRECTION ( 'NONE',  ( -0.000000000000000000, -1.000000000000000000, -0.000000000000000000 ) ) ;
#248 = VERTEX_POINT ( 'NONE', #749 ) ;
#249 = DIRECTION ( 'NONE',  ( -0.000000000000000000, -1.000000000000000000, -0.000000000000000000 ) ) ;
#250 = DIRECTION ( 'NONE',  ( -0.000000000000000000, 1.000000000000000000, -0.000000000000000000 ) ) ;
#251 = EDGE_CURVE ( 'NONE', #8098, #1188, #7116, .T. ) ;
#252 = CARTESIAN_POINT ( 'NONE',  ( 1.116079587239362514, 1.082677165354330784, 1.439930244682309457 ) ) ;
#253 = ORIENTED_EDGE ( 'NONE', *, *, #1866, .T. ) ;
#254 = AXIS2_PLACEMENT_3D ( 'NONE', #7146, #5145, #6309 ) ;
#255 = CARTESIAN_POINT ( 'NONE',  ( -1.665286949155805774, 1.377952755905512028, 4.566905874772105633 ) ) ;
#256 = EDGE_LOOP ( 'NONE', ( #6188, #5140, #1131, #8462 ) ) ;
#257 = ADVANCED_FACE ( 'NONE', ( #8242 ), #5487, .T. ) ;
#258 = DIRECTION ( 'NONE',  ( -0.000000000000000000, -1.000000000000000000, -0.000000000000000000 ) ) ;
#259 = VECTOR ( 'NONE', #8417, 39.37007874015748143 ) ;
#260 = FACE_OUTER_BOUND ( 'NONE', #3605, .T. ) ;
#261 = DIRECTION ( 'NONE',  ( -0.000000000000000000, 1.000000000000000000, 0.000000000000000000 ) ) ;
#262 = ORIENTED_EDGE ( 'NONE', *, *, #4903, .F. ) ;
#263 = CYLINDRICAL_SURFACE ( 'NONE', #7544, 0.08070866141732296883 ) ;
#264 = ORIENTED_EDGE ( 'NONE', *, *, #7236, .F. ) ;
#265 = LINE ( 'NONE', #5053, #7386 ) ;
#266 = CARTESIAN_POINT ( 'NONE',  ( 4.282843792717461184, 1.181102362204724532, 3.427374690085645437 ) ) ;
#267 = ORIENTED_EDGE ( 'NONE', *, *, #7454, .F. ) ;
#268 = AXIS2_PLACEMENT_3D ( 'NONE', #8536, #5105, #5021 ) ;
#269 = EDGE_CURVE ( 'NONE', #6458, #3732, #4867, .T. ) ;
#270 = FACE_OUTER_BOUND ( 'NONE', #7810, .T. ) ;
#271 = DIRECTION ( 'NONE',  ( 0.000000000000000000, 0.000000000000000000, -1.000000000000000000 ) ) ;
#272 = VERTEX_POINT ( 'NONE', #3249 ) ;
#273 = CARTESIAN_POINT ( 'NONE',  ( 0.3328427068685647638, 1.200787401574803237, -0.8276843385298137123 ) ) ;
#274 = ORIENTED_EDGE ( 'NONE', *, *, #5825, .T. ) ;
#275 = VECTOR ( 'NONE', #3633, 39.37007874015748143 ) ;
#276 = ADVANCED_FACE ( 'NONE', ( #340 ), #5033, .T. ) ;
#277 = DIRECTION ( 'NONE',  ( 0.000000000000000000, -1.000000000000000000, 0.000000000000000000 ) ) ;
#278 = DIRECTION ( 'NONE',  ( 0.000000000000000000, 0.000000000000000000, -1.000000000000000000 ) ) ;
#279 = VECTOR ( 'NONE', #7923, 39.37007874015748143 ) ;
#280 = EDGE_CURVE ( 'NONE', #2804, #3743, #6695, .T. ) ;
#281 = CARTESIAN_POINT ( 'NONE',  ( 0.6687706015894850919, 1.141732283464567121, 0.001170631271141386789 ) ) ;
#282 = DIRECTION ( 'NONE',  ( 0.000000000000000000, 0.000000000000000000, -1.000000000000000000 ) ) ;
#283 = VERTEX_POINT ( 'NONE', #2990 ) ;
#284 = VERTEX_POINT ( 'NONE', #8728 ) ;
#285 = ADVANCED_FACE ( 'NONE', ( #6463 ), #4410, .F. ) ;
#286 = ORIENTED_EDGE ( 'NONE', *, *, #3612, .F. ) ;
#287 = CARTESIAN_POINT ( 'NONE',  ( -0.01227687094347677463, 1.200787401574803237, 2.606899384500333205 ) ) ;
#288 = DIRECTION ( 'NONE',  ( 0.4999999999999920064, 0.000000000000000000, -0.8660254037844433705 ) ) ;
#289 = CARTESIAN_POINT ( 'NONE',  ( 3.103737657107883408, 0.3937007874015748254, 5.792481070146972222 ) ) ;
#290 = CIRCLE ( 'NONE', #2138, 0.08070866141732296883 ) ;
#291 = ADVANCED_FACE ( 'NONE', ( #1260 ), #5704, .T. ) ;
#292 = VERTEX_POINT ( 'NONE', #3084 ) ;
#293 = LINE ( 'NONE', #7795, #580 ) ;
#294 = ORIENTED_EDGE ( 'NONE', *, *, #4957, .F. ) ;
#295 = EDGE_CURVE ( 'NONE', #1056, #1680, #6419, .T. ) ;
#296 = CARTESIAN_POINT ( 'NONE',  ( 0.9197440173750497383, 0.000000000000000000, -0.3498222967740065581 ) ) ;
#297 = CARTESIAN_POINT ( 'NONE',  ( -0.4133858267716465362, 1.358267716535428882, 0.7160052550973737828 ) ) ;
#298 = FACE_OUTER_BOUND ( 'NONE', #6400, .T. ) ;
#299 = ORIENTED_EDGE ( 'NONE', *, *, #2468, .T. ) ;
#300 = AXIS2_PLACEMENT_3D ( 'NONE', #6968, #5730, #364 ) ;
#301 = CARTESIAN_POINT ( 'NONE',  ( -0.3168295106876288791, 1.141732283464567121, 0.3816730918874127743 ) ) ;
#302 = VERTEX_POINT ( 'NONE', #8465 ) ;
#303 = VECTOR ( 'NONE', #3778, 39.37007874015748854 ) ;
#304 = AXIS2_PLACEMENT_3D ( 'NONE', #3189, #4641, #7346 ) ;
#305 = DIRECTION ( 'NONE',  ( -0.000000000000000000, -1.000000000000000000, -0.000000000000000000 ) ) ;
#306 = LINE ( 'NONE', #8392, #8632 ) ;
#307 = DIRECTION ( 'NONE',  ( 0.000000000000000000, 0.000000000000000000, -1.000000000000000000 ) ) ;
#308 = ORIENTED_EDGE ( 'NONE', *, *, #1932, .F. ) ;
#309 = LINE ( 'NONE', #7864, #2317 ) ;
#310 = EDGE_LOOP ( 'NONE', ( #5085, #5759, #8577, #3641 ) ) ;
#311 = CARTESIAN_POINT ( 'NONE',  ( 4.970661790221152287, 1.082677165354331672, 2.165172830316669739 ) ) ;
#312 = AXIS2_PLACEMENT_3D ( 'NONE', #3414, #5586, #1509 ) ;
#313 = CIRCLE ( 'NONE', #3286, 0.06496062992125979652 ) ;
#314 = DIRECTION ( 'NONE',  ( 0.7664256734729302245, 0.000000000000000000, -0.6423330032324084948 ) ) ;
#315 = CARTESIAN_POINT ( 'NONE',  ( 1.404288566597198473, 1.200787401574803237, 2.515540798843281856 ) ) ;
#316 = AXIS2_PLACEMENT_3D ( 'NONE', #3460, #926, #5618 ) ;
#317 = ORIENTED_EDGE ( 'NONE', *, *, #6176, .T. ) ;
#318 = AXIS2_PLACEMENT_3D ( 'NONE', #70, #2853, #8232 ) ;
#319 = CARTESIAN_POINT ( 'NONE',  ( 2.586893290927840372, 1.082677165354330784, -0.07258265197703119009 ) ) ;
#320 = AXIS2_PLACEMENT_3D ( 'NONE', #7367, #2630, #5242 ) ;
#321 = CARTESIAN_POINT ( 'NONE',  ( -0.2380781912452517579, 1.200787401574803237, 1.480110982407677911 ) ) ;
#322 = VECTOR ( 'NONE', #1435, 39.37007874015748143 ) ;
#323 = ORIENTED_EDGE ( 'NONE', *, *, #5776, .T. ) ;
#324 = DIRECTION ( 'NONE',  ( 0.6313919323779687565, 0.000000000000000000, -0.7754638790607945031 ) ) ;
#325 = VERTEX_POINT ( 'NONE', #6621 ) ;
#326 = DIRECTION ( 'NONE',  ( 0.000000000000000000, 0.000000000000000000, -1.000000000000000000 ) ) ;
#327 = ADVANCED_FACE ( 'NONE', ( #2374 ), #8009, .F. ) ;
#328 = AXIS2_PLACEMENT_3D ( 'NONE', #2225, #4254, #6962 ) ;
#329 = ORIENTED_EDGE ( 'NONE', *, *, #4016, .F. ) ;
#330 = VECTOR ( 'NONE', #2260, 39.37007874015748854 ) ;
#331 = VECTOR ( 'NONE', #5152, 39.37007874015748143 ) ;
#332 = DIRECTION ( 'NONE',  ( 0.000000000000000000, 0.000000000000000000, -1.000000000000000000 ) ) ;
#333 = DIRECTION ( 'NONE',  ( -0.000000000000000000, -1.000000000000000000, -0.000000000000000000 ) ) ;
#334 = VERTEX_POINT ( 'NONE', #543 ) ;
#335 = AXIS2_PLACEMENT_3D ( 'NONE', #666, #2622, #5362 ) ;
#336 = AXIS2_PLACEMENT_3D ( 'NONE', #7895, #3142, #5758 ) ;
#337 = ORIENTED_EDGE ( 'NONE', *, *, #5515, .F. ) ;
#338 = ORIENTED_EDGE ( 'NONE', *, *, #1441, .F. ) ;
#339 = CARTESIAN_POINT ( 'NONE',  ( -0.1036354566005281280, 1.200787401574803237, 1.271042608376981686 ) ) ;
#340 = FACE_OUTER_BOUND ( 'NONE', #5645, .T. ) ;
#341 = DIRECTION ( 'NONE',  ( 0.000000000000000000, 0.000000000000000000, -1.000000000000000000 ) ) ;
#342 = ORIENTED_EDGE ( 'NONE', *, *, #902, .T. ) ;
#343 = VECTOR ( 'NONE', #245, 39.37007874015748854 ) ;
#344 = CARTESIAN_POINT ( 'NONE',  ( -1.035141521082583171, 1.200787401574803237, 2.016348203397980487 ) ) ;
#345 = VERTEX_POINT ( 'NONE', #2591 ) ;
#346 = EDGE_CURVE ( 'NONE', #1521, #5061, #5123, .T. ) ;
#347 = CYLINDRICAL_SURFACE ( 'NONE', #2724, 0.08070866141732309373 ) ;
#348 = DIRECTION ( 'NONE',  ( 0.000000000000000000, 1.000000000000000000, 0.000000000000000000 ) ) ;
#349 = ORIENTED_EDGE ( 'NONE', *, *, #215, .T. ) ;
#350 = ADVANCED_FACE ( 'NONE', ( #5958 ), #5077, .F. ) ;
#351 = CARTESIAN_POINT ( 'NONE',  ( 5.314960629921259283, 1.377952755905512028, 2.159380928071434891 ) ) ;
#352 = EDGE_LOOP ( 'NONE', ( #2152, #6547, #5707, #3873 ) ) ;
#353 = PLANE ( 'NONE',  #1901 ) ;
#354 = EDGE_CURVE ( 'NONE', #5655, #3090, #1631, .T. ) ;
#355 = ORIENTED_EDGE ( 'NONE', *, *, #346, .T. ) ;
#356 = CARTESIAN_POINT ( 'NONE',  ( -1.564132145497158843, 1.082677165354331672, 4.289497547441923686 ) ) ;
#357 = DIRECTION ( 'NONE',  ( 0.000000000000000000, 0.000000000000000000, -1.000000000000000000 ) ) ;
#358 = DIRECTION ( 'NONE',  ( 0.4541980223655572302, 0.7071067811865462405, 0.5419447909881768277 ) ) ;
#359 = ORIENTED_EDGE ( 'NONE', *, *, #8230, .T. ) ;
#360 = PLANE ( 'NONE',  #3291 ) ;
#361 = ORIENTED_EDGE ( 'NONE', *, *, #7855, .F. ) ;
#362 = PLANE ( 'NONE',  #2562 ) ;
#363 = ADVANCED_FACE ( 'NONE', ( #7842 ), #7747, .T. ) ;
#364 = DIRECTION ( 'NONE',  ( 0.000000000000000000, 0.000000000000000000, -1.000000000000000000 ) ) ;
#365 = CARTESIAN_POINT ( 'NONE',  ( 0.6329382721209004803, 1.348031496062992440, 0.2277883615933599670 ) ) ;
#366 = EDGE_CURVE ( 'NONE', #1968, #1971, #8675, .T. ) ;
#367 = VERTEX_POINT ( 'NONE', #3298 ) ;
#368 = CARTESIAN_POINT ( 'NONE',  ( 0.3168295106876288791, -7.874015748039371056E-05, -0.2655313596039485247 ) ) ;
#369 = DIRECTION ( 'NONE',  ( 0.8660254037844432595, 0.000000000000000000, 0.4999999999999919509 ) ) ;
#370 = ORIENTED_EDGE ( 'NONE', *, *, #4345, .T. ) ;
#371 = DIRECTION ( 'NONE',  ( 0.000000000000000000, -1.000000000000000000, 0.000000000000000000 ) ) ;
#372 = ORIENTED_EDGE ( 'NONE', *, *, #1496, .T. ) ;
#373 = LINE ( 'NONE', #2547, #5986 ) ;
#374 = DIRECTION ( 'NONE',  ( 0.000000000000000000, 0.000000000000000000, -1.000000000000000000 ) ) ;
#375 = CARTESIAN_POINT ( 'NONE',  ( -1.087887425104449246, 1.082677165354330784, 2.975817025275492078 ) ) ;
#376 = EDGE_CURVE ( 'NONE', #4482, #1709, #6846, .T. ) ;
#377 = ORIENTED_EDGE ( 'NONE', *, *, #5507, .F. ) ;
#378 = VERTEX_POINT ( 'NONE', #3753 ) ;
#379 = ORIENTED_EDGE ( 'NONE', *, *, #5720, .T. ) ;
#380 = LINE ( 'NONE', #2209, #1852 ) ;
#381 = CARTESIAN_POINT ( 'NONE',  ( 0.3814239164580918162, 1.082677165354330784, 1.924989617740929360 ) ) ;
#382 = DIRECTION ( 'NONE',  ( 0.000000000000000000, 0.000000000000000000, -1.000000000000000000 ) ) ;
#383 = ORIENTED_EDGE ( 'NONE', *, *, #4895, .F. ) ;
#384 = LINE ( 'NONE', #7927, #3688 ) ;
#385 = ORIENTED_EDGE ( 'NONE', *, *, #5287, .F. ) ;
#386 = CARTESIAN_POINT ( 'NONE',  ( 0.2759321084143591118, 1.082677165354330784, 3.763218600078629628 ) ) ;
#387 = PLANE ( 'NONE',  #889 ) ;
#388 = ORIENTED_EDGE ( 'NONE', *, *, #4357, .F. ) ;
#389 = VECTOR ( 'NONE', #2648, 39.37007874015748143 ) ;
#390 = DIRECTION ( 'NONE',  ( -0.000000000000000000, -1.000000000000000000, -0.000000000000000000 ) ) ;
#391 = ORIENTED_EDGE ( 'NONE', *, *, #3251, .F. ) ;
#392 = DIRECTION ( 'NONE',  ( -0.8660254037844433705, 0.000000000000000000, -0.4999999999999920064 ) ) ;
#393 = CARTESIAN_POINT ( 'NONE',  ( 0.6329382721209004803, -7.874015748039371056E-05, 0.1116466293098953427 ) ) ;
#394 = EDGE_CURVE ( 'NONE', #3897, #6741, #1097, .T. ) ;
#395 = LINE ( 'NONE', #3726, #6780 ) ;
#396 = VERTEX_POINT ( 'NONE', #7034 ) ;
#397 = CARTESIAN_POINT ( 'NONE',  ( 0.09321493710025607893, 1.200787401574803237, 0.8493790635799562949 ) ) ;
#398 = AXIS2_PLACEMENT_3D ( 'NONE', #3768, #3638, #6960 ) ;
#399 = VERTEX_POINT ( 'NONE', #6370 ) ;
#400 = DIRECTION ( 'NONE',  ( 0.000000000000000000, 0.000000000000000000, -1.000000000000000000 ) ) ;
#401 = CARTESIAN_POINT ( 'NONE',  ( 0.9719750975604446452, 1.200787401574803237, 0.9021249676018227026 ) ) ;
#402 = EDGE_CURVE ( 'NONE', #2271, #4647, #4364, .T. ) ;
#403 = VERTEX_POINT ( 'NONE', #4131 ) ;
#404 = VECTOR ( 'NONE', #2773, 39.37007874015748143 ) ;
#405 = LINE ( 'NONE', #582, #303 ) ;
#406 = CARTESIAN_POINT ( 'NONE',  ( 1.991441122700779331, 1.377952755905512028, 5.140295023342551062 ) ) ;
#407 = EDGE_CURVE ( 'NONE', #1518, #169, #2856, .T. ) ;
#408 = EDGE_CURVE ( 'NONE', #5344, #8327, #5118, .T. ) ;
#409 = ORIENTED_EDGE ( 'NONE', *, *, #563, .F. ) ;
#410 = CARTESIAN_POINT ( 'NONE',  ( 0.5255284061370095738, 1.200787401574803237, 2.543503556238737584 ) ) ;
#411 = ORIENTED_EDGE ( 'NONE', *, *, #4993, .T. ) ;
#412 = VECTOR ( 'NONE', #4928, 39.37007874015748854 ) ;
#413 = CARTESIAN_POINT ( 'NONE',  ( 3.221847893328354306, 0.3937007874015748254, 5.587908140119151490 ) ) ;
#414 = DIRECTION ( 'NONE',  ( -0.3425776017239510196, 0.000000000000000000, 0.9394895352248826548 ) ) ;
#415 = DIRECTION ( 'NONE',  ( -0.4999999999999918954, -1.084202172485504187E-16, 0.8660254037844431485 ) ) ;
#416 = AXIS2_PLACEMENT_3D ( 'NONE', #6684, #5264, #7349 ) ;
#417 = ORIENTED_EDGE ( 'NONE', *, *, #1807, .T. ) ;
#418 = ORIENTED_EDGE ( 'NONE', *, *, #5729, .F. ) ;
#419 = VERTEX_POINT ( 'NONE', #1356 ) ;
#420 = DIRECTION ( 'NONE',  ( -0.000000000000000000, -1.000000000000000000, -0.000000000000000000 ) ) ;
#421 = CARTESIAN_POINT ( 'NONE',  ( 1.476377952755906664, 1.082677165354330784, -0.1924239093467102202 ) ) ;
#422 = AXIS2_PLACEMENT_3D ( 'NONE', #3660, #8328, #5788 ) ;
#423 = ORIENTED_EDGE ( 'NONE', *, *, #1819, .T. ) ;
#424 = DIRECTION ( 'NONE',  ( 0.6423330032324086059, -0.000000000000000000, 0.7664256734729301135 ) ) ;
#425 = ORIENTED_EDGE ( 'NONE', *, *, #1863, .F. ) ;
#426 = LINE ( 'NONE', #7306, #8397 ) ;
#427 = DIRECTION ( 'NONE',  ( 0.000000000000000000, 0.000000000000000000, -1.000000000000000000 ) ) ;
#428 = CARTESIAN_POINT ( 'NONE',  ( 1.010587779195629698, 1.200787401574803237, 3.116741904185362788 ) ) ;
#429 = VERTEX_POINT ( 'NONE', #4052 ) ;
#430 = AXIS2_PLACEMENT_3D ( 'NONE', #4704, #2951, #7417 ) ;
#431 = FILL_AREA_STYLE_COLOUR ( '', #4667 ) ;
#432 = ORIENTED_EDGE ( 'NONE', *, *, #1253, .T. ) ;
#433 = PLANE ( 'NONE',  #336 ) ;
#434 = EDGE_CURVE ( 'NONE', #2394, #1358, #4404, .T. ) ;
#435 = ORIENTED_EDGE ( 'NONE', *, *, #2027, .T. ) ;
#436 = CIRCLE ( 'NONE', #18, 0.08070866141732215004 ) ;
#437 = DIRECTION ( 'NONE',  ( 0.8660254037844431485, 0.000000000000000000, 0.4999999999999918954 ) ) ;
#438 = PLANE ( 'NONE',  #8778 ) ;
#439 = ORIENTED_EDGE ( 'NONE', *, *, #2252, .T. ) ;
#440 = CARTESIAN_POINT ( 'NONE',  ( 4.993501436635412460, 1.102362204724409933, 2.519314189701832074 ) ) ;
#441 = EDGE_LOOP ( 'NONE', ( #5038, #4940, #7960, #8042 ) ) ;
#442 = DIRECTION ( 'NONE',  ( -0.000000000000000000, 1.000000000000000000, -0.000000000000000000 ) ) ;
#443 = DIRECTION ( 'NONE',  ( 0.000000000000000000, -1.000000000000000000, 0.000000000000000000 ) ) ;
#444 = VERTEX_POINT ( 'NONE', #6847 ) ;
#445 = AXIS2_PLACEMENT_3D ( 'NONE', #7720, #976, #2388 ) ;
#446 = EDGE_CURVE ( 'NONE', #6356, #4827, #7558, .T. ) ;
#447 = AXIS2_PLACEMENT_3D ( 'NONE', #723, #6090, #8185 ) ;
#448 = EDGE_CURVE ( 'NONE', #4827, #1380, #6144, .T. ) ;
#449 = FACE_OUTER_BOUND ( 'NONE', #7595, .T. ) ;
#450 = CARTESIAN_POINT ( 'NONE',  ( -1.087887425104449246, 1.200787401574803237, 2.975817025275492078 ) ) ;
#451 = DIRECTION ( 'NONE',  ( 0.000000000000000000, -1.000000000000000000, 0.000000000000000000 ) ) ;
#452 = ADVANCED_FACE ( 'NONE', ( #7468 ), #6222, .T. ) ;
#453 = ORIENTED_EDGE ( 'NONE', *, *, #5466, .F. ) ;
#454 = CARTESIAN_POINT ( 'NONE',  ( -0.7469325417247473231, 1.082677165354330784, 3.172667418976276466 ) ) ;
#455 = VECTOR ( 'NONE', #2877, 39.37007874015748854 ) ;
#456 = AXIS2_PLACEMENT_3D ( 'NONE', #6770, #2816, #7383 ) ;
#457 = ORIENTED_EDGE ( 'NONE', *, *, #1437, .T. ) ;
#458 = AXIS2_PLACEMENT_3D ( 'NONE', #5218, #6901, #8064 ) ;
#459 = DIRECTION ( 'NONE',  ( 0.000000000000000000, 0.000000000000000000, -1.000000000000000000 ) ) ;
#460 = CYLINDRICAL_SURFACE ( 'NONE', #7284, 0.08070866141732269128 ) ;
#461 = AXIS2_PLACEMENT_3D ( 'NONE', #4673, #1104, #4099 ) ;
#462 = EDGE_CURVE ( 'NONE', #8192, #1199, #7426, .T. ) ;
#463 = VECTOR ( 'NONE', #3550, 39.37007874015748854 ) ;
#464 = VECTOR ( 'NONE', #8458, 39.37007874015748854 ) ;
#465 = VECTOR ( 'NONE', #6992, 39.37007874015748854 ) ;
#466 = DIRECTION ( 'NONE',  ( 0.9345333927142727148, 0.000000000000000000, -0.3558754527948657653 ) ) ;
#467 = ORIENTED_EDGE ( 'NONE', *, *, #8108, .T. ) ;
#468 = ORIENTED_EDGE ( 'NONE', *, *, #6916, .F. ) ;
#469 = ORIENTED_EDGE ( 'NONE', *, *, #1211, .T. ) ;
#470 = EDGE_CURVE ( 'NONE', #5786, #6436, #3567, .T. ) ;
#471 = DIRECTION ( 'NONE',  ( -0.1730638617519519307, 0.000000000000000000, -0.9849106049563591814 ) ) ;
#472 = CIRCLE ( 'NONE', #2744, 0.08070866141732255250 ) ;
#473 = CARTESIAN_POINT ( 'NONE',  ( 0.4341698204799581684, 1.200787401574803237, 1.046229457280740682 ) ) ;
#474 = ADVANCED_FACE ( 'NONE', ( #681 ), #6051, .F. ) ;
#475 = EDGE_CURVE ( 'NONE', #2978, #3743, #2140, .T. ) ;
#476 = ORIENTED_EDGE ( 'NONE', *, *, #2743, .T. ) ;
#477 = CIRCLE ( 'NONE', #4291, 0.08070866141732323251 ) ;
#478 = VECTOR ( 'NONE', #1203, 39.37007874015748143 ) ;
#479 = CARTESIAN_POINT ( 'NONE',  ( -2.845759604659805486, -3.739856329679275948, -4.192333620745261058 ) ) ;
#480 = ORIENTED_EDGE ( 'NONE', *, *, #6762, .F. ) ;
#481 = EDGE_CURVE ( 'NONE', #3080, #241, #4177, .T. ) ;
#482 = FACE_OUTER_BOUND ( 'NONE', #5991, .T. ) ;
#483 = FACE_OUTER_BOUND ( 'NONE', #1060, .T. ) ;
#484 = ORIENTED_EDGE ( 'NONE', *, *, #5185, .F. ) ;
#485 = CARTESIAN_POINT ( 'NONE',  ( 0.9197440173750497383, 1.082677165354330784, -0.3498222967740065581 ) ) ;
#486 = ORIENTED_EDGE ( 'NONE', *, *, #8487, .F. ) ;
#487 = AXIS2_PLACEMENT_3D ( 'NONE', #5449, #8166, #6820 ) ;
#488 = DIRECTION ( 'NONE',  ( -0.3535533905932822241, -0.7071067811865192621, 0.6123724356958223369 ) ) ;
#489 = EDGE_LOOP ( 'NONE', ( #4101, #6856 ) ) ;
#490 = CYLINDRICAL_SURFACE ( 'NONE', #4830, 0.08070866141732313537 ) ;
#491 = FACE_BOUND ( 'NONE', #8776, .T. ) ;
#492 = ADVANCED_FACE ( 'NONE', ( #5509 ), #8044, .F. ) ;
#493 = VERTEX_POINT ( 'NONE', #2719 ) ;
#494 = FACE_BOUND ( 'NONE', #1079, .T. ) ;
#495 = EDGE_LOOP ( 'NONE', ( #2242, #7597, #5338, #4741 ) ) ;
#496 = DIRECTION ( 'NONE',  ( -0.000000000000000000, -1.000000000000000000, -0.000000000000000000 ) ) ;
#497 = CARTESIAN_POINT ( 'NONE',  ( 4.261699648821412723, 0.3549254679843953375, -1.622457370954720091 ) ) ;
#498 = VERTEX_POINT ( 'NONE', #6887 ) ;
#499 = LINE ( 'NONE', #1878, #8244 ) ;
#500 = DIRECTION ( 'NONE',  ( -0.4999999999999918954, 0.000000000000000000, 0.8660254037844431485 ) ) ;
#501 = PLANE ( 'NONE',  #2301 ) ;
#502 = ORIENTED_EDGE ( 'NONE', *, *, #2495, .T. ) ;
#503 = CARTESIAN_POINT ( 'NONE',  ( -0.3168295106876288791, 1.348031496062992440, 0.2655313596039481916 ) ) ;
#504 = ORIENTED_EDGE ( 'NONE', *, *, #5640, .T. ) ;
#505 = FACE_OUTER_BOUND ( 'NONE', #3320, .T. ) ;
#506 = EDGE_LOOP ( 'NONE', ( #4314, #6512 ) ) ;
#507 = DIRECTION ( 'NONE',  ( 0.000000000000000000, -1.000000000000000000, 0.000000000000000000 ) ) ;
#508 = CARTESIAN_POINT ( 'NONE',  ( -0.2573107695089532077, 1.082677165354330784, 1.599478275463582344 ) ) ;
#509 = ORIENTED_EDGE ( 'NONE', *, *, #5872, .T. ) ;
#510 = EDGE_CURVE ( 'NONE', #4545, #8455, #812, .T. ) ;
#511 = ORIENTED_EDGE ( 'NONE', *, *, #824, .T. ) ;
#512 = VERTEX_POINT ( 'NONE', #2673 ) ;
#513 = CYLINDRICAL_SURFACE ( 'NONE', #5803, 0.08070866141732313537 ) ;
#514 = CARTESIAN_POINT ( 'NONE',  ( 1.010587779195629698, 1.200787401574803237, 3.116741904185362788 ) ) ;
#515 = EDGE_CURVE ( 'NONE', #1680, #1392, #3383, .T. ) ;
#516 = DIRECTION ( 'NONE',  ( 0.4999999999999918954, 1.264902534566421429E-16, -0.8660254037844431485 ) ) ;
#517 = DIRECTION ( 'NONE',  ( -0.000000000000000000, -1.000000000000000000, -0.000000000000000000 ) ) ;
#518 = DIRECTION ( 'NONE',  ( -0.000000000000000000, -1.000000000000000000, -0.000000000000000000 ) ) ;
#519 = ORIENTED_EDGE ( 'NONE', *, *, #2130, .T. ) ;
#520 = EDGE_CURVE ( 'NONE', #334, #6331, #2153, .T. ) ;
#521 = CARTESIAN_POINT ( 'NONE',  ( 0.3034837922094106855, 1.082677165354330784, 0.7969522363508901863 ) ) ;
#522 = ADVANCED_FACE ( 'NONE', ( #14 ), #4006, .F. ) ;
#523 = LINE ( 'NONE', #2210, #2168 ) ;
#524 = CARTESIAN_POINT ( 'NONE',  ( 0.5782743101588760926, 1.200787401574803237, 1.503326072943903968 ) ) ;
#525 = EDGE_CURVE ( 'NONE', #8455, #8473, #945, .T. ) ;
#526 = CARTESIAN_POINT ( 'NONE',  ( 1.682679492934034515, 1.082677165354330784, 0.2711150115921904802 ) ) ;
#527 = FACE_BOUND ( 'NONE', #8154, .T. ) ;
#528 = CARTESIAN_POINT ( 'NONE',  ( 0.000000000000000000, 0.000000000000000000, 0.000000000000000000 ) ) ;
#529 = ORIENTED_EDGE ( 'NONE', *, *, #1284, .F. ) ;
#530 = EDGE_LOOP ( 'NONE', ( #4525, #8412, #3935, #3838 ) ) ;
#531 = CARTESIAN_POINT ( 'NONE',  ( 0.000000000000000000, 1.377952755905512028, 0.000000000000000000 ) ) ;
#532 = ORIENTED_EDGE ( 'NONE', *, *, #4063, .T. ) ;
#533 = DIRECTION ( 'NONE',  ( 0.8660254037844433705, 0.000000000000000000, 0.4999999999999920064 ) ) ;
#534 = CARTESIAN_POINT ( 'NONE',  ( -0.7391956597173749977, 0.000000000000000000, 4.590304264576219317 ) ) ;
#535 = EDGE_LOOP ( 'NONE', ( #2188, #6414 ) ) ;
#536 = CYLINDRICAL_SURFACE ( 'NONE', #6542, 0.08070866141732323251 ) ;
#537 = VECTOR ( 'NONE', #85, 39.37007874015748854 ) ;
#538 = CARTESIAN_POINT ( 'NONE',  ( -0.8382911273817988951, 1.082677165354330784, 1.675393320018278676 ) ) ;
#539 = CARTESIAN_POINT ( 'NONE',  ( 0.7703311871445911452, 1.141732283464567121, 0.1223517628503539845 ) ) ;
#540 = ORIENTED_EDGE ( 'NONE', *, *, #5825, .F. ) ;
#541 = CARTESIAN_POINT ( 'NONE',  ( 1.809370929358876667, 1.200787401574803237, -0.5151973388397493858 ) ) ;
#542 = ORIENTED_EDGE ( 'NONE', *, *, #1269, .F. ) ;
#543 = CARTESIAN_POINT ( 'NONE',  ( 1.207438172896414086, 1.082677165354330784, 2.937204343640307691 ) ) ;
#544 = CARTESIAN_POINT ( 'NONE',  ( 1.116079587239362514, 1.200787401574803237, 1.439930244682309457 ) ) ;
#545 = ORIENTED_EDGE ( 'NONE', *, *, #3887, .F. ) ;
#546 = AXIS2_PLACEMENT_3D ( 'NONE', #8771, #6056, #8096 ) ;
#547 = DIRECTION ( 'NONE',  ( 0.8660254037844431485, -0.000000000000000000, 0.4999999999999918954 ) ) ;
#548 = EDGE_CURVE ( 'NONE', #1178, #240, #1692, .T. ) ;
#549 = CYLINDRICAL_SURFACE ( 'NONE', #5785, 0.08070866141732296883 ) ;
#550 = ORIENTED_EDGE ( 'NONE', *, *, #8158, .T. ) ;
#551 = CIRCLE ( 'NONE', #5792, 0.08070866141732241372 ) ;
#552 = ORIENTED_EDGE ( 'NONE', *, *, #8329, .F. ) ;
#553 = ORIENTED_EDGE ( 'NONE', *, *, #3388, .T. ) ;
#554 = CARTESIAN_POINT ( 'NONE',  ( 0.3051181102362200415, 15.67005943375638211, -0.5284800692385434040 ) ) ;
#555 = DIRECTION ( 'NONE',  ( 0.000000000000000000, 0.000000000000000000, -1.000000000000000000 ) ) ;
#556 = EDGE_CURVE ( 'NONE', #2525, #3871, #6267, .T. ) ;
#557 = VECTOR ( 'NONE', #6399, 39.37007874015748854 ) ;
#558 = DIRECTION ( 'NONE',  ( 0.000000000000000000, -1.000000000000000000, 0.000000000000000000 ) ) ;
#559 = EDGE_CURVE ( 'NONE', #7129, #6049, #5682, .T. ) ;
#560 = LINE ( 'NONE', #1276, #164 ) ;
#561 = CARTESIAN_POINT ( 'NONE',  ( 0.1845735227573075399, 1.200787401574803237, 2.185235839703308258 ) ) ;
#562 = ORIENTED_EDGE ( 'NONE', *, *, #1502, .F. ) ;
#563 = EDGE_CURVE ( 'NONE', #6663, #8293, #160, .T. ) ;
#564 = CARTESIAN_POINT ( 'NONE',  ( 0.2373194267791739476, 1.082677165354330784, 1.387184340660442716 ) ) ;
#565 = PLANE ( 'NONE',  #8550 ) ;
#566 = VECTOR ( 'NONE', #6163, 39.37007874015748143 ) ;
#567 = DIRECTION ( 'NONE',  ( -0.000000000000000000, -1.000000000000000000, -0.000000000000000000 ) ) ;
#568 = ORIENTED_EDGE ( 'NONE', *, *, #4593, .T. ) ;
#569 = ADVANCED_FACE ( 'NONE', ( #2354 ), #984, .F. ) ;
#570 = EDGE_CURVE ( 'NONE', #2933, #7197, #265, .T. ) ;
#571 = ORIENTED_EDGE ( 'NONE', *, *, #940, .F. ) ;
#572 = CIRCLE ( 'NONE', #2129, 0.08070866141732269128 ) ;
#573 = LINE ( 'NONE', #6647, #1724 ) ;
#574 = FACE_BOUND ( 'NONE', #6725, .T. ) ;
#575 = VERTEX_POINT ( 'NONE', #187 ) ;
#576 = CARTESIAN_POINT ( 'NONE',  ( 2.976075722449893046, 15.67005943375638211, 1.013598027167075033 ) ) ;
#577 = ORIENTED_EDGE ( 'NONE', *, *, #1479, .T. ) ;
#578 = FACE_OUTER_BOUND ( 'NONE', #642, .T. ) ;
#579 = DIRECTION ( 'NONE',  ( 0.000000000000000000, -1.000000000000000000, 0.000000000000000000 ) ) ;
#580 = VECTOR ( 'NONE', #5839, 39.37007874015748854 ) ;
#581 = ORIENTED_EDGE ( 'NONE', *, *, #8493, .T. ) ;
#582 = CARTESIAN_POINT ( 'NONE',  ( 2.217819075456680888, 0.8464566929133860995, 4.748196907455893623 ) ) ;
#583 = CARTESIAN_POINT ( 'NONE',  ( 0.3286780124362252420, 1.200787401574803237, 2.723041116783794902 ) ) ;
#584 = LINE ( 'NONE', #5199, #7980 ) ;
#585 = ORIENTED_EDGE ( 'NONE', *, *, #8288, .F. ) ;
#586 = LINE ( 'NONE', #6715, #4727 ) ;
#587 = ORIENTED_EDGE ( 'NONE', *, *, #1985, .F. ) ;
#588 = AXIS2_PLACEMENT_3D ( 'NONE', #6919, #258, #894 ) ;
#589 = AXIS2_PLACEMENT_3D ( 'NONE', #3421, #6134, #6215 ) ;
#590 = DIRECTION ( 'NONE',  ( -0.000000000000000000, 1.000000000000000000, -0.000000000000000000 ) ) ;
#591 = DIRECTION ( 'NONE',  ( 0.000000000000000000, -1.000000000000000000, 0.000000000000000000 ) ) ;
#592 = AXIS2_PLACEMENT_3D ( 'NONE', #6314, #8399, #5598 ) ;
#593 = ORIENTED_EDGE ( 'NONE', *, *, #7480, .F. ) ;
#594 = DIRECTION ( 'NONE',  ( 0.000000000000000000, 0.000000000000000000, -1.000000000000000000 ) ) ;
#595 = CARTESIAN_POINT ( 'NONE',  ( 3.051181102362205966, 1.200787401574803237, 0.2819855394721875186 ) ) ;
#596 = CIRCLE ( 'NONE', #3147, 0.08070866141732215004 ) ;
#597 = VERTEX_POINT ( 'NONE', #7768 ) ;
#598 = DIRECTION ( 'NONE',  ( -0.000000000000000000, 1.000000000000000000, -0.000000000000000000 ) ) ;
#599 = EDGE_LOOP ( 'NONE', ( #1736, #8495, #4191, #3125 ) ) ;
#600 = ORIENTED_EDGE ( 'NONE', *, *, #4947, .T. ) ;
#601 = EDGE_CURVE ( 'NONE', #1680, #5019, #8352, .T. ) ;
#602 = CARTESIAN_POINT ( 'NONE',  ( 0.6168869917940612568, 1.200787401574803237, 3.960068993779413571 ) ) ;
#603 = FACE_OUTER_BOUND ( 'NONE', #2241, .T. ) ;
#604 = AXIS2_PLACEMENT_3D ( 'NONE', #6172, #86, #46 ) ;
#605 = CIRCLE ( 'NONE', #1033, 0.08070866141732313537 ) ;
#606 = VECTOR ( 'NONE', #7351, 39.37007874015748143 ) ;
#607 = CARTESIAN_POINT ( 'NONE',  ( 0.4727825021151431661, 1.200787401574803237, 3.422263716698926928 ) ) ;
#608 = ORIENTED_EDGE ( 'NONE', *, *, #7222, .T. ) ;
#609 = VECTOR ( 'NONE', #250, 39.37007874015748143 ) ;
#610 = DIRECTION ( 'NONE',  ( 0.9849106049563591814, 0.000000000000000000, -0.1730638617519519862 ) ) ;
#611 = CARTESIAN_POINT ( 'NONE',  ( 1.116079587239362514, 1.200787401574803237, 1.439930244682309457 ) ) ;
#612 = VECTOR ( 'NONE', #6479, 39.37007874015748143 ) ;
#613 = CIRCLE ( 'NONE', #4284, 0.08070866141732296883 ) ;
#614 = VERTEX_POINT ( 'NONE', #906 ) ;
#615 = LINE ( 'NONE', #7266, #2963 ) ;
#616 = EDGE_CURVE ( 'NONE', #71, #2297, #6821, .T. ) ;
#617 = CARTESIAN_POINT ( 'NONE',  ( -0.5500821480239632688, 1.200787401574803237, 2.751003874179251518 ) ) ;
#618 = ADVANCED_FACE ( 'NONE', ( #3734 ), #224, .T. ) ;
#619 = LINE ( 'NONE', #524, #5575 ) ;
#620 = CIRCLE ( 'NONE', #7697, 0.1161417322834645827 ) ;
#621 = VECTOR ( 'NONE', #4608, 39.37007874015748143 ) ;
#622 = ORIENTED_EDGE ( 'NONE', *, *, #1832, .T. ) ;
#623 = CARTESIAN_POINT ( 'NONE',  ( -0.5500821480239632688, 1.200787401574803237, 2.751003874179251518 ) ) ;
#624 = FACE_BOUND ( 'NONE', #8316, .T. ) ;
#625 = ORIENTED_EDGE ( 'NONE', *, *, #8337, .F. ) ;
#626 = CARTESIAN_POINT ( 'NONE',  ( -0.1561396369771785031, 1.082677165354330784, 0.9715580839981086125 ) ) ;
#627 = CIRCLE ( 'NONE', #5556, 0.08070866141732313537 ) ;
#628 = ADVANCED_FACE ( 'NONE', ( #5017 ), #2928, .T. ) ;
#629 = ORIENTED_EDGE ( 'NONE', *, *, #2052, .T. ) ;
#630 = ADVANCED_FACE ( 'NONE', ( #8270, #5679 ), #4965, .T. ) ;
#631 = DIRECTION ( 'NONE',  ( 0.9849106049563591814, 0.000000000000000000, -0.1730638617519519584 ) ) ;
#632 = CARTESIAN_POINT ( 'NONE',  ( 0.3034837922094106855, 1.082677165354330784, 0.7969522363508901863 ) ) ;
#633 = VERTEX_POINT ( 'NONE', #4343 ) ;
#634 = EDGE_CURVE ( 'NONE', #6436, #5786, #7246, .T. ) ;
#635 = CIRCLE ( 'NONE', #5587, 0.08070866141732323251 ) ;
#636 = FACE_OUTER_BOUND ( 'NONE', #1328, .T. ) ;
#637 = DIRECTION ( 'NONE',  ( 0.000000000000000000, -1.000000000000000000, 0.000000000000000000 ) ) ;
#638 = FACE_OUTER_BOUND ( 'NONE', #3793, .T. ) ;
#639 = EDGE_CURVE ( 'NONE', #6980, #2807, #7635, .T. ) ;
#640 = ORIENTED_EDGE ( 'NONE', *, *, #7023, .T. ) ;
#641 = CARTESIAN_POINT ( 'NONE',  ( -0.01227687094347676248, 1.200787401574803237, 2.687608045917656341 ) ) ;
#642 = EDGE_LOOP ( 'NONE', ( #5858, #379, #4118, #3566 ) ) ;
#643 = EDGE_CURVE ( 'NONE', #1765, #1521, #3276, .T. ) ;
#644 = CARTESIAN_POINT ( 'NONE',  ( 0.5255284061370095738, 1.200787401574803237, 2.462794894821415781 ) ) ;
#645 = FACE_OUTER_BOUND ( 'NONE', #1111, .T. ) ;
#646 = ORIENTED_EDGE ( 'NONE', *, *, #5926, .F. ) ;
#647 = DIRECTION ( 'NONE',  ( 0.000000000000000000, 0.000000000000000000, 1.000000000000000000 ) ) ;
#648 = ORIENTED_EDGE ( 'NONE', *, *, #7962, .T. ) ;
#649 = DIRECTION ( 'NONE',  ( -0.4999999999999918954, 0.000000000000000000, 0.8660254037844431485 ) ) ;
#650 = ORIENTED_EDGE ( 'NONE', *, *, #5650, .T. ) ;
#651 = ORIENTED_EDGE ( 'NONE', *, *, #2710, .F. ) ;
#652 = LINE ( 'NONE', #2777, #3828 ) ;
#653 = DIRECTION ( 'NONE',  ( 0.000000000000000000, 0.000000000000000000, -1.000000000000000000 ) ) ;
#654 = EDGE_CURVE ( 'NONE', #6197, #3871, #2721, .T. ) ;
#655 = DIRECTION ( 'NONE',  ( 0.000000000000000000, 0.000000000000000000, -1.000000000000000000 ) ) ;
#656 = CARTESIAN_POINT ( 'NONE',  ( 0.6948955893618218305, 1.348031496062992440, 0.1855735151370088154 ) ) ;
#657 = DIRECTION ( 'NONE',  ( 0.000000000000000000, -0.000000000000000000, -1.000000000000000000 ) ) ;
#658 = ORIENTED_EDGE ( 'NONE', *, *, #2994, .F. ) ;
#659 = DIRECTION ( 'NONE',  ( -0.9872673851728522854, 0.000000000000000000, -0.1590695136534933385 ) ) ;
#660 = CYLINDRICAL_SURFACE ( 'NONE', #8402, 0.08070866141732309373 ) ;
#661 = CARTESIAN_POINT ( 'NONE',  ( -0.06502277496534306089, 1.200787401574803237, 3.566368206377844796 ) ) ;
#662 = EDGE_CURVE ( 'NONE', #3693, #948, #4921, .T. ) ;
#663 = DIRECTION ( 'NONE',  ( 0.000000000000000000, 1.000000000000000000, -0.000000000000000000 ) ) ;
#664 = DIRECTION ( 'NONE',  ( 0.000000000000000000, 0.000000000000000000, -1.000000000000000000 ) ) ;
#665 = EDGE_LOOP ( 'NONE', ( #922, #5436 ) ) ;
#666 = CARTESIAN_POINT ( 'NONE',  ( 2.657480314960631418, 1.200787401574803237, -0.1117152479293870848 ) ) ;
#667 = ORIENTED_EDGE ( 'NONE', *, *, #3424, .F. ) ;
#668 = CARTESIAN_POINT ( 'NONE',  ( -0.5500821480239632688, 1.200787401574803237, 2.751003874179251518 ) ) ;
#669 = CARTESIAN_POINT ( 'NONE',  ( 0.6329382721209004803, 1.082677165354330784, 0.1116466293098953427 ) ) ;
#670 = VERTEX_POINT ( 'NONE', #3157 ) ;
#671 = EDGE_CURVE ( 'NONE', #1645, #8282, #4267, .T. ) ;
#672 = DIRECTION ( 'NONE',  ( 0.000000000000000000, 0.000000000000000000, -1.000000000000000000 ) ) ;
#673 = CARTESIAN_POINT ( 'NONE',  ( -1.231991914783367559, 1.200787401574803237, 2.357303086777682744 ) ) ;
#674 = CARTESIAN_POINT ( 'NONE',  ( 0.0001401084459830272090, 1.082677165354330784, 0.0003679265325667655092 ) ) ;
#675 = CARTESIAN_POINT ( 'NONE',  ( 0.6696328958159274425, 1.082677165354330784, 2.919891510484578401 ) ) ;
#676 = ORIENTED_EDGE ( 'NONE', *, *, #800, .F. ) ;
#677 = PLANE ( 'NONE',  #1469 ) ;
#678 = ORIENTED_EDGE ( 'NONE', *, *, #1184, .T. ) ;
#679 = EDGE_CURVE ( 'NONE', #124, #3472, #2536, .T. ) ;
#680 = CIRCLE ( 'NONE', #7191, 0.1161417322834646243 ) ;
#681 = FACE_OUTER_BOUND ( 'NONE', #4816, .T. ) ;
#682 = LINE ( 'NONE', #4007, #891 ) ;
#683 = ORIENTED_EDGE ( 'NONE', *, *, #3919, .T. ) ;
#684 = EDGE_CURVE ( 'NONE', #2297, #71, #5829, .T. ) ;
#685 = DIRECTION ( 'NONE',  ( 0.000000000000000000, 0.000000000000000000, -1.000000000000000000 ) ) ;
#686 = ADVANCED_FACE ( 'NONE', ( #5863 ), #5947, .T. ) ;
#687 = CARTESIAN_POINT ( 'NONE',  ( 1.457034470619064548, 1.200787401574803237, 1.636780638383093400 ) ) ;
#688 = ORIENTED_EDGE ( 'NONE', *, *, #1940, .T. ) ;
#689 = DIRECTION ( 'NONE',  ( 0.000000000000000000, 0.000000000000000000, 1.000000000000000000 ) ) ;
#690 = ORIENTED_EDGE ( 'NONE', *, *, #4445, .T. ) ;
#691 = VERTEX_POINT ( 'NONE', #2574 ) ;
#692 = FACE_OUTER_BOUND ( 'NONE', #5271, .T. ) ;
#693 = VECTOR ( 'NONE', #4172, 39.37007874015748143 ) ;
#694 = CARTESIAN_POINT ( 'NONE',  ( 0.8137373854948456442, 1.082677165354330784, 3.457696787565065488 ) ) ;
#695 = VECTOR ( 'NONE', #6984, 39.37007874015748143 ) ;
#696 = DIRECTION ( 'NONE',  ( 0.000000000000000000, -1.000000000000000000, 0.000000000000000000 ) ) ;
#697 = CARTESIAN_POINT ( 'NONE',  ( 1.601138960297982639, 1.200787401574803237, 2.255294576880902735 ) ) ;
#698 = CARTESIAN_POINT ( 'NONE',  ( 2.952755905511811108, 1.377952755905512028, 6.250839528627838426 ) ) ;
#699 = ORIENTED_EDGE ( 'NONE', *, *, #3067, .T. ) ;
#700 = CARTESIAN_POINT ( 'NONE',  ( -0.0007207492543572252986, 1.082677165354330784, 0.7076699784390518833 ) ) ;
#701 = DIRECTION ( 'NONE',  ( 0.000000000000000000, -1.000000000000000000, 0.000000000000000000 ) ) ;
#702 = VECTOR ( 'NONE', #3951, 39.37007874015748143 ) ;
#703 = FACE_OUTER_BOUND ( 'NONE', #3751, .T. ) ;
#704 = EDGE_LOOP ( 'NONE', ( #5755, #8254, #7865, #6067 ) ) ;
#705 = CARTESIAN_POINT ( 'NONE',  ( 1.457034470619064548, 1.082677165354330784, 1.556071976965770265 ) ) ;
#706 = DIRECTION ( 'NONE',  ( 0.000000000000000000, 0.000000000000000000, 1.000000000000000000 ) ) ;
#707 = AXIS2_PLACEMENT_3D ( 'NONE', #2868, #3495, #8786 ) ;
#708 = PLANE ( 'NONE',  #6433 ) ;
#709 = EDGE_LOOP ( 'NONE', ( #6323, #3070 ) ) ;
#710 = ADVANCED_FACE ( 'NONE', ( #7233 ), #8580, .F. ) ;
#711 = FACE_OUTER_BOUND ( 'NONE', #1773, .T. ) ;
#712 = FACE_OUTER_BOUND ( 'NONE', #7637, .T. ) ;
#713 = ORIENTED_EDGE ( 'NONE', *, *, #3434, .F. ) ;
#714 = AXIS2_PLACEMENT_3D ( 'NONE', #4600, #3127, #2417 ) ;
#715 = PLANE ( 'NONE',  #1295 ) ;
#716 = DIRECTION ( 'NONE',  ( 0.8660254037844431485, -0.000000000000000000, 0.4999999999999918954 ) ) ;
#717 = DIRECTION ( 'NONE',  ( 0.8660254037844432595, 0.000000000000000000, 0.4999999999999919509 ) ) ;
#718 = CARTESIAN_POINT ( 'NONE',  ( 0.09321493710025607893, 1.082677165354330784, 0.8493790635799562949 ) ) ;
#719 = EDGE_LOOP ( 'NONE', ( #6111, #2371, #83, #2249 ) ) ;
#720 = DIRECTION ( 'NONE',  ( 0.000000000000000000, -1.000000000000000000, 0.000000000000000000 ) ) ;
#721 = ORIENTED_EDGE ( 'NONE', *, *, #237, .F. ) ;
#722 = CIRCLE ( 'NONE', #7656, 0.08070866141732255250 ) ;
#723 = CARTESIAN_POINT ( 'NONE',  ( 1.207438172896414086, 1.082677165354330784, 2.856495682222984112 ) ) ;
#724 = CARTESIAN_POINT ( 'NONE',  ( 2.263779527559056426, 1.200787401574803237, 0.3626942008895106540 ) ) ;
#725 = VERTEX_POINT ( 'NONE', #5194 ) ;
#726 = EDGE_CURVE ( 'NONE', #5912, #7273, #4975, .T. ) ;
#727 = CARTESIAN_POINT ( 'NONE',  ( 1.116079587239362514, 1.200787401574803237, 1.439930244682309457 ) ) ;
#728 = DIRECTION ( 'NONE',  ( 0.000000000000000000, 0.000000000000000000, -1.000000000000000000 ) ) ;
#729 = ADVANCED_FACE ( 'NONE', ( #1081 ), #7866, .F. ) ;
#730 = ORIENTED_EDGE ( 'NONE', *, *, #2946, .F. ) ;
#731 = DIRECTION ( 'NONE',  ( 0.4999999999999918954, 0.000000000000000000, -0.8660254037844431485 ) ) ;
#732 = ORIENTED_EDGE ( 'NONE', *, *, #1654, .T. ) ;
#733 = AXIS2_PLACEMENT_3D ( 'NONE', #62, #5376, #776 ) ;
#734 = CARTESIAN_POINT ( 'NONE',  ( 2.983608909500687023, 1.181102362204724754, 2.063542290436449544 ) ) ;
#735 = DIRECTION ( 'NONE',  ( -0.7754638790607945031, 0.000000000000000000, -0.6313919323779687565 ) ) ;
#736 = ADVANCED_FACE ( 'NONE', ( #1790 ), #3198, .F. ) ;
#737 = VECTOR ( 'NONE', #1824, 39.37007874015748143 ) ;
#738 = AXIS2_PLACEMENT_3D ( 'NONE', #5816, #4579, #7194 ) ;
#739 = AXIS2_PLACEMENT_3D ( 'NONE', #668, #1858, #3973 ) ;
#740 = CARTESIAN_POINT ( 'NONE',  ( 2.502873447770332938, 1.377952755905512028, 5.435570613893728087 ) ) ;
#741 = DIRECTION ( 'NONE',  ( -0.000000000000000000, -1.000000000000000000, -0.000000000000000000 ) ) ;
#742 = DIRECTION ( 'NONE',  ( 0.000000000000000000, 0.000000000000000000, -1.000000000000000000 ) ) ;
#743 = VERTEX_POINT ( 'NONE', #4615 ) ;
#744 = EDGE_CURVE ( 'NONE', #8257, #419, #5972, .T. ) ;
#745 = EDGE_CURVE ( 'NONE', #6521, #3325, #8683, .T. ) ;
#746 = CARTESIAN_POINT ( 'NONE',  ( 2.105220650259832293, 0.8464566929133860995, 4.943223100749083443 ) ) ;
#747 = AXIS2_PLACEMENT_3D ( 'NONE', #5039, #8248, #6998 ) ;
#748 = CIRCLE ( 'NONE', #1023, 0.08070866141732313537 ) ;
#749 = CARTESIAN_POINT ( 'NONE',  ( -0.3532317543231789370, 1.082677165354330784, 2.329340329382225683 ) ) ;
#750 = VECTOR ( 'NONE', #5528, 39.37007874015748143 ) ;
#751 = LINE ( 'NONE', #5649, #7705 ) ;
#752 = AXIS2_PLACEMENT_3D ( 'NONE', #2426, #8734, #649 ) ;
#753 = EDGE_CURVE ( 'NONE', #2842, #1754, #3946, .T. ) ;
#754 = VECTOR ( 'NONE', #5572, 39.37007874015748143 ) ;
#755 = VECTOR ( 'NONE', #1613, 39.37007874015748854 ) ;
#756 = APPLICATION_CONTEXT ( 'automotive_design' ) ;
#757 = VECTOR ( 'NONE', #590, 39.37007874015748143 ) ;
#758 = CYLINDRICAL_SURFACE ( 'NONE', #5539, 0.1161417322834645827 ) ;
#759 = LINE ( 'NONE', #6876, #537 ) ;
#760 = DIRECTION ( 'NONE',  ( 0.000000000000000000, -1.000000000000000000, 0.000000000000000000 ) ) ;
#761 = ORIENTED_EDGE ( 'NONE', *, *, #8167, .T. ) ;
#762 = CIRCLE ( 'NONE', #5438, 0.08070866141732313537 ) ;
#763 = AXIS2_PLACEMENT_3D ( 'NONE', #669, #6612, #4575 ) ;
#764 = CARTESIAN_POINT ( 'NONE',  ( 0.4341698204799581684, 1.200787401574803237, 1.046229457280740682 ) ) ;
#765 = DIRECTION ( 'NONE',  ( 0.000000000000000000, 0.000000000000000000, -1.000000000000000000 ) ) ;
#766 = ORIENTED_EDGE ( 'NONE', *, *, #2473, .F. ) ;
#767 = EDGE_CURVE ( 'NONE', #6683, #272, #5768, .T. ) ;
#768 = CARTESIAN_POINT ( 'NONE',  ( 0.2952755905511819101, 1.200787401574803237, -0.8991168227325369022 ) ) ;
#769 = CIRCLE ( 'NONE', #4845, 0.08070866141732323251 ) ;
#770 = VECTOR ( 'NONE', #1071, 39.37007874015748143 ) ;
#771 = DIRECTION ( 'NONE',  ( -0.000000000000000000, -1.000000000000000000, -0.000000000000000000 ) ) ;
#772 = DIRECTION ( 'NONE',  ( -0.000000000000000000, -1.000000000000000000, -0.000000000000000000 ) ) ;
#773 = VERTEX_POINT ( 'NONE', #6654 ) ;
#774 = FACE_OUTER_BOUND ( 'NONE', #495, .T. ) ;
#775 = VERTEX_POINT ( 'NONE', #7189 ) ;
#776 = DIRECTION ( 'NONE',  ( 0.000000000000000000, -0.000000000000000000, -1.000000000000000000 ) ) ;
#777 = CARTESIAN_POINT ( 'NONE',  ( -0.4059776583450451226, 1.082677165354330784, 3.369517812677060853 ) ) ;
#778 = EDGE_LOOP ( 'NONE', ( #5146, #3179, #600, #4544 ) ) ;
#779 = VECTOR ( 'NONE', #6359, 39.37007874015748143 ) ;
#780 = DIRECTION ( 'NONE',  ( 0.000000000000000000, -1.000000000000000000, 0.000000000000000000 ) ) ;
#781 = DIRECTION ( 'NONE',  ( -0.000000000000000000, -1.000000000000000000, -0.000000000000000000 ) ) ;
#782 = EDGE_LOOP ( 'NONE', ( #1537, #4174, #986, #7872 ) ) ;
#783 = FACE_OUTER_BOUND ( 'NONE', #4014, .T. ) ;
#784 = ORIENTED_EDGE ( 'NONE', *, *, #3058, .F. ) ;
#785 = ORIENTED_EDGE ( 'NONE', *, *, #4306, .F. ) ;
#786 = CARTESIAN_POINT ( 'NONE',  ( 0.01165523373315399507, 1.141732283464567121, 0.7581898101677906343 ) ) ;
#787 = FACE_OUTER_BOUND ( 'NONE', #8579, .T. ) ;
#788 = EDGE_CURVE ( 'NONE', #4366, #4653, #1877, .T. ) ;
#789 = DIRECTION ( 'NONE',  ( 0.000000000000000000, 0.000000000000000000, -1.000000000000000000 ) ) ;
#790 = CARTESIAN_POINT ( 'NONE',  ( 4.213924796666294270, 0.3412202260186752434, -1.604264444650044030 ) ) ;
#791 = CARTESIAN_POINT ( 'NONE',  ( -0.01419902979620381832, 1.141732283464567121, 0.7798579866315596965 ) ) ;
#792 = ORIENTED_EDGE ( 'NONE', *, *, #4197, .F. ) ;
#793 = PLANE ( 'NONE',  #5950 ) ;
#794 = LINE ( 'NONE', #4281, #8409 ) ;
#795 = EDGE_CURVE ( 'NONE', #1358, #2394, #596, .T. ) ;
#796 = LINE ( 'NONE', #1660, #2615 ) ;
#797 = ORIENTED_EDGE ( 'NONE', *, *, #5451, .T. ) ;
#798 = EDGE_CURVE ( 'NONE', #1056, #1629, #3774, .T. ) ;
#799 = CARTESIAN_POINT ( 'NONE',  ( 2.263779527559056426, 1.082677165354330784, 0.2819855394721875186 ) ) ;
#800 = EDGE_CURVE ( 'NONE', #6289, #1551, #6688, .T. ) ;
#801 = CARTESIAN_POINT ( 'NONE',  ( 2.983608909500687023, 0.5807086614173235795, 2.063542290436449100 ) ) ;
#802 = DIRECTION ( 'NONE',  ( -0.000000000000000000, -1.000000000000000000, -0.000000000000000000 ) ) ;
#803 = ORIENTED_EDGE ( 'NONE', *, *, #407, .T. ) ;
#804 = CARTESIAN_POINT ( 'NONE',  ( 0.3286780124362252420, 1.082677165354330784, 2.803749778201117593 ) ) ;
#805 = ORIENTED_EDGE ( 'NONE', *, *, #2098, .T. ) ;
#806 = DIRECTION ( 'NONE',  ( 0.000000000000000000, -0.000000000000000000, -1.000000000000000000 ) ) ;
#807 = LINE ( 'NONE', #6217, #4503 ) ;
#808 = CARTESIAN_POINT ( 'NONE',  ( -7.834881236753203027, 0.5905511811023628210, 0.8724167453716668019 ) ) ;
#809 = VERTEX_POINT ( 'NONE', #3812 ) ;
#810 = DIRECTION ( 'NONE',  ( -0.4999999999999920064, 0.000000000000000000, 0.8660254037844433705 ) ) ;
#811 = ORIENTED_EDGE ( 'NONE', *, *, #1706, .F. ) ;
#812 = LINE ( 'NONE', #5470, #876 ) ;
#813 = CARTESIAN_POINT ( 'NONE',  ( 0.3814239164580918162, 1.200787401574803237, 2.005698279158252273 ) ) ;
#814 = ORIENTED_EDGE ( 'NONE', *, *, #4924, .T. ) ;
#815 = DIRECTION ( 'NONE',  ( 0.000000000000000000, -1.000000000000000000, 0.000000000000000000 ) ) ;
#816 = PLANE ( 'NONE',  #5080 ) ;
#817 = CIRCLE ( 'NONE', #5771, 0.08070866141732309373 ) ;
#818 = EDGE_LOOP ( 'NONE', ( #7378, #232, #5503, #3245 ) ) ;
#819 = DIRECTION ( 'NONE',  ( 0.9345333927142726038, -0.000000000000000000, -0.3558754527948663759 ) ) ;
#820 = ORIENTED_EDGE ( 'NONE', *, *, #8125, .F. ) ;
#821 = ORIENTED_EDGE ( 'NONE', *, *, #1571, .T. ) ;
#822 = DIRECTION ( 'NONE',  ( -0.000000000000000000, -1.000000000000000000, -0.000000000000000000 ) ) ;
#823 = DIRECTION ( 'NONE',  ( 0.000000000000000000, -1.000000000000000000, 0.000000000000000000 ) ) ;
#824 = EDGE_CURVE ( 'NONE', #8470, #7757, #50, .T. ) ;
#825 = LINE ( 'NONE', #2277, #8781 ) ;
#826 = CARTESIAN_POINT ( 'NONE',  ( 0.09321493710025610668, 1.200787401574803237, 0.9300877249972794303 ) ) ;
#827 = DIRECTION ( 'NONE',  ( -0.000000000000000000, -1.000000000000000000, -0.000000000000000000 ) ) ;
#828 = AXIS2_PLACEMENT_3D ( 'NONE', #6207, #1508, #837 ) ;
#829 = ORIENTED_EDGE ( 'NONE', *, *, #6587, .F. ) ;
#830 = VERTEX_POINT ( 'NONE', #1 ) ;
#831 = DIRECTION ( 'NONE',  ( 0.9849106049563591814, 0.000000000000000000, -0.1730638617519519862 ) ) ;
#832 = DIRECTION ( 'NONE',  ( -0.000000000000000000, -1.000000000000000000, -0.000000000000000000 ) ) ;
#833 = CARTESIAN_POINT ( 'NONE',  ( 4.688383326399197415, 1.102362204724409933, 3.047794258940371037 ) ) ;
#834 = AXIS2_PLACEMENT_3D ( 'NONE', #6497, #6543, #7203 ) ;
#835 = EDGE_CURVE ( 'NONE', #221, #4080, #7539, .T. ) ;
#836 = DIRECTION ( 'NONE',  ( 0.000000000000000000, -1.000000000000000000, 0.000000000000000000 ) ) ;
#837 = DIRECTION ( 'NONE',  ( 0.000000000000000000, 0.000000000000000000, 1.000000000000000000 ) ) ;
#838 = CARTESIAN_POINT ( 'NONE',  ( 0.9344809842237028485, 0.8464566929133860995, 4.530058802870118306 ) ) ;
#839 = AXIS2_PLACEMENT_3D ( 'NONE', #7565, #1400, #728 ) ;
#840 = ORIENTED_EDGE ( 'NONE', *, *, #2084, .F. ) ;
#841 = CARTESIAN_POINT ( 'NONE',  ( 4.868673899812879569, 0.2952755905511817991, -0.3804476004577597714 ) ) ;
#842 = EDGE_CURVE ( 'NONE', #1833, #7584, #2993, .T. ) ;
#843 = ORIENTED_EDGE ( 'NONE', *, *, #7489, .F. ) ;
#844 = ADVANCED_FACE ( 'NONE', ( #6079 ), #2757, .T. ) ;
#845 = VERTEX_POINT ( 'NONE', #4120 ) ;
#846 = MECHANICAL_DESIGN_GEOMETRIC_PRESENTATION_REPRESENTATION (  '', ( #7513 ), #8793 ) ;
#847 = DIRECTION ( 'NONE',  ( 0.000000000000000000, 0.000000000000000000, -1.000000000000000000 ) ) ;
#848 = DIRECTION ( 'NONE',  ( -0.000000000000000000, -1.000000000000000000, -0.000000000000000000 ) ) ;
#849 = CARTESIAN_POINT ( 'NONE',  ( 0.09321493710025607893, 1.200787401574803237, 0.8493790635799562949 ) ) ;
#850 = ORIENTED_EDGE ( 'NONE', *, *, #5599, .T. ) ;
#851 = CYLINDRICAL_SURFACE ( 'NONE', #6566, 0.08070866141732378762 ) ;
#852 = ORIENTED_EDGE ( 'NONE', *, *, #5226, .F. ) ;
#853 = CARTESIAN_POINT ( 'NONE',  ( 2.926673774748453472, 1.082677165354331672, 1.689715891681201621 ) ) ;
#854 = DIRECTION ( 'NONE',  ( 0.8660254037844431485, -0.000000000000000000, 0.4999999999999918954 ) ) ;
#855 = AXIS2_PLACEMENT_3D ( 'NONE', #7040, #6380, #5086 ) ;
#856 = VERTEX_POINT ( 'NONE', #6829 ) ;
#857 = DIRECTION ( 'NONE',  ( -0.000000000000000000, -1.000000000000000000, -0.000000000000000000 ) ) ;
#858 = DIRECTION ( 'NONE',  ( 0.7664256734729302245, 0.000000000000000000, -0.6423330032324084948 ) ) ;
#859 = AXIS2_PLACEMENT_3D ( 'NONE', #4102, #5346, #1493 ) ;
#860 = ORIENTED_EDGE ( 'NONE', *, *, #6540, .T. ) ;
#861 = CARTESIAN_POINT ( 'NONE',  ( 2.335794631079252781, 1.181102362204724754, 1.689526542404959475 ) ) ;
#862 = ORIENTED_EDGE ( 'NONE', *, *, #3413, .F. ) ;
#863 = DIRECTION ( 'NONE',  ( 0.000000000000000000, 0.000000000000000000, -1.000000000000000000 ) ) ;
#864 = CARTESIAN_POINT ( 'NONE',  ( -0.5500821480239632688, 1.200787401574803237, 2.670295212761928827 ) ) ;
#865 = AXIS2_PLACEMENT_3D ( 'NONE', #5767, #2395, #2353 ) ;
#866 = FACE_OUTER_BOUND ( 'NONE', #6693, .T. ) ;
#867 = ADVANCED_FACE ( 'NONE', ( #711, #5410, #4784, #5457 ), #4748, .T. ) ;
#868 = DIRECTION ( 'NONE',  ( 0.000000000000000000, -1.000000000000000000, 0.000000000000000000 ) ) ;
#869 = ORIENTED_EDGE ( 'NONE', *, *, #354, .F. ) ;
#870 = ORIENTED_EDGE ( 'NONE', *, *, #1345, .T. ) ;
#871 = VERTEX_POINT ( 'NONE', #8131 ) ;
#872 = DIRECTION ( 'NONE',  ( 0.000000000000000000, -1.000000000000000000, 0.000000000000000000 ) ) ;
#873 = DIRECTION ( 'NONE',  ( 0.000000000000000000, -0.000000000000000000, -1.000000000000000000 ) ) ;
#874 = DIRECTION ( 'NONE',  ( -0.000000000000000000, -1.000000000000000000, -0.000000000000000000 ) ) ;
#875 = AXIS2_PLACEMENT_3D ( 'NONE', #2452, #6002, #1920 ) ;
#876 = VECTOR ( 'NONE', #1966, 39.37007874015748143 ) ;
#877 = DIRECTION ( 'NONE',  ( 0.000000000000000000, -0.000000000000000000, -1.000000000000000000 ) ) ;
#878 = ORIENTED_EDGE ( 'NONE', *, *, #3936, .F. ) ;
#879 = CARTESIAN_POINT ( 'NONE',  ( 0.3168295106876288791, -7.874015748039371056E-05, -0.2655313596039485247 ) ) ;
#880 = VECTOR ( 'NONE', #3927, 39.37007874015748143 ) ;
#881 = CIRCLE ( 'NONE', #6130, 0.08070866141732313537 ) ;
#882 = CARTESIAN_POINT ( 'NONE',  ( 1.797989353998767026, 1.200787401574803237, 1.914339693501201145 ) ) ;
#883 = ADVANCED_FACE ( 'NONE', ( #578 ), #2086, .F. ) ;
#884 = AXIS2_PLACEMENT_3D ( 'NONE', #764, #8174, #6787 ) ;
#885 = FACE_OUTER_BOUND ( 'NONE', #5109, .T. ) ;
#886 = EDGE_CURVE ( 'NONE', #2192, #4647, #3432, .T. ) ;
#887 = ORIENTED_EDGE ( 'NONE', *, *, #5036, .T. ) ;
#888 = CARTESIAN_POINT ( 'NONE',  ( 0.7703311871445911452, 1.141732283464567121, 0.1223517628503539845 ) ) ;
#889 = AXIS2_PLACEMENT_3D ( 'NONE', #297, #5714, #1590 ) ;
#890 = AXIS2_PLACEMENT_3D ( 'NONE', #3819, #1218, #6533 ) ;
#891 = VECTOR ( 'NONE', #8045, 39.37007874015748854 ) ;
#892 = ORIENTED_EDGE ( 'NONE', *, *, #462, .T. ) ;
#893 = CIRCLE ( 'NONE', #316, 0.08070866141732296883 ) ;
#894 = DIRECTION ( 'NONE',  ( 0.000000000000000000, 0.000000000000000000, -1.000000000000000000 ) ) ;
#895 = EDGE_CURVE ( 'NONE', #3409, #4545, #3280, .T. ) ;
#896 = EDGE_CURVE ( 'NONE', #6795, #4012, #5415, .T. ) ;
#897 = LINE ( 'NONE', #3600, #4925 ) ;
#898 = LENGTH_MEASURE_WITH_UNIT ( LENGTH_MEASURE( 0.02539999999999999897 ), #6388 );
#899 = AXIS2_PLACEMENT_3D ( 'NONE', #3033, #5737, #991 ) ;
#900 = ORIENTED_EDGE ( 'NONE', *, *, #5715, .F. ) ;
#901 = PLANE ( 'NONE',  #8702 ) ;
#902 = EDGE_CURVE ( 'NONE', #5902, #6426, #2624, .T. ) ;
#903 = CIRCLE ( 'NONE', #5852, 0.08070866141732296883 ) ;
#904 = CIRCLE ( 'NONE', #1471, 0.08070866141732323251 ) ;
#905 = EDGE_LOOP ( 'NONE', ( #1044, #3104 ) ) ;
#906 = CARTESIAN_POINT ( 'NONE',  ( 1.870078740157481434, 1.082677165354330784, 0.3626942008895106540 ) ) ;
#907 = CARTESIAN_POINT ( 'NONE',  ( 4.729873388497356501, 0.6791338582677166613, 2.503490418495272429 ) ) ;
#908 = ORIENTED_EDGE ( 'NONE', *, *, #5260, .F. ) ;
#909 = VECTOR ( 'NONE', #1172, 39.37007874015748143 ) ;
#910 = CIRCLE ( 'NONE', #8421, 0.08070866141732269128 ) ;
#911 = DIRECTION ( 'NONE',  ( 0.000000000000000000, 0.000000000000000000, -1.000000000000000000 ) ) ;
#912 = CARTESIAN_POINT ( 'NONE',  ( -0.03655307872293942634, 1.141732283464567121, 0.7531853465565467864 ) ) ;
#913 = ADVANCED_FACE ( 'NONE', ( #8034 ), #1956, .F. ) ;
#914 = ORIENTED_EDGE ( 'NONE', *, *, #996, .T. ) ;
#915 = LINE ( 'NONE', #196, #2299 ) ;
#916 = ORIENTED_EDGE ( 'NONE', *, *, #8230, .F. ) ;
#917 = AXIS2_PLACEMENT_3D ( 'NONE', #2638, #5339, #3045 ) ;
#918 = CARTESIAN_POINT ( 'NONE',  ( 1.476377952755906664, 1.082677165354330784, -0.1117152479293870848 ) ) ;
#919 = AXIS2_PLACEMENT_3D ( 'NONE', #5473, #8188, #19 ) ;
#920 = LINE ( 'NONE', #4272, #695 ) ;
#921 = DIRECTION ( 'NONE',  ( 0.000000000000000000, 0.000000000000000000, 1.000000000000000000 ) ) ;
#922 = ORIENTED_EDGE ( 'NONE', *, *, #684, .T. ) ;
#923 = ORIENTED_EDGE ( 'NONE', *, *, #6577, .T. ) ;
#924 = ORIENTED_EDGE ( 'NONE', *, *, #7074, .T. ) ;
#925 = CARTESIAN_POINT ( 'NONE',  ( 0.0003886879469183625421, 1.082677165354330784, 6.262579277695243371E-05 ) ) ;
#926 = DIRECTION ( 'NONE',  ( 0.000000000000000000, -1.000000000000000000, 0.000000000000000000 ) ) ;
#927 = CARTESIAN_POINT ( 'NONE',  ( 1.312500546402022739, 0.000000000000000000, 4.485545935394759987 ) ) ;
#928 = EDGE_CURVE ( 'NONE', #5364, #8665, #8078, .T. ) ;
#929 = DIRECTION ( 'NONE',  ( 0.000000000000000000, 0.000000000000000000, 1.000000000000000000 ) ) ;
#930 = EDGE_LOOP ( 'NONE', ( #349, #4765 ) ) ;
#931 = LINE ( 'NONE', #4240, #5550 ) ;
#932 = DIRECTION ( 'NONE',  ( 0.8660254037844431485, -0.000000000000000000, 0.4999999999999922284 ) ) ;
#933 = DIRECTION ( 'NONE',  ( -0.1590695136534932552, 0.000000000000000000, 0.9872673851728522854 ) ) ;
#934 = ORIENTED_EDGE ( 'NONE', *, *, #5204, .F. ) ;
#935 = CARTESIAN_POINT ( 'NONE',  ( 1.312929980940146901, 1.200787401574803237, 1.098975361302606979 ) ) ;
#936 = ADVANCED_FACE ( 'NONE', ( #4040 ), #6745, .F. ) ;
#937 = ORIENTED_EDGE ( 'NONE', *, *, #5237, .F. ) ;
#938 = DIRECTION ( 'NONE',  ( 0.000000000000000000, -1.000000000000000000, 0.000000000000000000 ) ) ;
#939 = CARTESIAN_POINT ( 'NONE',  ( -1.076100596462134407, 1.377952755905512028, 1.322726835316817784 ) ) ;
#940 = EDGE_CURVE ( 'NONE', #7425, #6610, #5843, .T. ) ;
#941 = CARTESIAN_POINT ( 'NONE',  ( 0.1567045903883965141, 1.377952755905512028, -0.9713519407635484715 ) ) ;
#942 = EDGE_LOOP ( 'NONE', ( #3614, #2261 ) ) ;
#943 = DIRECTION ( 'NONE',  ( 0.000000000000000000, 0.000000000000000000, -1.000000000000000000 ) ) ;
#944 = ORIENTED_EDGE ( 'NONE', *, *, #237, .T. ) ;
#945 = LINE ( 'NONE', #6392, #8677 ) ;
#946 = DIRECTION ( 'NONE',  ( -0.4999999999999918954, -1.084202172485504187E-16, 0.8660254037844431485 ) ) ;
#947 = ADVANCED_FACE ( 'NONE', ( #3219 ), #1198, .F. ) ;
#948 = VERTEX_POINT ( 'NONE', #7262 ) ;
#949 = ADVANCED_FACE ( 'NONE', ( #3892 ), #1237, .F. ) ;
#950 = CARTESIAN_POINT ( 'NONE',  ( 1.704081350445589393, 1.181102362204724532, 4.279749032404512654 ) ) ;
#951 = CARTESIAN_POINT ( 'NONE',  ( 4.213924796666294270, 0.8398821361860504542, -1.604264444650044030 ) ) ;
#952 = ADVANCED_FACE ( 'NONE', ( #6601 ), #4605, .F. ) ;
#953 = VERTEX_POINT ( 'NONE', #3928 ) ;
#954 = DIRECTION ( 'NONE',  ( 0.4999999999999932832, 0.000000000000000000, -0.8660254037844424824 ) ) ;
#955 = ORIENTED_EDGE ( 'NONE', *, *, #8059, .F. ) ;
#956 = CARTESIAN_POINT ( 'NONE',  ( 1.161438022219017707, 1.082677165354330784, 3.049950781396906674 ) ) ;
#957 = CARTESIAN_POINT ( 'NONE',  ( 5.314960629921259283, 1.377952755905512028, 2.159380928071434891 ) ) ;
#958 = ADVANCED_FACE ( 'NONE', ( #1147 ), #1904, .F. ) ;
#959 = DIRECTION ( 'NONE',  ( -0.000000000000000000, -1.000000000000000000, -0.000000000000000000 ) ) ;
#960 = LINE ( 'NONE', #826, #8258 ) ;
#961 = ORIENTED_EDGE ( 'NONE', *, *, #8343, .T. ) ;
#962 = ORIENTED_EDGE ( 'NONE', *, *, #8424, .T. ) ;
#963 = VERTEX_POINT ( 'NONE', #6637 ) ;
#964 = CARTESIAN_POINT ( 'NONE',  ( 5.078740157480337913, 1.102362204724409933, 2.568526788127027949 ) ) ;
#965 = DIRECTION ( 'NONE',  ( 0.9345333927142764896, -0.000000000000000000, -0.3558754527948558288 ) ) ;
#966 = CARTESIAN_POINT ( 'NONE',  ( 1.404288566597198473, 1.200787401574803237, 2.596249460260604547 ) ) ;
#967 = CARTESIAN_POINT ( 'NONE',  ( -0.3532317543231789370, 1.200787401574803237, 2.410048990799548818 ) ) ;
#968 = ORIENTED_EDGE ( 'NONE', *, *, #896, .T. ) ;
#969 = CYLINDRICAL_SURFACE ( 'NONE', #3850, 0.06496062992125979652 ) ;
#970 = CARTESIAN_POINT ( 'NONE',  ( 0.6329382721209004803, 1.348031496062992440, 0.1116466293098953427 ) ) ;
#971 = CARTESIAN_POINT ( 'NONE',  ( 4.213924796666294270, 0.8398821361860504542, -1.604264444650044030 ) ) ;
#972 = ORIENTED_EDGE ( 'NONE', *, *, #4540, .F. ) ;
#973 = VECTOR ( 'NONE', #1420, 39.37007874015748854 ) ;
#974 = CARTESIAN_POINT ( 'NONE',  ( 1.653884864319848935, 1.200787401574803237, 1.215117093586068009 ) ) ;
#975 = ORIENTED_EDGE ( 'NONE', *, *, #8610, .T. ) ;
#976 = DIRECTION ( 'NONE',  ( 0.000000000000000000, -1.000000000000000000, 0.000000000000000000 ) ) ;
#977 = CIRCLE ( 'NONE', #8060, 0.3149606299212600047 ) ;
#978 = CARTESIAN_POINT ( 'NONE',  ( -0.3168295106876288791, 1.348031496062992440, 0.2655313596039481916 ) ) ;
#979 = CARTESIAN_POINT ( 'NONE',  ( 0.5255284061370095738, 1.082677165354330784, 2.462794894821415781 ) ) ;
#980 = EDGE_CURVE ( 'NONE', #5638, #5119, #2425, .T. ) ;
#981 = ORIENTED_EDGE ( 'NONE', *, *, #4751, .T. ) ;
#982 = CYLINDRICAL_SURFACE ( 'NONE', #2997, 0.08070866141732269128 ) ;
#983 = ORIENTED_EDGE ( 'NONE', *, *, #4614, .T. ) ;
#984 = CYLINDRICAL_SURFACE ( 'NONE', #5406, 0.06496062992125989366 ) ;
#985 = CARTESIAN_POINT ( 'NONE',  ( -0.4059776583450451226, 1.200787401574803237, 3.288809151259737718 ) ) ;
#986 = ORIENTED_EDGE ( 'NONE', *, *, #4027, .T. ) ;
#987 = CIRCLE ( 'NONE', #5941, 0.08070866141732309373 ) ;
#988 = DIRECTION ( 'NONE',  ( 0.000000000000000000, -1.000000000000000000, 0.000000000000000000 ) ) ;
#989 = LINE ( 'NONE', #3646, #2118 ) ;
#990 = EDGE_LOOP ( 'NONE', ( #4320, #8335, #2834, #2067 ) ) ;
#991 = DIRECTION ( 'NONE',  ( 0.000000000000000000, -0.000000000000000000, -1.000000000000000000 ) ) ;
#992 = EDGE_LOOP ( 'NONE', ( #581, #502, #6475, #5225 ) ) ;
#993 = VECTOR ( 'NONE', #4109, 39.37007874015748143 ) ;
#994 = LINE ( 'NONE', #864, #6834 ) ;
#995 = LINE ( 'NONE', #3037, #5861 ) ;
#996 = EDGE_CURVE ( 'NONE', #2847, #6942, #2611, .T. ) ;
#997 = ADVANCED_FACE ( 'NONE', ( #8604 ), #5975, .T. ) ;
#998 = CIRCLE ( 'NONE', #5957, 0.08070866141732287169 ) ;
#999 = CARTESIAN_POINT ( 'NONE',  ( 3.221847893328354306, 0.000000000000000000, 5.587908140119151490 ) ) ;
#1000 = ORIENTED_EDGE ( 'NONE', *, *, #5815, .F. ) ;
#1001 = ORIENTED_EDGE ( 'NONE', *, *, #7120, .T. ) ;
#1002 = EDGE_LOOP ( 'NONE', ( #6081, #2751 ) ) ;
#1003 = DIRECTION ( 'NONE',  ( -0.1590695136534966692, 0.000000000000000000, 0.9872673851728517302 ) ) ;
#1004 = EDGE_CURVE ( 'NONE', #1316, #6162, #8566, .T. ) ;
#1005 = DIRECTION ( 'NONE',  ( 0.000000000000000000, -1.000000000000000000, 0.000000000000000000 ) ) ;
#1006 = CARTESIAN_POINT ( 'NONE',  ( 0.3168295106876288791, -7.874015748039371056E-05, -0.2655313596039485247 ) ) ;
#1007 = VECTOR ( 'NONE', #424, 39.37007874015748143 ) ;
#1008 = ORIENTED_EDGE ( 'NONE', *, *, #3888, .F. ) ;
#1009 = CARTESIAN_POINT ( 'NONE',  ( -0.07615634703712544085, 1.348031496062992440, 0.7059311008044459879 ) ) ;
#1010 = ORIENTED_EDGE ( 'NONE', *, *, #3024, .F. ) ;
#1012 = EDGE_CURVE ( 'NONE', #3090, #498, #4271, .T. ) ;
#1011 = FACE_OUTER_BOUND ( 'NONE', #8428, .T. ) ;
#1013 = DIRECTION ( 'NONE',  ( -0.000000000000000000, 1.000000000000000000, 0.000000000000000000 ) ) ;
#1014 = ORIENTED_EDGE ( 'NONE', *, *, #3055, .T. ) ;
#1015 = LINE ( 'NONE', #4952, #2689 ) ;
#1016 = ADVANCED_FACE ( 'NONE', ( #3840 ), #1277, .F. ) ;
#1017 = CIRCLE ( 'NONE', #5970, 0.08070866141732313537 ) ;
#1018 = AXIS2_PLACEMENT_3D ( 'NONE', #6750, #6, #2002 ) ;
#1019 = EDGE_LOOP ( 'NONE', ( #7612, #5711, #550, #7054 ) ) ;
#1020 = AXIS2_PLACEMENT_3D ( 'NONE', #7152, #1250, #400 ) ;
#1021 = CARTESIAN_POINT ( 'NONE',  ( -0.3532317543231789370, 1.200787401574803237, 2.490757652216871953 ) ) ;
#1022 = AXIS2_PLACEMENT_3D ( 'NONE', #6468, #5177, #1102 ) ;
#1023 = AXIS2_PLACEMENT_3D ( 'NONE', #2902, #5025, #1623 ) ;
#1024 = LINE ( 'NONE', #356, #6541 ) ;
#1025 = FACE_BOUND ( 'NONE', #3656, .T. ) ;
#1026 = FACE_OUTER_BOUND ( 'NONE', #2339, .T. ) ;
#1027 = ORIENTED_EDGE ( 'NONE', *, *, #3067, .F. ) ;
#1028 = CARTESIAN_POINT ( 'NONE',  ( -0.9195677519107500197, 1.377952755905512028, 0.3499658142157893170 ) ) ;
#1029 = EDGE_LOOP ( 'NONE', ( #2370, #1086, #5469, #6488 ) ) ;
#1030 = DIRECTION ( 'NONE',  ( 0.000000000000000000, 1.000000000000000000, 0.000000000000000000 ) ) ;
#1031 = AXIS2_PLACEMENT_3D ( 'NONE', #3942, #8750, #7277 ) ;
#1032 = VECTOR ( 'NONE', #5842, 39.37007874015748143 ) ;
#1033 = AXIS2_PLACEMENT_3D ( 'NONE', #6013, #3958, #7427 ) ;
#1034 = CARTESIAN_POINT ( 'NONE',  ( 1.404288566597198473, 1.200787401574803237, 2.515540798843281856 ) ) ;
#1035 = CARTESIAN_POINT ( 'NONE',  ( 1.063333683217495995, 1.082677165354330784, 2.318690405142497912 ) ) ;
#1036 = AXIS2_PLACEMENT_3D ( 'NONE', #1240, #4777, #3932 ) ;
#1037 = ORIENTED_EDGE ( 'NONE', *, *, #3335, .T. ) ;
#1038 = EDGE_CURVE ( 'NONE', #2263, #4417, #1312, .T. ) ;
#1039 = AXIS2_PLACEMENT_3D ( 'NONE', #2293, #2956, #5666 ) ;
#1040 = CYLINDRICAL_SURFACE ( 'NONE', #2286, 0.1161417322834645549 ) ;
#1041 = AXIS2_PLACEMENT_3D ( 'NONE', #5028, #4937, #4897 ) ;
#1042 = CIRCLE ( 'NONE', #2033, 0.08070866141732269128 ) ;
#1043 = PLANE ( 'NONE',  #7066 ) ;
#1044 = ORIENTED_EDGE ( 'NONE', *, *, #4993, .F. ) ;
#1045 = DIRECTION ( 'NONE',  ( 0.000000000000000000, 1.000000000000000000, 0.000000000000000000 ) ) ;
#1046 = VERTEX_POINT ( 'NONE', #7176 ) ;
#1047 = CARTESIAN_POINT ( 'NONE',  ( -0.4059776583450451226, 1.200787401574803237, 3.288809151259737718 ) ) ;
#1048 = CIRCLE ( 'NONE', #6003, 0.08070866141732309373 ) ;
#1049 = AXIS2_PLACEMENT_3D ( 'NONE', #6579, #7153, #8622 ) ;
#1050 = CARTESIAN_POINT ( 'NONE',  ( 0.8664832895167117188, 1.200787401574803237, 2.740353949939523304 ) ) ;
#1051 = LINE ( 'NONE', #4495, #1263 ) ;
#1052 = EDGE_LOOP ( 'NONE', ( #6902, #6460, #2771, #2722, #7313, #3616 ) ) ;
#1053 = AXIS2_PLACEMENT_3D ( 'NONE', #7085, #4289, #8435 ) ;
#1054 = VECTOR ( 'NONE', #7353, 39.37007874015748143 ) ;
#1055 = ORIENTED_EDGE ( 'NONE', *, *, #8631, .T. ) ;
#1056 = VERTEX_POINT ( 'NONE', #1103 ) ;
#1057 = LINE ( 'NONE', #4323, #1991 ) ;
#1058 = DIRECTION ( 'NONE',  ( -0.000000000000000000, -1.000000000000000000, -0.000000000000000000 ) ) ;
#1059 = DIRECTION ( 'NONE',  ( 0.000000000000000000, -1.000000000000000000, 0.000000000000000000 ) ) ;
#1060 = EDGE_LOOP ( 'NONE', ( #2935, #7232, #5107, #2576 ) ) ;
#1061 = EDGE_CURVE ( 'NONE', #7186, #2714, #2518, .T. ) ;
#1062 = AXIS2_PLACEMENT_3D ( 'NONE', #7748, #3629, #341 ) ;
#1063 = FACE_OUTER_BOUND ( 'NONE', #6627, .T. ) ;
#1064 = ORIENTED_EDGE ( 'NONE', *, *, #2710, .T. ) ;
#1065 = PLANE ( 'NONE',  #8690 ) ;
#1066 = CARTESIAN_POINT ( 'NONE',  ( 4.547192918905144765, 0.2952755905511817991, -0.5038381027870499906 ) ) ;
#1067 = ORIENTED_EDGE ( 'NONE', *, *, #6170, .T. ) ;
#1068 = EDGE_CURVE ( 'NONE', #1551, #1641, #6557, .T. ) ;
#1069 = CARTESIAN_POINT ( 'NONE',  ( 0.7642875483748718946, 1.200787401574803237, -0.4763968065778187988 ) ) ;
#1070 = EDGE_LOOP ( 'NONE', ( #7751, #4042, #3373, #5671, #4436, #5401, #5678, #2676, #1229, #8746, #3205, #264, #5428, #6094, #6459, #1510 ) ) ;
#1071 = DIRECTION ( 'NONE',  ( 0.9849106049563591814, 0.000000000000000000, -0.1730638617519519862 ) ) ;
#1072 = ADVANCED_FACE ( 'NONE', ( #483 ), #5892, .F. ) ;
#1073 = EDGE_CURVE ( 'NONE', #1243, #7171, #7397, .T. ) ;
#1074 = FACE_OUTER_BOUND ( 'NONE', #942, .T. ) ;
#1075 = CARTESIAN_POINT ( 'NONE',  ( -0.01227687094347677463, 1.082677165354330784, 2.606899384500333205 ) ) ;
#1076 = CARTESIAN_POINT ( 'NONE',  ( -3.630289821600600320, -3.739856329679275948, -3.534827396964055790 ) ) ;
#1077 = ORIENTED_EDGE ( 'NONE', *, *, #2367, .F. ) ;
#1078 = CARTESIAN_POINT ( 'NONE',  ( 1.514766852764445559, 1.200787401574803237, -0.5764102631520350295 ) ) ;
#1079 = EDGE_LOOP ( 'NONE', ( #2798, #7789, #338, #7451 ) ) ;
#1080 = CARTESIAN_POINT ( 'NONE',  ( 1.797989353998767026, 1.082677165354330784, 1.752922370666554208 ) ) ;
#1081 = FACE_OUTER_BOUND ( 'NONE', #1506, .T. ) ;
#1082 = DIRECTION ( 'NONE',  ( -0.000000000000000000, 1.000000000000000000, -0.000000000000000000 ) ) ;
#1083 = ORIENTED_EDGE ( 'NONE', *, *, #8322, .F. ) ;
#1084 = DIRECTION ( 'NONE',  ( 0.000000000000000000, 0.000000000000000000, 1.000000000000000000 ) ) ;
#1085 = DIRECTION ( 'NONE',  ( 0.000000000000000000, -1.000000000000000000, 0.000000000000000000 ) ) ;
#1086 = ORIENTED_EDGE ( 'NONE', *, *, #34, .F. ) ;
#1087 = DIRECTION ( 'NONE',  ( -0.000000000000000000, -1.000000000000000000, -0.000000000000000000 ) ) ;
#1088 = ORIENTED_EDGE ( 'NONE', *, *, #2012, .T. ) ;
#1089 = DIRECTION ( 'NONE',  ( 0.000000000000000000, -0.000000000000000000, -1.000000000000000000 ) ) ;
#1090 = CARTESIAN_POINT ( 'NONE',  ( 1.601138960297982639, 1.082677165354330784, 2.255294576880902735 ) ) ;
#1091 = CARTESIAN_POINT ( 'NONE',  ( 1.683208289326935780, 0.000000000000000000, 0.2715455639175267111 ) ) ;
#1092 = ORIENTED_EDGE ( 'NONE', *, *, #8493, .F. ) ;
#1093 = ORIENTED_EDGE ( 'NONE', *, *, #7025, .T. ) ;
#1094 = VERTEX_POINT ( 'NONE', #698 ) ;
#1095 = EDGE_CURVE ( 'NONE', #7425, #2077, #4842, .T. ) ;
#1096 = DIRECTION ( 'NONE',  ( 0.9849106049563591814, 0.000000000000000000, -0.1730638617519519307 ) ) ;
#1097 = LINE ( 'NONE', #6012, #7983 ) ;
#1098 = FACE_OUTER_BOUND ( 'NONE', #6404, .T. ) ;
#1099 = VERTEX_POINT ( 'NONE', #2161 ) ;
#1100 = CYLINDRICAL_SURFACE ( 'NONE', #6946, 0.08070866141732313537 ) ;
#1101 = EDGE_LOOP ( 'NONE', ( #4238, #1401, #7534, #5573, #529, #553, #5725, #7881 ) ) ;
#1102 = DIRECTION ( 'NONE',  ( 0.000000000000000000, 0.000000000000000000, -1.000000000000000000 ) ) ;
#1103 = CARTESIAN_POINT ( 'NONE',  ( 3.522982030168329004, 1.082677165354330784, -1.341149641262840086 ) ) ;
#1104 = DIRECTION ( 'NONE',  ( 0.000000000000000000, -1.000000000000000000, 0.000000000000000000 ) ) ;
#1105 = VERTEX_POINT ( 'NONE', #7390 ) ;
#1106 = CYLINDRICAL_SURFACE ( 'NONE', #2407, 0.08070866141732296883 ) ;
#1107 = ORIENTED_EDGE ( 'NONE', *, *, #6396, .T. ) ;
#1108 = ADVANCED_FACE ( 'NONE', ( #2032 ), #3403, .F. ) ;
#1109 = ADVANCED_FACE ( 'NONE', ( #2783 ), #6066, .F. ) ;
#1110 = CARTESIAN_POINT ( 'NONE',  ( -0.7870128868562318303, 0.000000000000000000, 4.887082620901813890 ) ) ;
#1111 = EDGE_LOOP ( 'NONE', ( #3200, #267, #3623, #962 ) ) ;
#1112 = ADVANCED_FACE ( 'NONE', ( #3454 ), #4190, .T. ) ;
#1113 = DIRECTION ( 'NONE',  ( 0.000000000000000000, 0.000000000000000000, 1.000000000000000000 ) ) ;
#1114 = FACE_BOUND ( 'NONE', #4228, .T. ) ;
#1115 = VERTEX_POINT ( 'NONE', #6110 ) ;
#1116 = DIRECTION ( 'NONE',  ( -0.000000000000000000, -1.000000000000000000, -0.000000000000000000 ) ) ;
#1117 = AXIS2_PLACEMENT_3D ( 'NONE', #8347, #1603, #2259 ) ;
#1118 = ORIENTED_EDGE ( 'NONE', *, *, #5245, .F. ) ;
#1119 = EDGE_CURVE ( 'NONE', #182, #5890, #4815, .T. ) ;
#1120 = DIRECTION ( 'NONE',  ( 0.000000000000000000, -1.000000000000000000, 0.000000000000000000 ) ) ;
#1121 = DIRECTION ( 'NONE',  ( 0.000000000000000000, 0.000000000000000000, -1.000000000000000000 ) ) ;
#1122 = ORIENTED_EDGE ( 'NONE', *, *, #8176, .F. ) ;
#1123 = VECTOR ( 'NONE', #1135, 39.37007874015748143 ) ;
#1124 = EDGE_CURVE ( 'NONE', #5536, #3649, #5393, .T. ) ;
#1125 = CARTESIAN_POINT ( 'NONE',  ( 4.547192918905144765, 0.8858267716535439540, -0.5038381027870499906 ) ) ;
#1126 = CARTESIAN_POINT ( 'NONE',  ( 1.991441122700779331, 0.8464566929133860995, 5.140295023342549285 ) ) ;
#1127 = DIRECTION ( 'NONE',  ( 0.000000000000000000, -1.000000000000000000, 0.000000000000000000 ) ) ;
#1128 = ADVANCED_FACE ( 'NONE', ( #2076 ), #4734, .T. ) ;
#1129 = ORIENTED_EDGE ( 'NONE', *, *, #2495, .F. ) ;
#1130 = CARTESIAN_POINT ( 'NONE',  ( 0.7479771382178542760, 1.141732283464567121, 0.09567912277533958954 ) ) ;
#1131 = ORIENTED_EDGE ( 'NONE', *, *, #5016, .T. ) ;
#1132 = CIRCLE ( 'NONE', #4367, 0.08070866141732323251 ) ;
#1133 = DIRECTION ( 'NONE',  ( 0.000000000000000000, 0.000000000000000000, -1.000000000000000000 ) ) ;
#1134 = DIRECTION ( 'NONE',  ( 0.000000000000000000, 0.000000000000000000, -1.000000000000000000 ) ) ;
#1135 = DIRECTION ( 'NONE',  ( -0.000000000000000000, -1.000000000000000000, -0.000000000000000000 ) ) ;
#1136 = AXIS2_PLACEMENT_3D ( 'NONE', #1503, #4776, #6241 ) ;
#1137 = ORIENTED_EDGE ( 'NONE', *, *, #7841, .F. ) ;
#1138 = ORIENTED_EDGE ( 'NONE', *, *, #4306, .T. ) ;
#1139 = ORIENTED_EDGE ( 'NONE', *, *, #3930, .T. ) ;
#1140 = LINE ( 'NONE', #8639, #7800 ) ;
#1141 = DIRECTION ( 'NONE',  ( 0.000000000000000000, 0.000000000000000000, -1.000000000000000000 ) ) ;
#1142 = ORIENTED_EDGE ( 'NONE', *, *, #7937, .F. ) ;
#1143 = EDGE_CURVE ( 'NONE', #182, #8587, #5628, .T. ) ;
#1144 = DIRECTION ( 'NONE',  ( 0.000000000000000000, -0.000000000000000000, -1.000000000000000000 ) ) ;
#1145 = ORIENTED_EDGE ( 'NONE', *, *, #3612, .T. ) ;
#1146 = DIRECTION ( 'NONE',  ( 0.000000000000000000, -1.000000000000000000, 0.000000000000000000 ) ) ;
#1147 = FACE_OUTER_BOUND ( 'NONE', #2331, .T. ) ;
#1148 = DIRECTION ( 'NONE',  ( 0.4999999999999918954, 0.000000000000000000, -0.8660254037844431485 ) ) ;
#1149 = ORIENTED_EDGE ( 'NONE', *, *, #4522, .T. ) ;
#1150 = AXIS2_PLACEMENT_3D ( 'NONE', #1385, #7502, #5 ) ;
#1151 = DIRECTION ( 'NONE',  ( 0.000000000000000000, 0.000000000000000000, -1.000000000000000000 ) ) ;
#1152 = ORIENTED_EDGE ( 'NONE', *, *, #6779, .T. ) ;
#1153 = LINE ( 'NONE', #3192, #7847 ) ;
#1154 = VECTOR ( 'NONE', #1193, 39.37007874015748143 ) ;
#1155 = CARTESIAN_POINT ( 'NONE',  ( 0.2373194267791739476, 1.200787401574803237, 1.387184340660442716 ) ) ;
#1156 = FACE_BOUND ( 'NONE', #7099, .T. ) ;
#1157 = EDGE_LOOP ( 'NONE', ( #5489, #1230 ) ) ;
#1158 = CARTESIAN_POINT ( 'NONE',  ( -0.4318683767845830634, 1.141732283464567121, 0.2814988661385020019 ) ) ;
#1159 = ORIENTED_EDGE ( 'NONE', *, *, #6113, .F. ) ;
#1160 = CARTESIAN_POINT ( 'NONE',  ( 2.958219845190298347, 0.6791338582677166613, 5.572084368912591401 ) ) ;
#1161 = CARTESIAN_POINT ( 'NONE',  ( 1.207438172896414086, 1.200787401574803237, 2.856495682222984112 ) ) ;
#1162 = ORIENTED_EDGE ( 'NONE', *, *, #4146, .T. ) ;
#1163 = AXIS2_PLACEMENT_3D ( 'NONE', #5009, #8479, #1513 ) ;
#1164 = AXIS2_PLACEMENT_3D ( 'NONE', #1125, #4618, #4528 ) ;
#1165 = VECTOR ( 'NONE', #7598, 39.37007874015748854 ) ;
#1166 = ADVANCED_FACE ( 'NONE', ( #7442 ), #4152, .F. ) ;
#1167 = DIRECTION ( 'NONE',  ( -0.9872673851727531424, 0.000000000000000000, -0.1590695136541082633 ) ) ;
#1168 = ADVANCED_FACE ( 'NONE', ( #1453 ), #1326, .T. ) ;
#1169 = PLANE ( 'NONE',  #6643 ) ;
#1170 = DIRECTION ( 'NONE',  ( 0.8660254037844407060, -0.000000000000000000, 0.4999999999999965583 ) ) ;
#1171 = ORIENTED_EDGE ( 'NONE', *, *, #7042, .T. ) ;
#1172 = DIRECTION ( 'NONE',  ( -0.000000000000000000, -1.000000000000000000, -0.000000000000000000 ) ) ;
#1173 = AXIS2_PLACEMENT_3D ( 'NONE', #2517, #8471, #5891 ) ;
#1174 = VECTOR ( 'NONE', #3651, 39.37007874015748854 ) ;
#1175 = ORIENTED_EDGE ( 'NONE', *, *, #563, .T. ) ;
#1176 = EDGE_CURVE ( 'NONE', #6167, #2918, #817, .T. ) ;
#1177 = CARTESIAN_POINT ( 'NONE',  ( -1.519480636329919365, 0.000000000000000000, 4.070859342776715017 ) ) ;
#1178 = VERTEX_POINT ( 'NONE', #6161 ) ;
#1179 = DIRECTION ( 'NONE',  ( 0.000000000000000000, -1.000000000000000000, 0.000000000000000000 ) ) ;
#1180 = AXIS2_PLACEMENT_3D ( 'NONE', #3351, #5434, #2068 ) ;
#1181 = CIRCLE ( 'NONE', #5560, 0.08070866141732323251 ) ;
#1182 = VECTOR ( 'NONE', #4666, 39.37007874015748143 ) ;
#1183 = CIRCLE ( 'NONE', #1888, 0.08070866141732255250 ) ;
#1184 = EDGE_CURVE ( 'NONE', #1719, #8102, #7329, .T. ) ;
#1185 = DIRECTION ( 'NONE',  ( -0.4999999999999918954, 0.000000000000000000, 0.8660254037844431485 ) ) ;
#1186 = ORIENTED_EDGE ( 'NONE', *, *, #4578, .F. ) ;
#1187 = ORIENTED_EDGE ( 'NONE', *, *, #1215, .F. ) ;
#1188 = VERTEX_POINT ( 'NONE', #1983 ) ;
#1189 = PLANE ( 'NONE',  #3118 ) ;
#1190 = AXIS2_PLACEMENT_3D ( 'NONE', #6754, #8006, #3206 ) ;
#1191 =( GEOMETRIC_REPRESENTATION_CONTEXT ( 3 ) GLOBAL_UNCERTAINTY_ASSIGNED_CONTEXT ( ( #2524 ) ) GLOBAL_UNIT_ASSIGNED_CONTEXT ( ( #5724, #3601, #3231 ) ) REPRESENTATION_CONTEXT ( 'NONE', 'WORKASPACE' ) );
#1192 = CIRCLE ( 'NONE', #1750, 0.08070866141732269128 ) ;
#1193 = DIRECTION ( 'NONE',  ( 0.7664256734729302245, 0.000000000000000000, -0.6423330032324084948 ) ) ;
#1194 = ADVANCED_FACE ( 'NONE', ( #76 ), #6774, .T. ) ;
#1195 = VECTOR ( 'NONE', #5719, 39.37007874015748143 ) ;
#1196 = CARTESIAN_POINT ( 'NONE',  ( 0.9719750975604446452, 1.082677165354330784, 0.9021249676018227026 ) ) ;
#1197 = CARTESIAN_POINT ( 'NONE',  ( 1.063333683217495995, 1.200787401574803237, 2.399399066559821048 ) ) ;
#1198 = CYLINDRICAL_SURFACE ( 'NONE', #3996, 0.06496062992125979652 ) ;
#1199 = VERTEX_POINT ( 'NONE', #8739 ) ;
#1200 = ORIENTED_EDGE ( 'NONE', *, *, #654, .T. ) ;
#1201 = EDGE_CURVE ( 'NONE', #5757, #2694, #6063, .T. ) ;
#1202 = CIRCLE ( 'NONE', #2476, 0.08070866141732269128 ) ;
#1203 = DIRECTION ( 'NONE',  ( 0.000000000000000000, -1.000000000000000000, 0.000000000000000000 ) ) ;
#1204 = PRODUCT_DEFINITION_CONTEXT ( 'detailed design', #756, 'design' ) ;
#1205 = CARTESIAN_POINT ( 'NONE',  ( -0.1036354566005281558, 1.200787401574803237, 1.109625285542335416 ) ) ;
#1206 = FACE_BOUND ( 'NONE', #3177, .T. ) ;
#1207 = ORIENTED_EDGE ( 'NONE', *, *, #2105, .T. ) ;
#1208 = VERTEX_POINT ( 'NONE', #607 ) ;
#1209 = FACE_BOUND ( 'NONE', #530, .T. ) ;
#1210 = ORIENTED_EDGE ( 'NONE', *, *, #7845, .F. ) ;
#1211 = EDGE_CURVE ( 'NONE', #845, #3551, #8109, .T. ) ;
#1212 = CARTESIAN_POINT ( 'NONE',  ( 4.345056699702047887, 15.67005943375638211, -1.654200194118728762 ) ) ;
#1213 = CARTESIAN_POINT ( 'NONE',  ( -0.06502277496534306089, 1.200787401574803237, 3.485659544960522105 ) ) ;
#1214 = ORIENTED_EDGE ( 'NONE', *, *, #3175, .F. ) ;
#1215 = EDGE_CURVE ( 'NONE', #2491, #7077, #3507, .T. ) ;
#1216 = CARTESIAN_POINT ( 'NONE',  ( 0.6168869917940612568, 1.082677165354330784, 3.960068993779413571 ) ) ;
#1217 = FACE_OUTER_BOUND ( 'NONE', #2672, .T. ) ;
#1218 = DIRECTION ( 'NONE',  ( 0.000000000000000000, -1.000000000000000000, 0.000000000000000000 ) ) ;
#1219 = VERTEX_POINT ( 'NONE', #2690 ) ;
#1220 = CARTESIAN_POINT ( 'NONE',  ( 3.051181102362205966, 1.200787401574803237, -0.1117152479293870848 ) ) ;
#1221 = ORIENTED_EDGE ( 'NONE', *, *, #4170, .F. ) ;
#1222 = EDGE_CURVE ( 'NONE', #830, #512, #6064, .T. ) ;
#1223 = LINE ( 'NONE', #7293, #464 ) ;
#1224 = ORIENTED_EDGE ( 'NONE', *, *, #5589, .T. ) ;
#1225 = LINE ( 'NONE', #6624, #6158 ) ;
#1226 = EDGE_CURVE ( 'NONE', #302, #8638, #1949, .T. ) ;
#1227 = EDGE_CURVE ( 'NONE', #2501, #5583, #7618, .T. ) ;
#1228 = DIRECTION ( 'NONE',  ( -0.8660254037844431485, 0.000000000000000000, -0.4999999999999919509 ) ) ;
#1229 = ORIENTED_EDGE ( 'NONE', *, *, #2386, .F. ) ;
#1230 = ORIENTED_EDGE ( 'NONE', *, *, #1143, .T. ) ;
#1231 = VERTEX_POINT ( 'NONE', #8061 ) ;
#1232 = DIRECTION ( 'NONE',  ( 0.000000000000000000, -1.000000000000000000, 0.000000000000000000 ) ) ;
#1233 = DIRECTION ( 'NONE',  ( -0.8660254037844431485, 0.000000000000000000, -0.4999999999999918954 ) ) ;
#1234 = EDGE_CURVE ( 'NONE', #2478, #8292, #1981, .T. ) ;
#1235 = DIRECTION ( 'NONE',  ( 0.000000000000000000, 0.000000000000000000, -1.000000000000000000 ) ) ;
#1236 = DIRECTION ( 'NONE',  ( 0.000000000000000000, -0.000000000000000000, -1.000000000000000000 ) ) ;
#1237 = PLANE ( 'NONE',  #6970 ) ;
#1238 = ORIENTED_EDGE ( 'NONE', *, *, #6157, .T. ) ;
#1239 = CARTESIAN_POINT ( 'NONE',  ( 1.207438172896414086, 1.200787401574803237, 2.856495682222984112 ) ) ;
#1240 = CARTESIAN_POINT ( 'NONE',  ( 4.729873388497356501, 0.6791338582677166613, 2.503490418495272429 ) ) ;
#1241 = CARTESIAN_POINT ( 'NONE',  ( 3.408855767344100673, 1.102362204724409489, 5.264001000908434591 ) ) ;
#1242 = ORIENTED_EDGE ( 'NONE', *, *, #6590, .F. ) ;
#1243 = VERTEX_POINT ( 'NONE', #3926 ) ;
#1244 = VECTOR ( 'NONE', #8782, 39.37007874015748854 ) ;
#1245 = CYLINDRICAL_SURFACE ( 'NONE', #2854, 0.08070866141732378762 ) ;
#1246 = FACE_BOUND ( 'NONE', #2767, .T. ) ;
#1247 = ORIENTED_EDGE ( 'NONE', *, *, #3930, .F. ) ;
#1248 = DIRECTION ( 'NONE',  ( 0.000000000000000000, 0.000000000000000000, 1.000000000000000000 ) ) ;
#1249 = ORIENTED_EDGE ( 'NONE', *, *, #886, .F. ) ;
#1250 = DIRECTION ( 'NONE',  ( 0.000000000000000000, -1.000000000000000000, 0.000000000000000000 ) ) ;
#1251 = LINE ( 'NONE', #7415, #6853 ) ;
#1252 = VERTEX_POINT ( 'NONE', #7387 ) ;
#1253 = EDGE_CURVE ( 'NONE', #6426, #1553, #3401, .T. ) ;
#1254 = CARTESIAN_POINT ( 'NONE',  ( 4.690503309757199091, 0.6791338582677166613, 2.571681395171212525 ) ) ;
#1255 = LINE ( 'NONE', #7421, #8068 ) ;
#1256 = CARTESIAN_POINT ( 'NONE',  ( 4.282843792717461184, 1.181102362204724532, 3.427374690085645437 ) ) ;
#1257 = VERTEX_POINT ( 'NONE', #4022 ) ;
#1258 = CARTESIAN_POINT ( 'NONE',  ( -0.2476944803771024828, 1.200787401574803237, 1.539794628935630127 ) ) ;
#1259 = ORIENTED_EDGE ( 'NONE', *, *, #6955, .F. ) ;
#1260 = FACE_OUTER_BOUND ( 'NONE', #59, .T. ) ;
#1261 = FACE_OUTER_BOUND ( 'NONE', #1101, .T. ) ;
#1262 = ORIENTED_EDGE ( 'NONE', *, *, #2236, .F. ) ;
#1263 = VECTOR ( 'NONE', #333, 39.37007874015748143 ) ;
#1264 = DIRECTION ( 'NONE',  ( 0.000000000000000000, -1.000000000000000000, 0.000000000000000000 ) ) ;
#1265 = DIRECTION ( 'NONE',  ( -0.000000000000000000, -1.000000000000000000, -0.000000000000000000 ) ) ;
#1266 = ORIENTED_EDGE ( 'NONE', *, *, #7350, .F. ) ;
#1267 = CIRCLE ( 'NONE', #268, 0.06496062992125979652 ) ;
#1268 = ORIENTED_EDGE ( 'NONE', *, *, #6105, .F. ) ;
#1269 = EDGE_CURVE ( 'NONE', #3533, #5583, #7344, .T. ) ;
#1270 = VERTEX_POINT ( 'NONE', #5973 ) ;
#1271 = DIRECTION ( 'NONE',  ( 0.000000000000000000, 0.000000000000000000, -1.000000000000000000 ) ) ;
#1272 = DIRECTION ( 'NONE',  ( 0.000000000000000000, 0.000000000000000000, -1.000000000000000000 ) ) ;
#1273 = ADVANCED_FACE ( 'NONE', ( #6729 ), #5311, .F. ) ;
#1274 = VECTOR ( 'NONE', #5241, 39.37007874015748143 ) ;
#1275 = CARTESIAN_POINT ( 'NONE',  ( 0.2759321084143591118, 1.200787401574803237, 3.601801277243982025 ) ) ;
#1276 = CARTESIAN_POINT ( 'NONE',  ( 1.867637783721611822, 1.200787401574803237, 0.2013137986985170103 ) ) ;
#1277 = CYLINDRICAL_SURFACE ( 'NONE', #5129, 0.08070866141732269128 ) ;
#1278 = ADVANCED_FACE ( 'NONE', ( #2074 ), #7440, .T. ) ;
#1279 = ORIENTED_EDGE ( 'NONE', *, *, #3494, .T. ) ;
#1280 = LINE ( 'NONE', #521, #1980 ) ;
#1281 = LINE ( 'NONE', #4028, #606 ) ;
#1282 = EDGE_CURVE ( 'NONE', #7528, #5061, #680, .T. ) ;
#1283 = DIRECTION ( 'NONE',  ( -0.000000000000000000, 1.000000000000000000, 0.000000000000000000 ) ) ;
#1284 = EDGE_CURVE ( 'NONE', #3478, #6289, #5442, .T. ) ;
#1285 = ORIENTED_EDGE ( 'NONE', *, *, #5770, .F. ) ;
#1286 = AXIS2_PLACEMENT_3D ( 'NONE', #3083, #2945, #2283 ) ;
#1287 = CARTESIAN_POINT ( 'NONE',  ( 1.801055418063914670, 1.200787401574803237, -0.4635869899803467531 ) ) ;
#1288 = EDGE_CURVE ( 'NONE', #6034, #4218, #7481, .T. ) ;
#1289 = FACE_BOUND ( 'NONE', #4346, .T. ) ;
#1290 = ORIENTED_EDGE ( 'NONE', *, *, #6899, .F. ) ;
#1291 = CARTESIAN_POINT ( 'NONE',  ( 2.966043853488609994, 0.000000000000000000, 1.621524915005261969 ) ) ;
#1292 = VERTEX_POINT ( 'NONE', #3217 ) ;
#1293 = CARTESIAN_POINT ( 'NONE',  ( 0.3814239164580918162, 1.200787401574803237, 1.924989617740929360 ) ) ;
#1294 = DIRECTION ( 'NONE',  ( 0.000000000000000000, 0.000000000000000000, -1.000000000000000000 ) ) ;
#1295 = AXIS2_PLACEMENT_3D ( 'NONE', #8334, #5662, #3419 ) ;
#1296 = EDGE_LOOP ( 'NONE', ( #7779, #1996, #4713, #1347 ) ) ;
#1297 = DIRECTION ( 'NONE',  ( 0.000000000000000000, 0.000000000000000000, -1.000000000000000000 ) ) ;
#1298 = DIRECTION ( 'NONE',  ( 0.000000000000000000, -1.000000000000000000, 0.000000000000000000 ) ) ;
#1299 = DIRECTION ( 'NONE',  ( 0.000000000000000000, 0.000000000000000000, -1.000000000000000000 ) ) ;
#1300 = ORIENTED_EDGE ( 'NONE', *, *, #8599, .T. ) ;
#1301 = FACE_OUTER_BOUND ( 'NONE', #7237, .T. ) ;
#1302 = ORIENTED_EDGE ( 'NONE', *, *, #6320, .T. ) ;
#1303 = AXIS2_PLACEMENT_3D ( 'NONE', #7006, #938, #1733 ) ;
#1304 = CIRCLE ( 'NONE', #4972, 0.08070866141732309373 ) ;
#1305 = CARTESIAN_POINT ( 'NONE',  ( 4.496879918304330204, 1.082677165354331672, -0.7901706008445642526 ) ) ;
#1306 = DIRECTION ( 'NONE',  ( -0.000000000000000000, -1.000000000000000000, -0.000000000000000000 ) ) ;
#1307 = EDGE_CURVE ( 'NONE', #8467, #6057, #5928, .T. ) ;
#1308 = VECTOR ( 'NONE', #7727, 39.37007874015748143 ) ;
#1309 = EDGE_LOOP ( 'NONE', ( #4664, #8485, #690, #1431 ) ) ;
#1310 = AXIS2_PLACEMENT_3D ( 'NONE', #1982, #7482, #3318 ) ;
#1311 = DIRECTION ( 'NONE',  ( -0.4999999999999918954, -1.084202172485504187E-16, 0.8660254037844431485 ) ) ;
#1312 = CIRCLE ( 'NONE', #6270, 0.08070866141732269128 ) ;
#1313 = EDGE_LOOP ( 'NONE', ( #1784, #568, #7211, #7031 ) ) ;
#1314 = DIRECTION ( 'NONE',  ( 0.000000000000000000, 1.000000000000000000, -0.000000000000000000 ) ) ;
#1315 = ORIENTED_EDGE ( 'NONE', *, *, #3169, .F. ) ;
#1316 = VERTEX_POINT ( 'NONE', #5259 ) ;
#1317 = DIRECTION ( 'NONE',  ( -0.1590695136534932552, 0.000000000000000000, 0.9872673851728522854 ) ) ;
#1318 = CARTESIAN_POINT ( 'NONE',  ( 1.260184076918280160, 1.200787401574803237, 1.977735521762795656 ) ) ;
#1319 = AXIS2_PLACEMENT_3D ( 'NONE', #5585, #1013, #3716 ) ;
#1320 = CIRCLE ( 'NONE', #320, 0.08070866141732323251 ) ;
#1321 = VECTOR ( 'NONE', #2228, 39.37007874015748854 ) ;
#1322 = AXIS2_PLACEMENT_3D ( 'NONE', #2563, #1987, #3977 ) ;
#1323 = DIRECTION ( 'NONE',  ( -0.000000000000000000, -1.000000000000000000, -0.000000000000000000 ) ) ;
#1324 = CIRCLE ( 'NONE', #2451, 0.08070866141732313537 ) ;
#1325 = CARTESIAN_POINT ( 'NONE',  ( 1.870078740157481434, 1.200787401574803237, 0.2819855394721875186 ) ) ;
#1326 = PLANE ( 'NONE',  #4205 ) ;
#1327 = CIRCLE ( 'NONE', #3456, 0.08070866141732313537 ) ;
#1328 = EDGE_LOOP ( 'NONE', ( #4427, #2020, #8265, #294 ) ) ;
#1329 = LINE ( 'NONE', #6734, #5661 ) ;
#1330 = CARTESIAN_POINT ( 'NONE',  ( -7.698610479468201540, 0.2952755905511817991, 1.647936906754626785 ) ) ;
#1331 = ADVANCED_FACE ( 'NONE', ( #6679 ), #7976, .F. ) ;
#1332 = CARTESIAN_POINT ( 'NONE',  ( -0.01419902979620381832, 1.141732283464567121, 0.7798579866315596965 ) ) ;
#1333 = VECTOR ( 'NONE', #6048, 39.37007874015748143 ) ;
#1334 = AXIS2_PLACEMENT_3D ( 'NONE', #4070, #6778, #1864 ) ;
#1335 = ORIENTED_EDGE ( 'NONE', *, *, #1282, .T. ) ;
#1336 = ADVANCED_FACE ( 'NONE', ( #6938 ), #6813, .T. ) ;
#1337 = CARTESIAN_POINT ( 'NONE',  ( 0.3814239164580918162, 1.200787401574803237, 2.005698279158252273 ) ) ;
#1338 = CARTESIAN_POINT ( 'NONE',  ( 2.061113004874203902, 1.082677165354330784, -2.531420824340850917 ) ) ;
#1339 = ORIENTED_EDGE ( 'NONE', *, *, #3399, .F. ) ;
#1340 = DIRECTION ( 'NONE',  ( 0.000000000000000000, -1.000000000000000000, 0.000000000000000000 ) ) ;
#1341 = VECTOR ( 'NONE', #8331, 39.37007874015748854 ) ;
#1342 = ORIENTED_EDGE ( 'NONE', *, *, #2953, .T. ) ;
#1343 = DIRECTION ( 'NONE',  ( -0.000000000000000000, -1.000000000000000000, -0.000000000000000000 ) ) ;
#1344 = CARTESIAN_POINT ( 'NONE',  ( -1.179246010761500818, 1.082677165354330784, 1.478542926317494288 ) ) ;
#1345 = EDGE_CURVE ( 'NONE', #3732, #1843, #4150, .T. ) ;
#1346 = EDGE_CURVE ( 'NONE', #4702, #367, #2368, .T. ) ;
#1347 = ORIENTED_EDGE ( 'NONE', *, *, #2176, .F. ) ;
#1348 = CIRCLE ( 'NONE', #1771, 0.1771653543307087908 ) ;
#1349 = FACE_OUTER_BOUND ( 'NONE', #2952, .T. ) ;
#1350 = CARTESIAN_POINT ( 'NONE',  ( -0.01227687094347677463, 1.082677165354330784, 2.526190723083010070 ) ) ;
#1351 = DIRECTION ( 'NONE',  ( 0.000000000000000000, 0.000000000000000000, -1.000000000000000000 ) ) ;
#1352 = DIRECTION ( 'NONE',  ( 0.000000000000000000, 0.000000000000000000, -1.000000000000000000 ) ) ;
#1353 = VERTEX_POINT ( 'NONE', #6898 ) ;
#1354 = CARTESIAN_POINT ( 'NONE',  ( 2.926673774748453472, 0.3937007874015752140, 1.689715891681201843 ) ) ;
#1355 = VERTEX_POINT ( 'NONE', #6194 ) ;
#1356 = CARTESIAN_POINT ( 'NONE',  ( -0.6941866377028810264, 1.200787401574803237, 2.132489935681441739 ) ) ;
#1357 = CARTESIAN_POINT ( 'NONE',  ( 0.6687706015894850919, 1.348031496062992440, 0.001170631271141378332 ) ) ;
#1358 = VERTEX_POINT ( 'NONE', #4981 ) ;
#1359 = DIRECTION ( 'NONE',  ( 0.8660254037844431485, -0.000000000000000000, 0.4999999999999918954 ) ) ;
#1360 = CARTESIAN_POINT ( 'NONE',  ( 0.3051181102362200415, 1.082677165354331672, -0.5284800692385434040 ) ) ;
#1361 = ORIENTED_EDGE ( 'NONE', *, *, #2029, .F. ) ;
#1362 = LINE ( 'NONE', #5846, #181 ) ;
#1363 = ORIENTED_EDGE ( 'NONE', *, *, #3806, .F. ) ;
#1364 = ORIENTED_EDGE ( 'NONE', *, *, #3979, .T. ) ;
#1365 = CARTESIAN_POINT ( 'NONE',  ( 0.1567045903883965141, 0.000000000000000000, -0.9713519407635484715 ) ) ;
#1366 = DIRECTION ( 'NONE',  ( -0.000000000000000000, -1.000000000000000000, -0.000000000000000000 ) ) ;
#1367 = CARTESIAN_POINT ( 'NONE',  ( 2.729251400526234494, 1.377952755905512028, 5.043472498007069760 ) ) ;
#1368 = ADVANCED_FACE ( 'NONE', ( #3572 ), #5482, .F. ) ;
#1369 = CARTESIAN_POINT ( 'NONE',  ( 0.2759321084143591118, 1.200787401574803237, 3.763218600078629628 ) ) ;
#1370 = CARTESIAN_POINT ( 'NONE',  ( 1.207438172896414086, 1.200787401574803237, 2.856495682222984112 ) ) ;
#1371 = ORIENTED_EDGE ( 'NONE', *, *, #7023, .F. ) ;
#1372 = FACE_OUTER_BOUND ( 'NONE', #6182, .T. ) ;
#1373 = DIRECTION ( 'NONE',  ( 0.000000000000000000, 0.000000000000000000, -1.000000000000000000 ) ) ;
#1374 = DIRECTION ( 'NONE',  ( -0.000000000000000000, -1.000000000000000000, -0.000000000000000000 ) ) ;
#1375 = EDGE_LOOP ( 'NONE', ( #8247, #1339, #860, #4035 ) ) ;
#1376 = PLANE ( 'NONE',  #4130 ) ;
#1377 = FACE_OUTER_BOUND ( 'NONE', #6231, .T. ) ;
#1378 = EDGE_CURVE ( 'NONE', #6719, #3236, #2905, .T. ) ;
#1379 = DIRECTION ( 'NONE',  ( 0.000000000000000000, -0.000000000000000000, -1.000000000000000000 ) ) ;
#1380 = VERTEX_POINT ( 'NONE', #5612 ) ;
#1381 = CARTESIAN_POINT ( 'NONE',  ( 2.670957612213677113, 1.082677165354331672, 1.542078096405614662 ) ) ;
#1382 = DIRECTION ( 'NONE',  ( 0.9849106049563591814, 0.000000000000000000, -0.1730638617519519862 ) ) ;
#1383 = ADVANCED_FACE ( 'NONE', ( #866 ), #1451, .F. ) ;
#1384 = ORIENTED_EDGE ( 'NONE', *, *, #1633, .F. ) ;
#1385 = CARTESIAN_POINT ( 'NONE',  ( -0.0007207492543572252986, 1.082677165354330784, 0.6427093485177919341 ) ) ;
#1386 = CARTESIAN_POINT ( 'NONE',  ( 0.6329382721209004803, 1.348031496062992440, 0.1116466293098953427 ) ) ;
#1387 = CARTESIAN_POINT ( 'NONE',  ( 0.09321493710025607893, 1.200787401574803237, 0.7686704021626332706 ) ) ;
#1388 = CARTESIAN_POINT ( 'NONE',  ( 2.498542739108915001, 0.3937007874015748254, 5.443071621328080312 ) ) ;
#1389 = ORIENTED_EDGE ( 'NONE', *, *, #3169, .T. ) ;
#1390 = DIRECTION ( 'NONE',  ( -0.000000000000000000, -1.000000000000000000, -0.000000000000000000 ) ) ;
#1391 = EDGE_CURVE ( 'NONE', #419, #8257, #8346, .T. ) ;
#1392 = VERTEX_POINT ( 'NONE', #8237 ) ;
#1393 = CARTESIAN_POINT ( 'NONE',  ( 0.6329382721209004803, 1.141732283464567121, 0.1116466293098953427 ) ) ;
#1394 = LINE ( 'NONE', #4092, #3449 ) ;
#1395 = EDGE_LOOP ( 'NONE', ( #1647, #7724, #1342, #7154, #4690 ) ) ;
#1396 = ADVANCED_FACE ( 'NONE', ( #2781 ), #8323, .T. ) ;
#1397 = EDGE_CURVE ( 'NONE', #7643, #4127, #920, .T. ) ;
#1398 = EDGE_CURVE ( 'NONE', #8785, #1046, #2539, .T. ) ;
#1399 = PLANE ( 'NONE',  #6303 ) ;
#1400 = DIRECTION ( 'NONE',  ( -0.000000000000000000, -1.000000000000000000, -0.000000000000000000 ) ) ;
#1401 = ORIENTED_EDGE ( 'NONE', *, *, #3328, .T. ) ;
#1402 = DIRECTION ( 'NONE',  ( 0.000000000000000000, -1.000000000000000000, 0.000000000000000000 ) ) ;
#1403 = VERTEX_POINT ( 'NONE', #1497 ) ;
#1404 = CARTESIAN_POINT ( 'NONE',  ( -0.9262958047319170829, 1.200787401574803237, 0.1938422488314968661 ) ) ;
#1405 = VECTOR ( 'NONE', #8180, 39.37007874015748143 ) ;
#1406 = DIRECTION ( 'NONE',  ( 0.000000000000000000, -1.000000000000000000, 0.000000000000000000 ) ) ;
#1407 = ADVANCED_FACE ( 'NONE', ( #8366 ), #6287, .F. ) ;
#1408 = AXIS2_PLACEMENT_3D ( 'NONE', #7027, #5117, #7834 ) ;
#1409 = DIRECTION ( 'NONE',  ( 0.000000000000000000, 0.000000000000000000, 1.000000000000000000 ) ) ;
#1410 = CARTESIAN_POINT ( 'NONE',  ( -0.9068336972875413737, 1.200787401574803237, 0.2721692199308546889 ) ) ;
#1411 = DIRECTION ( 'NONE',  ( 0.000000000000000000, -1.000000000000000000, 0.000000000000000000 ) ) ;
#1412 = EDGE_LOOP ( 'NONE', ( #785, #6394, #6321, #784 ) ) ;
#1413 = LINE ( 'NONE', #2785, #3255 ) ;
#1414 = DIRECTION ( 'NONE',  ( 0.000000000000000000, -1.000000000000000000, 0.000000000000000000 ) ) ;
#1415 = AXIS2_PLACEMENT_3D ( 'NONE', #7517, #1440, #2809 ) ;
#1416 = CARTESIAN_POINT ( 'NONE',  ( 1.312929980940146901, 1.082677165354330784, 1.018266699885284066 ) ) ;
#1417 = EDGE_CURVE ( 'NONE', #7757, #8470, #6785, .T. ) ;
#1418 = ORIENTED_EDGE ( 'NONE', *, *, #1554, .T. ) ;
#1419 = FACE_OUTER_BOUND ( 'NONE', #2633, .T. ) ;
#1420 = DIRECTION ( 'NONE',  ( -0.8660254037844431485, -0.000000000000000000, -0.4999999999999918954 ) ) ;
#1421 = CIRCLE ( 'NONE', #139, 0.08070866141732269128 ) ;
#1422 = PLANE ( 'NONE',  #7995 ) ;
#1423 = VERTEX_POINT ( 'NONE', #2940 ) ;
#1424 = DIRECTION ( 'NONE',  ( 0.1590695136534932552, 0.000000000000000000, -0.9872673851728522854 ) ) ;
#1425 = DIRECTION ( 'NONE',  ( 0.7754638790607774057, 0.000000000000000000, 0.6313919323779896287 ) ) ;
#1426 = ORIENTED_EDGE ( 'NONE', *, *, #4802, .T. ) ;
#1427 = VECTOR ( 'NONE', #8777, 39.37007874015748143 ) ;
#1428 = DIRECTION ( 'NONE',  ( 0.000000000000000000, -1.000000000000000000, 0.000000000000000000 ) ) ;
#1429 = DIRECTION ( 'NONE',  ( 0.000000000000000000, 0.000000000000000000, -1.000000000000000000 ) ) ;
#1430 = DIRECTION ( 'NONE',  ( -0.000000000000000000, -1.000000000000000000, -0.000000000000000000 ) ) ;
#1431 = ORIENTED_EDGE ( 'NONE', *, *, #5515, .T. ) ;
#1432 = LINE ( 'NONE', #4794, #8561 ) ;
#1433 = EDGE_LOOP ( 'NONE', ( #4480, #6138 ) ) ;
#1434 = AXIS2_PLACEMENT_3D ( 'NONE', #8283, #5051, #863 ) ;
#1435 = DIRECTION ( 'NONE',  ( -0.000000000000000000, -1.000000000000000000, -0.000000000000000000 ) ) ;
#1436 = DIRECTION ( 'NONE',  ( -0.000000000000000000, -1.000000000000000000, 0.000000000000000000 ) ) ;
#1437 = EDGE_CURVE ( 'NONE', #5577, #1528, #825, .T. ) ;
#1438 = ORIENTED_EDGE ( 'NONE', *, *, #176, .T. ) ;
#1439 = DIRECTION ( 'NONE',  ( -0.9849106049563591814, -0.000000000000000000, 0.1730638617519520417 ) ) ;
#1440 = DIRECTION ( 'NONE',  ( 0.000000000000000000, -1.000000000000000000, 0.000000000000000000 ) ) ;
#1441 = EDGE_CURVE ( 'NONE', #1971, #7060, #8289, .T. ) ;
#1442 = ORIENTED_EDGE ( 'NONE', *, *, #2526, .F. ) ;
#1443 = CARTESIAN_POINT ( 'NONE',  ( 4.220697830464123612, 0.5905511811023628210, -1.565718946198318751 ) ) ;
#1444 = ORIENTED_EDGE ( 'NONE', *, *, #5712, .F. ) ;
#1445 = AXIS2_PLACEMENT_3D ( 'NONE', #5810, #496, #1872 ) ;
#1446 = DIRECTION ( 'NONE',  ( -0.000000000000000000, -1.000000000000000000, -0.000000000000000000 ) ) ;
#1447 = FACE_OUTER_BOUND ( 'NONE', #3920, .T. ) ;
#1448 = ADVANCED_FACE ( 'NONE', ( #4896 ), #7609, .T. ) ;
#1449 = EDGE_CURVE ( 'NONE', #7707, #2866, #977, .T. ) ;
#1450 = VECTOR ( 'NONE', #5951, 39.37007874015748143 ) ;
#1451 = CYLINDRICAL_SURFACE ( 'NONE', #1834, 0.08070866141732269128 ) ;
#1452 = CYLINDRICAL_SURFACE ( 'NONE', #5997, 0.08070866141732269128 ) ;
#1453 = FACE_OUTER_BOUND ( 'NONE', #4796, .T. ) ;
#1454 = ORIENTED_EDGE ( 'NONE', *, *, #1061, .F. ) ;
#1455 = DIRECTION ( 'NONE',  ( 0.9849106049563591814, 0.000000000000000000, -0.1730638617519519862 ) ) ;
#1456 = AXIS2_PLACEMENT_3D ( 'NONE', #4023, #741, #8197 ) ;
#1457 = AXIS2_PLACEMENT_3D ( 'NONE', #1851, #7843, #4501 ) ;
#1458 = EDGE_CURVE ( 'NONE', #2714, #6356, #2506, .T. ) ;
#1459 = CARTESIAN_POINT ( 'NONE',  ( 1.870078740157481434, 1.082677165354330784, -0.5054160353309620213 ) ) ;
#1460 = LINE ( 'NONE', #4316, #4298 ) ;
#1461 = VECTOR ( 'NONE', #731, 39.37007874015748854 ) ;
#1462 = VECTOR ( 'NONE', #6794, 39.37007874015748143 ) ;
#1463 = CIRCLE ( 'NONE', #8691, 0.08070866141732296883 ) ;
#1464 = VECTOR ( 'NONE', #7126, 39.37007874015748143 ) ;
#1465 = CARTESIAN_POINT ( 'NONE',  ( -1.665286949155805774, 0.000000000000000000, 4.566905874772105633 ) ) ;
#1466 = CYLINDRICAL_SURFACE ( 'NONE', #7340, 0.08070866141732378762 ) ;
#1467 = DIRECTION ( 'NONE',  ( -0.000000000000000000, 1.000000000000000000, -0.000000000000000000 ) ) ;
#1468 = VERTEX_POINT ( 'NONE', #1707 ) ;
#1469 = AXIS2_PLACEMENT_3D ( 'NONE', #1354, #5913, #8724 ) ;
#1470 = CIRCLE ( 'NONE', #3866, 0.1161417322834646243 ) ;
#1471 = AXIS2_PLACEMENT_3D ( 'NONE', #2845, #99, #4922 ) ;
#1472 = DIRECTION ( 'NONE',  ( -0.7664256734729305576, -0.000000000000000000, 0.6423330032324081618 ) ) ;
#1473 = EDGE_LOOP ( 'NONE', ( #1746, #7737 ) ) ;
#1474 = CARTESIAN_POINT ( 'NONE',  ( 1.476377952755906664, 1.200787401574803237, 0.3626942008895100988 ) ) ;
#1475 = AXIS2_PLACEMENT_3D ( 'NONE', #7944, #7360, #5279 ) ;
#1476 = AXIS2_PLACEMENT_3D ( 'NONE', #1332, #6070, #4031 ) ;
#1477 = DIRECTION ( 'NONE',  ( 0.000000000000000000, 0.000000000000000000, 1.000000000000000000 ) ) ;
#1478 = CARTESIAN_POINT ( 'NONE',  ( 3.522344762720474254, 0.000000000000000000, -1.340906966315829285 ) ) ;
#1479 = EDGE_CURVE ( 'NONE', #7856, #4555, #6216, .T. ) ;
#1480 = ORIENTED_EDGE ( 'NONE', *, *, #5446, .F. ) ;
#1481 = CARTESIAN_POINT ( 'NONE',  ( 1.457628722349604278, 1.200787401574803237, -0.5546517490189281085 ) ) ;
#1482 = ORIENTED_EDGE ( 'NONE', *, *, #3024, .T. ) ;
#1483 = DIRECTION ( 'NONE',  ( 0.000000000000000000, -1.000000000000000000, 0.000000000000000000 ) ) ;
#1484 = CARTESIAN_POINT ( 'NONE',  ( 0.2519128183940241850, 1.082677165354330340, -0.4962201389683499331 ) ) ;
#1485 = ORIENTED_EDGE ( 'NONE', *, *, #4030, .F. ) ;
#1486 = VECTOR ( 'NONE', #547, 39.37007874015748854 ) ;
#1487 = CARTESIAN_POINT ( 'NONE',  ( 1.476377952755906664, 1.200787401574803237, -0.1117152479293870848 ) ) ;
#1488 = CARTESIAN_POINT ( 'NONE',  ( -1.229793526480098320, 1.082677165354330784, 2.276624371389768253 ) ) ;
#1489 = ORIENTED_EDGE ( 'NONE', *, *, #1119, .F. ) ;
#1490 = CARTESIAN_POINT ( 'NONE',  ( 0.0001401084459830272090, 1.082677165354330784, 0.0003679265325667655092 ) ) ;
#1491 = ADVANCED_FACE ( 'NONE', ( #5828 ), #8551, .T. ) ;
#1492 = ORIENTED_EDGE ( 'NONE', *, *, #5664, .F. ) ;
#1493 = DIRECTION ( 'NONE',  ( 0.000000000000000000, 0.000000000000000000, -1.000000000000000000 ) ) ;
#1494 = EDGE_CURVE ( 'NONE', #378, #2280, #4652, .T. ) ;
#1495 = CARTESIAN_POINT ( 'NONE',  ( 0.7751247038596602579, 1.200787401574803237, 1.243079850981525070 ) ) ;
#1496 = EDGE_CURVE ( 'NONE', #7560, #5689, #7117, .T. ) ;
#1497 = CARTESIAN_POINT ( 'NONE',  ( 1.704081350445589393, 1.181102362204724532, 4.279749032404512654 ) ) ;
#1498 = DIRECTION ( 'NONE',  ( 0.8660254037844431485, -0.000000000000000000, 0.4999999999999918954 ) ) ;
#1499 = DIRECTION ( 'NONE',  ( -0.1590695136534942267, 0.000000000000000000, 0.9872673851728520633 ) ) ;
#1500 = EDGE_LOOP ( 'NONE', ( #1656, #5799, #5626, #1678 ) ) ;
#1501 = ORIENTED_EDGE ( 'NONE', *, *, #8768, .F. ) ;
#1502 = EDGE_CURVE ( 'NONE', #2700, #2192, #1051, .T. ) ;
#1503 = CARTESIAN_POINT ( 'NONE',  ( 1.457034470619064548, 1.082677165354330784, 1.636780638383093400 ) ) ;
#1504 = EDGE_CURVE ( 'NONE', #2382, #7744, #5073, .T. ) ;
#1505 = DIRECTION ( 'NONE',  ( -0.000000000000000000, 1.000000000000000000, 0.000000000000000000 ) ) ;
#1506 = EDGE_LOOP ( 'NONE', ( #227, #1027, #4192, #3802 ) ) ;
#1507 = CYLINDRICAL_SURFACE ( 'NONE', #3436, 0.08070866141732241372 ) ;
#1508 = DIRECTION ( 'NONE',  ( 0.000000000000000000, 1.000000000000000000, 0.000000000000000000 ) ) ;
#1509 = DIRECTION ( 'NONE',  ( 0.000000000000000000, 0.000000000000000000, -1.000000000000000000 ) ) ;
#1510 = ORIENTED_EDGE ( 'NONE', *, *, #225, .F. ) ;
#1511 = CARTESIAN_POINT ( 'NONE',  ( -0.1563813606223946606, 1.082677165354330784, 1.988385446002523871 ) ) ;
#1512 = ORIENTED_EDGE ( 'NONE', *, *, #7120, .F. ) ;
#1513 = DIRECTION ( 'NONE',  ( 0.000000000000000000, 0.000000000000000000, -1.000000000000000000 ) ) ;
#1514 = CARTESIAN_POINT ( 'NONE',  ( 0.6329382721209004803, 1.348031496062992440, -0.004495102973569272027 ) ) ;
#1515 = FACE_OUTER_BOUND ( 'NONE', #3544, .T. ) ;
#1516 = ORIENTED_EDGE ( 'NONE', *, *, #3806, .T. ) ;
#1517 = DIRECTION ( 'NONE',  ( 0.000000000000000000, 0.000000000000000000, -1.000000000000000000 ) ) ;
#1518 = VERTEX_POINT ( 'NONE', #281 ) ;
#1519 = CARTESIAN_POINT ( 'NONE',  ( -0.0007207492543572252986, 1.141732283464567121, 0.6427093485177919341 ) ) ;
#1520 = FACE_OUTER_BOUND ( 'NONE', #2416, .T. ) ;
#1521 = VERTEX_POINT ( 'NONE', #3123 ) ;
#1522 = EDGE_CURVE ( 'NONE', #4617, #4562, #7163, .T. ) ;
#1523 = LINE ( 'NONE', #2013, #6724 ) ;
#1524 = FACE_OUTER_BOUND ( 'NONE', #1052, .T. ) ;
#1525 = AXIS2_PLACEMENT_3D ( 'NONE', #4064, #6635, #6107 ) ;
#1526 = ORIENTED_EDGE ( 'NONE', *, *, #4252, .F. ) ;
#1527 = DIRECTION ( 'NONE',  ( -0.4999999999999918954, -0.000000000000000000, 0.8660254037844433705 ) ) ;
#1528 = VERTEX_POINT ( 'NONE', #5207 ) ;
#1529 = CARTESIAN_POINT ( 'NONE',  ( -0.01227687094347677463, 1.200787401574803237, 2.526190723083010070 ) ) ;
#1530 = DIRECTION ( 'NONE',  ( -0.000000000000000000, -1.000000000000000000, -0.000000000000000000 ) ) ;
#1531 = ADVANCED_FACE ( 'NONE', ( #1759 ), #4456, .F. ) ;
#1532 = CARTESIAN_POINT ( 'NONE',  ( 0.8664832895167117188, 1.200787401574803237, 2.740353949939523304 ) ) ;
#1533 = EDGE_CURVE ( 'NONE', #3425, #5063, #1625, .T. ) ;
#1534 = CARTESIAN_POINT ( 'NONE',  ( 4.875391200414942006, 0.000000000000000000, 2.723887119729653694 ) ) ;
#1535 = VERTEX_POINT ( 'NONE', #3829 ) ;
#1536 = AXIS2_PLACEMENT_3D ( 'NONE', #6921, #6259, #2886 ) ;
#1537 = ORIENTED_EDGE ( 'NONE', *, *, #1494, .F. ) ;
#1538 = VERTEX_POINT ( 'NONE', #3748 ) ;
#1539 = DIRECTION ( 'NONE',  ( 0.000000000000000000, 0.000000000000000000, -1.000000000000000000 ) ) ;
#1540 = LINE ( 'NONE', #4991, #5848 ) ;
#1541 = CARTESIAN_POINT ( 'NONE',  ( -0.2091272646442610683, 1.200787401574803237, 2.947854267880035906 ) ) ;
#1542 = VECTOR ( 'NONE', #858, 39.37007874015748143 ) ;
#1543 = EDGE_CURVE ( 'NONE', #1754, #7560, #2983, .T. ) ;
#1544 = ADVANCED_FACE ( 'NONE', ( #2328 ), #7878, .T. ) ;
#1545 = CARTESIAN_POINT ( 'NONE',  ( 1.870078740157481434, 1.200787401574803237, 0.2012768780548643832 ) ) ;
#1546 = ORIENTED_EDGE ( 'NONE', *, *, #4945, .F. ) ;
#1547 = CARTESIAN_POINT ( 'NONE',  ( -0.0007207492543572252986, -7.874015748039371056E-05, 0.6427093485177919341 ) ) ;
#1548 = CARTESIAN_POINT ( 'NONE',  ( 1.457034470619064548, 1.200787401574803237, 1.636780638383093400 ) ) ;
#1549 = FACE_OUTER_BOUND ( 'NONE', #4332, .T. ) ;
#1550 = CIRCLE ( 'NONE', #1685, 0.08070866141732255250 ) ;
#1551 = VERTEX_POINT ( 'NONE', #8592 ) ;
#1552 = DIRECTION ( 'NONE',  ( -0.000000000000000000, -1.000000000000000000, -0.000000000000000000 ) ) ;
#1553 = VERTEX_POINT ( 'NONE', #5027 ) ;
#1554 = EDGE_CURVE ( 'NONE', #845, #1270, #5363, .T. ) ;
#1555 = VECTOR ( 'NONE', #5001, 39.37007874015748854 ) ;
#1556 = CARTESIAN_POINT ( 'NONE',  ( 0.7223787998377938502, 1.200787401574803237, 2.121840011441713525 ) ) ;
#1557 = CARTESIAN_POINT ( 'NONE',  ( 1.010587779195629698, 1.082677165354330784, 3.197450565602685923 ) ) ;
#1558 = ORIENTED_EDGE ( 'NONE', *, *, #6095, .F. ) ;
#1559 = CARTESIAN_POINT ( 'NONE',  ( 3.051181102362205966, 1.200787401574803237, -0.1117152479293870848 ) ) ;
#1560 = EDGE_LOOP ( 'NONE', ( #7665, #453, #983, #6767 ) ) ;
#1561 = CARTESIAN_POINT ( 'NONE',  ( 0.9344809842237028485, 0.000000000000000000, 4.530058802870120083 ) ) ;
#1562 = DIRECTION ( 'NONE',  ( 0.000000000000000000, -1.000000000000000000, 0.000000000000000000 ) ) ;
#1563 = VECTOR ( 'NONE', #4363, 39.37007874015748143 ) ;
#1564 = ORIENTED_EDGE ( 'NONE', *, *, #3626, .T. ) ;
#1565 = DIRECTION ( 'NONE',  ( -0.000000000000000000, -1.000000000000000000, -0.000000000000000000 ) ) ;
#1566 = CARTESIAN_POINT ( 'NONE',  ( -0.8297761769083269456, 1.082677165354330562, -0.2060894665099074485 ) ) ;
#1567 = AXIS2_PLACEMENT_3D ( 'NONE', #7750, #7848, #3709 ) ;
#1568 = VERTEX_POINT ( 'NONE', #375 ) ;
#1569 = PLANE ( 'NONE',  #6555 ) ;
#1570 = ORIENTED_EDGE ( 'NONE', *, *, #1226, .F. ) ;
#1571 = EDGE_CURVE ( 'NONE', #5412, #444, #7067, .T. ) ;
#1572 = LINE ( 'NONE', #1659, #5978 ) ;
#1573 = AXIS2_PLACEMENT_3D ( 'NONE', #5835, #1900, #6549 ) ;
#1574 = DIRECTION ( 'NONE',  ( -0.000000000000000000, -1.000000000000000000, -0.000000000000000000 ) ) ;
#1575 = FACE_OUTER_BOUND ( 'NONE', #2406, .T. ) ;
#1576 = ORIENTED_EDGE ( 'NONE', *, *, #3002, .T. ) ;
#1577 = ORIENTED_EDGE ( 'NONE', *, *, #236, .T. ) ;
#1578 = ORIENTED_EDGE ( 'NONE', *, *, #2830, .F. ) ;
#1579 = EDGE_CURVE ( 'NONE', #4650, #1099, #6357, .T. ) ;
#1580 = DIRECTION ( 'NONE',  ( 0.000000000000000000, -1.000000000000000000, 0.000000000000000000 ) ) ;
#1581 = CARTESIAN_POINT ( 'NONE',  ( 0.6310202141807423892, 1.200787401574803237, 0.7859832353183611175 ) ) ;
#1582 = FACE_OUTER_BOUND ( 'NONE', #7347, .T. ) ;
#1583 = VECTOR ( 'NONE', #8170, 39.37007874015748854 ) ;
#1584 = AXIS2_PLACEMENT_3D ( 'NONE', #5552, #1649, #2891 ) ;
#1585 = ADVANCED_FACE ( 'NONE', ( #5783 ), #8050, .F. ) ;
#1586 = CYLINDRICAL_SURFACE ( 'NONE', #5106, 0.08070866141732323251 ) ;
#1587 = CARTESIAN_POINT ( 'NONE',  ( 2.833399411537377510, 1.377952755905512028, 2.567807260877302600 ) ) ;
#1588 = VECTOR ( 'NONE', #2998, 39.37007874015748143 ) ;
#1589 = CIRCLE ( 'NONE', #4979, 0.08070866141732296883 ) ;
#1590 = DIRECTION ( 'NONE',  ( 0.8660254037844431485, 0.000000000000000000, 0.4999999999999918954 ) ) ;
#1591 = VECTOR ( 'NONE', #6611, 39.37007874015748143 ) ;
#1592 = CARTESIAN_POINT ( 'NONE',  ( 0.7223787998377938502, 1.200787401574803237, 2.121840011441713525 ) ) ;
#1593 = ADVANCED_FACE ( 'NONE', ( #5304 ), #8634, .T. ) ;
#1594 = ORIENTED_EDGE ( 'NONE', *, *, #842, .T. ) ;
#1595 = DIRECTION ( 'NONE',  ( 0.000000000000000000, -1.000000000000000000, 0.000000000000000000 ) ) ;
#1596 = CIRCLE ( 'NONE', #461, 0.08070866141732269128 ) ;
#1597 = CIRCLE ( 'NONE', #4002, 0.08070866141732296883 ) ;
#1598 = AXIS2_PLACEMENT_3D ( 'NONE', #8499, #7111, #6588 ) ;
#1599 = ORIENTED_EDGE ( 'NONE', *, *, #2841, .T. ) ;
#1600 = EDGE_CURVE ( 'NONE', #5655, #6545, #5936, .T. ) ;
#1601 = CIRCLE ( 'NONE', #6977, 0.08070866141732323251 ) ;
#1602 = CARTESIAN_POINT ( 'NONE',  ( 0.6310202141807423892, 1.200787401574803237, 0.6245659124837157350 ) ) ;
#1603 = DIRECTION ( 'NONE',  ( -0.000000000000000000, 1.000000000000000000, 0.000000000000000000 ) ) ;
#1604 = DIRECTION ( 'NONE',  ( 0.000000000000000000, -1.000000000000000000, 0.000000000000000000 ) ) ;
#1605 = ORIENTED_EDGE ( 'NONE', *, *, #6762, .T. ) ;
#1606 = CARTESIAN_POINT ( 'NONE',  ( 0.8664832895167117188, 1.200787401574803237, 2.659645288522199724 ) ) ;
#1607 = AXIS2_PLACEMENT_3D ( 'NONE', #8266, #4128, #2926 ) ;
#1608 = VECTOR ( 'NONE', #6442, 39.37007874015748143 ) ;
#1609 = AXIS2_PLACEMENT_3D ( 'NONE', #6655, #1918, #6080 ) ;
#1610 = ORIENTED_EDGE ( 'NONE', *, *, #2904, .T. ) ;
#1611 = ADVANCED_FACE ( 'NONE', ( #5380 ), #549, .F. ) ;
#1612 = DIRECTION ( 'NONE',  ( 4.441323941738816907E-15, 0.000000000000000000, -1.000000000000000000 ) ) ;
#1613 = DIRECTION ( 'NONE',  ( -0.8660254037844431485, 0.000000000000000000, -0.4999999999999919509 ) ) ;
#1614 = ORIENTED_EDGE ( 'NONE', *, *, #1910, .T. ) ;
#1615 = CIRCLE ( 'NONE', #5860, 0.08070866141732255250 ) ;
#1616 = AXIS2_PLACEMENT_3D ( 'NONE', #5981, #3933, #6644 ) ;
#1617 = DIRECTION ( 'NONE',  ( -0.000000000000000000, -1.000000000000000000, -0.000000000000000000 ) ) ;
#1618 = LINE ( 'NONE', #3818, #4100 ) ;
#1619 = ORIENTED_EDGE ( 'NONE', *, *, #7134, .T. ) ;
#1620 = CYLINDRICAL_SURFACE ( 'NONE', #6137, 0.08070866141732296883 ) ;
#1621 = ORIENTED_EDGE ( 'NONE', *, *, #1979, .F. ) ;
#1622 = AXIS2_PLACEMENT_3D ( 'NONE', #3747, #5250, #8501 ) ;
#1623 = DIRECTION ( 'NONE',  ( 0.000000000000000000, 0.000000000000000000, -1.000000000000000000 ) ) ;
#1624 = DIRECTION ( 'NONE',  ( 0.8660254037844432595, 0.000000000000000000, 0.4999999999999918954 ) ) ;
#1625 = LINE ( 'NONE', #3038, #4932 ) ;
#1626 = CARTESIAN_POINT ( 'NONE',  ( 0.8137373854948456442, 1.200787401574803237, 3.538405448982388180 ) ) ;
#1627 = ORIENTED_EDGE ( 'NONE', *, *, #6951, .T. ) ;
#1628 = ORIENTED_EDGE ( 'NONE', *, *, #8319, .T. ) ;
#1629 = VERTEX_POINT ( 'NONE', #7297 ) ;
#1630 = PLANE ( 'NONE',  #422 ) ;
#1631 = LINE ( 'NONE', #3913, #5706 ) ;
#1632 = CARTESIAN_POINT ( 'NONE',  ( 1.457034470619064548, 1.200787401574803237, 1.717489299800416536 ) ) ;
#1633 = EDGE_CURVE ( 'NONE', #4300, #396, #3349, .T. ) ;
#1634 = CARTESIAN_POINT ( 'NONE',  ( 0.6696328958159274425, 1.200787401574803237, 3.000600171901901980 ) ) ;
#1635 = EDGE_LOOP ( 'NONE', ( #4276, #2623 ) ) ;
#1636 = DIRECTION ( 'NONE',  ( 0.1590695136534932552, 0.000000000000000000, -0.9872673851728522854 ) ) ;
#1637 = LINE ( 'NONE', #7753, #8264 ) ;
#1638 = CARTESIAN_POINT ( 'NONE',  ( 4.345056699702047887, 0.7972046194463389135, -1.654200194118728762 ) ) ;
#1639 = ORIENTED_EDGE ( 'NONE', *, *, #7495, .F. ) ;
#1640 = LINE ( 'NONE', #3097, #4162 ) ;
#1641 = VERTEX_POINT ( 'NONE', #4011 ) ;
#1642 = CARTESIAN_POINT ( 'NONE',  ( -0.05155159258191699401, 1.082677165354330340, -0.8583110083256405565 ) ) ;
#1643 = CARTESIAN_POINT ( 'NONE',  ( 1.425098971598872888, 15.67005943375638211, 4.290519742101568390 ) ) ;
#1644 = LINE ( 'NONE', #1076, #7271 ) ;
#1645 = VERTEX_POINT ( 'NONE', #3962 ) ;
#1646 = DIRECTION ( 'NONE',  ( 0.000000000000000000, 9.245012915305645428E-17, -1.000000000000000000 ) ) ;
#1647 = ORIENTED_EDGE ( 'NONE', *, *, #233, .T. ) ;
#1648 = EDGE_CURVE ( 'NONE', #4617, #7521, #2016, .T. ) ;
#1649 = DIRECTION ( 'NONE',  ( 0.000000000000000000, -1.000000000000000000, 0.000000000000000000 ) ) ;
#1650 = CARTESIAN_POINT ( 'NONE',  ( -0.7469325417247473231, 1.200787401574803237, 3.091958757558953330 ) ) ;
#1651 = EDGE_CURVE ( 'NONE', #1765, #3409, #6721, .T. ) ;
#1652 = EDGE_LOOP ( 'NONE', ( #843, #1214 ) ) ;
#1653 = DIRECTION ( 'NONE',  ( 0.000000000000000000, -0.000000000000000000, -1.000000000000000000 ) ) ;
#1654 = EDGE_CURVE ( 'NONE', #7521, #809, #6671, .T. ) ;
#1655 = CARTESIAN_POINT ( 'NONE',  ( 1.994839747699551191, 1.200787401574803237, 1.411967487286851952 ) ) ;
#1656 = ORIENTED_EDGE ( 'NONE', *, *, #548, .F. ) ;
#1657 = PLANE ( 'NONE',  #3730 ) ;
#1658 = ORIENTED_EDGE ( 'NONE', *, *, #7770, .T. ) ;
#1659 = CARTESIAN_POINT ( 'NONE',  ( 2.926673774748453472, 1.102362204724409933, 1.689715891681201843 ) ) ;
#1660 = CARTESIAN_POINT ( 'NONE',  ( 0.3051181102362200415, 0.000000000000000000, -0.5284800692385434040 ) ) ;
#1661 = EDGE_CURVE ( 'NONE', #4127, #284, #4222, .T. ) ;
#1662 = EDGE_CURVE ( 'NONE', #3533, #8162, #5500, .T. ) ;
#1663 = DIRECTION ( 'NONE',  ( 0.000000000000000000, -1.000000000000000000, 0.000000000000000000 ) ) ;
#1664 = CARTESIAN_POINT ( 'NONE',  ( 1.839243974876453303, 0.000000000000000000, -0.7006048557039289415 ) ) ;
#1665 = EDGE_LOOP ( 'NONE', ( #7896, #3749 ) ) ;
#1666 = ORIENTED_EDGE ( 'NONE', *, *, #6633, .T. ) ;
#1667 = ORIENTED_EDGE ( 'NONE', *, *, #510, .T. ) ;
#1668 = ADVANCED_FACE ( 'NONE', ( #7334 ), #2598, .F. ) ;
#1669 = CARTESIAN_POINT ( 'NONE',  ( 1.682571021879081474, 1.377952755905512028, 0.2717882388645374014 ) ) ;
#1670 = CARTESIAN_POINT ( 'NONE',  ( -0.3004858503013124738, 1.082677165354330784, 1.531288830339360807 ) ) ;
#1671 = DIRECTION ( 'NONE',  ( 0.000000000000000000, 0.000000000000000000, -1.000000000000000000 ) ) ;
#1672 = EDGE_LOOP ( 'NONE', ( #7590, #7193 ) ) ;
#1673 = VECTOR ( 'NONE', #3466, 39.37007874015748143 ) ;
#1674 = CARTESIAN_POINT ( 'NONE',  ( -0.1157596153513114207, 1.141732283464567121, 0.6586768550523451893 ) ) ;
#1675 = VERTEX_POINT ( 'NONE', #6764 ) ;
#1676 = FACE_OUTER_BOUND ( 'NONE', #6880, .T. ) ;
#1677 = DIRECTION ( 'NONE',  ( 0.8660254037844432595, 0.000000000000000000, 0.4999999999999919509 ) ) ;
#1678 = ORIENTED_EDGE ( 'NONE', *, *, #2145, .F. ) ;
#1679 = CYLINDRICAL_SURFACE ( 'NONE', #5800, 0.08070866141732323251 ) ;
#1680 = VERTEX_POINT ( 'NONE', #4595 ) ;
#1681 = ADVANCED_FACE ( 'NONE', ( #3305 ), #8015, .F. ) ;
#1682 = CARTESIAN_POINT ( 'NONE',  ( 0.5255284061370095738, 1.082677165354330784, 2.382086233404093534 ) ) ;
#1683 = PRODUCT_DEFINITION_SHAPE ( 'NONE', 'NONE',  #3224 ) ;
#1684 = FACE_OUTER_BOUND ( 'NONE', #3759, .T. ) ;
#1685 = AXIS2_PLACEMENT_3D ( 'NONE', #3114, #7871, #271 ) ;
#1686 = PLANE ( 'NONE',  #2102 ) ;
#1687 = DIRECTION ( 'NONE',  ( 0.000000000000000000, -1.000000000000000000, 0.000000000000000000 ) ) ;
#1688 = ORIENTED_EDGE ( 'NONE', *, *, #3450, .T. ) ;
#1689 = PLANE ( 'NONE',  #5004 ) ;
#1690 = EDGE_LOOP ( 'NONE', ( #7968, #425, #4129, #2645 ) ) ;
#1691 = PLANE ( 'NONE',  #4956 ) ;
#1692 = LINE ( 'NONE', #6447, #8383 ) ;
#1693 = CARTESIAN_POINT ( 'NONE',  ( 0.9386741476467745926, 1.082677165354331672, 4.542481070146993538 ) ) ;
#1694 = VERTEX_POINT ( 'NONE', #4542 ) ;
#1695 = VECTOR ( 'NONE', #3203, 39.37007874015748143 ) ;
#1696 = CARTESIAN_POINT ( 'NONE',  ( -0.4318683767845830634, 1.348031496062992440, 0.2814988661385020019 ) ) ;
#1697 = DIRECTION ( 'NONE',  ( 0.4999999999999918954, 0.000000000000000000, -0.8660254037844431485 ) ) ;
#1698 = VERTEX_POINT ( 'NONE', #6018 ) ;
#1699 = CARTESIAN_POINT ( 'NONE',  ( 0.7479771382178542760, 1.348031496062992440, 0.09567912277533954790 ) ) ;
#1700 = ORIENTED_EDGE ( 'NONE', *, *, #8125, .T. ) ;
#1701 = AXIS2_PLACEMENT_3D ( 'NONE', #3405, #6114, #35 ) ;
#1702 = EDGE_CURVE ( 'NONE', #1629, #670, #1845, .T. ) ;
#1703 = DIRECTION ( 'NONE',  ( 0.3558754527948700397, 0.000000000000000000, 0.9345333927142712716 ) ) ;
#1704 = DIRECTION ( 'NONE',  ( -0.8660254037844422603, 0.000000000000000000, -0.4999999999999937828 ) ) ;
#1705 = CIRCLE ( 'NONE', #6379, 0.08070866141732296883 ) ;
#1706 = EDGE_CURVE ( 'NONE', #6663, #5344, #7917, .T. ) ;
#1707 = CARTESIAN_POINT ( 'NONE',  ( 3.051181102362205966, 1.200787401574803237, 0.3626942008895100988 ) ) ;
#1708 = ORIENTED_EDGE ( 'NONE', *, *, #7621, .T. ) ;
#1709 = VERTEX_POINT ( 'NONE', #508 ) ;
#1710 = EDGE_LOOP ( 'NONE', ( #7652, #2462, #3941, #4939, #2337, #7019 ) ) ;
#1711 = DIRECTION ( 'NONE',  ( -0.000000000000000000, -1.000000000000000000, -0.000000000000000000 ) ) ;
#1712 = DIRECTION ( 'NONE',  ( 0.000000000000000000, -1.000000000000000000, 0.000000000000000000 ) ) ;
#1713 = FACE_OUTER_BOUND ( 'NONE', #1296, .T. ) ;
#1714 = CIRCLE ( 'NONE', #5251, 0.08070866141732269128 ) ;
#1715 = EDGE_CURVE ( 'NONE', #4502, #2944, #3210, .T. ) ;
#1716 = EDGE_CURVE ( 'NONE', #367, #614, #8682, .T. ) ;
#1717 = EDGE_LOOP ( 'NONE', ( #1594, #1658 ) ) ;
#1718 = CARTESIAN_POINT ( 'NONE',  ( 2.498542739108915001, 1.102362204724409489, 5.443071621328082088 ) ) ;
#1719 = VERTEX_POINT ( 'NONE', #6930 ) ;
#1720 = DIRECTION ( 'NONE',  ( 0.000000000000000000, 0.000000000000000000, -1.000000000000000000 ) ) ;
#1721 = CARTESIAN_POINT ( 'NONE',  ( 0.7751247038596602579, 1.200787401574803237, 1.162371189564201934 ) ) ;
#1722 = ORIENTED_EDGE ( 'NONE', *, *, #1502, .T. ) ;
#1723 = DIRECTION ( 'NONE',  ( 0.000000000000000000, -1.000000000000000000, 0.000000000000000000 ) ) ;
#1724 = VECTOR ( 'NONE', #437, 39.37007874015748854 ) ;
#1725 = AXIS2_PLACEMENT_3D ( 'NONE', #7907, #5909, #1167 ) ;
#1726 = ORIENTED_EDGE ( 'NONE', *, *, #193, .T. ) ;
#1727 = AXIS2_PLACEMENT_3D ( 'NONE', #137, #2099, #7372 ) ;
#1728 = DIRECTION ( 'NONE',  ( -0.000000000000000000, -1.000000000000000000, -0.000000000000000000 ) ) ;
#1729 = ORIENTED_EDGE ( 'NONE', *, *, #5984, .T. ) ;
#1730 = VECTOR ( 'NONE', #5753, 39.37007874015748143 ) ;
#1731 = CIRCLE ( 'NONE', #2725, 0.08070866141732269128 ) ;
#1732 = VECTOR ( 'NONE', #4700, 39.37007874015748143 ) ;
#1733 = DIRECTION ( 'NONE',  ( 0.000000000000000000, 0.000000000000000000, -1.000000000000000000 ) ) ;
#1734 = DIRECTION ( 'NONE',  ( 0.000000000000000000, -1.000000000000000000, 0.000000000000000000 ) ) ;
#1735 = CARTESIAN_POINT ( 'NONE',  ( -0.8382911273817988951, 1.082677165354330784, 1.594684658600955762 ) ) ;
#1736 = ORIENTED_EDGE ( 'NONE', *, *, #7015, .F. ) ;
#1737 = DIRECTION ( 'NONE',  ( -0.000000000000000000, -1.000000000000000000, -0.000000000000000000 ) ) ;
#1738 = EDGE_LOOP ( 'NONE', ( #7749, #1426 ) ) ;
#1739 = CARTESIAN_POINT ( 'NONE',  ( 0.1318276187354409656, 1.200787401574803237, 3.144704661580819849 ) ) ;
#1740 = VECTOR ( 'NONE', #2216, 39.37007874015748854 ) ;
#1741 = AXIS2_PLACEMENT_3D ( 'NONE', #2185, #6922, #8 ) ;
#1742 = AXIS2_PLACEMENT_3D ( 'NONE', #544, #3826, #1842 ) ;
#1743 = DIRECTION ( 'NONE',  ( 0.000000000000000000, 0.000000000000000000, -1.000000000000000000 ) ) ;
#1744 = CARTESIAN_POINT ( 'NONE',  ( 0.5782743101588760926, 1.082677165354330784, 1.664743395778550017 ) ) ;
#1745 = AXIS2_PLACEMENT_3D ( 'NONE', #3703, #288, #4625 ) ;
#1746 = ORIENTED_EDGE ( 'NONE', *, *, #3620, .T. ) ;
#1747 = AXIS2_PLACEMENT_3D ( 'NONE', #3761, #932, #8338 ) ;
#1748 = EDGE_CURVE ( 'NONE', #6653, #6859, #8189, .T. ) ;
#1749 = CARTESIAN_POINT ( 'NONE',  ( 3.051181102362205966, 1.200787401574803237, 0.2819855394721875186 ) ) ;
#1750 = AXIS2_PLACEMENT_3D ( 'NONE', #1213, #3417, #3334 ) ;
#1751 = LINE ( 'NONE', #7018, #5651 ) ;
#1752 = ORIENTED_EDGE ( 'NONE', *, *, #8048, .F. ) ;
#1753 = DIRECTION ( 'NONE',  ( -0.000000000000000000, -1.000000000000000000, -0.000000000000000000 ) ) ;
#1754 = VERTEX_POINT ( 'NONE', #1566 ) ;
#1755 = DIRECTION ( 'NONE',  ( -0.8660254037844431485, 0.000000000000000000, -0.4999999999999919509 ) ) ;
#1756 = ORIENTED_EDGE ( 'NONE', *, *, #376, .T. ) ;
#1757 = VECTOR ( 'NONE', #7935, 39.37007874015748854 ) ;
#1758 = CARTESIAN_POINT ( 'NONE',  ( -0.06502277496534306089, 1.082677165354330784, 3.566368206377844796 ) ) ;
#1759 = FACE_OUTER_BOUND ( 'NONE', #2685, .T. ) ;
#1760 = EDGE_CURVE ( 'NONE', #4374, #3086, #7638, .T. ) ;
#1761 = ORIENTED_EDGE ( 'NONE', *, *, #7566, .T. ) ;
#1762 = CIRCLE ( 'NONE', #3882, 0.08070866141732255250 ) ;
#1763 = EDGE_LOOP ( 'NONE', ( #1905, #8140 ) ) ;
#1764 = EDGE_CURVE ( 'NONE', #1709, #124, #102, .T. ) ;
#1765 = VERTEX_POINT ( 'NONE', #912 ) ;
#1766 = FACE_BOUND ( 'NONE', #8795, .T. ) ;
#1767 = DIRECTION ( 'NONE',  ( 0.000000000000000000, -1.000000000000000000, 0.000000000000000000 ) ) ;
#1768 = LINE ( 'NONE', #5886, #7109 ) ;
#1769 = EDGE_CURVE ( 'NONE', #6716, #4844, #8498, .T. ) ;
#1770 = EDGE_LOOP ( 'NONE', ( #2171, #361, #6978, #7969, #5322, #7391, #1924, #2703, #7957, #5750, #1187, #2485, #5233, #676, #3117, #3457, #3974, #4898, #2431, #6500, #6482, #6480, #6726, #5531, #2631, #6661, #5494, #3708, #8698, #8419, #732, #4382, #5766, #2826, #2959, #3485, #4491, #6429, #342, #5601, #6841, #1118, #5516, #8576, #3126, #2069, #3191, #4485, #8394, #6580, #6125, #3184, #5153, #7914, #2007, #5425 ) ) ;
#1771 = AXIS2_PLACEMENT_3D ( 'NONE', #6226, #1439, #3560 ) ;
#1772 = DIRECTION ( 'NONE',  ( 0.000000000000000000, 0.000000000000000000, -1.000000000000000000 ) ) ;
#1773 = EDGE_LOOP ( 'NONE', ( #820, #7432, #4569, #8340 ) ) ;
#1774 = EDGE_CURVE ( 'NONE', #8098, #2694, #4805, .T. ) ;
#1775 = DIRECTION ( 'NONE',  ( 0.000000000000000000, -1.000000000000000000, 0.000000000000000000 ) ) ;
#1776 = DIRECTION ( 'NONE',  ( 0.000000000000000000, -1.000000000000000000, 0.000000000000000000 ) ) ;
#1777 = ADVANCED_FACE ( 'NONE', ( #1524 ), #6892, .T. ) ;
#1778 = DIRECTION ( 'NONE',  ( 0.000000000000000000, 0.6083110689156213668, 0.7936987107427694310 ) ) ;
#1779 = ORIENTED_EDGE ( 'NONE', *, *, #3113, .T. ) ;
#1780 = CARTESIAN_POINT ( 'NONE',  ( 0.3168295106876288791, 1.348031496062992440, -0.3304919895252083628 ) ) ;
#1781 = ORIENTED_EDGE ( 'NONE', *, *, #5918, .F. ) ;
#1782 = DIRECTION ( 'NONE',  ( 0.000000000000000000, 1.000000000000000000, 0.000000000000000000 ) ) ;
#1783 = EDGE_CURVE ( 'NONE', #670, #3857, #4261, .T. ) ;
#1784 = ORIENTED_EDGE ( 'NONE', *, *, #1176, .F. ) ;
#1785 = DIRECTION ( 'NONE',  ( 0.000000000000000000, 0.000000000000000000, -1.000000000000000000 ) ) ;
#1786 = FACE_BOUND ( 'NONE', #3562, .T. ) ;
#1787 = ORIENTED_EDGE ( 'NONE', *, *, #5280, .F. ) ;
#1788 = CARTESIAN_POINT ( 'NONE',  ( 4.868673899812879569, 0.8858267716535439540, -0.3804476004577594384 ) ) ;
#1789 = ORIENTED_EDGE ( 'NONE', *, *, #4527, .T. ) ;
#1790 = FACE_OUTER_BOUND ( 'NONE', #8775, .T. ) ;
#1791 = DIRECTION ( 'NONE',  ( 0.000000000000000000, 0.000000000000000000, -1.000000000000000000 ) ) ;
#1792 = EDGE_LOOP ( 'NONE', ( #8713, #5546, #4598, #4230, #5840, #2379 ) ) ;
#1793 = PLANE ( 'NONE',  #1725 ) ;
#1794 = DIRECTION ( 'NONE',  ( 0.7754638790607795151, 0.000000000000000000, 0.6313919323779871862 ) ) ;
#1795 = ORIENTED_EDGE ( 'NONE', *, *, #8226, .F. ) ;
#1796 = DIRECTION ( 'NONE',  ( 0.8660254037844432595, 0.000000000000000000, 0.4999999999999919509 ) ) ;
#1797 = EDGE_LOOP ( 'NONE', ( #1546, #2126, #3967, #6699 ) ) ;
#1798 = LINE ( 'NONE', #6455, #7690 ) ;
#1799 = EDGE_CURVE ( 'NONE', #3472, #2387, #3561, .T. ) ;
#1800 = DIRECTION ( 'NONE',  ( 0.000000000000000000, -1.000000000000000000, 0.000000000000000000 ) ) ;
#1801 = CARTESIAN_POINT ( 'NONE',  ( 1.704081350445589393, 0.5807086614173232464, 4.279749032404512654 ) ) ;
#1802 = ORIENTED_EDGE ( 'NONE', *, *, #6297, .F. ) ;
#1803 = VERTEX_POINT ( 'NONE', #194 ) ;
#1804 = ORIENTED_EDGE ( 'NONE', *, *, #2367, .T. ) ;
#1805 = CARTESIAN_POINT ( 'NONE',  ( -0.0007207492543572252986, 1.348031496062992440, 0.6427093485177919341 ) ) ;
#1806 = DIRECTION ( 'NONE',  ( -0.000000000000000000, -1.000000000000000000, -0.000000000000000000 ) ) ;
#1807 = EDGE_CURVE ( 'NONE', #5727, #7799, #6855, .T. ) ;
#1808 = EDGE_LOOP ( 'NONE', ( #2000, #3433, #4167, #5168, #6552, #8527 ) ) ;
#1809 = PLANE ( 'NONE',  #6526 ) ;
#1810 = ORIENTED_EDGE ( 'NONE', *, *, #6095, .T. ) ;
#1811 = PLANE ( 'NONE',  #6966 ) ;
#1812 = DIRECTION ( 'NONE',  ( 0.000000000000000000, 1.000000000000000000, 0.000000000000000000 ) ) ;
#1813 = DIRECTION ( 'NONE',  ( 0.000000000000000000, -0.000000000000000000, -1.000000000000000000 ) ) ;
#1814 = ORIENTED_EDGE ( 'NONE', *, *, #4296, .F. ) ;
#1815 = AXIS2_PLACEMENT_3D ( 'NONE', #8021, #3356, #6027 ) ;
#1816 = SURFACE_STYLE_FILL_AREA ( #1945 ) ;
#1817 = EDGE_LOOP ( 'NONE', ( #1122, #5003, #7219, #4509 ) ) ;
#1818 = EDGE_CURVE ( 'NONE', #6049, #7129, #551, .T. ) ;
#1819 = EDGE_CURVE ( 'NONE', #7880, #7588, #6790, .T. ) ;
#1820 = LINE ( 'NONE', #3847, #8276 ) ;
#1821 = EDGE_CURVE ( 'NONE', #8685, #6365, #6804, .T. ) ;
#1822 = ORIENTED_EDGE ( 'NONE', *, *, #8320, .F. ) ;
#1823 = ADVANCED_FACE ( 'NONE', ( #3613 ), #6319, .T. ) ;
#1824 = DIRECTION ( 'NONE',  ( -0.000000000000000000, -1.000000000000000000, -0.000000000000000000 ) ) ;
#1825 = FACE_BOUND ( 'NONE', #8280, .T. ) ;
#1826 = ORIENTED_EDGE ( 'NONE', *, *, #3980, .F. ) ;
#1827 = CARTESIAN_POINT ( 'NONE',  ( -0.5002542195104198175, 1.200787401574803237, 1.791587818418663991 ) ) ;
#1828 = AXIS2_PLACEMENT_3D ( 'NONE', #1557, #57, #7550 ) ;
#1829 = ORIENTED_EDGE ( 'NONE', *, *, #7026, .F. ) ;
#1830 = DIRECTION ( 'NONE',  ( -0.000000000000000000, -1.000000000000000000, 0.000000000000000000 ) ) ;
#1831 = FACE_OUTER_BOUND ( 'NONE', #8403, .T. ) ;
#1832 = EDGE_CURVE ( 'NONE', #6733, #1709, #5562, .T. ) ;
#1833 = VERTEX_POINT ( 'NONE', #8228 ) ;
#1834 = AXIS2_PLACEMENT_3D ( 'NONE', #6327, #1574, #2818 ) ;
#1835 = PLANE ( 'NONE',  #2578 ) ;
#1836 = DIRECTION ( 'NONE',  ( -0.000000000000000000, -1.000000000000000000, 0.000000000000000000 ) ) ;
#1837 = DIRECTION ( 'NONE',  ( 0.7664256734729301135, 0.000000000000000000, -0.6423330032324087169 ) ) ;
#1838 = ORIENTED_EDGE ( 'NONE', *, *, #3619, .T. ) ;
#1839 = CARTESIAN_POINT ( 'NONE',  ( -0.3168295106876288791, 1.348031496062992440, 0.3304919895252080853 ) ) ;
#1840 = ORIENTED_EDGE ( 'NONE', *, *, #7975, .F. ) ;
#1841 = CIRCLE ( 'NONE', #2389, 0.1771653543307087353 ) ;
#1842 = DIRECTION ( 'NONE',  ( 0.000000000000000000, 0.000000000000000000, -1.000000000000000000 ) ) ;
#1843 = VERTEX_POINT ( 'NONE', #1488 ) ;
#1844 = FACE_OUTER_BOUND ( 'NONE', #4307, .T. ) ;
#1845 = LINE ( 'NONE', #5963, #7772 ) ;
#1846 = ADVANCED_FACE ( 'NONE', ( #2146 ), #8149, .F. ) ;
#1847 = ORIENTED_EDGE ( 'NONE', *, *, #8757, .T. ) ;
#1848 = ORIENTED_EDGE ( 'NONE', *, *, #6529, .T. ) ;
#1849 = ORIENTED_EDGE ( 'NONE', *, *, #525, .T. ) ;
#1850 = FACE_OUTER_BOUND ( 'NONE', #1955, .T. ) ;
#1851 = CARTESIAN_POINT ( 'NONE',  ( 1.476377952755906664, 1.082677165354330784, 0.2819855394721875186 ) ) ;
#1852 = VECTOR ( 'NONE', #6368, 39.37007874015748143 ) ;
#1853 = ORIENTED_EDGE ( 'NONE', *, *, #4893, .F. ) ;
#1854 = FACE_OUTER_BOUND ( 'NONE', #7159, .T. ) ;
#1855 = ORIENTED_EDGE ( 'NONE', *, *, #2678, .T. ) ;
#1856 = ADVANCED_FACE ( 'NONE', ( #4181 ), #816, .F. ) ;
#1857 = DIRECTION ( 'NONE',  ( 0.000000000000000000, 0.000000000000000000, -1.000000000000000000 ) ) ;
#1858 = DIRECTION ( 'NONE',  ( -0.000000000000000000, -1.000000000000000000, -0.000000000000000000 ) ) ;
#1859 = ORIENTED_EDGE ( 'NONE', *, *, #6369, .F. ) ;
#1860 = AXIS2_PLACEMENT_3D ( 'NONE', #7173, #8563, #1144 ) ;
#1861 = FACE_OUTER_BOUND ( 'NONE', #8000, .T. ) ;
#1862 = ORIENTED_EDGE ( 'NONE', *, *, #4476, .T. ) ;
#1863 = EDGE_CURVE ( 'NONE', #6989, #8192, #6082, .T. ) ;
#1864 = DIRECTION ( 'NONE',  ( 0.000000000000000000, 0.000000000000000000, -1.000000000000000000 ) ) ;
#1865 = LINE ( 'NONE', #7274, #7536 ) ;
#1866 = EDGE_CURVE ( 'NONE', #4482, #2322, #5157, .T. ) ;
#1867 = FACE_BOUND ( 'NONE', #1672, .T. ) ;
#1868 = ORIENTED_EDGE ( 'NONE', *, *, #2791, .T. ) ;
#1869 = DIRECTION ( 'NONE',  ( -0.9849106049563591814, -0.000000000000000000, 0.1730638617519520417 ) ) ;
#1870 = ADVANCED_FACE ( 'NONE', ( #7775 ), #1043, .T. ) ;
#1871 = ORIENTED_EDGE ( 'NONE', *, *, #8794, .T. ) ;
#1872 = DIRECTION ( 'NONE',  ( 0.000000000000000000, 0.000000000000000000, -1.000000000000000000 ) ) ;
#1873 = DIRECTION ( 'NONE',  ( 0.000000000000000000, -0.000000000000000000, -1.000000000000000000 ) ) ;
#1874 = EDGE_CURVE ( 'NONE', #2085, #5158, #5060, .T. ) ;
#1875 = ORIENTED_EDGE ( 'NONE', *, *, #5169, .F. ) ;
#1876 = CIRCLE ( 'NONE', #2429, 0.08070866141732269128 ) ;
#1877 = CIRCLE ( 'NONE', #7258, 0.08070866141732378762 ) ;
#1878 = CARTESIAN_POINT ( 'NONE',  ( 0.3168295106876288791, -7.874015748039371056E-05, -0.3816730918874130518 ) ) ;
#1879 = LINE ( 'NONE', #2541, #702 ) ;
#1880 = CARTESIAN_POINT ( 'NONE',  ( -0.1036354566005281558, 1.200787401574803237, 1.190333946959658551 ) ) ;
#1881 = VECTOR ( 'NONE', #7493, 39.37007874015748143 ) ;
#1882 = ADVANCED_FACE ( 'NONE', ( #8358 ), #2321, .F. ) ;
#1883 = ORIENTED_EDGE ( 'NONE', *, *, #1821, .F. ) ;
#1884 = DIRECTION ( 'NONE',  ( 0.000000000000000000, -1.000000000000000000, 0.000000000000000000 ) ) ;
#1885 = AXIS2_PLACEMENT_3D ( 'NONE', #3133, #2559, #1857 ) ;
#1886 = CIRCLE ( 'NONE', #3707, 0.08070866141732313537 ) ;
#1887 = ORIENTED_EDGE ( 'NONE', *, *, #8649, .T. ) ;
#1888 = AXIS2_PLACEMENT_3D ( 'NONE', #4194, #5658, #2117 ) ;
#1889 = DIRECTION ( 'NONE',  ( 0.000000000000000000, 0.000000000000000000, -1.000000000000000000 ) ) ;
#1890 = DIRECTION ( 'NONE',  ( -0.000000000000000000, -1.000000000000000000, -0.000000000000000000 ) ) ;
#1891 = AXIS2_PLACEMENT_3D ( 'NONE', #8039, #1127, #8626 ) ;
#1892 = CIRCLE ( 'NONE', #2735, 0.08070866141732351007 ) ;
#1893 = DIRECTION ( 'NONE',  ( 0.000000000000000000, 0.000000000000000000, -1.000000000000000000 ) ) ;
#1894 = ORIENTED_EDGE ( 'NONE', *, *, #6760, .F. ) ;
#1895 = ORIENTED_EDGE ( 'NONE', *, *, #1866, .F. ) ;
#1896 = ORIENTED_EDGE ( 'NONE', *, *, #3269, .T. ) ;
#1897 = CARTESIAN_POINT ( 'NONE',  ( 4.973816397265333755, 0.6791338582677166613, 2.553409678039802344 ) ) ;
#1898 = PRODUCT_DEFINITION_FORMATION_WITH_SPECIFIED_SOURCE ( 'ANY', '', #3030, .NOT_KNOWN. ) ;
#1899 = VECTOR ( 'NONE', #6305, 39.37007874015748854 ) ;
#1900 = DIRECTION ( 'NONE',  ( 0.9849106049563590703, 0.000000000000000000, -0.1730638617519519584 ) ) ;
#1901 = AXIS2_PLACEMENT_3D ( 'NONE', #7718, #392, #3005 ) ;
#1902 = CARTESIAN_POINT ( 'NONE',  ( 0.6240618355240054038, 15.67005943375638211, 5.087405579430358316 ) ) ;
#1903 = CARTESIAN_POINT ( 'NONE',  ( 0.6329382721209004803, 1.082677165354330784, 0.1766072592311553058 ) ) ;
#1904 = CYLINDRICAL_SURFACE ( 'NONE', #167, 0.08070866141732323251 ) ;
#1905 = ORIENTED_EDGE ( 'NONE', *, *, #5918, .T. ) ;
#1906 =( CONVERSION_BASED_UNIT ( 'INCH', #4510 ) LENGTH_UNIT ( ) NAMED_UNIT ( #7229 ) );
#1907 = DIRECTION ( 'NONE',  ( -0.000000000000000000, -1.000000000000000000, -0.000000000000000000 ) ) ;
#1908 = AXIS2_PLACEMENT_3D ( 'NONE', #4365, #2912, #1671 ) ;
#1909 = DIRECTION ( 'NONE',  ( 0.000000000000000000, 0.000000000000000000, -1.000000000000000000 ) ) ;
#1910 = EDGE_CURVE ( 'NONE', #3845, #8606, #1267, .T. ) ;
#1911 = EDGE_LOOP ( 'NONE', ( #3830, #6089, #6893, #3625 ) ) ;
#1912 = FACE_OUTER_BOUND ( 'NONE', #1690, .T. ) ;
#1913 = DIRECTION ( 'NONE',  ( 0.000000000000000000, 1.000000000000000000, 0.000000000000000000 ) ) ;
#1914 = ORIENTED_EDGE ( 'NONE', *, *, #7241, .F. ) ;
#1915 = DIRECTION ( 'NONE',  ( 0.000000000000000000, 0.000000000000000000, -1.000000000000000000 ) ) ;
#1916 = EDGE_LOOP ( 'NONE', ( #1361, #6015 ) ) ;
#1917 = DIRECTION ( 'NONE',  ( 0.000000000000000000, -1.000000000000000000, 0.000000000000000000 ) ) ;
#1918 = DIRECTION ( 'NONE',  ( -0.000000000000000000, -1.000000000000000000, -0.000000000000000000 ) ) ;
#1919 = VERTEX_POINT ( 'NONE', #2455 ) ;
#1920 = DIRECTION ( 'NONE',  ( 0.000000000000000000, 0.000000000000000000, -1.000000000000000000 ) ) ;
#1921 = DIRECTION ( 'NONE',  ( 0.000000000000000000, 0.000000000000000000, -1.000000000000000000 ) ) ;
#1922 = DIRECTION ( 'NONE',  ( 0.8660254037844432595, 0.000000000000000000, 0.4999999999999919509 ) ) ;
#1923 = EDGE_CURVE ( 'NONE', #7799, #3937, #1618, .T. ) ;
#1924 = ORIENTED_EDGE ( 'NONE', *, *, #3961, .T. ) ;
#1925 = DIRECTION ( 'NONE',  ( 0.000000000000000000, 0.000000000000000000, -1.000000000000000000 ) ) ;
#1926 = ORIENTED_EDGE ( 'NONE', *, *, #6529, .F. ) ;
#1927 = EDGE_CURVE ( 'NONE', #4067, #8685, #3072, .T. ) ;
#1928 = CARTESIAN_POINT ( 'NONE',  ( -0.0007207492543572252986, -7.874015748039371056E-05, 0.7588510808012565168 ) ) ;
#1929 = CARTESIAN_POINT ( 'NONE',  ( 2.263779527559056426, 1.200787401574803237, 0.2819855394721875186 ) ) ;
#1930 = ORIENTED_EDGE ( 'NONE', *, *, #5833, .F. ) ;
#1931 = DIRECTION ( 'NONE',  ( 0.8660254037844431485, -0.000000000000000000, 0.4999999999999919509 ) ) ;
#1932 = EDGE_CURVE ( 'NONE', #2213, #7118, #7501, .T. ) ;
#1933 = DIRECTION ( 'NONE',  ( 0.000000000000000000, 0.000000000000000000, -1.000000000000000000 ) ) ;
#1934 = VERTEX_POINT ( 'NONE', #951 ) ;
#1935 = ORIENTED_EDGE ( 'NONE', *, *, #7687, .T. ) ;
#1936 = ORIENTED_EDGE ( 'NONE', *, *, #4273, .T. ) ;
#1937 = DIRECTION ( 'NONE',  ( 0.000000000000000000, -1.000000000000000000, 0.000000000000000000 ) ) ;
#1938 = CARTESIAN_POINT ( 'NONE',  ( 1.870078740157481434, 1.200787401574803237, 0.2819855394721875186 ) ) ;
#1939 = EDGE_CURVE ( 'NONE', #6162, #6224, #1841, .T. ) ;
#1940 = EDGE_CURVE ( 'NONE', #3720, #8506, #1751, .T. ) ;
#1941 = CARTESIAN_POINT ( 'NONE',  ( -0.8382911273817988951, 1.200787401574803237, 1.675393320018278676 ) ) ;
#1942 = DIRECTION ( 'NONE',  ( -0.1730638617519517641, 0.000000000000000000, -0.9849106049563590703 ) ) ;
#1943 = DIRECTION ( 'NONE',  ( 0.9849106049563591814, 0.000000000000000000, -0.1730638617519519862 ) ) ;
#1944 = ORIENTED_EDGE ( 'NONE', *, *, #7400, .F. ) ;
#1945 = FILL_AREA_STYLE ('',( #431 ) ) ;
#1946 = DIRECTION ( 'NONE',  ( 0.000000000000000000, 0.000000000000000000, -1.000000000000000000 ) ) ;
#1947 = CARTESIAN_POINT ( 'NONE',  ( -1.107003873898755542, 1.200787401574803237, 1.514528502445722236 ) ) ;
#1948 = ORIENTED_EDGE ( 'NONE', *, *, #1571, .F. ) ;
#1949 = CIRCLE ( 'NONE', #3078, 0.08070866141732296883 ) ;
#1950 = DIRECTION ( 'NONE',  ( 0.8660254037844431485, -0.000000000000000000, 0.4999999999999918954 ) ) ;
#1951 = FACE_BOUND ( 'NONE', #4505, .T. ) ;
#1952 = EDGE_CURVE ( 'NONE', #2217, #5876, #7352, .T. ) ;
#1953 = ORIENTED_EDGE ( 'NONE', *, *, #23, .F. ) ;
#1954 = DIRECTION ( 'NONE',  ( 0.9345333927142727148, -0.000000000000000000, -0.3558754527948657653 ) ) ;
#1955 = EDGE_LOOP ( 'NONE', ( #7507, #6238, #5698, #7499 ) ) ;
#1956 = CYLINDRICAL_SURFACE ( 'NONE', #7966, 0.08070866141732323251 ) ;
#1957 = DIRECTION ( 'NONE',  ( 0.000000000000000000, -1.000000000000000000, 0.000000000000000000 ) ) ;
#1958 = ORIENTED_EDGE ( 'NONE', *, *, #4236, .F. ) ;
#1959 = CARTESIAN_POINT ( 'NONE',  ( 2.670957612213677113, 0.000000000000000000, 1.542078096405614662 ) ) ;
#1960 = VECTOR ( 'NONE', #2702, 39.37007874015748854 ) ;
#1961 = LINE ( 'NONE', #6616, #4517 ) ;
#1962 = CARTESIAN_POINT ( 'NONE',  ( 0.1564921679057784953, 1.377952755905512028, -0.9712710491145449820 ) ) ;
#1963 = ORIENTED_EDGE ( 'NONE', *, *, #1579, .T. ) ;
#1964 = DIRECTION ( 'NONE',  ( 0.1590695136534932552, 0.000000000000000000, -0.9872673851728522854 ) ) ;
#1965 = ORIENTED_EDGE ( 'NONE', *, *, #5002, .F. ) ;
#1966 = DIRECTION ( 'NONE',  ( 0.000000000000000000, 1.000000000000000000, 0.000000000000000000 ) ) ;
#1967 = CARTESIAN_POINT ( 'NONE',  ( 0.1108179022399747721, -7.874015748039371056E-05, 0.6750826585220208731 ) ) ;
#1968 = VERTEX_POINT ( 'NONE', #1126 ) ;
#1969 = DIRECTION ( 'NONE',  ( -0.000000000000000000, -1.000000000000000000, -0.000000000000000000 ) ) ;
#1970 = DIRECTION ( 'NONE',  ( 0.000000000000000000, 0.000000000000000000, -1.000000000000000000 ) ) ;
#1971 = VERTEX_POINT ( 'NONE', #406 ) ;
#1972 = CARTESIAN_POINT ( 'NONE',  ( 2.217819075456680888, 0.000000000000000000, 4.748196907455893623 ) ) ;
#1973 = EDGE_CURVE ( 'NONE', #4457, #3064, #6225, .T. ) ;
#1974 = AXIS2_PLACEMENT_3D ( 'NONE', #7951, #637, #1351 ) ;
#1975 = EDGE_LOOP ( 'NONE', ( #484, #7624, #3592, #2654 ) ) ;
#1976 = VERTEX_POINT ( 'NONE', #1655 ) ;
#1977 = LINE ( 'NONE', #7438, #3261 ) ;
#1978 = PLANE ( 'NONE',  #456 ) ;
#1979 = EDGE_CURVE ( 'NONE', #3893, #5407, #987, .T. ) ;
#1980 = VECTOR ( 'NONE', #8607, 39.37007874015748143 ) ;
#1981 = LINE ( 'NONE', #1367, #6908 ) ;
#1982 = CARTESIAN_POINT ( 'NONE',  ( 0.1845735227573075399, 1.200787401574803237, 2.265944501120631394 ) ) ;
#1983 = CARTESIAN_POINT ( 'NONE',  ( -0.8910370314036653028, 1.200787401574803237, 2.473444819061144440 ) ) ;
#1984 = EDGE_LOOP ( 'NONE', ( #8344, #6595, #6623, #1958 ) ) ;
#1985 = EDGE_CURVE ( 'NONE', #2219, #292, #1550, .T. ) ;
#1986 = EDGE_CURVE ( 'NONE', #7118, #6521, #8494, .T. ) ;
#1987 = DIRECTION ( 'NONE',  ( 0.000000000000000000, 1.000000000000000000, 0.000000000000000000 ) ) ;
#1988 = AXIS2_PLACEMENT_3D ( 'NONE', #6061, #6024, #8193 ) ;
#1989 = LINE ( 'NONE', #3978, #1054 ) ;
#1990 = ORIENTED_EDGE ( 'NONE', *, *, #7937, .T. ) ;
#1991 = VECTOR ( 'NONE', #5701, 39.37007874015748143 ) ;
#1992 = DIRECTION ( 'NONE',  ( 0.000000000000000000, 0.000000000000000000, -1.000000000000000000 ) ) ;
#1993 = CYLINDRICAL_SURFACE ( 'NONE', #6914, 0.08070866141732269128 ) ;
#1994 = ORIENTED_EDGE ( 'NONE', *, *, #6916, .T. ) ;
#1995 = FACE_OUTER_BOUND ( 'NONE', #7110, .T. ) ;
#1996 = ORIENTED_EDGE ( 'NONE', *, *, #6632, .F. ) ;
#1997 = CARTESIAN_POINT ( 'NONE',  ( -0.8382911273817988951, 1.200787401574803237, 1.594684658600955762 ) ) ;
#1998 = DIRECTION ( 'NONE',  ( -0.000000000000000000, -1.000000000000000000, -0.000000000000000000 ) ) ;
#1999 = VECTOR ( 'NONE', #8513, 39.37007874015748143 ) ;
#2000 = ORIENTED_EDGE ( 'NONE', *, *, #6638, .F. ) ;
#2001 = DIRECTION ( 'NONE',  ( 0.000000000000000000, -1.000000000000000000, 0.000000000000000000 ) ) ;
#2002 = DIRECTION ( 'NONE',  ( 0.000000000000000000, 0.000000000000000000, -1.000000000000000000 ) ) ;
#2003 = DIRECTION ( 'NONE',  ( 0.000000000000000000, -0.000000000000000000, -1.000000000000000000 ) ) ;
#2004 = CARTESIAN_POINT ( 'NONE',  ( 1.813644107891863255, -0.4493119067901626407, 4.088994751585894427 ) ) ;
#2005 = EDGE_LOOP ( 'NONE', ( #7859, #4069 ) ) ;
#2006 = DIRECTION ( 'NONE',  ( -0.000000000000000000, -1.000000000000000000, -0.000000000000000000 ) ) ;
#2007 = ORIENTED_EDGE ( 'NONE', *, *, #2898, .F. ) ;
#2008 = AXIS2_PLACEMENT_3D ( 'NONE', #7405, #4033, #7449 ) ;
#2009 = CARTESIAN_POINT ( 'NONE',  ( 1.063333683217495995, 1.200787401574803237, 2.318690405142497912 ) ) ;
#2010 = PLANE ( 'NONE',  #2302 ) ;
#2011 = ORIENTED_EDGE ( 'NONE', *, *, #6518, .F. ) ;
#2012 = EDGE_CURVE ( 'NONE', #5831, #3576, #989, .T. ) ;
#2013 = CARTESIAN_POINT ( 'NONE',  ( -0.4059776583450451226, 1.200787401574803237, 3.369517812677060853 ) ) ;
#2014 = AXIS2_PLACEMENT_3D ( 'NONE', #7135, #8515, #1720 ) ;
#2015 = AXIS2_PLACEMENT_3D ( 'NONE', #8688, #2605, #7127 ) ;
#2016 = LINE ( 'NONE', #1360, #7062 ) ;
#2017 = AXIS2_PLACEMENT_3D ( 'NONE', #5313, #8023, #3798 ) ;
#2018 = ORIENTED_EDGE ( 'NONE', *, *, #2089, .T. ) ;
#2019 = FACE_OUTER_BOUND ( 'NONE', #6077, .T. ) ;
#2020 = ORIENTED_EDGE ( 'NONE', *, *, #570, .T. ) ;
#2021 = ORIENTED_EDGE ( 'NONE', *, *, #3228, .T. ) ;
#2022 = DIRECTION ( 'NONE',  ( -0.000000000000000000, -1.000000000000000000, -0.000000000000000000 ) ) ;
#2023 = DIRECTION ( 'NONE',  ( 0.000000000000000000, -1.000000000000000000, 0.000000000000000000 ) ) ;
#2024 = AXIS2_PLACEMENT_3D ( 'NONE', #808, #5502, #8217 ) ;
#2025 = AXIS2_PLACEMENT_3D ( 'NONE', #1047, #8630, #1089 ) ;
#2026 = CIRCLE ( 'NONE', #1036, 0.07874015748031500117 ) ;
#2027 = EDGE_CURVE ( 'NONE', #5832, #2996, #8214, .T. ) ;
#2028 = DIRECTION ( 'NONE',  ( -0.8660254037844431485, 0.000000000000000000, -0.4999999999999918954 ) ) ;
#2029 = EDGE_CURVE ( 'NONE', #8560, #3624, #1132, .T. ) ;
#2030 = AXIS2_PLACEMENT_3D ( 'NONE', #8191, #2811, #4852 ) ;
#2031 = FACE_OUTER_BOUND ( 'NONE', #3588, .T. ) ;
#2032 = FACE_OUTER_BOUND ( 'NONE', #3279, .T. ) ;
#2033 = AXIS2_PLACEMENT_3D ( 'NONE', #804, #8255, #765 ) ;
#2034 = EDGE_LOOP ( 'NONE', ( #6228, #3953, #203, #4709 ) ) ;
#2035 = ADVANCED_FACE ( 'NONE', ( #8667 ), #1169, .T. ) ;
#2036 = CARTESIAN_POINT ( 'NONE',  ( -0.5500821480239632688, 1.200787401574803237, 2.670295212761928827 ) ) ;
#2037 = DIRECTION ( 'NONE',  ( 0.8660254037844431485, 0.000000000000000000, 0.4999999999999918954 ) ) ;
#2038 = CARTESIAN_POINT ( 'NONE',  ( 0.4341698204799581684, 1.200787401574803237, 0.9655207958634175469 ) ) ;
#2039 = AXIS2_PLACEMENT_3D ( 'NONE', #7956, #5297, #2544 ) ;
#2040 = VECTOR ( 'NONE', #8439, 39.37007874015748143 ) ;
#2041 = ADVANCED_FACE ( 'NONE', ( #5293 ), #6712, .F. ) ;
#2042 = CARTESIAN_POINT ( 'NONE',  ( 2.586893290927840372, 1.200787401574803237, -0.07258265197703119009 ) ) ;
#2043 = LINE ( 'NONE', #6122, #1960 ) ;
#2044 = ORIENTED_EDGE ( 'NONE', *, *, #2675, .F. ) ;
#2045 = CARTESIAN_POINT ( 'NONE',  ( 0.3814239164580918162, 1.200787401574803237, 1.924989617740929360 ) ) ;
#2046 = AXIS2_PLACEMENT_3D ( 'NONE', #1487, #5513, #685 ) ;
#2047 = ORIENTED_EDGE ( 'NONE', *, *, #7401, .T. ) ;
#2048 = ADVANCED_FACE ( 'NONE', ( #1217 ), #8625, .T. ) ;
#2049 = DIRECTION ( 'NONE',  ( 0.000000000000000000, -1.000000000000000000, 0.000000000000000000 ) ) ;
#2050 = CARTESIAN_POINT ( 'NONE',  ( -1.087887425104449246, 1.200787401574803237, 2.975817025275492078 ) ) ;
#2051 = EDGE_CURVE ( 'NONE', #5112, #1568, #3394, .T. ) ;
#2052 = EDGE_CURVE ( 'NONE', #8665, #775, #2817, .T. ) ;
#2053 = ORIENTED_EDGE ( 'NONE', *, *, #5064, .T. ) ;
#2054 = DIRECTION ( 'NONE',  ( -0.000000000000000000, -1.000000000000000000, -0.000000000000000000 ) ) ;
#2055 = DIRECTION ( 'NONE',  ( -0.000000000000000000, -1.000000000000000000, -0.000000000000000000 ) ) ;
#2056 = CARTESIAN_POINT ( 'NONE',  ( 20.27128345572430135, 0.5511811023622049666, 15.70416825830317542 ) ) ;
#2057 = DIRECTION ( 'NONE',  ( -0.000000000000000000, -1.000000000000000000, -0.000000000000000000 ) ) ;
#2058 = EDGE_CURVE ( 'NONE', #283, #809, #4046, .T. ) ;
#2059 = EDGE_LOOP ( 'NONE', ( #2554, #805, #8291, #8619 ) ) ;
#2060 = FACE_OUTER_BOUND ( 'NONE', #4585, .T. ) ;
#2061 = EDGE_LOOP ( 'NONE', ( #4973, #937 ) ) ;
#2062 = DIRECTION ( 'NONE',  ( 0.8660254037844433705, -0.000000000000000000, 0.4999999999999920619 ) ) ;
#2063 = DIRECTION ( 'NONE',  ( 0.4999999999999920064, 0.000000000000000000, -0.8660254037844433705 ) ) ;
#2064 = ORIENTED_EDGE ( 'NONE', *, *, #8375, .F. ) ;
#2065 = DIRECTION ( 'NONE',  ( 0.000000000000000000, -0.000000000000000000, -1.000000000000000000 ) ) ;
#2066 = CARTESIAN_POINT ( 'NONE',  ( 0.6329382721209004803, 1.348031496062992440, 0.1116466293098953427 ) ) ;
#2067 = ORIENTED_EDGE ( 'NONE', *, *, #5712, .T. ) ;
#2068 = DIRECTION ( 'NONE',  ( 0.000000000000000000, -0.000000000000000000, -1.000000000000000000 ) ) ;
#2069 = ORIENTED_EDGE ( 'NONE', *, *, #5929, .F. ) ;
#2070 = ORIENTED_EDGE ( 'NONE', *, *, #5833, .T. ) ;
#2071 = EDGE_CURVE ( 'NONE', #1535, #1252, #1961, .T. ) ;
#2072 = CARTESIAN_POINT ( 'NONE',  ( 4.970661790221152287, 0.000000000000000000, 2.165172830316669739 ) ) ;
#2073 = CARTESIAN_POINT ( 'NONE',  ( -0.4133858267716465362, 0.000000000000000000, 0.7160052550973737828 ) ) ;
#2074 = FACE_OUTER_BOUND ( 'NONE', #5445, .T. ) ;
#2075 = DIRECTION ( 'NONE',  ( 0.000000000000000000, 0.000000000000000000, -1.000000000000000000 ) ) ;
#2076 = FACE_OUTER_BOUND ( 'NONE', #1710, .T. ) ;
#2077 = VERTEX_POINT ( 'NONE', #2668 ) ;
#2078 = CARTESIAN_POINT ( 'NONE',  ( -0.7628631615223531170, 0.000000000000000000, -0.6213861265477605977 ) ) ;
#2079 = DIRECTION ( 'NONE',  ( 0.9849106049563590703, 0.000000000000000000, -0.1730638617519519584 ) ) ;
#2080 = CARTESIAN_POINT ( 'NONE',  ( -0.4318683767845830634, -7.874015748039371056E-05, 0.2814988661385020019 ) ) ;
#2081 = FACE_OUTER_BOUND ( 'NONE', #310, .T. ) ;
#2082 = DIRECTION ( 'NONE',  ( 0.000000000000000000, 1.000000000000000000, 0.000000000000000000 ) ) ;
#2083 = DIRECTION ( 'NONE',  ( -0.000000000000000000, -1.000000000000000000, -0.000000000000000000 ) ) ;
#2084 = EDGE_CURVE ( 'NONE', #5806, #3575, #8585, .T. ) ;
#2085 = VERTEX_POINT ( 'NONE', #7324 ) ;
#2086 = CYLINDRICAL_SURFACE ( 'NONE', #5268, 0.08070866141732296883 ) ;
#2087 = CARTESIAN_POINT ( 'NONE',  ( -0.5990270374703789980, 1.377952755905512028, 3.720345552874123385 ) ) ;
#2088 = ORIENTED_EDGE ( 'NONE', *, *, #1633, .T. ) ;
#2089 = EDGE_CURVE ( 'NONE', #5689, #24, #1879, .T. ) ;
#2090 = FACE_OUTER_BOUND ( 'NONE', #441, .T. ) ;
#2091 = LINE ( 'NONE', #7503, #7818 ) ;
#2092 = CARTESIAN_POINT ( 'NONE',  ( 1.404288566597198473, 1.200787401574803237, 2.434832137425958720 ) ) ;
#2093 = DIRECTION ( 'NONE',  ( -0.000000000000000000, -1.000000000000000000, -0.000000000000000000 ) ) ;
#2094 = ORIENTED_EDGE ( 'NONE', *, *, #1288, .T. ) ;
#2095 = DIRECTION ( 'NONE',  ( 0.7754638790607796262, 0.000000000000000000, 0.6313919323779869641 ) ) ;
#2096 = ORIENTED_EDGE ( 'NONE', *, *, #2319, .T. ) ;
#2097 = EDGE_CURVE ( 'NONE', #2708, #5965, #1255, .T. ) ;
#2098 = EDGE_CURVE ( 'NONE', #399, #1353, #6659, .T. ) ;
#2099 = DIRECTION ( 'NONE',  ( 0.000000000000000000, -1.000000000000000000, 0.000000000000000000 ) ) ;
#2100 = DIRECTION ( 'NONE',  ( 0.9345333927142726038, 0.000000000000000000, -0.3558754527948663759 ) ) ;
#2101 = ORIENTED_EDGE ( 'NONE', *, *, #8694, .F. ) ;
#2102 = AXIS2_PLACEMENT_3D ( 'NONE', #4959, #3014, #7673 ) ;
#2103 = CARTESIAN_POINT ( 'NONE',  ( 1.116079587239362514, 1.200787401574803237, 1.520638906099632148 ) ) ;
#2104 = CARTESIAN_POINT ( 'NONE',  ( -0.8910370314036653028, 1.200787401574803237, 2.634862141895789822 ) ) ;
#2105 = EDGE_CURVE ( 'NONE', #5960, #1568, #5910, .T. ) ;
#2106 = ORIENTED_EDGE ( 'NONE', *, *, #2313, .T. ) ;
#2107 = CYLINDRICAL_SURFACE ( 'NONE', #3858, 0.08070866141732323251 ) ;
#2108 = EDGE_LOOP ( 'NONE', ( #7174, #8410 ) ) ;
#2109 = CARTESIAN_POINT ( 'NONE',  ( 1.116079587239362514, 1.200787401574803237, 1.359221583264986766 ) ) ;
#2110 = DIRECTION ( 'NONE',  ( 0.000000000000000000, 0.000000000000000000, -1.000000000000000000 ) ) ;
#2111 = VECTOR ( 'NONE', #1311, 39.37007874015748854 ) ;
#2112 = DIRECTION ( 'NONE',  ( 0.000000000000000000, 0.000000000000000000, -1.000000000000000000 ) ) ;
#2113 = DIRECTION ( 'NONE',  ( 0.000000000000000000, 0.000000000000000000, -1.000000000000000000 ) ) ;
#2114 = CARTESIAN_POINT ( 'NONE',  ( 0.8664832895167117188, 1.200787401574803237, 2.659645288522199724 ) ) ;
#2115 = VERTEX_POINT ( 'NONE', #3164 ) ;
#2116 = DIRECTION ( 'NONE',  ( 0.000000000000000000, 0.000000000000000000, -1.000000000000000000 ) ) ;
#2117 = DIRECTION ( 'NONE',  ( 0.000000000000000000, 0.000000000000000000, -1.000000000000000000 ) ) ;
#2118 = VECTOR ( 'NONE', #1794, 39.37007874015748143 ) ;
#2119 = DIRECTION ( 'NONE',  ( 0.000000000000000000, -1.000000000000000000, 0.000000000000000000 ) ) ;
#2120 = EDGE_CURVE ( 'NONE', #217, #6001, #8720, .T. ) ;
#2121 = EDGE_LOOP ( 'NONE', ( #667, #1628, #7796, #4143 ) ) ;
#2122 = CARTESIAN_POINT ( 'NONE',  ( 0.000000000000000000, 0.000000000000000000, 0.000000000000000000 ) ) ;
#2123 = CARTESIAN_POINT ( 'NONE',  ( 0.3286780124362252420, 1.200787401574803237, 2.803749778201117593 ) ) ;
#2124 = VECTOR ( 'NONE', #5397, 39.37007874015748143 ) ;
#2125 = CARTESIAN_POINT ( 'NONE',  ( -0.3168295106876288791, -7.874015748039371056E-05, 0.2655313596039481916 ) ) ;
#2126 = ORIENTED_EDGE ( 'NONE', *, *, #4658, .F. ) ;
#2127 = DIRECTION ( 'NONE',  ( 0.4999999999999918954, -0.000000000000000000, -0.8660254037844431485 ) ) ;
#2128 = ORIENTED_EDGE ( 'NONE', *, *, #520, .T. ) ;
#2129 = AXIS2_PLACEMENT_3D ( 'NONE', #7840, #3259, #5968 ) ;
#2130 = EDGE_CURVE ( 'NONE', #7744, #5050, #5868, .T. ) ;
#2131 = CYLINDRICAL_SURFACE ( 'NONE', #5404, 0.08070866141732351007 ) ;
#2132 = CARTESIAN_POINT ( 'NONE',  ( 1.797989353998767026, 1.082677165354330784, 1.914339693501201145 ) ) ;
#2134 = EDGE_CURVE ( 'NONE', #1403, #2822, #7908, .T. ) ;
#2133 = CARTESIAN_POINT ( 'NONE',  ( 0.4727825021151431661, 1.200787401574803237, 3.422263716698926928 ) ) ;
#2135 = ORIENTED_EDGE ( 'NONE', *, *, #6965, .T. ) ;
#2136 = DIRECTION ( 'NONE',  ( 0.9345333927142726038, 0.000000000000000000, -0.3558754527948663759 ) ) ;
#2137 = ORIENTED_EDGE ( 'NONE', *, *, #6263, .T. ) ;
#2138 = AXIS2_PLACEMENT_3D ( 'NONE', #3089, #3837, #1772 ) ;
#2139 = EDGE_CURVE ( 'NONE', #6521, #4650, #2629, .T. ) ;
#2140 = LINE ( 'NONE', #2768, #7533 ) ;
#2141 = CARTESIAN_POINT ( 'NONE',  ( 3.103737657107884740, 0.000000000000000000, 5.792481070146972222 ) ) ;
#2142 = ORIENTED_EDGE ( 'NONE', *, *, #6964, .T. ) ;
#2143 = EDGE_CURVE ( 'NONE', #8635, #7519, #3868, .T. ) ;
#2144 = DIRECTION ( 'NONE',  ( -0.4999999999999918954, -0.000000000000000000, 0.8660254037844433705 ) ) ;
#2145 = EDGE_CURVE ( 'NONE', #240, #512, #4583, .T. ) ;
#2146 = FACE_OUTER_BOUND ( 'NONE', #1817, .T. ) ;
#2147 = ORIENTED_EDGE ( 'NONE', *, *, #788, .T. ) ;
#2148 = DIRECTION ( 'NONE',  ( 0.000000000000000000, 0.000000000000000000, -1.000000000000000000 ) ) ;
#2149 = CIRCLE ( 'NONE', #7817, 0.08070866141732309373 ) ;
#2150 = CIRCLE ( 'NONE', #589, 0.08070866141732351007 ) ;
#2151 = EDGE_LOOP ( 'NONE', ( #2404, #2901, #1948, #2617 ) ) ;
#2152 = ORIENTED_EDGE ( 'NONE', *, *, #2098, .F. ) ;
#2153 = CIRCLE ( 'NONE', #447, 0.08070866141732323251 ) ;
#2154 = LINE ( 'NONE', #72, #4388 ) ;
#2155 = DIRECTION ( 'NONE',  ( 0.8660254037844431485, 0.000000000000000000, 0.4999999999999918954 ) ) ;
#2156 = VECTOR ( 'NONE', #3263, 39.37007874015748143 ) ;
#2157 = VECTOR ( 'NONE', #4354, 39.37007874015748143 ) ;
#2158 = AXIS2_PLACEMENT_3D ( 'NONE', #6868, #8198, #3358 ) ;
#2159 = DIRECTION ( 'NONE',  ( 0.000000000000000000, -1.000000000000000000, 0.000000000000000000 ) ) ;
#2160 = CARTESIAN_POINT ( 'NONE',  ( -0.06502277496534306089, 1.200787401574803237, 3.404950883543199414 ) ) ;
#2161 = CARTESIAN_POINT ( 'NONE',  ( 0.3168295106876288791, 1.141732283464567121, -0.3816730918874130518 ) ) ;
#2162 = ORIENTED_EDGE ( 'NONE', *, *, #1282, .F. ) ;
#2163 = CIRCLE ( 'NONE', #55, 0.08070866141732313537 ) ;
#2164 = CARTESIAN_POINT ( 'NONE',  ( 1.867637783721611822, 1.200787401574803237, 0.2013137986985170380 ) ) ;
#2165 = VECTOR ( 'NONE', #4756, 39.37007874015748143 ) ;
#2166 = AXIS2_PLACEMENT_3D ( 'NONE', #7469, #1436, #5427 ) ;
#2167 = CARTESIAN_POINT ( 'NONE',  ( 0.5255284061370095738, 1.200787401574803237, 2.462794894821415781 ) ) ;
#2168 = VECTOR ( 'NONE', #6242, 39.37007874015748854 ) ;
#2169 = VECTOR ( 'NONE', #2481, 39.37007874015748143 ) ;
#2170 = AXIS2_PLACEMENT_3D ( 'NONE', #8223, #3480, #6184 ) ;
#2171 = ORIENTED_EDGE ( 'NONE', *, *, #8196, .F. ) ;
#2172 = DIRECTION ( 'NONE',  ( 0.000000000000000000, 0.000000000000000000, -1.000000000000000000 ) ) ;
#2173 = DIRECTION ( 'NONE',  ( 0.000000000000000000, 0.000000000000000000, -1.000000000000000000 ) ) ;
#2174 = FACE_OUTER_BOUND ( 'NONE', #5745, .T. ) ;
#2175 = ORIENTED_EDGE ( 'NONE', *, *, #2071, .F. ) ;
#2176 = EDGE_CURVE ( 'NONE', #5354, #7794, #130, .T. ) ;
#2177 = VECTOR ( 'NONE', #6662, 39.37007874015748143 ) ;
#2178 = AXIS2_PLACEMENT_3D ( 'NONE', #3636, #2218, #6341 ) ;
#2179 = DIRECTION ( 'NONE',  ( 0.000000000000000000, 0.000000000000000000, -1.000000000000000000 ) ) ;
#2180 = ORIENTED_EDGE ( 'NONE', *, *, #3975, .T. ) ;
#2181 = DIRECTION ( 'NONE',  ( 0.7754638790607795151, 0.000000000000000000, 0.6313919323779871862 ) ) ;
#2182 = VECTOR ( 'NONE', #3989, 39.37007874015748143 ) ;
#2183 = VECTOR ( 'NONE', #5357, 39.37007874015748854 ) ;
#2184 = CARTESIAN_POINT ( 'NONE',  ( 4.921259842519685179, 1.377952755905512028, 2.841290694830833630 ) ) ;
#2185 = CARTESIAN_POINT ( 'NONE',  ( 0.6889763779527567911, 1.200787401574803237, -0.5054160353309620213 ) ) ;
#2186 = ORIENTED_EDGE ( 'NONE', *, *, #2677, .F. ) ;
#2187 = PLANE ( 'NONE',  #3865 ) ;
#2188 = ORIENTED_EDGE ( 'NONE', *, *, #135, .F. ) ;
#2189 = CARTESIAN_POINT ( 'NONE',  ( -0.4059776583450451226, 1.082677165354330784, 3.288809151259737718 ) ) ;
#2190 = EDGE_CURVE ( 'NONE', #5061, #8455, #5087, .T. ) ;
#2191 = DIRECTION ( 'NONE',  ( 0.8660254037844432595, 0.000000000000000000, 0.4999999999999919509 ) ) ;
#2192 = VERTEX_POINT ( 'NONE', #2132 ) ;
#2193 = AXIS2_PLACEMENT_3D ( 'NONE', #6017, #1264, #594 ) ;
#2194 = EDGE_CURVE ( 'NONE', #3857, #1094, #8262, .T. ) ;
#2195 = PLANE ( 'NONE',  #4739 ) ;
#2196 = CARTESIAN_POINT ( 'NONE',  ( 0.2373194267791739476, 1.200787401574803237, 1.387184340660442716 ) ) ;
#2197 = ORIENTED_EDGE ( 'NONE', *, *, #8780, .T. ) ;
#2198 = CARTESIAN_POINT ( 'NONE',  ( -1.035141521082583171, 1.200787401574803237, 2.016348203397980487 ) ) ;
#2199 = ORIENTED_EDGE ( 'NONE', *, *, #7580, .T. ) ;
#2200 = FACE_OUTER_BOUND ( 'NONE', #2543, .T. ) ;
#2201 = CARTESIAN_POINT ( 'NONE',  ( 0.6168869917940612568, 1.082677165354330784, 3.798651670944765968 ) ) ;
#2202 = EDGE_CURVE ( 'NONE', #1403, #2459, #7593, .T. ) ;
#2203 = DIRECTION ( 'NONE',  ( 0.000000000000000000, -1.000000000000000000, 0.000000000000000000 ) ) ;
#2204 = CARTESIAN_POINT ( 'NONE',  ( 3.202162853958276489, 0.6791338582677166613, 5.622003628457121316 ) ) ;
#2205 = ORIENTED_EDGE ( 'NONE', *, *, #2058, .F. ) ;
#2206 = EDGE_LOOP ( 'NONE', ( #3180, #7835 ) ) ;
#2207 = ORIENTED_EDGE ( 'NONE', *, *, #3363, .F. ) ;
#2208 = EDGE_CURVE ( 'NONE', #8349, #5882, #3518, .T. ) ;
#2209 = CARTESIAN_POINT ( 'NONE',  ( 0.9719750975604446452, 1.200787401574803237, 0.9828336290191457270 ) ) ;
#2210 = CARTESIAN_POINT ( 'NONE',  ( 20.27128345572429424, 0.5511811023622049666, 15.70416825830317187 ) ) ;
#2211 = CARTESIAN_POINT ( 'NONE',  ( 20.27561416438571484, 0.8464566929133860995, 15.69666725086881875 ) ) ;
#2212 = ADVANCED_FACE ( 'NONE', ( #8305 ), #6837, .F. ) ;
#2213 = VERTEX_POINT ( 'NONE', #4916 ) ;
#2214 = CARTESIAN_POINT ( 'NONE',  ( 1.260184076918280160, 1.200787401574803237, 1.977735521762795656 ) ) ;
#2215 = DIRECTION ( 'NONE',  ( -0.9849106049563591814, -0.000000000000000000, 0.1730638617519519307 ) ) ;
#2216 = DIRECTION ( 'NONE',  ( -0.6423330032324087169, 0.000000000000000000, -0.7664256734729300025 ) ) ;
#2217 = VERTEX_POINT ( 'NONE', #1514 ) ;
#2218 = DIRECTION ( 'NONE',  ( 0.000000000000000000, -1.000000000000000000, 0.000000000000000000 ) ) ;
#2219 = VERTEX_POINT ( 'NONE', #2837 ) ;
#2220 = EDGE_CURVE ( 'NONE', #953, #1115, #4791, .T. ) ;
#2221 = FACE_OUTER_BOUND ( 'NONE', #3603, .T. ) ;
#2222 = LINE ( 'NONE', #6135, #5927 ) ;
#2223 = LINE ( 'NONE', #941, #330 ) ;
#2224 = ORIENTED_EDGE ( 'NONE', *, *, #8014, .F. ) ;
#2225 = CARTESIAN_POINT ( 'NONE',  ( 1.063333683217495995, 1.200787401574803237, 2.318690405142497912 ) ) ;
#2226 = ORIENTED_EDGE ( 'NONE', *, *, #6251, .F. ) ;
#2227 = DIRECTION ( 'NONE',  ( 0.000000000000000000, 0.000000000000000000, 1.000000000000000000 ) ) ;
#2228 = DIRECTION ( 'NONE',  ( 0.4999999999999918954, 0.000000000000000000, -0.8660254037844431485 ) ) ;
#2229 = ORIENTED_EDGE ( 'NONE', *, *, #5729, .T. ) ;
#2230 = DIRECTION ( 'NONE',  ( 0.000000000000000000, -0.000000000000000000, -1.000000000000000000 ) ) ;
#2231 = CARTESIAN_POINT ( 'NONE',  ( 0.0003886879469183625421, 1.082677165354330784, 6.262579277695243371E-05 ) ) ;
#2232 = ORIENTED_EDGE ( 'NONE', *, *, #8706, .F. ) ;
#2233 = CARTESIAN_POINT ( 'NONE',  ( 1.994839747699551191, 1.200787401574803237, 1.573384810121499111 ) ) ;
#2234 = ORIENTED_EDGE ( 'NONE', *, *, #7236, .T. ) ;
#2235 = DIRECTION ( 'NONE',  ( 0.000000000000000000, -1.000000000000000000, 0.000000000000000000 ) ) ;
#2236 = EDGE_CURVE ( 'NONE', #3256, #7197, #5639, .T. ) ;
#2237 = CARTESIAN_POINT ( 'NONE',  ( -0.8411454024935588469, 1.082677165354330784, -0.1355261928997038845 ) ) ;
#2238 = DIRECTION ( 'NONE',  ( 0.000000000000000000, 0.000000000000000000, -1.000000000000000000 ) ) ;
#2239 = ORIENTED_EDGE ( 'NONE', *, *, #251, .F. ) ;
#2240 = VECTOR ( 'NONE', #7492, 39.37007874015748143 ) ;
#2241 = EDGE_LOOP ( 'NONE', ( #388, #8218, #5954, #1139 ) ) ;
#2242 = ORIENTED_EDGE ( 'NONE', *, *, #5938, .F. ) ;
#2243 = PLANE ( 'NONE',  #8365 ) ;
#2244 = DIRECTION ( 'NONE',  ( -0.000000000000000000, -1.000000000000000000, -0.000000000000000000 ) ) ;
#2245 = LINE ( 'NONE', #1632, #6021 ) ;
#2246 = ADVANCED_FACE ( 'NONE', ( #3549 ), #5418, .F. ) ;
#2247 = VECTOR ( 'NONE', #3697, 39.37007874015748143 ) ;
#2248 = CARTESIAN_POINT ( 'NONE',  ( 0.7047911684689048828, 1.200787401574803237, -0.5248394681803446593 ) ) ;
#2249 = ORIENTED_EDGE ( 'NONE', *, *, #6306, .F. ) ;
#2250 = EDGE_CURVE ( 'NONE', #3893, #4093, #93, .T. ) ;
#2251 = DIRECTION ( 'NONE',  ( 0.000000000000000000, 1.000000000000000000, 0.000000000000000000 ) ) ;
#2252 = EDGE_CURVE ( 'NONE', #4089, #6942, #5464, .T. ) ;
#2253 = CARTESIAN_POINT ( 'NONE',  ( 3.051181102362205966, 1.200787401574803237, -0.1924239093467102202 ) ) ;
#2254 = DIRECTION ( 'NONE',  ( 0.000000000000000000, 0.000000000000000000, -1.000000000000000000 ) ) ;
#2255 = VERTEX_POINT ( 'NONE', #8216 ) ;
#2256 = DIRECTION ( 'NONE',  ( 0.000000000000000000, -1.000000000000000000, 0.000000000000000000 ) ) ;
#2257 = AXIS2_PLACEMENT_3D ( 'NONE', #4866, #831, #6905 ) ;
#2258 = LINE ( 'NONE', #2921, #8680 ) ;
#2259 = DIRECTION ( 'NONE',  ( 0.000000000000000000, 0.000000000000000000, -1.000000000000000000 ) ) ;
#2260 = DIRECTION ( 'NONE',  ( 0.9345333927142731589, 0.000000000000000000, -0.3558754527948649882 ) ) ;
#2261 = ORIENTED_EDGE ( 'NONE', *, *, #6011, .T. ) ;
#2262 = CARTESIAN_POINT ( 'NONE',  ( -0.1563813606223946606, 1.082677165354330784, 2.069094107419847006 ) ) ;
#2263 = VERTEX_POINT ( 'NONE', #8138 ) ;
#2264 = DIRECTION ( 'NONE',  ( 0.000000000000000000, 0.000000000000000000, -1.000000000000000000 ) ) ;
#2265 = CARTESIAN_POINT ( 'NONE',  ( 0.7223787998377938502, 1.082677165354330784, 2.121840011441713525 ) ) ;
#2266 = CIRCLE ( 'NONE', #7371, 0.08070866141732255250 ) ;
#2267 = ORIENTED_EDGE ( 'NONE', *, *, #6325, .T. ) ;
#2268 = PLANE ( 'NONE',  #6824 ) ;
#2269 = CARTESIAN_POINT ( 'NONE',  ( 4.934446318525177233, 0.6791338582677166613, 2.621600654715742884 ) ) ;
#2270 = AXIS2_PLACEMENT_3D ( 'NONE', #7460, #4082, #877 ) ;
#2271 = VERTEX_POINT ( 'NONE', #178 ) ;
#2272 = DIRECTION ( 'NONE',  ( 0.000000000000000000, -1.000000000000000000, 0.000000000000000000 ) ) ;
#2273 = ORIENTED_EDGE ( 'NONE', *, *, #354, .T. ) ;
#2274 = CYLINDRICAL_SURFACE ( 'NONE', #6275, 0.08070866141732323251 ) ;
#2275 = EDGE_CURVE ( 'NONE', #52, #325, #6793, .T. ) ;
#2276 = LINE ( 'NONE', #2080, #6865 ) ;
#2277 = CARTESIAN_POINT ( 'NONE',  ( 2.779035979472865847, -2.687063600325503698E-16, 1.945432054215977979 ) ) ;
#2279 = AXIS2_PLACEMENT_3D ( 'NONE', #2009, #8143, #2264 ) ;
#2278 = CARTESIAN_POINT ( 'NONE',  ( 0.7642875483748718946, 1.200787401574803237, -0.4763968065778187988 ) ) ;
#2280 = VERTEX_POINT ( 'NONE', #5593 ) ;
#2281 = ORIENTED_EDGE ( 'NONE', *, *, #8288, .T. ) ;
#2282 = ORIENTED_EDGE ( 'NONE', *, *, #5348, .F. ) ;
#2283 = DIRECTION ( 'NONE',  ( 0.000000000000000000, 0.000000000000000000, -1.000000000000000000 ) ) ;
#2284 = LINE ( 'NONE', #2786, #750 ) ;
#2285 = CARTESIAN_POINT ( 'NONE',  ( 1.818242204512186211, 1.200787401574803237, 0.2201239067741237732 ) ) ;
#2286 = AXIS2_PLACEMENT_3D ( 'NONE', #368, #3071, #1084 ) ;
#2287 = CARTESIAN_POINT ( 'NONE',  ( -0.1036354566005281558, 1.082677165354330784, 1.190333946959658551 ) ) ;
#2288 = ORIENTED_EDGE ( 'NONE', *, *, #5269, .T. ) ;
#2289 = EDGE_CURVE ( 'NONE', #6765, #3347, #2222, .T. ) ;
#2290 = DIRECTION ( 'NONE',  ( -0.4999999999999918954, 0.000000000000000000, 0.8660254037844432595 ) ) ;
#2291 = AXIS2_PLACEMENT_3D ( 'NONE', #4999, #249, #3713 ) ;
#2292 = AXIS2_PLACEMENT_3D ( 'NONE', #8194, #3489, #5440 ) ;
#2293 = CARTESIAN_POINT ( 'NONE',  ( -0.8382911273817988951, 1.200787401574803237, 1.675393320018278676 ) ) ;
#2294 = EDGE_CURVE ( 'NONE', #8638, #2471, #807, .T. ) ;
#2295 = AXIS2_PLACEMENT_3D ( 'NONE', #2447, #1120, #5151 ) ;
#2296 = CARTESIAN_POINT ( 'NONE',  ( -0.3532317543231789370, 1.200787401574803237, 2.410048990799548818 ) ) ;
#2297 = VERTEX_POINT ( 'NONE', #2092 ) ;
#2298 = DIRECTION ( 'NONE',  ( -0.000000000000000000, -1.000000000000000000, -0.000000000000000000 ) ) ;
#2299 = VECTOR ( 'NONE', #1527, 39.37007874015748854 ) ;
#2300 = EDGE_CURVE ( 'NONE', #6289, #2362, #3474, .T. ) ;
#2301 = AXIS2_PLACEMENT_3D ( 'NONE', #539, #1837, #4620 ) ;
#2302 = AXIS2_PLACEMENT_3D ( 'NONE', #3299, #6091, #2100 ) ;
#2303 = VECTOR ( 'NONE', #7446, 39.37007874015748854 ) ;
#2304 = DIRECTION ( 'NONE',  ( -0.000000000000000000, -1.000000000000000000, -0.000000000000000000 ) ) ;
#2305 = DIRECTION ( 'NONE',  ( 0.000000000000000000, -1.000000000000000000, 0.000000000000000000 ) ) ;
#2306 = CYLINDRICAL_SURFACE ( 'NONE', #6567, 0.08070866141732309373 ) ;
#2307 = ORIENTED_EDGE ( 'NONE', *, *, #5819, .T. ) ;
#2308 = DIRECTION ( 'NONE',  ( 0.000000000000000000, -1.000000000000000000, 0.000000000000000000 ) ) ;
#2309 = CIRCLE ( 'NONE', #2039, 0.08070866141732323251 ) ;
#2310 = AXIS2_PLACEMENT_3D ( 'NONE', #6486, #5195, #1873 ) ;
#2311 = EDGE_LOOP ( 'NONE', ( #77, #2759 ) ) ;
#2312 = ADVANCED_FACE ( 'NONE', ( #7504 ), #6085, .F. ) ;
#2313 = EDGE_CURVE ( 'NONE', #2372, #7037, #3794, .T. ) ;
#2314 = DIRECTION ( 'NONE',  ( 0.000000000000000000, 0.000000000000000000, -1.000000000000000000 ) ) ;
#2315 = DIRECTION ( 'NONE',  ( 0.000000000000000000, -1.000000000000000000, 0.000000000000000000 ) ) ;
#2316 = ORIENTED_EDGE ( 'NONE', *, *, #7495, .T. ) ;
#2317 = VECTOR ( 'NONE', #3017, 39.37007874015748143 ) ;
#2318 = VECTOR ( 'NONE', #5184, 39.37007874015748143 ) ;
#2319 = EDGE_CURVE ( 'NONE', #3937, #6150, #395, .T. ) ;
#2320 = DIRECTION ( 'NONE',  ( -0.1730638617519519584, 0.000000000000000000, -0.9849106049563591814 ) ) ;
#2321 = CYLINDRICAL_SURFACE ( 'NONE', #3528, 0.08070866141732309373 ) ;
#2322 = VERTEX_POINT ( 'NONE', #3677 ) ;
#2323 = CARTESIAN_POINT ( 'NONE',  ( 2.263779527559056426, 1.200787401574803237, 0.2819855394721875186 ) ) ;
#2324 = EDGE_LOOP ( 'NONE', ( #8150, #3292, #411, #2070 ) ) ;
#2325 = AXIS2_PLACEMENT_3D ( 'NONE', #8591, #5917, #2464 ) ;
#2326 = CARTESIAN_POINT ( 'NONE',  ( -0.06502277496534306089, 1.082677165354330784, 3.404950883543199414 ) ) ;
#2327 = CARTESIAN_POINT ( 'NONE',  ( 1.207438172896414086, 1.200787401574803237, 2.856495682222984112 ) ) ;
#2328 = FACE_OUTER_BOUND ( 'NONE', #1792, .T. ) ;
#2329 = EDGE_CURVE ( 'NONE', #7380, #4473, #7765, .T. ) ;
#2330 = CARTESIAN_POINT ( 'NONE',  ( 0.9386741476467745926, 15.67005943375638211, 4.542481070146993538 ) ) ;
#2331 = EDGE_LOOP ( 'NONE', ( #4559, #5485, #5595, #105 ) ) ;
#2332 = VERTEX_POINT ( 'NONE', #4250 ) ;
#2333 = ORIENTED_EDGE ( 'NONE', *, *, #2194, .F. ) ;
#2334 = DIRECTION ( 'NONE',  ( 0.9849106049563591814, 0.000000000000000000, -0.1730638617519519584 ) ) ;
#2335 = DIRECTION ( 'NONE',  ( 0.000000000000000000, 1.000000000000000000, 0.000000000000000000 ) ) ;
#2336 = DIRECTION ( 'NONE',  ( -0.000000000000000000, -1.000000000000000000, -0.000000000000000000 ) ) ;
#2337 = ORIENTED_EDGE ( 'NONE', *, *, #6476, .F. ) ;
#2338 = CARTESIAN_POINT ( 'NONE',  ( 0.6310202141807423892, 1.200787401574803237, 0.6245659124837157350 ) ) ;
#2339 = EDGE_LOOP ( 'NONE', ( #1752, #8763, #8269, #6281 ) ) ;
#2340 = FACE_OUTER_BOUND ( 'NONE', #1395, .T. ) ;
#2341 = CARTESIAN_POINT ( 'NONE',  ( -1.179246010761500818, 1.200787401574803237, 1.478542926317494288 ) ) ;
#2342 = PLANE ( 'NONE',  #8710 ) ;
#2343 = EDGE_LOOP ( 'NONE', ( #329, #1083 ) ) ;
#2344 = CARTESIAN_POINT ( 'NONE',  ( -7.667949559079076494, 0.8858267716535439540, 1.822428943065793172 ) ) ;
#2345 = ORIENTED_EDGE ( 'NONE', *, *, #6904, .F. ) ;
#2346 = CARTESIAN_POINT ( 'NONE',  ( -0.8832170169156220441, 1.200787401574803237, 0.1255919296523553552 ) ) ;
#2347 = EDGE_CURVE ( 'NONE', #8032, #3551, #7488, .T. ) ;
#2348 = CARTESIAN_POINT ( 'NONE',  ( 4.547192918905144765, 0.8858267716535439540, -0.5038381027870499906 ) ) ;
#2349 = CARTESIAN_POINT ( 'NONE',  ( 2.545329045470149154, 1.181102362204724532, 3.106129849800883580 ) ) ;
#2350 = VERTEX_POINT ( 'NONE', #6387 ) ;
#2351 = DIRECTION ( 'NONE',  ( 0.000000000000000000, 1.000000000000000000, 0.000000000000000000 ) ) ;
#2352 = ORIENTED_EDGE ( 'NONE', *, *, #3271, .F. ) ;
#2353 = DIRECTION ( 'NONE',  ( 0.4999999999999918954, 0.000000000000000000, -0.8660254037844431485 ) ) ;
#2354 = FACE_OUTER_BOUND ( 'NONE', #7910, .T. ) ;
#2355 = FACE_OUTER_BOUND ( 'NONE', #3772, .T. ) ;
#2356 = ADVANCED_FACE ( 'NONE', ( #2438 ), #6441, .F. ) ;
#2357 = ORIENTED_EDGE ( 'NONE', *, *, #5237, .T. ) ;
#2358 = PLANE ( 'NONE',  #4264 ) ;
#2359 = DIRECTION ( 'NONE',  ( -0.1730638617519516809, 0.000000000000000000, -0.9849106049563590703 ) ) ;
#2360 = ADVANCED_FACE ( 'NONE', ( #7046 ), #2965, .F. ) ;
#2361 = EDGE_CURVE ( 'NONE', #498, #3090, #6495, .T. ) ;
#2362 = VERTEX_POINT ( 'NONE', #4337 ) ;
#2363 = DIRECTION ( 'NONE',  ( -0.7754638790607945031, 0.000000000000000000, -0.6313919323779687565 ) ) ;
#2364 = ORIENTED_EDGE ( 'NONE', *, *, #4802, .F. ) ;
#2365 = DIRECTION ( 'NONE',  ( 0.4999999999999918954, 0.000000000000000000, -0.8660254037844431485 ) ) ;
#2366 = CARTESIAN_POINT ( 'NONE',  ( -0.06502277496534306089, 1.082677165354330784, 3.485659544960522105 ) ) ;
#2367 = EDGE_CURVE ( 'NONE', #3918, #773, #2377, .T. ) ;
#2368 = CIRCLE ( 'NONE', #8252, 0.08070866141732313537 ) ;
#2369 = DIRECTION ( 'NONE',  ( -0.000000000000000000, 1.000000000000000000, 0.000000000000000000 ) ) ;
#2370 = ORIENTED_EDGE ( 'NONE', *, *, #3201, .F. ) ;
#2371 = ORIENTED_EDGE ( 'NONE', *, *, #1004, .T. ) ;
#2372 = VERTEX_POINT ( 'NONE', #4299 ) ;
#2373 = CARTESIAN_POINT ( 'NONE',  ( -0.2091272646442610683, 1.200787401574803237, 3.028562929297358153 ) ) ;
#2374 = FACE_OUTER_BOUND ( 'NONE', #2790, .T. ) ;
#2375 = DIRECTION ( 'NONE',  ( 0.000000000000000000, 1.000000000000000000, 0.000000000000000000 ) ) ;
#2376 = ORIENTED_EDGE ( 'NONE', *, *, #8468, .F. ) ;
#2377 = CIRCLE ( 'NONE', #6630, 0.08070866141732351007 ) ;
#2378 = CYLINDRICAL_SURFACE ( 'NONE', #7089, 0.08070866141732323251 ) ;
#2379 = ORIENTED_EDGE ( 'NONE', *, *, #6430, .F. ) ;
#2380 = FACE_OUTER_BOUND ( 'NONE', #6221, .T. ) ;
#2381 = DIRECTION ( 'NONE',  ( 0.000000000000000000, -1.000000000000000000, 0.000000000000000000 ) ) ;
#2382 = VERTEX_POINT ( 'NONE', #7862 ) ;
#2383 = ORIENTED_EDGE ( 'NONE', *, *, #4071, .T. ) ;
#2384 = AXIS2_PLACEMENT_3D ( 'NONE', #7250, #4721, #647 ) ;
#2385 = DIRECTION ( 'NONE',  ( 0.000000000000000000, -1.000000000000000000, 0.000000000000000000 ) ) ;
#2386 = EDGE_CURVE ( 'NONE', #1099, #1919, #8341, .T. ) ;
#2387 = VERTEX_POINT ( 'NONE', #939 ) ;
#2388 = DIRECTION ( 'NONE',  ( 0.000000000000000000, -0.000000000000000000, -1.000000000000000000 ) ) ;
#2389 = AXIS2_PLACEMENT_3D ( 'NONE', #7821, #3031, #2359 ) ;
#2390 = CARTESIAN_POINT ( 'NONE',  ( 1.056267072024155595, 1.181102362204724532, 3.905733284373022585 ) ) ;
#2391 = CARTESIAN_POINT ( 'NONE',  ( 1.601138960297982639, 1.200787401574803237, 2.093877254046256908 ) ) ;
#2392 = ORIENTED_EDGE ( 'NONE', *, *, #7646, .F. ) ;
#2393 = CARTESIAN_POINT ( 'NONE',  ( 2.263779527559056426, 1.200787401574803237, 0.3626942008895106540 ) ) ;
#2394 = VERTEX_POINT ( 'NONE', #5631 ) ;
#2395 = DIRECTION ( 'NONE',  ( 0.8660254037844433705, -0.000000000000000000, 0.4999999999999920064 ) ) ;
#2396 = CARTESIAN_POINT ( 'NONE',  ( 0.5255284061370095738, 1.200787401574803237, 2.462794894821415781 ) ) ;
#2397 = LINE ( 'NONE', #5101, #5430 ) ;
#2398 = ORIENTED_EDGE ( 'NONE', *, *, #3482, .T. ) ;
#2399 = VECTOR ( 'NONE', #5198, 39.37007874015748143 ) ;
#2400 = ADVANCED_FACE ( 'NONE', ( #260 ), #1686, .T. ) ;
#2401 = FACE_OUTER_BOUND ( 'NONE', #8325, .T. ) ;
#2402 = CARTESIAN_POINT ( 'NONE',  ( 0.09321493710025607893, 1.200787401574803237, 0.8493790635799562949 ) ) ;
#2403 = EDGE_CURVE ( 'NONE', #6264, #2588, #5214, .T. ) ;
#2404 = ORIENTED_EDGE ( 'NONE', *, *, #8663, .F. ) ;
#2405 = CARTESIAN_POINT ( 'NONE',  ( -0.5002542195104198175, 1.200787401574803237, 1.791587818418663991 ) ) ;
#2406 = EDGE_LOOP ( 'NONE', ( #803, #6022, #1944, #1389 ) ) ;
#2407 = AXIS2_PLACEMENT_3D ( 'NONE', #3894, #5182, #6562 ) ;
#2408 = CARTESIAN_POINT ( 'NONE',  ( 0.1318276187354409656, 1.082677165354330784, 3.144704661580819849 ) ) ;
#2409 = DIRECTION ( 'NONE',  ( 0.000000000000000000, 1.000000000000000000, 0.000000000000000000 ) ) ;
#2410 = EDGE_CURVE ( 'NONE', #3098, #8127, #306, .T. ) ;
#2411 = EDGE_CURVE ( 'NONE', #2807, #4775, #5805, .T. ) ;
#2412 = AXIS2_PLACEMENT_3D ( 'NONE', #6332, #872, #243 ) ;
#2413 = CARTESIAN_POINT ( 'NONE',  ( -2.997491810147775659, 1.082677165354331228, -4.373379055423905371 ) ) ;
#2414 = ORIENTED_EDGE ( 'NONE', *, *, #5006, .F. ) ;
#2415 = ORIENTED_EDGE ( 'NONE', *, *, #2514, .T. ) ;
#2416 = EDGE_LOOP ( 'NONE', ( #6822, #8447, #1092, #1610 ) ) ;
#2417 = DIRECTION ( 'NONE',  ( 0.4999999999999918954, 0.000000000000000000, -0.8660254037844431485 ) ) ;
#2418 = DIRECTION ( 'NONE',  ( 0.000000000000000000, 0.000000000000000000, -1.000000000000000000 ) ) ;
#2419 = CARTESIAN_POINT ( 'NONE',  ( 1.312929980940146901, 1.082677165354330784, 1.098975361302606979 ) ) ;
#2420 = AXIS2_PLACEMENT_3D ( 'NONE', #3065, #1030, #6446 ) ;
#2421 = ORIENTED_EDGE ( 'NONE', *, *, #3140, .T. ) ;
#2422 = CARTESIAN_POINT ( 'NONE',  ( 2.263779527559056426, 1.200787401574803237, 0.2012768780548643832 ) ) ;
#2423 = ORIENTED_EDGE ( 'NONE', *, *, #1748, .T. ) ;
#2424 = FACE_OUTER_BOUND ( 'NONE', #3404, .T. ) ;
#2425 = LINE ( 'NONE', #561, #2727 ) ;
#2426 = CARTESIAN_POINT ( 'NONE',  ( 4.836021121674786372, 0.000000000000000000, 2.792078096405593790 ) ) ;
#2427 = ORIENTED_EDGE ( 'NONE', *, *, #7675, .F. ) ;
#2428 = DIRECTION ( 'NONE',  ( 0.000000000000000000, 1.000000000000000000, 0.000000000000000000 ) ) ;
#2429 = AXIS2_PLACEMENT_3D ( 'NONE', #7860, #3229, #6606 ) ;
#2430 = AXIS2_PLACEMENT_3D ( 'NONE', #4876, #4832, #1297 ) ;
#2431 = ORIENTED_EDGE ( 'NONE', *, *, #3597, .T. ) ;
#2432 = DIRECTION ( 'NONE',  ( -0.000000000000000000, -1.000000000000000000, -0.000000000000000000 ) ) ;
#2433 = VERTEX_POINT ( 'NONE', #5047 ) ;
#2434 = AXIS2_PLACEMENT_3D ( 'NONE', #7888, #3891, #7216 ) ;
#2435 = AXIS2_PLACEMENT_3D ( 'NONE', #6810, #5347, #4636 ) ;
#2436 = AXIS2_PLACEMENT_3D ( 'NONE', #611, #7979, #8644 ) ;
#2437 = DIRECTION ( 'NONE',  ( 0.000000000000000000, 1.000000000000000000, 0.000000000000000000 ) ) ;
#2438 = FACE_OUTER_BOUND ( 'NONE', #4015, .T. ) ;
#2439 = EDGE_LOOP ( 'NONE', ( #3770, #134, #6389, #8168 ) ) ;
#2440 = EDGE_CURVE ( 'NONE', #8423, #3503, #3088, .T. ) ;
#2441 = ORIENTED_EDGE ( 'NONE', *, *, #4987, .F. ) ;
#2442 = DIRECTION ( 'NONE',  ( 0.000000000000000000, -1.000000000000000000, 0.000000000000000000 ) ) ;
#2443 = ORIENTED_EDGE ( 'NONE', *, *, #6587, .T. ) ;
#2444 = AXIS2_PLACEMENT_3D ( 'NONE', #6894, #4142, #4971 ) ;
#2445 = AXIS2_PLACEMENT_3D ( 'NONE', #5953, #1170, #3244 ) ;
#2446 = AXIS2_PLACEMENT_3D ( 'NONE', #6758, #8010, #3250 ) ;
#2447 = CARTESIAN_POINT ( 'NONE',  ( 1.476377952755906664, 1.082677165354330784, -0.5054160353309620213 ) ) ;
#2448 = DIRECTION ( 'NONE',  ( 0.000000000000000000, -1.000000000000000000, 0.000000000000000000 ) ) ;
#2449 = AXIS2_PLACEMENT_3D ( 'NONE', #38, #6115, #2037 ) ;
#2450 = ORIENTED_EDGE ( 'NONE', *, *, #744, .T. ) ;
#2451 = AXIS2_PLACEMENT_3D ( 'NONE', #2323, #3116, #6453 ) ;
#2452 = CARTESIAN_POINT ( 'NONE',  ( -0.0007207492543572252986, 1.141732283464567121, 0.6427093485177919341 ) ) ;
#2453 = VECTOR ( 'NONE', #5632, 39.37007874015748143 ) ;
#2454 = VECTOR ( 'NONE', #6705, 39.37007874015748143 ) ;
#2455 = CARTESIAN_POINT ( 'NONE',  ( 0.3168295106876288791, 1.141732283464567121, -0.1493896273204839975 ) ) ;
#2456 = ORIENTED_EDGE ( 'NONE', *, *, #5826, .T. ) ;
#2457 = DIRECTION ( 'NONE',  ( 0.000000000000000000, 0.000000000000000000, -1.000000000000000000 ) ) ;
#2458 = EDGE_CURVE ( 'NONE', #2382, #1257, #897, .T. ) ;
#2459 = VERTEX_POINT ( 'NONE', #2390 ) ;
#2460 = ADVANCED_FACE ( 'NONE', ( #219, #7762, #4379, #1025, #1867, #574, #8707, #527, #6650, #491, #4567, #6607, #7991, #3939, #5856, #5359, #7357, #7275, #5189, #6036, #3275, #7315, #3194, #6697, #3327, #5990, #2657, #7900, #1825, #8655, #6520, #8748, #5321, #2620, #3230, #8029, #1156, #4518, #8575, #2488, #1786, #1951, #5942, #1289, #5901, #1206, #2568, #4649, #6570, #624, #3899, #3985, #1246, #4479, #5277, #7185, #1114, #3808, #7228 ), #438, .F. ) ;
#2461 = DIRECTION ( 'NONE',  ( 0.000000000000000000, 0.000000000000000000, -1.000000000000000000 ) ) ;
#2462 = ORIENTED_EDGE ( 'NONE', *, *, #8612, .T. ) ;
#2463 = AXIS2_PLACEMENT_3D ( 'NONE', #3896, #7985, #1909 ) ;
#2464 = DIRECTION ( 'NONE',  ( 0.000000000000000000, 0.000000000000000000, -1.000000000000000000 ) ) ;
#2465 = CARTESIAN_POINT ( 'NONE',  ( 4.970661790221152287, 15.67005943375638211, 2.165172830316669739 ) ) ;
#2466 = ORIENTED_EDGE ( 'NONE', *, *, #7215, .F. ) ;
#2467 = ADVANCED_FACE ( 'NONE', ( #2529 ), #5229, .F. ) ;
#2468 = EDGE_CURVE ( 'NONE', #3832, #4457, #2043, .T. ) ;
#2469 = AXIS2_PLACEMENT_3D ( 'NONE', #3878, #507, #5113 ) ;
#2470 = VERTEX_POINT ( 'NONE', #45 ) ;
#2471 = VERTEX_POINT ( 'NONE', #7406 ) ;
#2472 = PLANE ( 'NONE',  #714 ) ;
#2473 = EDGE_CURVE ( 'NONE', #5342, #7359, #4355, .T. ) ;
#2474 = CARTESIAN_POINT ( 'NONE',  ( 2.670957612213677113, 0.000000000000000000, 1.542078096405613774 ) ) ;
#2475 = ORIENTED_EDGE ( 'NONE', *, *, #6476, .T. ) ;
#2476 = AXIS2_PLACEMENT_3D ( 'NONE', #8148, #6096, #4096 ) ;
#2477 = DIRECTION ( 'NONE',  ( -0.000000000000000000, -1.000000000000000000, -0.000000000000000000 ) ) ;
#2478 = VERTEX_POINT ( 'NONE', #8251 ) ;
#2479 = DIRECTION ( 'NONE',  ( -0.9849106049563591814, -0.000000000000000000, 0.1730638617519519307 ) ) ;
#2480 = DIRECTION ( 'NONE',  ( 0.6423330032324086059, -0.000000000000000000, 0.7664256734729301135 ) ) ;
#2481 = DIRECTION ( 'NONE',  ( 0.000000000000000000, 1.000000000000000000, 0.000000000000000000 ) ) ;
#2482 = ORIENTED_EDGE ( 'NONE', *, *, #6779, .F. ) ;
#2483 = DIRECTION ( 'NONE',  ( 0.000000000000000000, -1.000000000000000000, 0.000000000000000000 ) ) ;
#2484 = ADVANCED_FACE ( 'NONE', ( #3538 ), #1466, .F. ) ;
#2485 = ORIENTED_EDGE ( 'NONE', *, *, #5450, .T. ) ;
#2486 = LINE ( 'NONE', #1110, #2318 ) ;
#2487 = LINE ( 'NONE', #526, #4838 ) ;
#2488 = FACE_BOUND ( 'NONE', #1916, .T. ) ;
#2489 = ORIENTED_EDGE ( 'NONE', *, *, #5446, .T. ) ;
#2490 = FACE_OUTER_BOUND ( 'NONE', #4372, .T. ) ;
#2491 = VERTEX_POINT ( 'NONE', #7450 ) ;
#2492 = CARTESIAN_POINT ( 'NONE',  ( -7.698610479468201540, 0.8858267716535439540, 1.647936906754626785 ) ) ;
#2493 = DIRECTION ( 'NONE',  ( -0.4999999999999965583, 0.000000000000000000, 0.8660254037844405950 ) ) ;
#2494 = ORIENTED_EDGE ( 'NONE', *, *, #135, .T. ) ;
#2495 = EDGE_CURVE ( 'NONE', #3347, #1803, #6911, .T. ) ;
#2496 = CARTESIAN_POINT ( 'NONE',  ( 0.3286780124362252420, 1.082677165354330784, 2.884458439618440284 ) ) ;
#2497 = DIRECTION ( 'NONE',  ( -0.000000000000000000, -1.000000000000000000, -0.000000000000000000 ) ) ;
#2498 = DIRECTION ( 'NONE',  ( -0.000000000000000000, 1.000000000000000000, -0.000000000000000000 ) ) ;
#2499 = ORIENTED_EDGE ( 'NONE', *, *, #3251, .T. ) ;
#2500 = CARTESIAN_POINT ( 'NONE',  ( 0.1845735227573075399, 1.200787401574803237, 2.265944501120631394 ) ) ;
#2501 = VERTEX_POINT ( 'NONE', #4695 ) ;
#2502 = DIRECTION ( 'NONE',  ( 0.9345333927142711605, 0.000000000000000000, -0.3558754527948699842 ) ) ;
#2503 = ORIENTED_EDGE ( 'NONE', *, *, #8319, .F. ) ;
#2504 = LINE ( 'NONE', #3174, #1486 ) ;
#2505 = ADVANCED_FACE ( 'NONE', ( #7586 ), #2828, .T. ) ;
#2506 = LINE ( 'NONE', #7786, #3943 ) ;
#2507 = VERTEX_POINT ( 'NONE', #7538 ) ;
#2508 = EDGE_CURVE ( 'NONE', #3009, #1056, #6825, .T. ) ;
#2509 = ORIENTED_EDGE ( 'NONE', *, *, #7456, .T. ) ;
#2510 = EDGE_LOOP ( 'NONE', ( #7178, #6895, #961, #8113 ) ) ;
#2511 = CARTESIAN_POINT ( 'NONE',  ( -0.06502277496534306089, 1.200787401574803237, 3.566368206377844796 ) ) ;
#2512 = CARTESIAN_POINT ( 'NONE',  ( -0.3168295106876288791, 1.348031496062992440, 0.1493896273204836367 ) ) ;
#2513 = ORIENTED_EDGE ( 'NONE', *, *, #7729, .T. ) ;
#2514 = EDGE_CURVE ( 'NONE', #6204, #2996, #759, .T. ) ;
#2515 = DIRECTION ( 'NONE',  ( -0.000000000000000000, -1.000000000000000000, -0.000000000000000000 ) ) ;
#2516 = ORIENTED_EDGE ( 'NONE', *, *, #8083, .T. ) ;
#2517 = CARTESIAN_POINT ( 'NONE',  ( 0.1845735227573075399, 1.200787401574803237, 2.265944501120631394 ) ) ;
#2518 = LINE ( 'NONE', #6510, #6405 ) ;
#2519 = ORIENTED_EDGE ( 'NONE', *, *, #5610, .T. ) ;
#2520 = EDGE_CURVE ( 'NONE', #4290, #5158, #4200, .T. ) ;
#2521 = PLANE ( 'NONE',  #416 ) ;
#2522 = ORIENTED_EDGE ( 'NONE', *, *, #745, .F. ) ;
#2523 = CARTESIAN_POINT ( 'NONE',  ( 0.6329382721209004803, -7.874015748039371056E-05, 0.1116466293098953427 ) ) ;
#2524 = UNCERTAINTY_MEASURE_WITH_UNIT (LENGTH_MEASURE( 1.000000000000000082E-05 ), #5724, 'distance_accuracy_value', 'NONE');
#2525 = VERTEX_POINT ( 'NONE', #4871 ) ;
#2526 = EDGE_CURVE ( 'NONE', #7129, #2561, #5405, .T. ) ;
#2527 =( BOUNDED_CURVE ( )  B_SPLINE_CURVE ( 3, ( #8581, #497, #6448, #3735 ),
 .UNSPECIFIED., .F., .F. ) 
 B_SPLINE_CURVE_WITH_KNOTS ( ( 4, 4 ),
 ( 5.669691265498006061, 5.785740508516212799 ),
 .UNSPECIFIED. ) 
 CURVE ( )  GEOMETRIC_REPRESENTATION_ITEM ( )  RATIONAL_B_SPLINE_CURVE ( ( 1.000000000000000000, 0.9988780292787954318, 0.9988780292787954318, 1.000000000000000000 ) ) 
 REPRESENTATION_ITEM ( '' )  );
#2528 = DIRECTION ( 'NONE',  ( -0.000000000000000000, -1.000000000000000000, -0.000000000000000000 ) ) ;
#2529 = FACE_OUTER_BOUND ( 'NONE', #2545, .T. ) ;
#2530 = APPLICATION_PROTOCOL_DEFINITION ( 'draft international standard', 'automotive_design', 1998, #8753 ) ;
#2531 = VERTEX_POINT ( 'NONE', #3501 ) ;
#2532 = EDGE_LOOP ( 'NONE', ( #3306, #4511, #1564, #914 ) ) ;
#2533 = DIRECTION ( 'NONE',  ( 0.000000000000000000, 0.000000000000000000, -1.000000000000000000 ) ) ;
#2534 = VECTOR ( 'NONE', #3422, 39.37007874015748143 ) ;
#2535 = ORIENTED_EDGE ( 'NONE', *, *, #6951, .F. ) ;
#2536 = LINE ( 'NONE', #6524, #5258 ) ;
#2537 = DIRECTION ( 'NONE',  ( 0.000000000000000000, -0.000000000000000000, -1.000000000000000000 ) ) ;
#2538 = ORIENTED_EDGE ( 'NONE', *, *, #2514, .F. ) ;
#2539 = CIRCLE ( 'NONE', #6499, 0.08070866141732323251 ) ;
#2540 = DIRECTION ( 'NONE',  ( -0.000000000000000000, -1.000000000000000000, -0.000000000000000000 ) ) ;
#2541 = CARTESIAN_POINT ( 'NONE',  ( -2.845759604659805486, -3.739856329679275948, -4.192333620745261058 ) ) ;
#2542 = CYLINDRICAL_SURFACE ( 'NONE', #2596, 0.08070866141732309373 ) ;
#2543 = EDGE_LOOP ( 'NONE', ( #8318, #7676, #2398, #308 ) ) ;
#2544 = DIRECTION ( 'NONE',  ( 0.000000000000000000, 0.000000000000000000, -1.000000000000000000 ) ) ;
#2545 = EDGE_LOOP ( 'NONE', ( #5555, #1107, #6180, #869 ) ) ;
#2546 = VECTOR ( 'NONE', #7156, 39.37007874015748854 ) ;
#2547 = CARTESIAN_POINT ( 'NONE',  ( 2.217819075456680888, 1.377952755905512028, 4.748196907455893623 ) ) ;
#2548 = VERTEX_POINT ( 'NONE', #2793 ) ;
#2549 = CARTESIAN_POINT ( 'NONE',  ( 0.8664832895167117188, 1.200787401574803237, 2.578936627104876589 ) ) ;
#2550 = DIRECTION ( 'NONE',  ( -0.1590695136534932552, 0.000000000000000000, 0.9872673851728522854 ) ) ;
#2551 = AXIS2_PLACEMENT_3D ( 'NONE', #3591, #6471, #4373 ) ;
#2552 = ORIENTED_EDGE ( 'NONE', *, *, #8176, .T. ) ;
#2553 = ORIENTED_EDGE ( 'NONE', *, *, #1715, .F. ) ;
#2554 = ORIENTED_EDGE ( 'NONE', *, *, #5222, .F. ) ;
#2555 = ADVANCED_FACE ( 'NONE', ( #5534 ), #5491, .T. ) ;
#2556 = DIRECTION ( 'NONE',  ( -0.000000000000000000, -1.000000000000000000, -0.000000000000000000 ) ) ;
#2557 = CARTESIAN_POINT ( 'NONE',  ( 1.839243974876453303, 1.377952755905512028, -0.7006048557039289415 ) ) ;
#2558 = DIRECTION ( 'NONE',  ( -0.000000000000000000, -1.000000000000000000, -0.000000000000000000 ) ) ;
#2559 = DIRECTION ( 'NONE',  ( -0.000000000000000000, -1.000000000000000000, -0.000000000000000000 ) ) ;
#2560 = DIRECTION ( 'NONE',  ( -0.000000000000000000, -1.000000000000000000, -0.000000000000000000 ) ) ;
#2561 = VERTEX_POINT ( 'NONE', #8206 ) ;
#2562 = AXIS2_PLACEMENT_3D ( 'NONE', #7151, #7096, #147 ) ;
#2563 = CARTESIAN_POINT ( 'NONE',  ( 0.3168295106876288791, 1.348031496062992440, -0.2655313596039485247 ) ) ;
#2564 = CARTESIAN_POINT ( 'NONE',  ( 1.312500546402022739, 0.8464566929133860995, 4.485545935394759987 ) ) ;
#2565 = EDGE_CURVE ( 'NONE', #5830, #217, #3934, .T. ) ;
#2566 = FACE_OUTER_BOUND ( 'NONE', #6152, .T. ) ;
#2567 = AXIS2_PLACEMENT_3D ( 'NONE', #5463, #6044, #806 ) ;
#2568 = FACE_BOUND ( 'NONE', #4538, .T. ) ;
#2569 = VECTOR ( 'NONE', #4797, 39.37007874015748143 ) ;
#2570 = ORIENTED_EDGE ( 'NONE', *, *, #2120, .T. ) ;
#2571 = CARTESIAN_POINT ( 'NONE',  ( 0.3034837922094106855, 1.082677165354330784, 0.7969522363508901863 ) ) ;
#2572 = EDGE_LOOP ( 'NONE', ( #3993, #2450 ) ) ;
#2573 = ADVANCED_FACE ( 'NONE', ( #8073 ), #1993, .F. ) ;
#2574 = CARTESIAN_POINT ( 'NONE',  ( 3.051181102362205966, 1.200787401574803237, 0.2012768780548649661 ) ) ;
#2575 = PLANE ( 'NONE',  #6568 ) ;
#2576 = ORIENTED_EDGE ( 'NONE', *, *, #2130, .F. ) ;
#2577 = AXIS2_PLACEMENT_3D ( 'NONE', #1155, #8705, #3853 ) ;
#2578 = AXIS2_PLACEMENT_3D ( 'NONE', #2581, #3112, #8719 ) ;
#2579 = EDGE_CURVE ( 'NONE', #8162, #3533, #3377, .T. ) ;
#2580 = VECTOR ( 'NONE', #1812, 39.37007874015748143 ) ;
#2581 = CARTESIAN_POINT ( 'NONE',  ( 2.483432426354841738, 0.000000000000000000, 1.433810379870182228 ) ) ;
#2582 = DIRECTION ( 'NONE',  ( 0.7664256734729302245, 0.000000000000000000, -0.6423330032324084948 ) ) ;
#2583 = CARTESIAN_POINT ( 'NONE',  ( 0.01165523373315408007, 1.348031496062992440, 0.7581898101677906343 ) ) ;
#2584 = VECTOR ( 'NONE', #7902, 39.37007874015748854 ) ;
#2585 = ADVANCED_FACE ( 'NONE', ( #1377 ), #4074, .T. ) ;
#2586 = ORIENTED_EDGE ( 'NONE', *, *, #8620, .T. ) ;
#2587 = LINE ( 'NONE', #1258, #6987 ) ;
#2588 = VERTEX_POINT ( 'NONE', #3412 ) ;
#2589 = CIRCLE ( 'NONE', #8692, 0.08070866141732269128 ) ;
#2590 = EDGE_CURVE ( 'NONE', #4218, #3425, #5454, .T. ) ;
#2591 = CARTESIAN_POINT ( 'NONE',  ( 1.499508420417767995, 1.102362204724409711, 4.161638796184041311 ) ) ;
#2592 = CARTESIAN_POINT ( 'NONE',  ( -0.2091272646442610683, 1.082677165354330784, 2.867145606462713214 ) ) ;
#2593 = VERTEX_POINT ( 'NONE', #3050 ) ;
#2594 = CARTESIAN_POINT ( 'NONE',  ( -0.8910370314036653028, 1.200787401574803237, 2.554153480478467131 ) ) ;
#2595 = AXIS2_PLACEMENT_3D ( 'NONE', #7852, #7475, #4766 ) ;
#2596 = AXIS2_PLACEMENT_3D ( 'NONE', #1880, #772, #1352 ) ;
#2597 = AXIS2_PLACEMENT_3D ( 'NONE', #7830, #4454, #1133 ) ;
#2598 = CYLINDRICAL_SURFACE ( 'NONE', #2815, 0.08070866141732255250 ) ;
#2599 = ORIENTED_EDGE ( 'NONE', *, *, #7591, .T. ) ;
#2600 = ORIENTED_EDGE ( 'NONE', *, *, #5269, .F. ) ;
#2601 = ORIENTED_EDGE ( 'NONE', *, *, #1288, .F. ) ;
#2602 = DIRECTION ( 'NONE',  ( 0.000000000000000000, -1.000000000000000000, 0.000000000000000000 ) ) ;
#2603 = AXIS2_PLACEMENT_3D ( 'NONE', #2715, #2006, #8762 ) ;
#2604 = CIRCLE ( 'NONE', #7562, 0.08070866141732269128 ) ;
#2605 = DIRECTION ( 'NONE',  ( 0.000000000000000000, -1.000000000000000000, 0.000000000000000000 ) ) ;
#2606 = EDGE_CURVE ( 'NONE', #7884, #8537, #7137, .T. ) ;
#2607 = AXIS2_PLACEMENT_3D ( 'NONE', #8253, #2083, #6075 ) ;
#2608 = AXIS2_PLACEMENT_3D ( 'NONE', #6879, #1552, #3504 ) ;
#2609 = CARTESIAN_POINT ( 'NONE',  ( 1.312929980940146901, 1.200787401574803237, 1.098975361302606979 ) ) ;
#2610 = CARTESIAN_POINT ( 'NONE',  ( 0.7751247038596602579, 1.082677165354330784, 1.243079850981525070 ) ) ;
#2611 = LINE ( 'NONE', #5931, #4980 ) ;
#2612 = VERTEX_POINT ( 'NONE', #6378 ) ;
#2613 = CARTESIAN_POINT ( 'NONE',  ( 1.116079587239362514, 1.082677165354330784, 1.439930244682309457 ) ) ;
#2614 = DIRECTION ( 'NONE',  ( 0.000000000000000000, -1.000000000000000000, 0.000000000000000000 ) ) ;
#2615 = VECTOR ( 'NONE', #1704, 39.37007874015748143 ) ;
#2616 = LINE ( 'NONE', #5224, #5149 ) ;
#2617 = ORIENTED_EDGE ( 'NONE', *, *, #6706, .F. ) ;
#2618 = ORIENTED_EDGE ( 'NONE', *, *, #1760, .F. ) ;
#2619 = DIRECTION ( 'NONE',  ( 0.8660254037844431485, 0.000000000000000000, 0.4999999999999918954 ) ) ;
#2620 = FACE_BOUND ( 'NONE', #6828, .T. ) ;
#2621 = VERTEX_POINT ( 'NONE', #4288 ) ;
#2622 = DIRECTION ( 'NONE',  ( 0.000000000000000000, -1.000000000000000000, 0.000000000000000000 ) ) ;
#2623 = ORIENTED_EDGE ( 'NONE', *, *, #2313, .F. ) ;
#2624 = LINE ( 'NONE', #1381, #1732 ) ;
#2625 = DIRECTION ( 'NONE',  ( 0.000000000000000000, 1.000000000000000000, 0.000000000000000000 ) ) ;
#2626 = ORIENTED_EDGE ( 'NONE', *, *, #2738, .F. ) ;
#2627 = ADVANCED_FACE ( 'NONE', ( #3669 ), #387, .T. ) ;
#2628 = DIRECTION ( 'NONE',  ( 0.000000000000000000, 0.000000000000000000, -1.000000000000000000 ) ) ;
#2629 = LINE ( 'NONE', #7239, #7356 ) ;
#2630 = DIRECTION ( 'NONE',  ( 0.000000000000000000, -1.000000000000000000, 0.000000000000000000 ) ) ;
#2631 = ORIENTED_EDGE ( 'NONE', *, *, #3980, .T. ) ;
#2632 = CARTESIAN_POINT ( 'NONE',  ( -0.5500821480239632688, 1.082677165354330784, 2.831712535596574210 ) ) ;
#2633 = EDGE_LOOP ( 'NONE', ( #2795, #5298 ) ) ;
#2634 = EDGE_CURVE ( 'NONE', #3849, #1316, #8119, .T. ) ;
#2635 = DIRECTION ( 'NONE',  ( 0.000000000000000000, -0.000000000000000000, -1.000000000000000000 ) ) ;
#2636 = CARTESIAN_POINT ( 'NONE',  ( 0.1845735227573075399, 1.200787401574803237, 2.185235839703308258 ) ) ;
#2637 = ORIENTED_EDGE ( 'NONE', *, *, #2787, .T. ) ;
#2638 = CARTESIAN_POINT ( 'NONE',  ( 0.9192291935385781265, 1.200787401574803237, 1.780885128062011269 ) ) ;
#2639 = ADVANCED_FACE ( 'NONE', ( #6999 ), #7039, .F. ) ;
#2640 = EDGE_CURVE ( 'NONE', #3064, #4457, #5420, .T. ) ;
#2641 = CARTESIAN_POINT ( 'NONE',  ( -1.075992125407180255, 0.000000000000000000, 1.322053608044465367 ) ) ;
#2642 = EDGE_LOOP ( 'NONE', ( #4632, #2307 ) ) ;
#2643 = FACE_OUTER_BOUND ( 'NONE', #5847, .T. ) ;
#2644 = EDGE_LOOP ( 'NONE', ( #7627, #1779, #4395, #2226 ) ) ;
#2645 = ORIENTED_EDGE ( 'NONE', *, *, #4016, .T. ) ;
#2646 = CARTESIAN_POINT ( 'NONE',  ( 3.051181102362205966, 1.200787401574803237, -0.03100658651206395638 ) ) ;
#2647 = DIRECTION ( 'NONE',  ( 0.000000000000000000, 0.000000000000000000, -1.000000000000000000 ) ) ;
#2648 = DIRECTION ( 'NONE',  ( -0.000000000000000000, -1.000000000000000000, -0.000000000000000000 ) ) ;
#2649 = DIRECTION ( 'NONE',  ( -0.000000000000000000, -1.000000000000000000, -0.000000000000000000 ) ) ;
#2650 = CARTESIAN_POINT ( 'NONE',  ( -1.035141521082583171, 1.082677165354330784, 2.016348203397980487 ) ) ;
#2651 = ORIENTED_EDGE ( 'NONE', *, *, #4311, .F. ) ;
#2652 = CARTESIAN_POINT ( 'NONE',  ( 1.082677165354331672, 1.200787401574803237, -0.1117152479293870848 ) ) ;
#2653 = FACE_OUTER_BOUND ( 'NONE', #3258, .T. ) ;
#2654 = ORIENTED_EDGE ( 'NONE', *, *, #6689, .F. ) ;
#2655 = VECTOR ( 'NONE', #2558, 39.37007874015748143 ) ;
#2656 = DIRECTION ( 'NONE',  ( -0.9394895352248825438, 0.000000000000000000, -0.3425776017239510751 ) ) ;
#2657 = FACE_BOUND ( 'NONE', #8432, .T. ) ;
#2658 = ORIENTED_EDGE ( 'NONE', *, *, #6904, .T. ) ;
#2659 = LINE ( 'NONE', #2571, #8256 ) ;
#2660 = ORIENTED_EDGE ( 'NONE', *, *, #940, .T. ) ;
#2661 = EDGE_CURVE ( 'NONE', #1803, #5472, #1637, .T. ) ;
#2662 = DIRECTION ( 'NONE',  ( -0.000000000000000000, -1.000000000000000000, -0.000000000000000000 ) ) ;
#2663 = CARTESIAN_POINT ( 'NONE',  ( -7.780372933839202254, 0.5905511811023629321, 1.182624809924850862 ) ) ;
#2664 = EDGE_LOOP ( 'NONE', ( #8767, #3341, #1149, #3115 ) ) ;
#2665 = DIRECTION ( 'NONE',  ( -0.8660254037844433705, 0.000000000000000000, -0.4999999999999918954 ) ) ;
#2666 = DIRECTION ( 'NONE',  ( -0.4999999999999918954, -1.084202172485504187E-16, 0.8660254037844431485 ) ) ;
#2667 = AXIS2_PLACEMENT_3D ( 'NONE', #978, #2922, #5762 ) ;
#2668 = CARTESIAN_POINT ( 'NONE',  ( 1.476377952755906664, 1.200787401574803237, 0.2012768780548649661 ) ) ;
#2669 = DIRECTION ( 'NONE',  ( -0.000000000000000000, -1.000000000000000000, -0.000000000000000000 ) ) ;
#2670 = ORIENTED_EDGE ( 'NONE', *, *, #2190, .T. ) ;
#2671 = CARTESIAN_POINT ( 'NONE',  ( 0.09321493710025610668, 1.082677165354330784, 0.9300877249972794303 ) ) ;
#2672 = EDGE_LOOP ( 'NONE', ( #391, #577 ) ) ;
#2673 = CARTESIAN_POINT ( 'NONE',  ( -0.7874015748031525375, 0.000000000000000000, 4.887019995109035619 ) ) ;
#2674 = CARTESIAN_POINT ( 'NONE',  ( 0.2759321084143591118, 1.082677165354330784, 3.682509938661305604 ) ) ;
#2675 = EDGE_CURVE ( 'NONE', #7906, #6458, #3722, .T. ) ;
#2676 = ORIENTED_EDGE ( 'NONE', *, *, #6483, .F. ) ;
#2677 = EDGE_CURVE ( 'NONE', #3871, #6197, #6702, .T. ) ;
#2678 = EDGE_CURVE ( 'NONE', #2588, #3649, #4708, .T. ) ;
#2679 = DIRECTION ( 'NONE',  ( 0.000000000000000000, 0.000000000000000000, -1.000000000000000000 ) ) ;
#2680 = DIRECTION ( 'NONE',  ( -0.9872673851728522854, 0.000000000000000000, -0.1590695136534932552 ) ) ;
#2681 = ORIENTED_EDGE ( 'NONE', *, *, #2590, .F. ) ;
#2682 = CARTESIAN_POINT ( 'NONE',  ( 1.704081350445589393, 1.102362204724409711, 4.279749032404512654 ) ) ;
#2683 = VECTOR ( 'NONE', #7732, 39.37007874015748143 ) ;
#2684 = EDGE_LOOP ( 'NONE', ( #5887, #1138 ) ) ;
#2685 = EDGE_LOOP ( 'NONE', ( #540, #6886, #2812, #4599, #7863, #439, #3221, #7265, #1666, #1990, #6572, #1826 ) ) ;
#2686 = DIRECTION ( 'NONE',  ( 0.000000000000000000, 0.000000000000000000, -1.000000000000000000 ) ) ;
#2687 = CARTESIAN_POINT ( 'NONE',  ( 1.082677165354331672, 1.082677165354330784, -0.1117152479293870848 ) ) ;
#2688 = EDGE_CURVE ( 'NONE', #2918, #3710, #5754, .T. ) ;
#2689 = VECTOR ( 'NONE', #2428, 39.37007874015748143 ) ;
#2690 = CARTESIAN_POINT ( 'NONE',  ( 5.078740157480337913, 0.000000000000000000, 2.568526788127033278 ) ) ;
#2691 = ADVANCED_FACE ( 'NONE', ( #6301 ), #8472, .T. ) ;
#2692 = DIRECTION ( 'NONE',  ( -0.000000000000000000, -1.000000000000000000, -0.000000000000000000 ) ) ;
#2693 = DIRECTION ( 'NONE',  ( 0.000000000000000000, 0.000000000000000000, -1.000000000000000000 ) ) ;
#2694 = VERTEX_POINT ( 'NONE', #212 ) ;
#2695 = LINE ( 'NONE', #4026, #7221 ) ;
#2696 = DIRECTION ( 'NONE',  ( -0.000000000000000000, -1.000000000000000000, -0.000000000000000000 ) ) ;
#2697 = CIRCLE ( 'NONE', #5381, 0.08070866141732296883 ) ;
#2698 = CARTESIAN_POINT ( 'NONE',  ( -0.5991355085253331492, 1.377952755905512028, 3.721018780146476246 ) ) ;
#2699 = UNCERTAINTY_MEASURE_WITH_UNIT (LENGTH_MEASURE( 1.000000000000000082E-05 ), #1906, 'distance_accuracy_value', 'NONE');
#2700 = VERTEX_POINT ( 'NONE', #882 ) ;
#2701 = FACE_OUTER_BOUND ( 'NONE', #1911, .T. ) ;
#2702 = DIRECTION ( 'NONE',  ( 0.8660254037844431485, -0.000000000000000000, 0.4999999999999919509 ) ) ;
#2703 = ORIENTED_EDGE ( 'NONE', *, *, #3374, .T. ) ;
#2704 = LINE ( 'NONE', #3502, #5581 ) ;
#2705 = ORIENTED_EDGE ( 'NONE', *, *, #3271, .T. ) ;
#2706 = DIRECTION ( 'NONE',  ( 0.000000000000000000, -1.000000000000000000, 0.000000000000000000 ) ) ;
#2707 = CYLINDRICAL_SURFACE ( 'NONE', #1609, 0.08070866141732215004 ) ;
#2708 = VERTEX_POINT ( 'NONE', #5084 ) ;
#2709 = DIRECTION ( 'NONE',  ( 0.000000000000000000, -1.000000000000000000, 0.000000000000000000 ) ) ;
#2710 = EDGE_CURVE ( 'NONE', #7912, #8659, #4241, .T. ) ;
#2711 = PLANE ( 'NONE',  #6395 ) ;
#2712 = DIRECTION ( 'NONE',  ( -0.000000000000000000, -1.000000000000000000, -0.000000000000000000 ) ) ;
#2713 = CARTESIAN_POINT ( 'NONE',  ( -0.7391956597173747756, 15.67005943375638211, 4.590304264576219317 ) ) ;
#2714 = VERTEX_POINT ( 'NONE', #2916 ) ;
#2715 = CARTESIAN_POINT ( 'NONE',  ( -0.8382911273817988951, 1.200787401574803237, 1.675393320018278676 ) ) ;
#2716 = VERTEX_POINT ( 'NONE', #5624 ) ;
#2717 = CIRCLE ( 'NONE', #3843, 0.08070866141732313537 ) ;
#2718 = CIRCLE ( 'NONE', #7670, 0.1161417322834646243 ) ;
#2719 = CARTESIAN_POINT ( 'NONE',  ( 2.657480314960631418, 1.200787401574803237, 0.3626942008895100988 ) ) ;
#2720 = CARTESIAN_POINT ( 'NONE',  ( 2.926673774748453472, 0.8464566929133860995, 1.689715891681201843 ) ) ;
#2721 = CIRCLE ( 'NONE', #6257, 0.06496062992125996305 ) ;
#2722 = ORIENTED_EDGE ( 'NONE', *, *, #2936, .F. ) ;
#2723 = FACE_OUTER_BOUND ( 'NONE', #3644, .T. ) ;
#2724 = AXIS2_PLACEMENT_3D ( 'NONE', #3188, #517, #8603 ) ;
#2725 = AXIS2_PLACEMENT_3D ( 'NONE', #4856, #277, #8321 ) ;
#2726 = DIRECTION ( 'NONE',  ( 0.9345333927142764896, 0.000000000000000000, -0.3558754527948558288 ) ) ;
#2727 = VECTOR ( 'NONE', #518, 39.37007874015748143 ) ;
#2728 = VERTEX_POINT ( 'NONE', #6338 ) ;
#2729 = LINE ( 'NONE', #4469, #2169 ) ;
#2730 = ORIENTED_EDGE ( 'NONE', *, *, #5814, .T. ) ;
#2731 = EDGE_LOOP ( 'NONE', ( #4882, #3418, #5548, #1729 ) ) ;
#2732 = LINE ( 'NONE', #2109, #4686 ) ;
#2733 = CYLINDRICAL_SURFACE ( 'NONE', #7395, 0.08070866141732323251 ) ;
#2734 = VECTOR ( 'NONE', #2906, 39.37007874015748143 ) ;
#2735 = AXIS2_PLACEMENT_3D ( 'NONE', #3119, #5823, #3783 ) ;
#2736 = CIRCLE ( 'NONE', #1322, 0.06496062992125979652 ) ;
#2737 = EDGE_CURVE ( 'NONE', #5904, #3728, #7798, .T. ) ;
#2738 = EDGE_CURVE ( 'NONE', #5831, #7374, #7663, .T. ) ;
#2739 = DIRECTION ( 'NONE',  ( 0.000000000000000000, 0.000000000000000000, -1.000000000000000000 ) ) ;
#2740 = DIRECTION ( 'NONE',  ( 0.000000000000000000, -1.000000000000000000, 0.000000000000000000 ) ) ;
#2741 = DIRECTION ( 'NONE',  ( 0.000000000000000000, 0.000000000000000000, -1.000000000000000000 ) ) ;
#2742 = CIRCLE ( 'NONE', #48, 0.08070866141732296883 ) ;
#2743 = EDGE_CURVE ( 'NONE', #4806, #5364, #4986, .T. ) ;
#2744 = AXIS2_PLACEMENT_3D ( 'NONE', #3558, #1562, #3608 ) ;
#2745 = ORIENTED_EDGE ( 'NONE', *, *, #4957, .T. ) ;
#2746 = CARTESIAN_POINT ( 'NONE',  ( 1.994839747699551191, 1.200787401574803237, 1.492676148704175532 ) ) ;
#2747 = CARTESIAN_POINT ( 'NONE',  ( -0.01227687094347677463, 1.200787401574803237, 2.606899384500333205 ) ) ;
#2748 = LINE ( 'NONE', #4820, #779 ) ;
#2749 = CIRCLE ( 'NONE', #1475, 0.08070866141732313537 ) ;
#2750 = AXIS2_PLACEMENT_3D ( 'NONE', #4203, #8210, #7543 ) ;
#2751 = ORIENTED_EDGE ( 'NONE', *, *, #7759, .F. ) ;
#2752 = LINE ( 'NONE', #5453, #5403 ) ;
#2753 = ADVANCED_FACE ( 'NONE', ( #8380 ), #7715, .F. ) ;
#2754 = DIRECTION ( 'NONE',  ( 0.000000000000000000, 1.000000000000000000, 0.000000000000000000 ) ) ;
#2755 = CARTESIAN_POINT ( 'NONE',  ( 0.3814239164580918162, 1.082677165354330784, 1.844280956323606446 ) ) ;
#2756 = VERTEX_POINT ( 'NONE', #5796 ) ;
#2757 = PLANE ( 'NONE',  #7684 ) ;
#2758 = LINE ( 'NONE', #2663, #3304 ) ;
#2759 = ORIENTED_EDGE ( 'NONE', *, *, #17, .T. ) ;
#2760 = ADVANCED_FACE ( 'NONE', ( #6723 ), #7890, .F. ) ;
#2761 = DIRECTION ( 'NONE',  ( 0.000000000000000000, 0.000000000000000000, -1.000000000000000000 ) ) ;
#2762 = DIRECTION ( 'NONE',  ( -0.000000000000000000, -1.000000000000000000, -0.000000000000000000 ) ) ;
#2763 = CARTESIAN_POINT ( 'NONE',  ( 3.162792775218119523, 0.6791338582677166613, 5.690194605133061856 ) ) ;
#2764 = CARTESIAN_POINT ( 'NONE',  ( 0.2177113900554598913, 1.200787401574803237, -0.9214256288242015369 ) ) ;
#2765 = VERTEX_POINT ( 'NONE', #4013 ) ;
#2766 = CARTESIAN_POINT ( 'NONE',  ( -1.501574803149581250, 15.67005943375638211, 2.600803850420366103 ) ) ;
#2767 = EDGE_LOOP ( 'NONE', ( #7713, #8273 ) ) ;
#2768 = CARTESIAN_POINT ( 'NONE',  ( 0.3814239164580918162, 1.200787401574803237, 1.844280956323606446 ) ) ;
#2769 = DIRECTION ( 'NONE',  ( 0.000000000000000000, 0.000000000000000000, -1.000000000000000000 ) ) ;
#2770 = ADVANCED_FACE ( 'NONE', ( #4058, #2643 ), #7177, .F. ) ;
#2771 = ORIENTED_EDGE ( 'NONE', *, *, #6899, .T. ) ;
#2772 = DIRECTION ( 'NONE',  ( 0.000000000000000000, 0.000000000000000000, -1.000000000000000000 ) ) ;
#2773 = DIRECTION ( 'NONE',  ( -0.000000000000000000, -1.000000000000000000, -0.000000000000000000 ) ) ;
#2774 = EDGE_LOOP ( 'NONE', ( #1000, #585, #7474, #6351, #5385, #6878, #5873, #2883 ) ) ;
#2775 = FACE_OUTER_BOUND ( 'NONE', #1309, .T. ) ;
#2776 = ORIENTED_EDGE ( 'NONE', *, *, #6007, .F. ) ;
#2777 = CARTESIAN_POINT ( 'NONE',  ( 2.545329045470149154, 1.181102362204724532, 3.106129849800883580 ) ) ;
#2778 = DIRECTION ( 'NONE',  ( 0.4999999999999920064, 0.000000000000000000, -0.8660254037844433705 ) ) ;
#2779 = EDGE_CURVE ( 'NONE', #8093, #6197, #3799, .T. ) ;
#2780 = ADVANCED_FACE ( 'NONE', ( #6766 ), #8099, .F. ) ;
#2781 = FACE_OUTER_BOUND ( 'NONE', #5174, .T. ) ;
#2782 = CYLINDRICAL_SURFACE ( 'NONE', #1456, 0.08070866141732296883 ) ;
#2783 = FACE_OUTER_BOUND ( 'NONE', #1975, .T. ) ;
#2784 = ORIENTED_EDGE ( 'NONE', *, *, #4522, .F. ) ;
#2785 = CARTESIAN_POINT ( 'NONE',  ( -7.889389539667203799, 0.5905511811023628210, 0.5622086808184827422 ) ) ;
#2786 = CARTESIAN_POINT ( 'NONE',  ( 1.476377952755906664, 1.200787401574803237, 0.2012768780548649661 ) ) ;
#2787 = EDGE_CURVE ( 'NONE', #3296, #8627, #2729, .T. ) ;
#2788 = DIRECTION ( 'NONE',  ( 0.000000000000000000, 0.000000000000000000, -1.000000000000000000 ) ) ;
#2789 = ADVANCED_FACE ( 'NONE', ( #8151 ), #5136, .T. ) ;
#2790 = EDGE_LOOP ( 'NONE', ( #3257, #8100, #7208, #2831 ) ) ;
#2791 = EDGE_CURVE ( 'NONE', #3396, #8292, #5180, .T. ) ;
#2792 = DIRECTION ( 'NONE',  ( 0.000000000000000000, -1.000000000000000000, 0.000000000000000000 ) ) ;
#2793 = CARTESIAN_POINT ( 'NONE',  ( 1.457034470619064548, 1.200787401574803237, 1.556071976965770265 ) ) ;
#2794 = CARTESIAN_POINT ( 'NONE',  ( 0.7703311871445911452, 1.377952755905512028, 0.1223517628503539845 ) ) ;
#2795 = ORIENTED_EDGE ( 'NONE', *, *, #7892, .T. ) ;
#2796 = CARTESIAN_POINT ( 'NONE',  ( 1.476377952755906664, 1.200787401574803237, -0.5054160353309620213 ) ) ;
#2797 = ADVANCED_FACE ( 'NONE', ( #5343 ), #6058, .T. ) ;
#2798 = ORIENTED_EDGE ( 'NONE', *, *, #1234, .F. ) ;
#2799 = CARTESIAN_POINT ( 'NONE',  ( -0.5500821480239632688, 1.082677165354330784, 2.670295212761928827 ) ) ;
#2800 = DIRECTION ( 'NONE',  ( -0.8660254037844431485, 0.000000000000000000, -0.4999999999999919509 ) ) ;
#2801 = LINE ( 'NONE', #2713, #5423 ) ;
#2802 = EDGE_LOOP ( 'NONE', ( #4949, #8645, #7933, #814 ) ) ;
#2803 = CARTESIAN_POINT ( 'NONE',  ( 1.160858936979604961, 1.082677165354331672, 4.137960686983460867 ) ) ;
#2804 = VERTEX_POINT ( 'NONE', #8774 ) ;
#2805 = CARTESIAN_POINT ( 'NONE',  ( -0.8315071245079970197, 1.141732283464567121, -0.1953463135867146983 ) ) ;
#2806 = LINE ( 'NONE', #2141, #7698 ) ;
#2807 = VERTEX_POINT ( 'NONE', #8052 ) ;
#2808 = CARTESIAN_POINT ( 'NONE',  ( -1.665286949155805774, 1.377952755905512028, 4.566905874772105633 ) ) ;
#2809 = DIRECTION ( 'NONE',  ( 0.000000000000000000, -0.000000000000000000, -1.000000000000000000 ) ) ;
#2810 = ORIENTED_EDGE ( 'NONE', *, *, #408, .T. ) ;
#2811 = DIRECTION ( 'NONE',  ( -0.000000000000000000, -1.000000000000000000, -0.000000000000000000 ) ) ;
#2812 = ORIENTED_EDGE ( 'NONE', *, *, #7829, .F. ) ;
#2813 = ORIENTED_EDGE ( 'NONE', *, *, #5126, .T. ) ;
#2814 = CARTESIAN_POINT ( 'NONE',  ( -0.8382911273817988951, 1.082677165354330784, 1.675393320018278676 ) ) ;
#2815 = AXIS2_PLACEMENT_3D ( 'NONE', #595, #7965, #1970 ) ;
#2816 = DIRECTION ( 'NONE',  ( 0.4999999999999920064, 0.000000000000000000, -0.8660254037844433705 ) ) ;
#2817 = CIRCLE ( 'NONE', #3101, 0.08070866141732296883 ) ;
#2818 = DIRECTION ( 'NONE',  ( 0.000000000000000000, 0.000000000000000000, -1.000000000000000000 ) ) ;
#2819 = EDGE_CURVE ( 'NONE', #7037, #2372, #1596, .T. ) ;
#2820 = DIRECTION ( 'NONE',  ( -0.1730638617519520694, 0.000000000000000000, -0.9849106049563590703 ) ) ;
#2821 = DIRECTION ( 'NONE',  ( 0.000000000000000000, 0.000000000000000000, -1.000000000000000000 ) ) ;
#2822 = VERTEX_POINT ( 'NONE', #2682 ) ;
#2823 = FACE_OUTER_BOUND ( 'NONE', #4440, .T. ) ;
#2824 = DIRECTION ( 'NONE',  ( 0.000000000000000000, -1.000000000000000000, 0.000000000000000000 ) ) ;
#2825 = AXIS2_PLACEMENT_3D ( 'NONE', #5501, #7462, #1477 ) ;
#2826 = ORIENTED_EDGE ( 'NONE', *, *, #6614, .T. ) ;
#2827 = LINE ( 'NONE', #6948, #8115 ) ;
#2828 = PLANE ( 'NONE',  #3226 ) ;
#2829 = CARTESIAN_POINT ( 'NONE',  ( 0.9719750975604446452, 1.200787401574803237, 0.9828336290191457270 ) ) ;
#2830 = EDGE_CURVE ( 'NONE', #5638, #953, #3153, .T. ) ;
#2831 = ORIENTED_EDGE ( 'NONE', *, *, #7667, .T. ) ;
#2832 = DIRECTION ( 'NONE',  ( -0.6423330032324087169, 0.000000000000000000, -0.7664256734729300025 ) ) ;
#2833 = ADVANCED_FACE ( 'NONE', ( #2019 ), #4508, .F. ) ;
#2834 = ORIENTED_EDGE ( 'NONE', *, *, #8769, .T. ) ;
#2835 = CIRCLE ( 'NONE', #4111, 0.08070866141732378762 ) ;
#2836 = DIRECTION ( 'NONE',  ( 0.000000000000000000, 0.000000000000000000, -1.000000000000000000 ) ) ;
#2837 = CARTESIAN_POINT ( 'NONE',  ( 3.051181102362205966, 1.082677165354330784, 0.2012768780548649661 ) ) ;
#2838 = CARTESIAN_POINT ( 'NONE',  ( 0.7751247038596602579, 1.200787401574803237, 1.243079850981525070 ) ) ;
#2839 = VERTEX_POINT ( 'NONE', #428 ) ;
#2840 = LINE ( 'NONE', #2889, #5708 ) ;
#2841 = EDGE_CURVE ( 'NONE', #2839, #2933, #4572, .T. ) ;
#2842 = VERTEX_POINT ( 'NONE', #3092 ) ;
#2843 = AXIS2_PLACEMENT_3D ( 'NONE', #5728, #3733, #209 ) ;
#2844 = CARTESIAN_POINT ( 'NONE',  ( 2.958219845190298347, 0.6791338582677166613, 5.572084368912591401 ) ) ;
#2845 = CARTESIAN_POINT ( 'NONE',  ( 1.457034470619064548, 1.082677165354330784, 1.636780638383093400 ) ) ;
#2846 = EDGE_CURVE ( 'NONE', #1675, #5916, #1362, .T. ) ;
#2847 = VERTEX_POINT ( 'NONE', #3965 ) ;
#2848 = ADVANCED_FACE ( 'NONE', ( #6020 ), #1620, .F. ) ;
#2849 = PLANE ( 'NONE',  #2895 ) ;
#2850 = DIRECTION ( 'NONE',  ( -0.6313919323779869641, 0.000000000000000000, 0.7754638790607796262 ) ) ;
#2851 = EDGE_CURVE ( 'NONE', #1468, #691, #4009, .T. ) ;
#2852 = ORIENTED_EDGE ( 'NONE', *, *, #4512, .F. ) ;
#2853 = DIRECTION ( 'NONE',  ( 0.8660254037844433705, -0.000000000000000000, 0.4999999999999920619 ) ) ;
#2854 = AXIS2_PLACEMENT_3D ( 'NONE', #3898, #3938, #3805 ) ;
#2855 = ORIENTED_EDGE ( 'NONE', *, *, #7136, .F. ) ;
#2856 = CIRCLE ( 'NONE', #8246, 0.1161417322834646243 ) ;
#2857 = DIRECTION ( 'NONE',  ( 0.000000000000000000, -1.000000000000000000, 0.000000000000000000 ) ) ;
#2858 = DIRECTION ( 'NONE',  ( -0.000000000000000000, -1.000000000000000000, 0.000000000000000000 ) ) ;
#2859 = AXIS2_PLACEMENT_3D ( 'NONE', #623, #8747, #1992 ) ;
#2860 = AXIS2_PLACEMENT_3D ( 'NONE', #6464, #1806, #382 ) ;
#2861 = VECTOR ( 'NONE', #3107, 39.37007874015748143 ) ;
#2862 = DIRECTION ( 'NONE',  ( 0.9849106049563591814, -0.000000000000000000, -0.1730638617519519584 ) ) ;
#2863 = CARTESIAN_POINT ( 'NONE',  ( 1.312500546402022739, 0.000000000000000000, 4.485545935394759987 ) ) ;
#2864 = VERTEX_POINT ( 'NONE', #6979 ) ;
#2865 = ORIENTED_EDGE ( 'NONE', *, *, #5226, .T. ) ;
#2866 = VERTEX_POINT ( 'NONE', #1443 ) ;
#2867 = CIRCLE ( 'NONE', #7113, 0.08070866141732323251 ) ;
#2868 = CARTESIAN_POINT ( 'NONE',  ( 2.263779527559056426, 1.200787401574803237, 0.2819855394721875186 ) ) ;
#2869 = AXIS2_PLACEMENT_3D ( 'NONE', #1664, #7325, #3165 ) ;
#2870 = CIRCLE ( 'NONE', #4148, 0.1771653543307087908 ) ;
#2871 = DIRECTION ( 'NONE',  ( -0.000000000000000000, -1.000000000000000000, -0.000000000000000000 ) ) ;
#2872 = PLANE ( 'NONE',  #7575 ) ;
#2873 = ADVANCED_FACE ( 'NONE', ( #231 ), #2107, .F. ) ;
#2874 = VECTOR ( 'NONE', #4951, 39.37007874015748143 ) ;
#2875 = CIRCLE ( 'NONE', #7987, 0.08070866141732323251 ) ;
#2876 = ORIENTED_EDGE ( 'NONE', *, *, #2386, .T. ) ;
#2877 = DIRECTION ( 'NONE',  ( 0.9345333927142727148, 0.000000000000000000, -0.3558754527948657653 ) ) ;
#2878 = DIRECTION ( 'NONE',  ( 0.000000000000000000, 0.000000000000000000, -1.000000000000000000 ) ) ;
#2879 = DIRECTION ( 'NONE',  ( 0.000000000000000000, 0.000000000000000000, 1.000000000000000000 ) ) ;
#2880 = ORIENTED_EDGE ( 'NONE', *, *, #7646, .T. ) ;
#2881 = VECTOR ( 'NONE', #3954, 39.37007874015748854 ) ;
#2882 = DIRECTION ( 'NONE',  ( 0.000000000000000000, -1.000000000000000000, 0.000000000000000000 ) ) ;
#2883 = ORIENTED_EDGE ( 'NONE', *, *, #234, .T. ) ;
#2884 = CYLINDRICAL_SURFACE ( 'NONE', #6678, 0.08070866141732323251 ) ;
#2885 = VECTOR ( 'NONE', #3704, 39.37007874015748854 ) ;
#2886 = DIRECTION ( 'NONE',  ( 0.000000000000000000, 0.000000000000000000, -1.000000000000000000 ) ) ;
#2887 = DIRECTION ( 'NONE',  ( 0.000000000000000000, 0.000000000000000000, -1.000000000000000000 ) ) ;
#2888 = EDGE_LOOP ( 'NONE', ( #7659, #7982 ) ) ;
#2889 = CARTESIAN_POINT ( 'NONE',  ( 0.5379418271761134962, 1.082677165354330784, -0.6606901903860566971 ) ) ;
#2890 = ORIENTED_EDGE ( 'NONE', *, *, #3585, .T. ) ;
#2891 = DIRECTION ( 'NONE',  ( 0.000000000000000000, -0.000000000000000000, -1.000000000000000000 ) ) ;
#2892 = DIRECTION ( 'NONE',  ( 0.8660254037844433705, -0.000000000000000000, 0.4999999999999918954 ) ) ;
#2893 = ADVANCED_FACE ( 'NONE', ( #4183 ), #5565, .F. ) ;
#2894 = EDGE_LOOP ( 'NONE', ( #3195, #2552, #3762, #840 ) ) ;
#2895 = AXIS2_PLACEMENT_3D ( 'NONE', #7430, #780, #2065 ) ;
#2896 = CARTESIAN_POINT ( 'NONE',  ( 1.312929980940146901, 1.082677165354330784, 1.098975361302606979 ) ) ;
#2897 = CARTESIAN_POINT ( 'NONE',  ( 1.653884864319848935, 1.200787401574803237, 1.295825755003391144 ) ) ;
#2898 = EDGE_CURVE ( 'NONE', #4012, #5831, #5606, .T. ) ;
#2899 = ORIENTED_EDGE ( 'NONE', *, *, #7005, .T. ) ;
#2900 = CARTESIAN_POINT ( 'NONE',  ( 1.010587779195629698, 1.200787401574803237, 3.278159227020009503 ) ) ;
#2901 = ORIENTED_EDGE ( 'NONE', *, *, #7841, .T. ) ;
#2902 = CARTESIAN_POINT ( 'NONE',  ( 1.082677165354331672, 1.200787401574803237, -0.1117152479293870848 ) ) ;
#2903 = EDGE_CURVE ( 'NONE', #5128, #3918, #2934, .T. ) ;
#2904 = EDGE_CURVE ( 'NONE', #4767, #5635, #915, .T. ) ;
#2905 = LINE ( 'NONE', #1532, #5646 ) ;
#2906 = DIRECTION ( 'NONE',  ( 0.000000000000000000, 1.000000000000000000, 0.000000000000000000 ) ) ;
#2907 = VERTEX_POINT ( 'NONE', #6857 ) ;
#2908 = ORIENTED_EDGE ( 'NONE', *, *, #1932, .T. ) ;
#2909 = ORIENTED_EDGE ( 'NONE', *, *, #8213, .F. ) ;
#2910 = FACE_OUTER_BOUND ( 'NONE', #2888, .T. ) ;
#2911 = CARTESIAN_POINT ( 'NONE',  ( -0.0007207492543572173839, 1.082677165354330784, 0.5777487185965319849 ) ) ;
#2912 = DIRECTION ( 'NONE',  ( 0.000000000000000000, -1.000000000000000000, 0.000000000000000000 ) ) ;
#2913 = PLANE ( 'NONE',  #2270 ) ;
#2914 = ORIENTED_EDGE ( 'NONE', *, *, #5125, .F. ) ;
#2915 = CARTESIAN_POINT ( 'NONE',  ( -1.099357127482403662, 1.200787401574803237, 1.467068853100238934 ) ) ;
#2916 = CARTESIAN_POINT ( 'NONE',  ( -0.3526618401562117144, 1.348031496062992440, 0.3760073576427027109 ) ) ;
#2917 = DIRECTION ( 'NONE',  ( 0.000000000000000000, -1.000000000000000000, 0.000000000000000000 ) ) ;
#2918 = VERTEX_POINT ( 'NONE', #8281 ) ;
#2919 = DIRECTION ( 'NONE',  ( 0.000000000000000000, -0.000000000000000000, -1.000000000000000000 ) ) ;
#2920 = EDGE_LOOP ( 'NONE', ( #6023, #5361, #1614, #8514 ) ) ;
#2921 = CARTESIAN_POINT ( 'NONE',  ( 2.335794631079252781, 3.882804907592494146E-16, 1.689526542404959031 ) ) ;
#2922 = DIRECTION ( 'NONE',  ( 0.000000000000000000, 1.000000000000000000, 0.000000000000000000 ) ) ;
#2923 = CARTESIAN_POINT ( 'NONE',  ( 1.194390310181551840, 0.3937007874015748254, 4.690118865422580718 ) ) ;
#2924 = EDGE_CURVE ( 'NONE', #7086, #3236, #7399, .T. ) ;
#2925 = ORIENTED_EDGE ( 'NONE', *, *, #8157, .F. ) ;
#2926 = DIRECTION ( 'NONE',  ( 0.000000000000000000, 0.000000000000000000, -1.000000000000000000 ) ) ;
#2927 = ORIENTED_EDGE ( 'NONE', *, *, #5872, .F. ) ;
#2928 = PLANE ( 'NONE',  #6544 ) ;
#2929 = CARTESIAN_POINT ( 'NONE',  ( 0.4318683767845828414, 1.141732283464567121, -0.2814988661385031676 ) ) ;
#2930 = EDGE_LOOP ( 'NONE', ( #7247, #385, #5865, #2199 ) ) ;
#2931 = DIRECTION ( 'NONE',  ( 0.000000000000000000, -1.000000000000000000, 0.000000000000000000 ) ) ;
#2932 = DIRECTION ( 'NONE',  ( 0.000000000000000000, 0.000000000000000000, -1.000000000000000000 ) ) ;
#2933 = VERTEX_POINT ( 'NONE', #2900 ) ;
#2934 = LINE ( 'NONE', #2233, #5282 ) ;
#2935 = ORIENTED_EDGE ( 'NONE', *, *, #1504, .F. ) ;
#2936 = EDGE_CURVE ( 'NONE', #4432, #3693, #4889, .T. ) ;
#2937 = CARTESIAN_POINT ( 'NONE',  ( 2.736217263038408287, 1.200787401574803237, -0.1294460413457444170 ) ) ;
#2938 = DIRECTION ( 'NONE',  ( 0.000000000000000000, -1.000000000000000000, 0.000000000000000000 ) ) ;
#2939 = ADVANCED_FACE ( 'NONE', ( #7642 ), #145, .F. ) ;
#2940 = CARTESIAN_POINT ( 'NONE',  ( -0.1036354566005281280, 1.200787401574803237, 1.271042608376981686 ) ) ;
#2941 = CARTESIAN_POINT ( 'NONE',  ( 0.6329382721209004803, -7.874015748039371056E-05, 0.1116466293098953427 ) ) ;
#2942 = ORIENTED_EDGE ( 'NONE', *, *, #1863, .T. ) ;
#2943 = ORIENTED_EDGE ( 'NONE', *, *, #2675, .T. ) ;
#2944 = VERTEX_POINT ( 'NONE', #861 ) ;
#2945 = DIRECTION ( 'NONE',  ( 0.000000000000000000, -1.000000000000000000, 0.000000000000000000 ) ) ;
#2946 = EDGE_CURVE ( 'NONE', #6668, #2470, #6972, .T. ) ;
#2947 = CYLINDRICAL_SURFACE ( 'NONE', #4424, 0.08070866141732323251 ) ;
#2948 = DIRECTION ( 'NONE',  ( 0.000000000000000000, 0.000000000000000000, -1.000000000000000000 ) ) ;
#2949 = AXIS2_PLACEMENT_3D ( 'NONE', #238, #4188, #6235 ) ;
#2950 = ADVANCED_FACE ( 'NONE', ( #783 ), #1569, .T. ) ;
#2951 = DIRECTION ( 'NONE',  ( 0.000000000000000000, -1.000000000000000000, 0.000000000000000000 ) ) ;
#2952 = EDGE_LOOP ( 'NONE', ( #658, #7743, #5461, #25 ) ) ;
#2953 = EDGE_CURVE ( 'NONE', #7794, #948, #3441, .T. ) ;
#2955 = ADVANCED_FACE ( 'NONE', ( #2775 ), #5477, .F. ) ;
#2954 = CARTESIAN_POINT ( 'NONE',  ( 0.4341698204799581684, 1.082677165354330784, 1.126938118698063818 ) ) ;
#2956 = DIRECTION ( 'NONE',  ( 0.000000000000000000, -1.000000000000000000, 0.000000000000000000 ) ) ;
#2957 = CARTESIAN_POINT ( 'NONE',  ( 1.312500546402022739, 1.102362204724409489, 4.485545935394759987 ) ) ;
#2958 = VECTOR ( 'NONE', #7640, 39.37007874015748143 ) ;
#2959 = ORIENTED_EDGE ( 'NONE', *, *, #639, .T. ) ;
#2960 = DIRECTION ( 'NONE',  ( 0.000000000000000000, 0.000000000000000000, -1.000000000000000000 ) ) ;
#2961 = EDGE_CURVE ( 'NONE', #4054, #1551, #7568, .T. ) ;
#2962 = VERTEX_POINT ( 'NONE', #3522 ) ;
#2963 = VECTOR ( 'NONE', #3190, 39.37007874015748854 ) ;
#2964 = CARTESIAN_POINT ( 'NONE',  ( -1.179246010761500818, 1.200787401574803237, 1.478542926317494288 ) ) ;
#2965 = CYLINDRICAL_SURFACE ( 'NONE', #254, 0.08070866141732296883 ) ;
#2966 = DIRECTION ( 'NONE',  ( 0.000000000000000000, 0.000000000000000000, 1.000000000000000000 ) ) ;
#2967 = ORIENTED_EDGE ( 'NONE', *, *, #5173, .F. ) ;
#2968 = CARTESIAN_POINT ( 'NONE',  ( -0.06502277496534306089, 1.200787401574803237, 3.485659544960522105 ) ) ;
#2969 = ORIENTED_EDGE ( 'NONE', *, *, #8279, .F. ) ;
#2970 = DIRECTION ( 'NONE',  ( 0.000000000000000000, -0.000000000000000000, -1.000000000000000000 ) ) ;
#2971 = DIRECTION ( 'NONE',  ( 0.4541980223655572302, 0.7071067811865462405, 0.5419447909881768277 ) ) ;
#2972 = AXIS2_PLACEMENT_3D ( 'NONE', #287, #5747, #5076 ) ;
#2973 = ORIENTED_EDGE ( 'NONE', *, *, #3269, .F. ) ;
#2974 = ADVANCED_FACE ( 'NONE', ( #6229 ), #5201, .T. ) ;
#2975 = CYLINDRICAL_SURFACE ( 'NONE', #6121, 0.08070866141732323251 ) ;
#2976 = CARTESIAN_POINT ( 'NONE',  ( 1.653884864319848935, 1.200787401574803237, 1.295825755003391144 ) ) ;
#2977 = AXIS2_PLACEMENT_3D ( 'NONE', #6132, #8082, #929 ) ;
#2978 = VERTEX_POINT ( 'NONE', #7873 ) ;
#2979 = FACE_OUTER_BOUND ( 'NONE', #5907, .T. ) ;
#2980 = EDGE_LOOP ( 'NONE', ( #1285, #174 ) ) ;
#2981 = DIRECTION ( 'NONE',  ( 0.000000000000000000, -1.000000000000000000, 0.000000000000000000 ) ) ;
#2982 = LINE ( 'NONE', #7024, #4447 ) ;
#2983 = LINE ( 'NONE', #6411, #6076 ) ;
#2985 = AXIS2_PLACEMENT_3D ( 'NONE', #2189, #7682, #4883 ) ;
#2984 = LINE ( 'NONE', #3530, #6274 ) ;
#2986 = EDGE_LOOP ( 'NONE', ( #6213, #5319, #6626, #2135 ) ) ;
#2987 = VERTEX_POINT ( 'NONE', #2405 ) ;
#2988 = ORIENTED_EDGE ( 'NONE', *, *, #2851, .T. ) ;
#2989 = CARTESIAN_POINT ( 'NONE',  ( 0.9192291935385781265, 1.200787401574803237, 1.700176466644688578 ) ) ;
#2990 = CARTESIAN_POINT ( 'NONE',  ( 2.523319816938089044, 0.000000000000000000, 1.797794258940390355 ) ) ;
#2991 = DIRECTION ( 'NONE',  ( 0.000000000000000000, -1.000000000000000000, 0.000000000000000000 ) ) ;
#2992 = ORIENTED_EDGE ( 'NONE', *, *, #7776, .T. ) ;
#2993 = CIRCLE ( 'NONE', #884, 0.08070866141732309373 ) ;
#2994 = EDGE_CURVE ( 'NONE', #1358, #2728, #5821, .T. ) ;
#2995 = LINE ( 'NONE', #3795, #7376 ) ;
#2996 = VERTEX_POINT ( 'NONE', #1130 ) ;
#2997 = AXIS2_PLACEMENT_3D ( 'NONE', #2968, #1116, #3679 ) ;
#2998 = DIRECTION ( 'NONE',  ( -0.000000000000000000, 1.000000000000000000, -0.000000000000000000 ) ) ;
#2999 = VECTOR ( 'NONE', #2290, 39.37007874015748143 ) ;
#3000 = VECTOR ( 'NONE', #3527, 39.37007874015748143 ) ;
#3001 = CARTESIAN_POINT ( 'NONE',  ( -0.9193914864464498571, 0.000000000000000000, 0.3501093316575699665 ) ) ;
#3002 = EDGE_CURVE ( 'NONE', #2907, #8553, #6982, .T. ) ;
#3003 = DIRECTION ( 'NONE',  ( -0.000000000000000000, -1.000000000000000000, -0.000000000000000000 ) ) ;
#3004 = EDGE_LOOP ( 'NONE', ( #5676, #5305, #5075, #683 ) ) ;
#3005 = DIRECTION ( 'NONE',  ( -0.4999999999999918954, 0.000000000000000000, 0.8660254037844431485 ) ) ;
#3006 = AXIS2_PLACEMENT_3D ( 'NONE', #8517, #3307, #1778 ) ;
#3007 = CIRCLE ( 'NONE', #3448, 0.07874015748031500117 ) ;
#3008 = CIRCLE ( 'NONE', #7402, 0.07874015748031500117 ) ;
#3009 = VERTEX_POINT ( 'NONE', #3823 ) ;
#3010 = ADVANCED_FACE ( 'NONE', ( #8456 ), #7736, .F. ) ;
#3011 = AXIS2_PLACEMENT_3D ( 'NONE', #1670, #1767, #7791 ) ;
#3012 = EDGE_CURVE ( 'NONE', #2756, #5876, #6492, .T. ) ;
#3013 = FACE_OUTER_BOUND ( 'NONE', #3075, .T. ) ;
#3014 = DIRECTION ( 'NONE',  ( 0.8660254037844388186, -0.000000000000000000, 0.4999999999999997224 ) ) ;
#3015 = CARTESIAN_POINT ( 'NONE',  ( 2.952755905511811108, 1.377952755905512028, 6.250839528627838426 ) ) ;
#3016 = ORIENTED_EDGE ( 'NONE', *, *, #2411, .T. ) ;
#3017 = DIRECTION ( 'NONE',  ( 0.000000000000000000, 1.000000000000000000, 0.000000000000000000 ) ) ;
#3018 = AXIS2_PLACEMENT_3D ( 'NONE', #5547, #60, #7465 ) ;
#3019 = VECTOR ( 'NONE', #8306, 39.37007874015748854 ) ;
#3020 = VECTOR ( 'NONE', #1472, 39.37007874015748854 ) ;
#3021 = VERTEX_POINT ( 'NONE', #7059 ) ;
#3022 = FACE_OUTER_BOUND ( 'NONE', #3678, .T. ) ;
#3023 = CARTESIAN_POINT ( 'NONE',  ( 0.7223787998377938502, 1.200787401574803237, 2.121840011441713525 ) ) ;
#3024 = EDGE_CURVE ( 'NONE', #5654, #8146, #1324, .T. ) ;
#3025 = DIRECTION ( 'NONE',  ( 0.000000000000000000, -0.000000000000000000, -1.000000000000000000 ) ) ;
#3026 = ORIENTED_EDGE ( 'NONE', *, *, #7348, .T. ) ;
#3027 = VECTOR ( 'NONE', #802, 39.37007874015748143 ) ;
#3028 = VECTOR ( 'NONE', #2432, 39.37007874015748143 ) ;
#3029 = DIRECTION ( 'NONE',  ( 0.000000000000000000, 1.000000000000000000, 0.000000000000000000 ) ) ;
#3030 = PRODUCT ( 'BasePlate-Thirds Split 1', 'BasePlate-Thirds Split 1', '', ( #7942 ) ) ;
#3031 = DIRECTION ( 'NONE',  ( 0.9849106049563591814, 0.000000000000000000, -0.1730638617519520417 ) ) ;
#3032 = EDGE_LOOP ( 'NONE', ( #3240, #8359, #6175, #4568 ) ) ;
#3033 = CARTESIAN_POINT ( 'NONE',  ( 2.263779527559056426, 1.200787401574803237, 0.2819855394721875186 ) ) ;
#3034 = EDGE_LOOP ( 'NONE', ( #2651, #480, #7868, #4220 ) ) ;
#3035 = VECTOR ( 'NONE', #1969, 39.37007874015748143 ) ;
#3036 = DIRECTION ( 'NONE',  ( -0.4999999999999920064, 0.000000000000000000, 0.8660254037844433705 ) ) ;
#3037 = CARTESIAN_POINT ( 'NONE',  ( 2.662433740129186877, 1.082677165354331672, 1.537156836563094986 ) ) ;
#3038 = CARTESIAN_POINT ( 'NONE',  ( 3.103737657107884740, 1.102362204724409489, 5.792481070146972222 ) ) ;
#3039 = EDGE_LOOP ( 'NONE', ( #3667, #6391 ) ) ;
#3040 = EDGE_LOOP ( 'NONE', ( #8723, #4900, #3824, #8313 ) ) ;
#3041 = EDGE_LOOP ( 'NONE', ( #3863, #4851, #6467, #7298 ) ) ;
#3042 = ADVANCED_FACE ( 'NONE', ( #8538 ), #5871, .T. ) ;
#3043 = LINE ( 'NONE', #4988, #6244 ) ;
#3044 = DIRECTION ( 'NONE',  ( 0.000000000000000000, -1.000000000000000000, 0.000000000000000000 ) ) ;
#3045 = DIRECTION ( 'NONE',  ( 0.000000000000000000, -0.000000000000000000, -1.000000000000000000 ) ) ;
#3046 = ORIENTED_EDGE ( 'NONE', *, *, #4531, .F. ) ;
#3047 = LINE ( 'NONE', #2422, #8374 ) ;
#3048 = ORIENTED_EDGE ( 'NONE', *, *, #78, .T. ) ;
#3049 = CARTESIAN_POINT ( 'NONE',  ( 0.04046903307838966429, 1.200787401574803237, 1.808847885457468108 ) ) ;
#3050 = CARTESIAN_POINT ( 'NONE',  ( 2.616652975329385455, 1.102362204724409489, 5.238498691300260468 ) ) ;
#3051 = VERTEX_POINT ( 'NONE', #454 ) ;
#3052 = CARTESIAN_POINT ( 'NONE',  ( -1.076629392855039891, 1.082677165354330784, 1.322296282991472616 ) ) ;
#3053 = EDGE_CURVE ( 'NONE', #223, #5131, #5108, .T. ) ;
#3054 = ORIENTED_EDGE ( 'NONE', *, *, #3002, .F. ) ;
#3055 = EDGE_CURVE ( 'NONE', #7273, #5912, #2742, .T. ) ;
#3056 = FACE_OUTER_BOUND ( 'NONE', #4929, .T. ) ;
#3057 = ORIENTED_EDGE ( 'NONE', *, *, #5089, .T. ) ;
#3058 = EDGE_CURVE ( 'NONE', #4656, #7380, #4451, .T. ) ;
#3059 = PLANE ( 'NONE',  #6255 ) ;
#3060 = DIRECTION ( 'NONE',  ( -0.000000000000000000, -1.000000000000000000, -0.000000000000000000 ) ) ;
#3061 = CARTESIAN_POINT ( 'NONE',  ( 0.6329382721209004803, -7.874015748039371056E-05, -0.004495102973569272027 ) ) ;
#3062 = ORIENTED_EDGE ( 'NONE', *, *, #7619, .F. ) ;
#3063 = CARTESIAN_POINT ( 'NONE',  ( 2.729251400526234494, 0.000000000000000000, 5.043472498007069760 ) ) ;
#3064 = VERTEX_POINT ( 'NONE', #5023 ) ;
#3065 = CARTESIAN_POINT ( 'NONE',  ( 0.3168295106876288791, -7.874015748039371056E-05, -0.2655313596039485247 ) ) ;
#3066 = EDGE_CURVE ( 'NONE', #8327, #5344, #4994, .T. ) ;
#3067 = EDGE_CURVE ( 'NONE', #6514, #2708, #7130, .T. ) ;
#3068 = CARTESIAN_POINT ( 'NONE',  ( 0.6168869917940612568, 1.200787401574803237, 3.879360332362089991 ) ) ;
#3069 = CYLINDRICAL_SURFACE ( 'NONE', #5853, 0.08070866141732323251 ) ;
#3070 = ORIENTED_EDGE ( 'NONE', *, *, #5069, .F. ) ;
#3071 = DIRECTION ( 'NONE',  ( 0.000000000000000000, 1.000000000000000000, 0.000000000000000000 ) ) ;
#3072 = LINE ( 'NONE', #4310, #557 ) ;
#3073 = EDGE_LOOP ( 'NONE', ( #6748, #975, #7771, #5121, #1822, #7613, #2489, #7931, #6491, #2927 ) ) ;
#3074 = CARTESIAN_POINT ( 'NONE',  ( 2.958219845190298347, 0.6791338582677166613, 5.572084368912591401 ) ) ;
#3075 = EDGE_LOOP ( 'NONE', ( #7291, #887, #4779, #1442 ) ) ;
#3076 = CARTESIAN_POINT ( 'NONE',  ( 2.983608909500687023, 3.882804907592494146E-16, 2.063542290436449100 ) ) ;
#3077 = LINE ( 'NONE', #7876, #3323 ) ;
#3078 = AXIS2_PLACEMENT_3D ( 'NONE', #2609, #558, #4681 ) ;
#3079 = DIRECTION ( 'NONE',  ( 4.704334850106597569E-15, 0.000000000000000000, -1.000000000000000000 ) ) ;
#3080 = VERTEX_POINT ( 'NONE', #8588 ) ;
#3081 = EDGE_LOOP ( 'NONE', ( #7812, #8297, #2730, #8742 ) ) ;
#3082 = ORIENTED_EDGE ( 'NONE', *, *, #7128, .T. ) ;
#3083 = CARTESIAN_POINT ( 'NONE',  ( 0.8137373854948456442, 1.200787401574803237, 3.538405448982388180 ) ) ;
#3084 = CARTESIAN_POINT ( 'NONE',  ( 3.051181102362205966, 1.082677165354330784, 0.3626942008895100988 ) ) ;
#3085 = CARTESIAN_POINT ( 'NONE',  ( 0.1318276187354409934, 1.082677165354330784, 3.225413322998142540 ) ) ;
#3086 = VERTEX_POINT ( 'NONE', #1699 ) ;
#3087 = EDGE_CURVE ( 'NONE', #953, #5638, #4438, .T. ) ;
#3088 = CIRCLE ( 'NONE', #7201, 0.1771653543307087908 ) ;
#3089 = CARTESIAN_POINT ( 'NONE',  ( 1.404288566597198473, 1.082677165354330784, 2.515540798843281856 ) ) ;
#3090 = VERTEX_POINT ( 'NONE', #1839 ) ;
#3091 = DIRECTION ( 'NONE',  ( 0.000000000000000000, 0.000000000000000000, -1.000000000000000000 ) ) ;
#3092 = CARTESIAN_POINT ( 'NONE',  ( -0.7628993185406710564, 1.082677165354330784, -0.6211617174569764588 ) ) ;
#3093 = EDGE_LOOP ( 'NONE', ( #2021, #1871 ) ) ;
#3094 = DIRECTION ( 'NONE',  ( 0.000000000000000000, -1.000000000000000000, 0.000000000000000000 ) ) ;
#3095 = ORIENTED_EDGE ( 'NONE', *, *, #269, .T. ) ;
#3096 = VECTOR ( 'NONE', #1228, 39.37007874015748854 ) ;
#3097 = CARTESIAN_POINT ( 'NONE',  ( -0.0007207492543572252986, -7.874015748039371056E-05, 0.7076699784390518833 ) ) ;
#3098 = VERTEX_POINT ( 'NONE', #273 ) ;
#3099 = ADVANCED_FACE ( 'NONE', ( #2979 ), #1657, .F. ) ;
#3100 = CARTESIAN_POINT ( 'NONE',  ( 3.051181102362205966, 1.200787401574803237, 0.2819855394721875186 ) ) ;
#3101 = AXIS2_PLACEMENT_3D ( 'NONE', #538, #6005, #5330 ) ;
#3102 = DIRECTION ( 'NONE',  ( -0.000000000000000000, -1.000000000000000000, -0.000000000000000000 ) ) ;
#3103 = EDGE_CURVE ( 'NONE', #2433, #8606, #5062, .T. ) ;
#3104 = ORIENTED_EDGE ( 'NONE', *, *, #6484, .T. ) ;
#3105 = DIRECTION ( 'NONE',  ( 0.000000000000000000, 0.000000000000000000, -1.000000000000000000 ) ) ;
#3106 = ORIENTED_EDGE ( 'NONE', *, *, #4946, .F. ) ;
#3107 = DIRECTION ( 'NONE',  ( -0.000000000000000000, 1.000000000000000000, -0.000000000000000000 ) ) ;
#3108 = PLANE ( 'NONE',  #4996 ) ;
#3109 = ORIENTED_EDGE ( 'NONE', *, *, #3700, .F. ) ;
#3110 = AXIS2_PLACEMENT_3D ( 'NONE', #8339, #3094, #5139 ) ;
#3111 = EDGE_CURVE ( 'NONE', #1355, #6952, #3742, .T. ) ;
#3112 = DIRECTION ( 'NONE',  ( 0.8660254037844433705, -0.000000000000000000, 0.4999999999999920064 ) ) ;
#3113 = EDGE_CURVE ( 'NONE', #221, #743, #3872, .T. ) ;
#3114 = CARTESIAN_POINT ( 'NONE',  ( 3.051181102362205966, 1.082677165354330784, 0.2819855394721875186 ) ) ;
#3115 = ORIENTED_EDGE ( 'NONE', *, *, #3387, .F. ) ;
#3116 = DIRECTION ( 'NONE',  ( 0.000000000000000000, -1.000000000000000000, 0.000000000000000000 ) ) ;
#3117 = ORIENTED_EDGE ( 'NONE', *, *, #2300, .T. ) ;
#3118 = AXIS2_PLACEMENT_3D ( 'NONE', #554, #5309, #5171 ) ;
#3119 = CARTESIAN_POINT ( 'NONE',  ( 1.994839747699551191, 1.082677165354330784, 1.492676148704175532 ) ) ;
#3120 = ORIENTED_EDGE ( 'NONE', *, *, #2220, .T. ) ;
#3121 = CARTESIAN_POINT ( 'NONE',  ( 4.665543679984922143, 1.082677165354331672, 2.693652899555227354 ) ) ;
#3122 = ADVANCED_FACE ( 'NONE', ( #1301 ), #8628, .F. ) ;
#3123 = CARTESIAN_POINT ( 'NONE',  ( -0.0007207492543572252986, 1.141732283464567121, 0.7588510808012565168 ) ) ;
#3124 = ORIENTED_EDGE ( 'NONE', *, *, #6689, .T. ) ;
#3125 = ORIENTED_EDGE ( 'NONE', *, *, #634, .T. ) ;
#3126 = ORIENTED_EDGE ( 'NONE', *, *, #1345, .F. ) ;
#3127 = DIRECTION ( 'NONE',  ( 0.8660254037844433705, 0.000000000000000000, 0.4999999999999920064 ) ) ;
#3128 = LINE ( 'NONE', #514, #4964 ) ;
#3129 = CIRCLE ( 'NONE', #4114, 0.08070866141732241372 ) ;
#3130 = ORIENTED_EDGE ( 'NONE', *, *, #4799, .T. ) ;
#3131 = DIRECTION ( 'NONE',  ( 0.000000000000000000, -1.000000000000000000, 0.000000000000000000 ) ) ;
#3132 = ORIENTED_EDGE ( 'NONE', *, *, #5318, .F. ) ;
#3133 = CARTESIAN_POINT ( 'NONE',  ( 0.2373194267791739476, 1.200787401574803237, 1.387184340660442716 ) ) ;
#3134 = DIRECTION ( 'NONE',  ( 0.000000000000000000, 0.000000000000000000, -1.000000000000000000 ) ) ;
#3135 = DIRECTION ( 'NONE',  ( 0.000000000000000000, -1.000000000000000000, 0.000000000000000000 ) ) ;
#3136 = SURFACE_STYLE_USAGE ( .BOTH. , #8646 ) ;
#3137 = VECTOR ( 'NONE', #1950, 39.37007874015748854 ) ;
#3138 = VECTOR ( 'NONE', #6581, 39.37007874015748143 ) ;
#3139 = ORIENTED_EDGE ( 'NONE', *, *, #5126, .F. ) ;
#3140 = EDGE_CURVE ( 'NONE', #248, #575, #477, .T. ) ;
#3141 = AXIS2_PLACEMENT_3D ( 'NONE', #8091, #8765, #4840 ) ;
#3142 = DIRECTION ( 'NONE',  ( 0.000000000000000000, -1.000000000000000000, 0.000000000000000000 ) ) ;
#3143 = ORIENTED_EDGE ( 'NONE', *, *, #3541, .F. ) ;
#3144 =( BOUNDED_CURVE ( )  B_SPLINE_CURVE ( 3, ( #1638, #6302, #4331, #971 ),
 .UNSPECIFIED., .F., .F. ) 
 B_SPLINE_CURVE_WITH_KNOTS ( ( 4, 4 ),
 ( 0.4974447986633736551, 0.6134940416815806152 ),
 .UNSPECIFIED. ) 
 CURVE ( )  GEOMETRIC_REPRESENTATION_ITEM ( )  RATIONAL_B_SPLINE_CURVE ( ( 1.000000000000000000, 0.9988780292787954318, 0.9988780292787954318, 1.000000000000000000 ) ) 
 REPRESENTATION_ITEM ( '' )  );
#3145 = CIRCLE ( 'NONE', #5413, 0.1771653543307086520 ) ;
#3146 = VECTOR ( 'NONE', #3886, 39.37007874015748854 ) ;
#3147 = AXIS2_PLACEMENT_3D ( 'NONE', #2396, #5100, #7814 ) ;
#3148 = DIRECTION ( 'NONE',  ( 0.000000000000000000, -1.000000000000000000, 0.000000000000000000 ) ) ;
#3149 = DIRECTION ( 'NONE',  ( 0.000000000000000000, 0.000000000000000000, 1.000000000000000000 ) ) ;
#3150 = ORIENTED_EDGE ( 'NONE', *, *, #8158, .F. ) ;
#3151 = DIRECTION ( 'NONE',  ( 0.000000000000000000, 0.000000000000000000, 1.000000000000000000 ) ) ;
#3152 = ORIENTED_EDGE ( 'NONE', *, *, #3161, .T. ) ;
#3153 = CIRCLE ( 'NONE', #2595, 0.08070866141732296883 ) ;
#3154 = ADVANCED_FACE ( 'NONE', ( #4622 ), #677, .T. ) ;
#3155 = AXIS2_PLACEMENT_3D ( 'NONE', #3909, #7287, #6617 ) ;
#3156 = AXIS2_PLACEMENT_3D ( 'NONE', #1177, #1703, #2502 ) ;
#3157 = CARTESIAN_POINT ( 'NONE',  ( 4.626053634778662271, 1.377952755905512028, -1.761205371551624266 ) ) ;
#3158 = CARTESIAN_POINT ( 'NONE',  ( 3.123422696477962557, 0.6791338582677166613, 5.758385581809002396 ) ) ;
#3159 = AXIS2_PLACEMENT_3D ( 'NONE', #6604, #5316, #4688 ) ;
#3160 = ORIENTED_EDGE ( 'NONE', *, *, #2846, .T. ) ;
#3161 = EDGE_CURVE ( 'NONE', #5158, #4218, #586, .T. ) ;
#3162 = CYLINDRICAL_SURFACE ( 'NONE', #7531, 0.08070866141732241372 ) ;
#3163 = AXIS2_PLACEMENT_3D ( 'NONE', #7003, #5627, #2179 ) ;
#3164 = CARTESIAN_POINT ( 'NONE',  ( 3.051181102362205966, 1.082677165354330784, -0.03100658651206395638 ) ) ;
#3165 = DIRECTION ( 'NONE',  ( -0.1590695136534966692, 0.000000000000000000, 0.9872673851728517302 ) ) ;
#3166 = ORIENTED_EDGE ( 'NONE', *, *, #548, .T. ) ;
#3167 = DIRECTION ( 'NONE',  ( 0.000000000000000000, -1.000000000000000000, 0.000000000000000000 ) ) ;
#3168 = ORIENTED_EDGE ( 'NONE', *, *, #2329, .F. ) ;
#3169 = EDGE_CURVE ( 'NONE', #5564, #1518, #5422, .T. ) ;
#3170 = FACE_OUTER_BOUND ( 'NONE', #818, .T. ) ;
#3171 = AXIS2_PLACEMENT_3D ( 'NONE', #1220, #3911, #1925 ) ;
#3172 = VERTEX_POINT ( 'NONE', #2632 ) ;
#3173 = VECTOR ( 'NONE', #6690, 39.37007874015748854 ) ;
#3174 = CARTESIAN_POINT ( 'NONE',  ( 1.312500546402022739, 0.3937007874015748254, 4.485545935394759987 ) ) ;
#3175 = EDGE_CURVE ( 'NONE', #7140, #3575, #1615, .T. ) ;
#3176 = DIRECTION ( 'NONE',  ( 0.4999999999999920064, 0.000000000000000000, -0.8660254037844432595 ) ) ;
#3177 = EDGE_LOOP ( 'NONE', ( #7002, #8351 ) ) ;
#3178 = AXIS2_PLACEMENT_3D ( 'NONE', #4592, #3916, #8633 ) ;
#3179 = ORIENTED_EDGE ( 'NONE', *, *, #2994, .T. ) ;
#3180 = ORIENTED_EDGE ( 'NONE', *, *, #1398, .F. ) ;
#3181 = FACE_OUTER_BOUND ( 'NONE', #7317, .T. ) ;
#3182 = DIRECTION ( 'NONE',  ( 0.000000000000000000, 0.000000000000000000, -1.000000000000000000 ) ) ;
#3183 = EDGE_CURVE ( 'NONE', #2714, #4466, #620, .T. ) ;
#3184 = ORIENTED_EDGE ( 'NONE', *, *, #376, .F. ) ;
#3185 = VECTOR ( 'NONE', #6763, 39.37007874015748143 ) ;
#3186 = LINE ( 'NONE', #4368, #1999 ) ;
#3187 = ORIENTED_EDGE ( 'NONE', *, *, #6345, .F. ) ;
#3188 = CARTESIAN_POINT ( 'NONE',  ( 0.4341698204799581684, 1.200787401574803237, 1.046229457280740682 ) ) ;
#3189 = CARTESIAN_POINT ( 'NONE',  ( -0.3168295106876288791, 1.348031496062992440, 0.2655313596039481916 ) ) ;
#3190 = DIRECTION ( 'NONE',  ( 0.9345333927142731589, -0.000000000000000000, -0.3558754527948649882 ) ) ;
#3191 = ORIENTED_EDGE ( 'NONE', *, *, #5295, .F. ) ;
#3192 = CARTESIAN_POINT ( 'NONE',  ( -0.6941866377028810264, 1.200787401574803237, 2.293907258516088010 ) ) ;
#3193 = DIRECTION ( 'NONE',  ( 0.000000000000000000, -1.000000000000000000, 0.000000000000000000 ) ) ;
#3194 = FACE_BOUND ( 'NONE', #1002, .T. ) ;
#3195 = ORIENTED_EDGE ( 'NONE', *, *, #4891, .F. ) ;
#3196 = PLANE ( 'NONE',  #1031 ) ;
#3197 = VERTEX_POINT ( 'NONE', #4710 ) ;
#3198 = CYLINDRICAL_SURFACE ( 'NONE', #6397, 0.08070866141732313537 ) ;
#3199 = FACE_OUTER_BOUND ( 'NONE', #6128, .T. ) ;
#3200 = ORIENTED_EDGE ( 'NONE', *, *, #8387, .T. ) ;
#3201 = EDGE_CURVE ( 'NONE', #2255, #4473, #8041, .T. ) ;
#3202 = FACE_OUTER_BOUND ( 'NONE', #4865, .T. ) ;
#3203 = DIRECTION ( 'NONE',  ( 0.000000000000000000, -1.000000000000000000, 0.000000000000000000 ) ) ;
#3204 = CARTESIAN_POINT ( 'NONE',  ( -0.6941866377028810264, 1.200787401574803237, 2.213198597098764875 ) ) ;
#3205 = ORIENTED_EDGE ( 'NONE', *, *, #6201, .T. ) ;
#3206 = DIRECTION ( 'NONE',  ( 0.000000000000000000, 0.000000000000000000, -1.000000000000000000 ) ) ;
#3207 = EDGE_LOOP ( 'NONE', ( #3187, #7409, #4351, #2421 ) ) ;
#3208 = PLANE ( 'NONE',  #2025 ) ;
#3209 = CARTESIAN_POINT ( 'NONE',  ( 2.918849766450141381, 0.6791338582677166613, 5.640275345588531941 ) ) ;
#3210 = LINE ( 'NONE', #5919, #3096 ) ;
#3211 = ORIENTED_EDGE ( 'NONE', *, *, #199, .T. ) ;
#3212 = ORIENTED_EDGE ( 'NONE', *, *, #1774, .T. ) ;
#3213 = VERTEX_POINT ( 'NONE', #2671 ) ;
#3214 = LINE ( 'NONE', #7882, #8519 ) ;
#3215 = DIRECTION ( 'NONE',  ( 0.000000000000000000, 0.000000000000000000, -1.000000000000000000 ) ) ;
#3216 = EDGE_CURVE ( 'NONE', #4466, #5022, #6574, .T. ) ;
#3217 = CARTESIAN_POINT ( 'NONE',  ( 2.976075722449893046, 0.000000000000000000, 1.013598027167075033 ) ) ;
#3218 = CARTESIAN_POINT ( 'NONE',  ( 1.082677165354331672, 1.200787401574803237, -0.1924239093467102202 ) ) ;
#3219 = FACE_OUTER_BOUND ( 'NONE', #4611, .T. ) ;
#3220 = EDGE_CURVE ( 'NONE', #2978, #7777, #6710, .T. ) ;
#3221 = ORIENTED_EDGE ( 'NONE', *, *, #996, .F. ) ;
#3222 = FACE_OUTER_BOUND ( 'NONE', #3443, .T. ) ;
#3223 = CARTESIAN_POINT ( 'NONE',  ( 0.1381136642780471935, 1.377952755905512472, -0.6320042149773328344 ) ) ;
#3224 = PRODUCT_DEFINITION ( 'UNKNOWN', '', #1898, #1204 ) ;
#3225 = DIRECTION ( 'NONE',  ( 0.000000000000000000, 0.000000000000000000, -1.000000000000000000 ) ) ;
#3226 = AXIS2_PLACEMENT_3D ( 'NONE', #801, #8171, #4825 ) ;
#3227 = EDGE_CURVE ( 'NONE', #8016, #8225, #2309, .T. ) ;
#3228 = EDGE_CURVE ( 'NONE', #1694, #1208, #7270, .T. ) ;
#3229 = DIRECTION ( 'NONE',  ( 0.000000000000000000, -1.000000000000000000, 0.000000000000000000 ) ) ;
#3230 = FACE_BOUND ( 'NONE', #4543, .T. ) ;
#3231 =( NAMED_UNIT ( * ) SI_UNIT ( $, .STERADIAN. ) SOLID_ANGLE_UNIT ( ) );
#3232 = EDGE_LOOP ( 'NONE', ( #4521, #1781, #2570, #1152 ) ) ;
#3233 = ORIENTED_EDGE ( 'NONE', *, *, #5069, .T. ) ;
#3234 = DIRECTION ( 'NONE',  ( 0.000000000000000000, 1.000000000000000000, -0.000000000000000000 ) ) ;
#3235 = AXIS2_PLACEMENT_3D ( 'NONE', #2641, #2680, #2550 ) ;
#3236 = VERTEX_POINT ( 'NONE', #3246 ) ;
#3237 = EDGE_CURVE ( 'NONE', #5904, #856, #5148, .T. ) ;
#3238 = DIRECTION ( 'NONE',  ( -0.1730638617519515143, 0.000000000000000000, -0.9849106049563592924 ) ) ;
#3239 = CARTESIAN_POINT ( 'NONE',  ( 0.2952755905511819101, 1.082677165354330784, -0.8991168227325369022 ) ) ;
#3240 = ORIENTED_EDGE ( 'NONE', *, *, #3979, .F. ) ;
#3241 = VECTOR ( 'NONE', #1185, 39.37007874015748854 ) ;
#3242 = CARTESIAN_POINT ( 'NONE',  ( 2.217819075456680888, 0.000000000000000000, 4.748196907455893623 ) ) ;
#3243 = CARTESIAN_POINT ( 'NONE',  ( 1.476377952755906664, 1.200787401574803237, -0.1924239093467102202 ) ) ;
#3244 = DIRECTION ( 'NONE',  ( 0.4999999999999965028, 0.000000000000000000, -0.8660254037844405950 ) ) ;
#3245 = ORIENTED_EDGE ( 'NONE', *, *, #1923, .F. ) ;
#3246 = CARTESIAN_POINT ( 'NONE',  ( 0.8664832895167117188, 1.082677165354330784, 2.740353949939523304 ) ) ;
#3247 = ORIENTED_EDGE ( 'NONE', *, *, #4531, .T. ) ;
#3248 = VECTOR ( 'NONE', #4097, 39.37007874015748143 ) ;
#3249 = CARTESIAN_POINT ( 'NONE',  ( 4.345056699702047887, 0.000000000000000000, -1.654200194118728984 ) ) ;
#3250 = DIRECTION ( 'NONE',  ( 0.000000000000000000, 0.000000000000000000, -1.000000000000000000 ) ) ;
#3251 = EDGE_CURVE ( 'NONE', #7856, #4555, #6619, .T. ) ;
#3252 = EDGE_LOOP ( 'NONE', ( #6493, #2967, #1708, #7322 ) ) ;
#3253 = FACE_OUTER_BOUND ( 'NONE', #2311, .T. ) ;
#3254 = CARTESIAN_POINT ( 'NONE',  ( -0.2091272646442610683, 1.200787401574803237, 2.947854267880035906 ) ) ;
#3255 = VECTOR ( 'NONE', #1455, 39.37007874015748143 ) ;
#3256 = VERTEX_POINT ( 'NONE', #5955 ) ;
#3257 = ORIENTED_EDGE ( 'NONE', *, *, #8097, .F. ) ;
#3258 = EDGE_LOOP ( 'NONE', ( #5982, #8708, #8726, #1200 ) ) ;
#3259 = DIRECTION ( 'NONE',  ( 0.000000000000000000, -1.000000000000000000, 0.000000000000000000 ) ) ;
#3260 = CYLINDRICAL_SURFACE ( 'NONE', #6534, 0.08070866141732309373 ) ;
#3261 = VECTOR ( 'NONE', #6153, 39.37007874015748143 ) ;
#3262 = DIRECTION ( 'NONE',  ( 0.000000000000000000, -1.000000000000000000, 0.000000000000000000 ) ) ;
#3263 = DIRECTION ( 'NONE',  ( -0.000000000000000000, -1.000000000000000000, -0.000000000000000000 ) ) ;
#3264 = DIRECTION ( 'NONE',  ( 0.000000000000000000, 1.000000000000000000, 0.000000000000000000 ) ) ;
#3265 = ORIENTED_EDGE ( 'NONE', *, *, #2403, .T. ) ;
#3266 = VECTOR ( 'NONE', #7213, 39.37007874015748854 ) ;
#3267 = DIRECTION ( 'NONE',  ( 0.000000000000000000, -1.000000000000000000, 0.000000000000000000 ) ) ;
#3268 = CARTESIAN_POINT ( 'NONE',  ( 2.926673774748453472, 0.3937007874015752140, 1.689715891681201843 ) ) ;
#3269 = EDGE_CURVE ( 'NONE', #419, #6586, #8670, .T. ) ;
#3270 = CARTESIAN_POINT ( 'NONE',  ( 2.518438781616120004, 1.377952755905512028, 3.113335074284830029 ) ) ;
#3271 = EDGE_CURVE ( 'NONE', #6733, #2322, #2587, .T. ) ;
#3272 = DIRECTION ( 'NONE',  ( -0.000000000000000000, -1.000000000000000000, -0.000000000000000000 ) ) ;
#3273 = AXIS2_PLACEMENT_3D ( 'NONE', #5320, #5402, #8791 ) ;
#3274 = CIRCLE ( 'NONE', #5540, 0.08070866141732296883 ) ;
#3275 = FACE_BOUND ( 'NONE', #1433, .T. ) ;
#3276 = CIRCLE ( 'NONE', #4831, 0.1161417322834646243 ) ;
#3277 = VERTEX_POINT ( 'NONE', #4663 ) ;
#3278 = PLANE ( 'NONE',  #8420 ) ;
#3279 = EDGE_LOOP ( 'NONE', ( #409, #7041, #2810, #4342 ) ) ;
#3280 = LINE ( 'NONE', #4078, #5838 ) ;
#3281 = DIRECTION ( 'NONE',  ( 0.000000000000000000, 0.000000000000000000, -1.000000000000000000 ) ) ;
#3282 = EDGE_CURVE ( 'NONE', #2280, #378, #3593, .T. ) ;
#3283 = ADVANCED_FACE ( 'NONE', ( #774 ), #7596, .F. ) ;
#3284 = ORIENTED_EDGE ( 'NONE', *, *, #928, .F. ) ;
#3285 = VECTOR ( 'NONE', #4814, 39.37007874015748143 ) ;
#3286 = AXIS2_PLACEMENT_3D ( 'NONE', #6981, #2858, #7738 ) ;
#3287 = AXIS2_PLACEMENT_3D ( 'NONE', #2114, #4863, #2821 ) ;
#3288 = CARTESIAN_POINT ( 'NONE',  ( 0.2898458697660172834, 1.141732283464567344, -0.4509587802986882443 ) ) ;
#3289 = DIRECTION ( 'NONE',  ( -0.000000000000000000, -1.000000000000000000, -0.000000000000000000 ) ) ;
#3290 = DIRECTION ( 'NONE',  ( 0.4999999999999932832, 0.000000000000000000, -0.8660254037844424824 ) ) ;
#3291 = AXIS2_PLACEMENT_3D ( 'NONE', #4437, #3771, #1646 ) ;
#3292 = ORIENTED_EDGE ( 'NONE', *, *, #3887, .T. ) ;
#3293 = CARTESIAN_POINT ( 'NONE',  ( 3.103737657107884740, 0.000000000000000000, 5.792481070146972222 ) ) ;
#3294 = AXIS2_PLACEMENT_3D ( 'NONE', #7610, #110, #282 ) ;
#3295 = CIRCLE ( 'NONE', #4573, 0.08070866141732323251 ) ;
#3296 = VERTEX_POINT ( 'NONE', #4175 ) ;
#3297 = AXIS2_PLACEMENT_3D ( 'NONE', #7330, #7168, #5789 ) ;
#3298 = CARTESIAN_POINT ( 'NONE',  ( 1.870078740157481434, 1.200787401574803237, 0.3626942008895106540 ) ) ;
#3299 = CARTESIAN_POINT ( 'NONE',  ( 0.9199564398576680624, 0.000000000000000000, -0.3499031884230101586 ) ) ;
#3300 = ORIENTED_EDGE ( 'NONE', *, *, #767, .T. ) ;
#3301 = CARTESIAN_POINT ( 'NONE',  ( 0.8137373854948456442, 1.082677165354330784, 3.619114110399710871 ) ) ;
#3302 = VECTOR ( 'NONE', #4330, 39.37007874015748143 ) ;
#3303 = CIRCLE ( 'NONE', #6852, 0.06496062992125979652 ) ;
#3304 = VECTOR ( 'NONE', #1382, 39.37007874015748143 ) ;
#3305 = FACE_OUTER_BOUND ( 'NONE', #6608, .T. ) ;
#3306 = ORIENTED_EDGE ( 'NONE', *, *, #7721, .F. ) ;
#3307 = DIRECTION ( 'NONE',  ( -0.4541980223655557314, 0.7071067811865489050, -0.5419447909881747183 ) ) ;
#3308 = VERTEX_POINT ( 'NONE', #2803 ) ;
#3309 = ORIENTED_EDGE ( 'NONE', *, *, #7388, .F. ) ;
#3310 = FACE_OUTER_BOUND ( 'NONE', #7188, .T. ) ;
#3311 = AXIS2_PLACEMENT_3D ( 'NONE', #7290, #1884, #4586 ) ;
#3312 = VECTOR ( 'NONE', #4435, 39.37007874015748854 ) ;
#3313 = CIRCLE ( 'NONE', #6862, 0.1161417322834646243 ) ;
#3314 = CARTESIAN_POINT ( 'NONE',  ( 0.7223787998377938502, 1.082677165354330784, 2.202548672859036216 ) ) ;
#3315 = VECTOR ( 'NONE', #5068, 39.37007874015748143 ) ;
#3316 = CARTESIAN_POINT ( 'NONE',  ( 0.6889763779527567911, 1.082677165354330784, -0.5054160353309620213 ) ) ;
#3317 = EDGE_CURVE ( 'NONE', #6365, #8030, #1432, .T. ) ;
#3318 = DIRECTION ( 'NONE',  ( 0.000000000000000000, -0.000000000000000000, -1.000000000000000000 ) ) ;
#3319 = CARTESIAN_POINT ( 'NONE',  ( 0.1318276187354409656, 1.200787401574803237, 3.144704661580819849 ) ) ;
#3320 = EDGE_LOOP ( 'NONE', ( #2456, #7069 ) ) ;
#3321 = CARTESIAN_POINT ( 'NONE',  ( 3.051181102362205966, 1.082677165354330784, -0.1117152479293870848 ) ) ;
#3322 = CYLINDRICAL_SURFACE ( 'NONE', #175, 0.08070866141732323251 ) ;
#3323 = VECTOR ( 'NONE', #2409, 39.37007874015748143 ) ;
#3324 = DIRECTION ( 'NONE',  ( 0.000000000000000000, 0.000000000000000000, 1.000000000000000000 ) ) ;
#3325 = VERTEX_POINT ( 'NONE', #3477 ) ;
#3326 = CARTESIAN_POINT ( 'NONE',  ( -3.782022027088570493, 1.082677165354331228, -3.715872831642700547 ) ) ;
#3327 = FACE_BOUND ( 'NONE', #7603, .T. ) ;
#3328 = EDGE_CURVE ( 'NONE', #8594, #7567, #133, .T. ) ;
#3329 = ORIENTED_EDGE ( 'NONE', *, *, #1986, .F. ) ;
#3330 = DIRECTION ( 'NONE',  ( 0.000000000000000000, -1.000000000000000000, 0.000000000000000000 ) ) ;
#3331 = EDGE_CURVE ( 'NONE', #1528, #4290, #6220, .T. ) ;
#3332 = ORIENTED_EDGE ( 'NONE', *, *, #2120, .F. ) ;
#3333 = CARTESIAN_POINT ( 'NONE',  ( 1.063333683217495995, 1.200787401574803237, 2.318690405142497912 ) ) ;
#3334 = DIRECTION ( 'NONE',  ( 0.000000000000000000, 0.000000000000000000, -1.000000000000000000 ) ) ;
#3335 = EDGE_CURVE ( 'NONE', #5048, #5960, #4580, .T. ) ;
#3336 = ORIENTED_EDGE ( 'NONE', *, *, #2520, .F. ) ;
#3337 = CYLINDRICAL_SURFACE ( 'NONE', #3984, 0.08070866141732323251 ) ;
#3338 = DIRECTION ( 'NONE',  ( -0.000000000000000000, -1.000000000000000000, -0.000000000000000000 ) ) ;
#3339 = PLANE ( 'NONE',  #2445 ) ;
#3340 = ADVANCED_FACE ( 'NONE', ( #4836 ), #851, .F. ) ;
#3341 = ORIENTED_EDGE ( 'NONE', *, *, #2097, .T. ) ;
#3342 = CARTESIAN_POINT ( 'NONE',  ( -0.3168295106876288791, 1.348031496062992440, 0.2655313596039481916 ) ) ;
#3343 = ADVANCED_FACE ( 'NONE', ( #96 ), #2187, .F. ) ;
#3344 = ORIENTED_EDGE ( 'NONE', *, *, #8481, .F. ) ;
#3345 = CARTESIAN_POINT ( 'NONE',  ( 0.2373194267791739476, 1.200787401574803237, 1.467893002077765630 ) ) ;
#3346 = CARTESIAN_POINT ( 'NONE',  ( 4.838012979423754523, 0.8858267716535439540, -0.5549396367689256593 ) ) ;
#3347 = VERTEX_POINT ( 'NONE', #6139 ) ;
#3348 = ADVANCED_FACE ( 'NONE', ( #5634 ), #901, .F. ) ;
#3349 = LINE ( 'NONE', #7431, #2111 ) ;
#3350 = ORIENTED_EDGE ( 'NONE', *, *, #6369, .T. ) ;
#3351 = CARTESIAN_POINT ( 'NONE',  ( 0.6168869917940612568, 1.200787401574803237, 3.879360332362089991 ) ) ;
#3352 = ORIENTED_EDGE ( 'NONE', *, *, #1458, .T. ) ;
#3353 = EDGE_LOOP ( 'NONE', ( #7879, #3790 ) ) ;
#3354 = DIRECTION ( 'NONE',  ( 0.000000000000000000, -1.000000000000000000, 0.000000000000000000 ) ) ;
#3355 = CARTESIAN_POINT ( 'NONE',  ( 3.084154089709080893, 0.3937007874015750475, 1.416951984977440349 ) ) ;
#3356 = DIRECTION ( 'NONE',  ( 0.000000000000000000, -1.000000000000000000, 0.000000000000000000 ) ) ;
#3357 = CYLINDRICAL_SURFACE ( 'NONE', #7124, 0.08070866141732313537 ) ;
#3358 = DIRECTION ( 'NONE',  ( 0.000000000000000000, 0.000000000000000000, -1.000000000000000000 ) ) ;
#3359 = ORIENTED_EDGE ( 'NONE', *, *, #8706, .T. ) ;
#3360 = DIRECTION ( 'NONE',  ( -0.1590695136534933385, 0.000000000000000000, 0.9872673851728522854 ) ) ;
#3361 = FACE_OUTER_BOUND ( 'NONE', #6584, .T. ) ;
#3362 = LINE ( 'NONE', #5400, #6016 ) ;
#3363 = EDGE_CURVE ( 'NONE', #856, #5904, #762, .T. ) ;
#3364 = ORIENTED_EDGE ( 'NONE', *, *, #520, .F. ) ;
#3365 = AXIS2_PLACEMENT_3D ( 'NONE', #7576, #2862, #4813 ) ;
#3366 = DIRECTION ( 'NONE',  ( 0.000000000000000000, 0.000000000000000000, 1.000000000000000000 ) ) ;
#3367 = CARTESIAN_POINT ( 'NONE',  ( 0.2759321084143591118, 1.200787401574803237, 3.682509938661305604 ) ) ;
#3368 = EDGE_LOOP ( 'NONE', ( #1926, #359, #8623, #8087 ) ) ;
#3369 = CARTESIAN_POINT ( 'NONE',  ( 0.1564921679057784953, 1.082677165354330784, -0.9712710491145449820 ) ) ;
#3370 = ORIENTED_EDGE ( 'NONE', *, *, #3220, .F. ) ;
#3371 = DIRECTION ( 'NONE',  ( -0.000000000000000000, -1.000000000000000000, 0.000000000000000000 ) ) ;
#3372 = CARTESIAN_POINT ( 'NONE',  ( 0.3286780124362252420, 1.082677165354330784, 2.723041116783794902 ) ) ;
#3373 = ORIENTED_EDGE ( 'NONE', *, *, #2071, .T. ) ;
#3374 = EDGE_CURVE ( 'NONE', #3720, #3296, #2840, .T. ) ;
#3375 = DIRECTION ( 'NONE',  ( 0.000000000000000000, 0.000000000000000000, -1.000000000000000000 ) ) ;
#3376 = DIRECTION ( 'NONE',  ( 0.000000000000000000, 0.000000000000000000, -1.000000000000000000 ) ) ;
#3377 = CIRCLE ( 'NONE', #5781, 0.08070866141732269128 ) ;
#3378 = DIRECTION ( 'NONE',  ( 0.9345333927142726038, -0.000000000000000000, -0.3558754527948663759 ) ) ;
#3379 = DIRECTION ( 'NONE',  ( 0.000000000000000000, -1.000000000000000000, 0.000000000000000000 ) ) ;
#3380 = EDGE_LOOP ( 'NONE', ( #4335, #2053 ) ) ;
#3381 = DIRECTION ( 'NONE',  ( 0.000000000000000000, 0.000000000000000000, -1.000000000000000000 ) ) ;
#3382 = ORIENTED_EDGE ( 'NONE', *, *, #6694, .F. ) ;
#3383 = LINE ( 'NONE', #1305, #2569 ) ;
#3384 = DIRECTION ( 'NONE',  ( -0.000000000000000000, -1.000000000000000000, -0.000000000000000000 ) ) ;
#3385 = ADVANCED_FACE ( 'NONE', ( #2060 ), #5468, .F. ) ;
#3386 = EDGE_LOOP ( 'NONE', ( #7358, #2224, #2538, #3675, #6304, #3559, #372, #2018, #7119, #4920, #3329, #6954, #4202, #1315 ) ) ;
#3387 = EDGE_CURVE ( 'NONE', #6514, #6173, #8183, .T. ) ;
#3388 = EDGE_CURVE ( 'NONE', #3478, #1641, #6796, .T. ) ;
#3389 = CARTESIAN_POINT ( 'NONE',  ( 4.993501436635412460, 1.102362204724409933, 2.519314189701832074 ) ) ;
#3390 = DIRECTION ( 'NONE',  ( -0.000000000000000000, -1.000000000000000000, -0.000000000000000000 ) ) ;
#3391 = EDGE_CURVE ( 'NONE', #2280, #7541, #6924, .T. ) ;
#3392 = EDGE_LOOP ( 'NONE', ( #4259, #6832 ) ) ;
#3393 = CARTESIAN_POINT ( 'NONE',  ( 2.263779527559056426, 1.200787401574803237, 0.2819855394721875186 ) ) ;
#3394 = CIRCLE ( 'NONE', #1974, 0.08070866141732323251 ) ;
#3395 = ORIENTED_EDGE ( 'NONE', *, *, #1449, .F. ) ;
#3396 = VERTEX_POINT ( 'NONE', #183 ) ;
#3397 = CARTESIAN_POINT ( 'NONE',  ( 0.7751247038596602579, 1.200787401574803237, 1.323788512398847983 ) ) ;
#3398 = CARTESIAN_POINT ( 'NONE',  ( 0.7703311871445911452, 1.141732283464567121, 0.1223517628503539845 ) ) ;
#3399 = EDGE_CURVE ( 'NONE', #6554, #4059, #4153, .T. ) ;
#3400 = CIRCLE ( 'NONE', #707, 0.08070866141732313537 ) ;
#3401 = LINE ( 'NONE', #1902, #5349 ) ;
#3402 = CYLINDRICAL_SURFACE ( 'NONE', #8249, 0.1771653543307086520 ) ;
#3403 = CYLINDRICAL_SURFACE ( 'NONE', #2158, 0.08070866141732269128 ) ;
#3404 = EDGE_LOOP ( 'NONE', ( #1418, #1848 ) ) ;
#3405 = CARTESIAN_POINT ( 'NONE',  ( 1.797989353998767026, 1.200787401574803237, 1.833631032083877788 ) ) ;
#3406 = DIRECTION ( 'NONE',  ( 6.324512672832008536E-17, -1.000000000000000000, -1.095437728245851393E-16 ) ) ;
#3407 = CIRCLE ( 'NONE', #5812, 0.08070866141732296883 ) ;
#3408 = DIRECTION ( 'NONE',  ( -0.000000000000000000, -1.000000000000000000, -0.000000000000000000 ) ) ;
#3409 = VERTEX_POINT ( 'NONE', #3604 ) ;
#3410 = CIRCLE ( 'NONE', #430, 0.08070866141732269128 ) ;
#3411 = DIRECTION ( 'NONE',  ( 0.6123724356958170079, 0.7071067811865253683, 0.3535533905932791154 ) ) ;
#3412 = CARTESIAN_POINT ( 'NONE',  ( -0.3168295106876288791, 1.141732283464567121, 0.1493896273204836367 ) ) ;
#3413 = EDGE_CURVE ( 'NONE', #3476, #2478, #6312, .T. ) ;
#3414 = CARTESIAN_POINT ( 'NONE',  ( 0.6310202141807423892, 1.200787401574803237, 0.7052745739010384263 ) ) ;
#3415 = ORIENTED_EDGE ( 'NONE', *, *, #127, .F. ) ;
#3416 = CARTESIAN_POINT ( 'NONE',  ( -0.0007207492543572252986, 1.082677165354330784, 0.6427093485177919341 ) ) ;
#3417 = DIRECTION ( 'NONE',  ( 0.000000000000000000, -1.000000000000000000, 0.000000000000000000 ) ) ;
#3418 = ORIENTED_EDGE ( 'NONE', *, *, #3237, .F. ) ;
#3419 = DIRECTION ( 'NONE',  ( 0.000000000000000000, -0.000000000000000000, 1.000000000000000000 ) ) ;
#3420 = AXIS2_PLACEMENT_3D ( 'NONE', #1034, #8450, #2314 ) ;
#3421 = CARTESIAN_POINT ( 'NONE',  ( 1.797989353998767026, 1.082677165354330784, 1.833631032083877788 ) ) ;
#3422 = DIRECTION ( 'NONE',  ( -0.000000000000000000, -1.000000000000000000, -0.000000000000000000 ) ) ;
#3423 = DIRECTION ( 'NONE',  ( 0.000000000000000000, -1.000000000000000000, 0.000000000000000000 ) ) ;
#3424 = EDGE_CURVE ( 'NONE', #5407, #3893, #1048, .T. ) ;
#3425 = VERTEX_POINT ( 'NONE', #440 ) ;
#3426 = DIRECTION ( 'NONE',  ( 0.8660254037844431485, 0.000000000000000000, 0.4999999999999918954 ) ) ;
#3427 = VERTEX_POINT ( 'NONE', #4341 ) ;
#3428 = AXIS2_PLACEMENT_3D ( 'NONE', #1556, #4336, #5673 ) ;
#3429 = AXIS2_PLACEMENT_3D ( 'NONE', #4348, #5104, #2320 ) ;
#3430 = DIRECTION ( 'NONE',  ( -0.000000000000000000, -1.000000000000000000, -0.000000000000000000 ) ) ;
#3431 = CARTESIAN_POINT ( 'NONE',  ( -0.3168295106876288791, 1.082677165354330784, 0.3304919895252080853 ) ) ;
#3432 = CIRCLE ( 'NONE', #4560, 0.08070866141732351007 ) ;
#3433 = ORIENTED_EDGE ( 'NONE', *, *, #6564, .F. ) ;
#3434 = EDGE_CURVE ( 'NONE', #5870, #6719, #2867, .T. ) ;
#3435 = DIRECTION ( 'NONE',  ( 0.000000000000000000, -1.000000000000000000, 0.000000000000000000 ) ) ;
#3436 = AXIS2_PLACEMENT_3D ( 'NONE', #8298, #4329, #8379 ) ;
#3437 = AXIS2_PLACEMENT_3D ( 'NONE', #1495, #2981, #4933 ) ;
#3438 = CARTESIAN_POINT ( 'NONE',  ( 0.9195677519107495757, 0.000000000000000000, -0.3499658142157870966 ) ) ;
#3439 = AXIS2_PLACEMENT_3D ( 'NONE', #4654, #631, #7362 ) ;
#3440 = ORIENTED_EDGE ( 'NONE', *, *, #2779, .F. ) ;
#3441 = LINE ( 'NONE', #5517, #1461 ) ;
#3442 = ADVANCED_FACE ( 'NONE', ( #5726 ), #263, .F. ) ;
#3443 = EDGE_LOOP ( 'NONE', ( #7416, #6802 ) ) ;
#3444 = LINE ( 'NONE', #4769, #4819 ) ;
#3445 = ADVANCED_FACE ( 'NONE', ( #5677 ), #1689, .T. ) ;
#3446 = CARTESIAN_POINT ( 'NONE',  ( 1.476377952755906664, 1.200787401574803237, 0.2819855394721875186 ) ) ;
#3447 = VECTOR ( 'NONE', #3590, 39.37007874015748854 ) ;
#3448 = AXIS2_PLACEMENT_3D ( 'NONE', #8004, #1922, #3290 ) ;
#3449 = VECTOR ( 'NONE', #6799, 39.37007874015748143 ) ;
#3450 = EDGE_CURVE ( 'NONE', #5050, #1257, #627, .T. ) ;
#3451 = CIRCLE ( 'NONE', #3583, 0.1161417322834645827 ) ;
#3452 = DIRECTION ( 'NONE',  ( 0.8660254037844431485, -0.000000000000000000, 0.4999999999999918954 ) ) ;
#3453 = DIRECTION ( 'NONE',  ( -0.1590695136534932552, 0.000000000000000000, 0.9872673851728522854 ) ) ;
#3454 = FACE_OUTER_BOUND ( 'NONE', #6059, .T. ) ;
#3455 = AXIS2_PLACEMENT_3D ( 'NONE', #7369, #6885, #6842 ) ;
#3456 = AXIS2_PLACEMENT_3D ( 'NONE', #8715, #3992, #4041 ) ;
#3457 = ORIENTED_EDGE ( 'NONE', *, *, #4239, .T. ) ;
#3458 = EDGE_CURVE ( 'NONE', #7374, #7370, #3640, .T. ) ;
#3459 = DIRECTION ( 'NONE',  ( 0.000000000000000000, 0.000000000000000000, 1.000000000000000000 ) ) ;
#3460 = CARTESIAN_POINT ( 'NONE',  ( -0.4973362440020967501, 1.200787401574803237, 1.872243713719063063 ) ) ;
#3461 = CARTESIAN_POINT ( 'NONE',  ( 0.3526618401562124916, 1.348031496062992440, -0.3760073576427028219 ) ) ;
#3462 = CIRCLE ( 'NONE', #4446, 0.3149606299212600047 ) ;
#3463 = CIRCLE ( 'NONE', #8562, 0.08070866141732323251 ) ;
#3464 = VERTEX_POINT ( 'NONE', #7764 ) ;
#3465 = DIRECTION ( 'NONE',  ( 0.000000000000000000, 0.000000000000000000, 1.000000000000000000 ) ) ;
#3466 = DIRECTION ( 'NONE',  ( -0.000000000000000000, -1.000000000000000000, -0.000000000000000000 ) ) ;
#3467 = CYLINDRICAL_SURFACE ( 'NONE', #604, 0.08070866141732269128 ) ;
#3468 = CIRCLE ( 'NONE', #2193, 0.08070866141732269128 ) ;
#3469 = ORIENTED_EDGE ( 'NONE', *, *, #5055, .T. ) ;
#3470 = DIRECTION ( 'NONE',  ( 0.000000000000000000, -0.000000000000000000, -1.000000000000000000 ) ) ;
#3471 = FACE_OUTER_BOUND ( 'NONE', #7008, .T. ) ;
#3472 = VERTEX_POINT ( 'NONE', #8484 ) ;
#3473 = FACE_OUTER_BOUND ( 'NONE', #2121, .T. ) ;
#3474 = LINE ( 'NONE', #674, #3657 ) ;
#3475 = DIRECTION ( 'NONE',  ( 0.000000000000000000, 0.000000000000000000, -1.000000000000000000 ) ) ;
#3476 = VERTEX_POINT ( 'NONE', #7149 ) ;
#3477 = CARTESIAN_POINT ( 'NONE',  ( 0.3168295106876288791, 1.348031496062992440, -0.3816730918874130518 ) ) ;
#3478 = VERTEX_POINT ( 'NONE', #1078 ) ;
#3479 = CARTESIAN_POINT ( 'NONE',  ( -0.4059776583450451226, 1.082677165354330784, 3.288809151259737718 ) ) ;
#3480 = DIRECTION ( 'NONE',  ( 0.6313919323779896287, 0.000000000000000000, -0.7754638790607775167 ) ) ;
#3481 = EDGE_LOOP ( 'NONE', ( #1814, #8240, #4623, #6443 ) ) ;
#3482 = EDGE_CURVE ( 'NONE', #5822, #7118, #309, .T. ) ;
#3483 = CARTESIAN_POINT ( 'NONE',  ( 0.7444769236152326553, -7.874015748039371056E-05, 0.1440199393141235740 ) ) ;
#3484 = CARTESIAN_POINT ( 'NONE',  ( -0.8411454024935588469, 1.082677165354330784, -0.1355261928997038845 ) ) ;
#3485 = ORIENTED_EDGE ( 'NONE', *, *, #6165, .T. ) ;
#3486 = CARTESIAN_POINT ( 'NONE',  ( 2.662433740129186877, 0.8464566929133860995, 1.537156836563094986 ) ) ;
#3487 = ORIENTED_EDGE ( 'NONE', *, *, #1715, .T. ) ;
#3488 = CARTESIAN_POINT ( 'NONE',  ( 3.051181102362205966, 1.200787401574803237, -0.1117152479293870848 ) ) ;
#3489 = DIRECTION ( 'NONE',  ( 0.000000000000000000, -1.000000000000000000, 0.000000000000000000 ) ) ;
#3490 = CARTESIAN_POINT ( 'NONE',  ( 0.9192291935385781265, 1.200787401574803237, 1.780885128062011269 ) ) ;
#3491 = DIRECTION ( 'NONE',  ( 0.000000000000000000, 1.000000000000000000, 0.000000000000000000 ) ) ;
#3492 = DIRECTION ( 'NONE',  ( 0.000000000000000000, -1.000000000000000000, 0.000000000000000000 ) ) ;
#3493 = ORIENTED_EDGE ( 'NONE', *, *, #6055, .F. ) ;
#3494 = EDGE_CURVE ( 'NONE', #5654, #8071, #7811, .T. ) ;
#3495 = DIRECTION ( 'NONE',  ( 0.000000000000000000, -1.000000000000000000, 0.000000000000000000 ) ) ;
#3496 = DIRECTION ( 'NONE',  ( 0.000000000000000000, 0.000000000000000000, -1.000000000000000000 ) ) ;
#3497 = DIRECTION ( 'NONE',  ( 0.000000000000000000, -1.000000000000000000, 0.000000000000000000 ) ) ;
#3498 = ADVANCED_FACE ( 'NONE', ( #5097 ), #360, .T. ) ;
#3499 = EDGE_LOOP ( 'NONE', ( #3531, #6675, #7685, #7569 ) ) ;
#3500 = PLANE ( 'NONE',  #2008 ) ;
#3501 = CARTESIAN_POINT ( 'NONE',  ( -1.076100596462134407, 1.082677165354330784, 1.322726835316817784 ) ) ;
#3502 = CARTESIAN_POINT ( 'NONE',  ( 20.50199211714161862, 0.8464566929133860995, 15.30456913498216132 ) ) ;
#3503 = VERTEX_POINT ( 'NONE', #6347 ) ;
#3504 = DIRECTION ( 'NONE',  ( 0.000000000000000000, 0.000000000000000000, -1.000000000000000000 ) ) ;
#3505 = ADVANCED_FACE ( 'NONE', ( #7049 ), #7187, .F. ) ;
#3506 = VERTEX_POINT ( 'NONE', #1788 ) ;
#3507 = CIRCLE ( 'NONE', #8474, 0.08070866141732309373 ) ;
#3508 = ADVANCED_FACE ( 'NONE', ( #4481 ), #982, .F. ) ;
#3509 = FACE_OUTER_BOUND ( 'NONE', #7787, .T. ) ;
#3510 = CARTESIAN_POINT ( 'NONE',  ( 1.842939994116899127, 1.200787401574803237, 0.2107188527363203778 ) ) ;
#3511 = LINE ( 'NONE', #2133, #5844 ) ;
#3512 = ORIENTED_EDGE ( 'NONE', *, *, #8663, .T. ) ;
#3513 = CARTESIAN_POINT ( 'NONE',  ( 3.522344762720474254, 0.000000000000000000, -1.340906966315829285 ) ) ;
#3514 = ORIENTED_EDGE ( 'NONE', *, *, #5002, .T. ) ;
#3515 = DIRECTION ( 'NONE',  ( -0.000000000000000000, 1.000000000000000000, 0.000000000000000000 ) ) ;
#3516 = FACE_OUTER_BOUND ( 'NONE', #782, .T. ) ;
#3517 = VERTEX_POINT ( 'NONE', #3729 ) ;
#3518 = CIRCLE ( 'NONE', #8056, 0.07874015748031500117 ) ;
#3519 = FACE_OUTER_BOUND ( 'NONE', #3232, .T. ) ;
#3520 = CARTESIAN_POINT ( 'NONE',  ( 1.063333683217495995, 1.200787401574803237, 2.318690405142497912 ) ) ;
#3521 = ORIENTED_EDGE ( 'NONE', *, *, #5236, .T. ) ;
#3522 = CARTESIAN_POINT ( 'NONE',  ( 1.312500546402022739, 1.102362204724409489, 4.485545935394759987 ) ) ;
#3523 = ORIENTED_EDGE ( 'NONE', *, *, #7350, .T. ) ;
#3524 = ADVANCED_FACE ( 'NONE', ( #6390 ), #3810, .F. ) ;
#3525 = CARTESIAN_POINT ( 'NONE',  ( 0.3526618401562124916, 1.141732283464567121, -0.3760073576427028219 ) ) ;
#3526 = AXIS2_PLACEMENT_3D ( 'NONE', #5652, #7648, #2112 ) ;
#3527 = DIRECTION ( 'NONE',  ( -0.7754638790607774057, 0.000000000000000000, -0.6313919323779896287 ) ) ;
#3528 = AXIS2_PLACEMENT_3D ( 'NONE', #2976, #3687, #4391 ) ;
#3529 = DIRECTION ( 'NONE',  ( 0.000000000000000000, 0.000000000000000000, -1.000000000000000000 ) ) ;
#3530 = CARTESIAN_POINT ( 'NONE',  ( 4.993501436635412460, 4.628586327486060049E-16, 2.519314189701832074 ) ) ;
#3531 = ORIENTED_EDGE ( 'NONE', *, *, #17, .F. ) ;
#3532 = ORIENTED_EDGE ( 'NONE', *, *, #4594, .T. ) ;
#3533 = VERTEX_POINT ( 'NONE', #8350 ) ;
#3534 = LINE ( 'NONE', #8163, #993 ) ;
#3535 = CARTESIAN_POINT ( 'NONE',  ( 0.5782743101588760926, 1.200787401574803237, 1.664743395778550017 ) ) ;
#3536 = DIRECTION ( 'NONE',  ( 0.000000000000000000, -1.000000000000000000, 0.000000000000000000 ) ) ;
#3537 = DIRECTION ( 'NONE',  ( -0.1730638617519520417, 0.000000000000000000, -0.9849106049563590703 ) ) ;
#3538 = FACE_OUTER_BOUND ( 'NONE', #7148, .T. ) ;
#3539 = CIRCLE ( 'NONE', #1136, 0.08070866141732323251 ) ;
#3540 = LINE ( 'NONE', #6208, #4590 ) ;
#3541 = EDGE_CURVE ( 'NONE', #6173, #5965, #769, .T. ) ;
#3542 = EDGE_LOOP ( 'NONE', ( #6537, #69, #7294, #3284 ) ) ;
#3543 = LINE ( 'NONE', #6174, #6155 ) ;
#3544 = EDGE_LOOP ( 'NONE', ( #6756, #113 ) ) ;
#3545 = EDGE_LOOP ( 'NONE', ( #1055, #5253, #3634, #1129 ) ) ;
#3546 = CIRCLE ( 'NONE', #3683, 0.08070866141732296883 ) ;
#3547 = EDGE_CURVE ( 'NONE', #5960, #5048, #7278, .T. ) ;
#3548 = FACE_OUTER_BOUND ( 'NONE', #8017, .T. ) ;
#3549 = FACE_OUTER_BOUND ( 'NONE', #2439, .T. ) ;
#3550 = DIRECTION ( 'NONE',  ( 0.9345333927142764896, 0.000000000000000000, -0.3558754527948558288 ) ) ;
#3551 = VERTEX_POINT ( 'NONE', #8031 ) ;
#3552 = CARTESIAN_POINT ( 'NONE',  ( -0.7469325417247473231, 1.200787401574803237, 3.011250096141630195 ) ) ;
#3553 = ORIENTED_EDGE ( 'NONE', *, *, #4738, .F. ) ;
#3554 = CIRCLE ( 'NONE', #8524, 0.1771653543307087353 ) ;
#3555 = ADVANCED_FACE ( 'NONE', ( #1995 ), #3196, .F. ) ;
#3556 = ADVANCED_FACE ( 'NONE', ( #2490 ), #6742, .T. ) ;
#3557 = DIRECTION ( 'NONE',  ( 0.000000000000000000, 1.000000000000000000, 0.000000000000000000 ) ) ;
#3558 = CARTESIAN_POINT ( 'NONE',  ( 1.476377952755906664, 1.200787401574803237, -0.5054160353309620213 ) ) ;
#3559 = ORIENTED_EDGE ( 'NONE', *, *, #6375, .F. ) ;
#3560 = DIRECTION ( 'NONE',  ( -0.1730638617519516254, 0.000000000000000000, -0.9849106049563590703 ) ) ;
#3561 = LINE ( 'NONE', #4217, #8355 ) ;
#3562 = EDGE_LOOP ( 'NONE', ( #8133, #3150 ) ) ;
#3563 = CARTESIAN_POINT ( 'NONE',  ( 1.601138960297982639, 1.082677165354330784, 2.174585915463580044 ) ) ;
#3564 = AXIS2_PLACEMENT_3D ( 'NONE', #3100, #3148, #5940 ) ;
#3565 = CIRCLE ( 'NONE', #8533, 0.08070866141732269128 ) ;
#3566 = ORIENTED_EDGE ( 'NONE', *, *, #475, .F. ) ;
#3567 = CIRCLE ( 'NONE', #4123, 0.08070866141732323251 ) ;
#3568 = PLANE ( 'NONE',  #2843 ) ;
#3569 = DIRECTION ( 'NONE',  ( -0.000000000000000000, -1.000000000000000000, -0.000000000000000000 ) ) ;
#3570 = CIRCLE ( 'NONE', #8540, 0.08070866141732269128 ) ;
#3571 = AXIS2_PLACEMENT_3D ( 'NONE', #32, #4683, #2741 ) ;
#3572 = FACE_OUTER_BOUND ( 'NONE', #5849, .T. ) ;
#3573 = CARTESIAN_POINT ( 'NONE',  ( -0.5002542195104198175, 1.082677165354330784, 1.791587818418663991 ) ) ;
#3574 = ORIENTED_EDGE ( 'NONE', *, *, #448, .T. ) ;
#3575 = VERTEX_POINT ( 'NONE', #7994 ) ;
#3576 = VERTEX_POINT ( 'NONE', #626 ) ;
#3577 = AXIS2_PLACEMENT_3D ( 'NONE', #6100, #1314, #689 ) ;
#3578 = CARTESIAN_POINT ( 'NONE',  ( -0.07570958258982221634, -2.019929638930169080, -4.886215392089355625 ) ) ;
#3579 = VECTOR ( 'NONE', #2093, 39.37007874015748143 ) ;
#3580 = VECTOR ( 'NONE', #4305, 39.37007874015748143 ) ;
#3581 = CARTESIAN_POINT ( 'NONE',  ( -1.107003873898755542, 1.200787401574803237, 1.514528502445722236 ) ) ;
#3582 = DIRECTION ( 'NONE',  ( 0.000000000000000000, 0.000000000000000000, -1.000000000000000000 ) ) ;
#3583 = AXIS2_PLACEMENT_3D ( 'NONE', #5579, #1505, #6872 ) ;
#3584 = AXIS2_PLACEMENT_3D ( 'NONE', #7823, #371, #5686 ) ;
#3585 = EDGE_CURVE ( 'NONE', #272, #8568, #4612, .T. ) ;
#3586 = AXIS2_PLACEMENT_3D ( 'NONE', #7999, #7363, #1294 ) ;
#3587 = FACE_BOUND ( 'NONE', #535, .T. ) ;
#3588 = EDGE_LOOP ( 'NONE', ( #5375, #5035 ) ) ;
#3589 = DIRECTION ( 'NONE',  ( 0.000000000000000000, 1.000000000000000000, 0.000000000000000000 ) ) ;
#3590 = DIRECTION ( 'NONE',  ( -0.4999999999999919509, -1.264902534566421675E-16, 0.8660254037844431485 ) ) ;
#3591 = CARTESIAN_POINT ( 'NONE',  ( -0.3004858503013124738, 1.200787401574803237, 1.531288830339360807 ) ) ;
#3592 = ORIENTED_EDGE ( 'NONE', *, *, #7316, .T. ) ;
#3593 = CIRCLE ( 'NONE', #3455, 0.08070866141732323251 ) ;
#3594 = VECTOR ( 'NONE', #5590, 39.37007874015748854 ) ;
#3595 = LINE ( 'NONE', #255, #5998 ) ;
#3596 = ORIENTED_EDGE ( 'NONE', *, *, #798, .F. ) ;
#3597 = EDGE_CURVE ( 'NONE', #429, #2847, #2659, .T. ) ;
#3598 = CARTESIAN_POINT ( 'NONE',  ( 0.4341698204799581684, 1.200787401574803237, 1.126938118698063818 ) ) ;
#3599 = AXIS2_PLACEMENT_3D ( 'NONE', #1006, #2375, #5619 ) ;
#3600 = CARTESIAN_POINT ( 'NONE',  ( 1.476377952755906664, 1.200787401574803237, -0.03100658651206395638 ) ) ;
#3602 = ADVANCED_FACE ( 'NONE', ( #5323 ), #5903, .T. ) ;
#3601 =( NAMED_UNIT ( * ) PLANE_ANGLE_UNIT ( ) SI_UNIT ( $, .RADIAN. ) );
#3603 = EDGE_LOOP ( 'NONE', ( #1008, #5744, #6102, #2044 ) ) ;
#3604 = CARTESIAN_POINT ( 'NONE',  ( -0.01419902979620381832, 1.141732283464567121, 0.7798579866315596965 ) ) ;
#3605 = EDGE_LOOP ( 'NONE', ( #7093, #1384, #5394, #5333, #4854, #6523, #2197, #4204 ) ) ;
#3606 = EDGE_CURVE ( 'NONE', #7521, #1292, #5859, .T. ) ;
#3607 = DIRECTION ( 'NONE',  ( 0.000000000000000000, -1.000000000000000000, 0.000000000000000000 ) ) ;
#3608 = DIRECTION ( 'NONE',  ( 0.000000000000000000, 0.000000000000000000, -1.000000000000000000 ) ) ;
#3609 = EDGE_LOOP ( 'NONE', ( #5597, #7920, #7253, #5091 ) ) ;
#3610 = AXIS2_PLACEMENT_3D ( 'NONE', #2808, #7564, #4763 ) ;
#3611 = DIRECTION ( 'NONE',  ( 0.000000000000000000, 0.000000000000000000, -1.000000000000000000 ) ) ;
#3612 = EDGE_CURVE ( 'NONE', #3517, #6057, #2749, .T. ) ;
#3613 = FACE_OUTER_BOUND ( 'NONE', #7788, .T. ) ;
#3614 = ORIENTED_EDGE ( 'NONE', *, *, #4578, .T. ) ;
#3615 = DIRECTION ( 'NONE',  ( 0.000000000000000000, -1.000000000000000000, 0.000000000000000000 ) ) ;
#3616 = ORIENTED_EDGE ( 'NONE', *, *, #5549, .F. ) ;
#3617 = LINE ( 'NONE', #8286, #2157 ) ;
#3618 = EDGE_CURVE ( 'NONE', #2085, #3277, #5232, .T. ) ;
#3619 = EDGE_CURVE ( 'NONE', #2987, #8308, #5191, .T. ) ;
#3620 = EDGE_CURVE ( 'NONE', #97, #725, #3462, .T. ) ;
#3621 = DIRECTION ( 'NONE',  ( 0.000000000000000000, 0.000000000000000000, -1.000000000000000000 ) ) ;
#3622 = LINE ( 'NONE', #2160, #754 ) ;
#3623 = ORIENTED_EDGE ( 'NONE', *, *, #3618, .F. ) ;
#3624 = VERTEX_POINT ( 'NONE', #4570 ) ;
#3625 = ORIENTED_EDGE ( 'NONE', *, *, #193, .F. ) ;
#3626 = EDGE_CURVE ( 'NONE', #614, #2847, #2163, .T. ) ;
#3627 = LINE ( 'NONE', #2373, #5529 ) ;
#3628 = CARTESIAN_POINT ( 'NONE',  ( 1.260184076918280160, 1.082677165354330784, 1.977735521762795656 ) ) ;
#3629 = DIRECTION ( 'NONE',  ( -0.000000000000000000, -1.000000000000000000, -0.000000000000000000 ) ) ;
#3630 = FACE_OUTER_BOUND ( 'NONE', #6759, .T. ) ;
#3631 = CARTESIAN_POINT ( 'NONE',  ( 2.545329045470149154, 1.358267716535428882, 3.106129849800883580 ) ) ;
#3632 = DIRECTION ( 'NONE',  ( 0.000000000000000000, 0.000000000000000000, -1.000000000000000000 ) ) ;
#3633 = DIRECTION ( 'NONE',  ( -0.7754638790607774057, 0.000000000000000000, -0.6313919323779896287 ) ) ;
#3634 = ORIENTED_EDGE ( 'NONE', *, *, #6078, .F. ) ;
#3635 = EDGE_CURVE ( 'NONE', #5916, #948, #4036, .T. ) ;
#3636 = CARTESIAN_POINT ( 'NONE',  ( -0.06502277496534306089, 1.082677165354330784, 3.485659544960522105 ) ) ;
#3637 = CYLINDRICAL_SURFACE ( 'NONE', #3428, 0.08070866141732241372 ) ;
#3638 = DIRECTION ( 'NONE',  ( -0.000000000000000000, 1.000000000000000000, 0.000000000000000000 ) ) ;
#3639 = EDGE_LOOP ( 'NONE', ( #377, #3364 ) ) ;
#3640 = LINE ( 'NONE', #1028, #6408 ) ;
#3641 = ORIENTED_EDGE ( 'NONE', *, *, #7962, .F. ) ;
#3642 = CARTESIAN_POINT ( 'NONE',  ( -0.3168295106876288791, -7.874015748039371056E-05, 0.2655313596039481916 ) ) ;
#3643 = CARTESIAN_POINT ( 'NONE',  ( 1.987110414039361617, 1.102362204724409489, 5.147796030776905063 ) ) ;
#3644 = EDGE_LOOP ( 'NONE', ( #7464, #5946, #8051, #3782 ) ) ;
#3645 = CARTESIAN_POINT ( 'NONE',  ( -0.0007207492543572252986, 1.348031496062992440, 0.6427093485177919341 ) ) ;
#3646 = CARTESIAN_POINT ( 'NONE',  ( -0.5379418271761149395, 1.082677165354330784, 0.6606901903860582514 ) ) ;
#3647 = ORIENTED_EDGE ( 'NONE', *, *, #2202, .T. ) ;
#3648 = CARTESIAN_POINT ( 'NONE',  ( 0.8137373854948456442, 1.200787401574803237, 3.457696787565065488 ) ) ;
#3649 = VERTEX_POINT ( 'NONE', #1158 ) ;
#3650 = EDGE_CURVE ( 'NONE', #8396, #5779, #6831, .T. ) ;
#3651 = DIRECTION ( 'NONE',  ( 0.9345333927142711605, -0.000000000000000000, -0.3558754527948699842 ) ) ;
#3652 = FACE_OUTER_BOUND ( 'NONE', #7224, .T. ) ;
#3653 = ADVANCED_FACE ( 'NONE', ( #494, #1209, #6652, #3902 ), #6609, .T. ) ;
#3654 = CARTESIAN_POINT ( 'NONE',  ( -0.0007207492543572252986, -7.874015748039371056E-05, 0.6427093485177919341 ) ) ;
#3655 = DIRECTION ( 'NONE',  ( -0.000000000000000000, -1.000000000000000000, -0.000000000000000000 ) ) ;
#3656 = EDGE_LOOP ( 'NONE', ( #2466, #6039 ) ) ;
#3657 = VECTOR ( 'NONE', #3378, 39.37007874015748143 ) ;
#3658 = ORIENTED_EDGE ( 'NONE', *, *, #654, .F. ) ;
#3659 = ORIENTED_EDGE ( 'NONE', *, *, #1068, .T. ) ;
#3660 = CARTESIAN_POINT ( 'NONE',  ( -0.8910370314036653028, 1.200787401574803237, 2.554153480478467131 ) ) ;
#3661 = CARTESIAN_POINT ( 'NONE',  ( -0.4059776583450451226, 1.200787401574803237, 3.288809151259737718 ) ) ;
#3662 = FACE_OUTER_BOUND ( 'NONE', #5230, .T. ) ;
#3663 = ADVANCED_FACE ( 'NONE', ( #5945 ), #3278, .T. ) ;
#3664 = EDGE_CURVE ( 'NONE', #4775, #4432, #2704, .T. ) ;
#3665 = AXIS2_PLACEMENT_3D ( 'NONE', #3654, #3786, #5695 ) ;
#3666 = DIRECTION ( 'NONE',  ( -0.000000000000000000, -1.000000000000000000, -0.000000000000000000 ) ) ;
#3667 = ORIENTED_EDGE ( 'NONE', *, *, #7667, .F. ) ;
#3668 = CARTESIAN_POINT ( 'NONE',  ( 3.188976377952810193, 0.000000000000000000, 5.841693668572168541 ) ) ;
#3669 = FACE_OUTER_BOUND ( 'NONE', #3545, .T. ) ;
#3670 = ADVANCED_FACE ( 'NONE', ( #2174 ), #708, .T. ) ;
#3671 = CYLINDRICAL_SURFACE ( 'NONE', #855, 0.08070866141732296883 ) ;
#3672 = AXIS2_PLACEMENT_3D ( 'NONE', #6451, #4449, #6532 ) ;
#3673 = ORIENTED_EDGE ( 'NONE', *, *, #4947, .F. ) ;
#3674 = DIRECTION ( 'NONE',  ( -0.000000000000000000, -1.000000000000000000, -0.000000000000000000 ) ) ;
#3675 = ORIENTED_EDGE ( 'NONE', *, *, #5187, .T. ) ;
#3676 = DIRECTION ( 'NONE',  ( 0.000000000000000000, 0.000000000000000000, -1.000000000000000000 ) ) ;
#3677 = CARTESIAN_POINT ( 'NONE',  ( -0.2380781912452518134, 1.200787401574803237, 1.480110982407677911 ) ) ;
#3678 = EDGE_LOOP ( 'NONE', ( #6261, #3736, #3415, #5066 ) ) ;
#3679 = DIRECTION ( 'NONE',  ( 0.000000000000000000, 0.000000000000000000, -1.000000000000000000 ) ) ;
#3680 = ORIENTED_EDGE ( 'NONE', *, *, #6043, .T. ) ;
#3681 = DIRECTION ( 'NONE',  ( 0.000000000000000000, 0.000000000000000000, -1.000000000000000000 ) ) ;
#3682 = PLANE ( 'NONE',  #6424 ) ;
#3683 = AXIS2_PLACEMENT_3D ( 'NONE', #8597, #1937, #1271 ) ;
#3684 = EDGE_LOOP ( 'NONE', ( #7891, #3944, #2908, #4393 ) ) ;
#3685 = ADVANCED_FACE ( 'NONE', ( #6827 ), #4117, .T. ) ;
#3686 = CARTESIAN_POINT ( 'NONE',  ( 0.7223787998377938502, 1.200787401574803237, 2.041131350024391278 ) ) ;
#3687 = DIRECTION ( 'NONE',  ( -0.000000000000000000, -1.000000000000000000, -0.000000000000000000 ) ) ;
#3688 = VECTOR ( 'NONE', #6507, 39.37007874015748143 ) ;
#3689 = ORIENTED_EDGE ( 'NONE', *, *, #5743, .T. ) ;
#3690 = DIRECTION ( 'NONE',  ( 0.000000000000000000, -1.000000000000000000, 0.000000000000000000 ) ) ;
#3691 = ORIENTED_EDGE ( 'NONE', *, *, #2089, .F. ) ;
#3692 = LINE ( 'NONE', #4894, #3000 ) ;
#3693 = VERTEX_POINT ( 'NONE', #838 ) ;
#3694 = DIRECTION ( 'NONE',  ( 0.000000000000000000, -1.000000000000000000, 0.000000000000000000 ) ) ;
#3695 = ADVANCED_FACE ( 'NONE', ( #4872 ), #6950, .F. ) ;
#3696 = AXIS2_PLACEMENT_3D ( 'NONE', #192, #7155, #4260 ) ;
#3697 = DIRECTION ( 'NONE',  ( 0.000000000000000000, 1.000000000000000000, 0.000000000000000000 ) ) ;
#3698 = EDGE_LOOP ( 'NONE', ( #593, #1093, #6963, #5190 ) ) ;
#3699 = ORIENTED_EDGE ( 'NONE', *, *, #601, .F. ) ;
#3700 = EDGE_CURVE ( 'NONE', #4844, #6716, #4418, .T. ) ;
#3701 = VERTEX_POINT ( 'NONE', #8796 ) ;
#3702 = LINE ( 'NONE', #3578, #7647 ) ;
#3703 = CARTESIAN_POINT ( 'NONE',  ( -0.7086614173228228397, 0.000000000000000000, 1.227437580166926834 ) ) ;
#3704 = DIRECTION ( 'NONE',  ( 0.4999999999999918954, 1.264902534566421429E-16, -0.8660254037844431485 ) ) ;
#3705 = EDGE_CURVE ( 'NONE', #2362, #7567, #3540, .T. ) ;
#3706 = CIRCLE ( 'NONE', #7963, 0.06496062992125993529 ) ;
#3707 = AXIS2_PLACEMENT_3D ( 'NONE', #2687, #1406, #2647 ) ;
#3708 = ORIENTED_EDGE ( 'NONE', *, *, #515, .T. ) ;
#3709 = DIRECTION ( 'NONE',  ( 0.000000000000000000, 0.000000000000000000, -1.000000000000000000 ) ) ;
#3710 = VERTEX_POINT ( 'NONE', #6124 ) ;
#3711 = AXIS2_PLACEMENT_3D ( 'NONE', #8207, #760, #1379 ) ;
#3712 = ADVANCED_FACE ( 'NONE', ( #4165 ), #8300, .T. ) ;
#3713 = DIRECTION ( 'NONE',  ( 0.000000000000000000, 0.000000000000000000, -1.000000000000000000 ) ) ;
#3714 = AXIS2_PLACEMENT_3D ( 'NONE', #1547, #5713, #119 ) ;
#3715 = AXIS2_PLACEMENT_3D ( 'NONE', #3446, #6156, #2110 ) ;
#3716 = DIRECTION ( 'NONE',  ( 0.000000000000000000, 0.000000000000000000, -1.000000000000000000 ) ) ;
#3717 = EDGE_LOOP ( 'NONE', ( #8497, #8040, #4571, #2973 ) ) ;
#3718 = AXIS2_PLACEMENT_3D ( 'NONE', #5748, #1005, #2635 ) ;
#3719 = CARTESIAN_POINT ( 'NONE',  ( 0.6329382721209004803, 1.348031496062992440, 0.04668599938863540050 ) ) ;
#3720 = VERTEX_POINT ( 'NONE', #3369 ) ;
#3721 = DIRECTION ( 'NONE',  ( -0.000000000000000000, -1.000000000000000000, -0.000000000000000000 ) ) ;
#3722 = CIRCLE ( 'NONE', #4857, 0.08070866141732323251 ) ;
#3723 = VECTOR ( 'NONE', #3453, 39.37007874015748143 ) ;
#3724 = VECTOR ( 'NONE', #2971, 39.37007874015748143 ) ;
#3725 = LINE ( 'NONE', #1602, #4693 ) ;
#3726 = CARTESIAN_POINT ( 'NONE',  ( -1.519480636329919365, 1.377952755905512028, 4.070859342776715017 ) ) ;
#3727 = CARTESIAN_POINT ( 'NONE',  ( 0.3168295106876288791, 1.082677165354330784, -0.2655313596039485247 ) ) ;
#3728 = VERTEX_POINT ( 'NONE', #6250 ) ;
#3729 = CARTESIAN_POINT ( 'NONE',  ( 1.082677165354331672, 1.082677165354330784, -0.1924239093467102202 ) ) ;
#3730 = AXIS2_PLACEMENT_3D ( 'NONE', #4352, #324, #2363 ) ;
#3731 = AXIS2_PLACEMENT_3D ( 'NONE', #2, #4749, #5411 ) ;
#3732 = VERTEX_POINT ( 'NONE', #5455 ) ;
#3733 = DIRECTION ( 'NONE',  ( 0.000000000000000000, -1.000000000000000000, 0.000000000000000000 ) ) ;
#3734 = FACE_OUTER_BOUND ( 'NONE', #91, .T. ) ;
#3735 = CARTESIAN_POINT ( 'NONE',  ( 4.345056699702047887, 0.3838977427583866731, -1.654200194118728762 ) ) ;
#3736 = ORIENTED_EDGE ( 'NONE', *, *, #7134, .F. ) ;
#3737 = AXIS2_PLACEMENT_3D ( 'NONE', #6339, #5798, #7000 ) ;
#3738 = AXIS2_PLACEMENT_3D ( 'NONE', #2523, #5937, #3324 ) ;
#3739 = CARTESIAN_POINT ( 'NONE',  ( 0.8664832895167117188, 1.082677165354330784, 2.578936627104876589 ) ) ;
#3740 = DIRECTION ( 'NONE',  ( 0.000000000000000000, 0.000000000000000000, 1.000000000000000000 ) ) ;
#3741 = ORIENTED_EDGE ( 'NONE', *, *, #3317, .F. ) ;
#3742 = LINE ( 'NONE', #3293, #4018 ) ;
#3743 = VERTEX_POINT ( 'NONE', #2755 ) ;
#3744 = CIRCLE ( 'NONE', #6298, 0.08070866141732313537 ) ;
#3745 = CARTESIAN_POINT ( 'NONE',  ( 2.662433740129186877, 15.67005943375638211, 1.537156836563094986 ) ) ;
#3746 = ADVANCED_FACE ( 'NONE', ( #7540 ), #3467, .F. ) ;
#3747 = CARTESIAN_POINT ( 'NONE',  ( 4.729873388497356501, 0.6791338582677166613, 2.503490418495272429 ) ) ;
#3748 = CARTESIAN_POINT ( 'NONE',  ( 0.9719750975604446452, 1.082677165354330784, 0.8214163061844997893 ) ) ;
#3749 = ORIENTED_EDGE ( 'NONE', *, *, #1095, .T. ) ;
#3750 = ORIENTED_EDGE ( 'NONE', *, *, #1973, .F. ) ;
#3751 = EDGE_LOOP ( 'NONE', ( #5200, #3689, #7928, #2925, #6933, #6354, #4676, #4275, #4169, #5791, #1454, #1242, #6923, #8507, #4184 ) ) ;
#3752 = DIRECTION ( 'NONE',  ( -0.1330969955849864994, 0.5476275533794314754, 0.8260685519652154474 ) ) ;
#3753 = CARTESIAN_POINT ( 'NONE',  ( -0.7469325417247473231, 1.200787401574803237, 3.172667418976276466 ) ) ;
#3754 = FACE_OUTER_BOUND ( 'NONE', #3789, .T. ) ;
#3755 = EDGE_CURVE ( 'NONE', #6859, #95, #5408, .T. ) ;
#3756 = ORIENTED_EDGE ( 'NONE', *, *, #8612, .F. ) ;
#3757 = EDGE_CURVE ( 'NONE', #6042, #830, #4826, .T. ) ;
#3758 = CARTESIAN_POINT ( 'NONE',  ( 4.838012979423754523, 0.2952755905511817991, -0.5549396367689257703 ) ) ;
#3759 = EDGE_LOOP ( 'NONE', ( #2535, #118, #2586, #4787 ) ) ;
#3760 = DIRECTION ( 'NONE',  ( -0.1730638617519517641, 0.000000000000000000, -0.9849106049563590703 ) ) ;
#3761 = CARTESIAN_POINT ( 'NONE',  ( 2.670957612213677113, 15.67005943375638211, 1.542078096405614662 ) ) ;
#3762 = ORIENTED_EDGE ( 'NONE', *, *, #3175, .T. ) ;
#3763 = DIRECTION ( 'NONE',  ( -0.9872673851728522854, 0.000000000000000000, -0.1590695136534932552 ) ) ;
#3764 = ORIENTED_EDGE ( 'NONE', *, *, #4273, .F. ) ;
#3765 = CARTESIAN_POINT ( 'NONE',  ( 3.051181102362205966, 1.200787401574803237, 0.3626942008895100988 ) ) ;
#3766 = ADVANCED_FACE ( 'NONE', ( #4910 ), #8172, .F. ) ;
#3767 = DIRECTION ( 'NONE',  ( 0.000000000000000000, 1.000000000000000000, 0.000000000000000000 ) ) ;
#3768 = CARTESIAN_POINT ( 'NONE',  ( -0.3168295106876288791, 1.141732283464567121, 0.2655313596039481916 ) ) ;
#3769 = LINE ( 'NONE', #2349, #8275 ) ;
#3770 = ORIENTED_EDGE ( 'NONE', *, *, #8083, .F. ) ;
#3771 = DIRECTION ( 'NONE',  ( 5.337610695313168308E-17, -1.000000000000000000, -9.245012915305645428E-17 ) ) ;
#3772 = EDGE_LOOP ( 'NONE', ( #1485, #1935, #2128, #1840 ) ) ;
#3773 = EDGE_CURVE ( 'NONE', #7528, #1765, #8128, .T. ) ;
#3774 = LINE ( 'NONE', #6485, #2861 ) ;
#3775 = CARTESIAN_POINT ( 'NONE',  ( 0.6168869917940612568, 1.200787401574803237, 3.879360332362089991 ) ) ;
#3776 = EDGE_CURVE ( 'NONE', #4702, #6571, #7623, .T. ) ;
#3777 = VERTEX_POINT ( 'NONE', #2829 ) ;
#3778 = DIRECTION ( 'NONE',  ( -0.4999999999999918954, 0.000000000000000000, 0.8660254037844431485 ) ) ;
#3779 = DIRECTION ( 'NONE',  ( 0.000000000000000000, -1.000000000000000000, 0.000000000000000000 ) ) ;
#3780 = ORIENTED_EDGE ( 'NONE', *, *, #3066, .F. ) ;
#3781 = DIRECTION ( 'NONE',  ( -0.000000000000000000, -1.000000000000000000, -0.000000000000000000 ) ) ;
#3782 = ORIENTED_EDGE ( 'NONE', *, *, #8780, .F. ) ;
#3783 = DIRECTION ( 'NONE',  ( 0.000000000000000000, 0.000000000000000000, -1.000000000000000000 ) ) ;
#3784 = PLANE ( 'NONE',  #4021 ) ;
#3785 = AXIS2_PLACEMENT_3D ( 'NONE', #4603, #8693, #4639 ) ;
#3786 = DIRECTION ( 'NONE',  ( 0.000000000000000000, 1.000000000000000000, 0.000000000000000000 ) ) ;
#3787 = ADVANCED_FACE ( 'NONE', ( #1549 ), #1422, .T. ) ;
#3788 = ORIENTED_EDGE ( 'NONE', *, *, #679, .T. ) ;
#3789 = EDGE_LOOP ( 'NONE', ( #1159, #5181, #3057, #4752 ) ) ;
#3790 = ORIENTED_EDGE ( 'NONE', *, *, #4027, .F. ) ;
#3791 = CARTESIAN_POINT ( 'NONE',  ( 0.7444769236152326553, 1.348031496062992440, 0.1440199393141235462 ) ) ;
#3792 = CARTESIAN_POINT ( 'NONE',  ( 4.345056699702047887, 0.7972046194463389135, -1.654200194118728762 ) ) ;
#3793 = EDGE_LOOP ( 'NONE', ( #3211, #509, #7230, #5797 ) ) ;
#3794 = CIRCLE ( 'NONE', #4084, 0.08070866141732269128 ) ;
#3795 = CARTESIAN_POINT ( 'NONE',  ( 0.3286780124362252420, 1.200787401574803237, 2.884458439618440284 ) ) ;
#3796 = ORIENTED_EDGE ( 'NONE', *, *, #1799, .T. ) ;
#3797 = CYLINDRICAL_SURFACE ( 'NONE', #1173, 0.08070866141732296883 ) ;
#3798 = DIRECTION ( 'NONE',  ( 0.000000000000000000, 0.000000000000000000, 1.000000000000000000 ) ) ;
#3799 = LINE ( 'NONE', #7433, #6272 ) ;
#3800 = ORIENTED_EDGE ( 'NONE', *, *, #634, .F. ) ;
#3801 = CARTESIAN_POINT ( 'NONE',  ( -0.0007207492543572252986, 1.348031496062992440, 0.6427093485177919341 ) ) ;
#3802 = ORIENTED_EDGE ( 'NONE', *, *, #3541, .T. ) ;
#3803 = CARTESIAN_POINT ( 'NONE',  ( 0.7703311871445911452, 1.141732283464567121, 0.1223517628503539845 ) ) ;
#3804 = EDGE_LOOP ( 'NONE', ( #5150, #2137, #8075, #6845 ) ) ;
#3805 = DIRECTION ( 'NONE',  ( 0.000000000000000000, 0.000000000000000000, -1.000000000000000000 ) ) ;
#3806 = EDGE_CURVE ( 'NONE', #5876, #963, #4161, .T. ) ;
#3807 = AXIS2_PLACEMENT_3D ( 'NONE', #4487, #7195, #2932 ) ;
#3808 = FACE_BOUND ( 'NONE', #3815, .T. ) ;
#3809 = ORIENTED_EDGE ( 'NONE', *, *, #3391, .T. ) ;
#3810 = CYLINDRICAL_SURFACE ( 'NONE', #6014, 0.06496062992125993529 ) ;
#3811 = ORIENTED_EDGE ( 'NONE', *, *, #2236, .T. ) ;
#3812 = CARTESIAN_POINT ( 'NONE',  ( 2.523319816938089044, 1.082677165354331672, 1.797794258940390355 ) ) ;
#3813 = DIRECTION ( 'NONE',  ( 0.000000000000000000, -1.000000000000000000, 0.000000000000000000 ) ) ;
#3814 = ADVANCED_FACE ( 'NONE', ( #298 ), #2342, .T. ) ;
#3815 = EDGE_LOOP ( 'NONE', ( #908, #4967 ) ) ;
#3816 = AXIS2_PLACEMENT_3D ( 'NONE', #5220, #7932, #4643 ) ;
#3817 = CARTESIAN_POINT ( 'NONE',  ( 0.04046903307838965735, 1.200787401574803237, 1.647430562622822059 ) ) ;
#3818 = CARTESIAN_POINT ( 'NONE',  ( -1.518843368882064615, 0.000000000000000000, 4.070616667829704660 ) ) ;
#3819 = CARTESIAN_POINT ( 'NONE',  ( 1.653884864319848935, 1.082677165354330784, 1.295825755003391144 ) ) ;
#3820 = ADVANCED_FACE ( 'NONE', ( #885 ), #6431, .T. ) ;
#3821 = ADVANCED_FACE ( 'NONE', ( #7854 ), #8381, .T. ) ;
#3822 = ORIENTED_EDGE ( 'NONE', *, *, #6236, .F. ) ;
#3823 = CARTESIAN_POINT ( 'NONE',  ( 4.286233879637591393, 1.082677165354330784, -0.7197008889223382999 ) ) ;
#3824 = ORIENTED_EDGE ( 'NONE', *, *, #7617, .T. ) ;
#3825 = AXIS2_PLACEMENT_3D ( 'NONE', #3488, #2022, #5480 ) ;
#3826 = DIRECTION ( 'NONE',  ( 0.000000000000000000, -1.000000000000000000, 0.000000000000000000 ) ) ;
#3827 = DIRECTION ( 'NONE',  ( 0.9394895352248826548, 0.000000000000000000, 0.3425776017239510196 ) ) ;
#3828 = VECTOR ( 'NONE', #4855, 39.37007874015748854 ) ;
#3829 = CARTESIAN_POINT ( 'NONE',  ( 0.1108179022399748137, 1.141732283464567121, 0.6750826585220208731 ) ) ;
#3830 = ORIENTED_EDGE ( 'NONE', *, *, #3413, .T. ) ;
#3831 = ORIENTED_EDGE ( 'NONE', *, *, #4549, .T. ) ;
#3832 = VERTEX_POINT ( 'NONE', #5042 ) ;
#3833 = CARTESIAN_POINT ( 'NONE',  ( -0.3168295106876288791, 1.348031496062992440, 0.3816730918874127743 ) ) ;
#3834 = DIRECTION ( 'NONE',  ( -0.000000000000000000, -1.000000000000000000, -0.000000000000000000 ) ) ;
#3835 = CIRCLE ( 'NONE', #5395, 0.08070866141732269128 ) ;
#3836 = EDGE_LOOP ( 'NONE', ( #423, #2516 ) ) ;
#3837 = DIRECTION ( 'NONE',  ( 0.000000000000000000, -1.000000000000000000, 0.000000000000000000 ) ) ;
#3838 = ORIENTED_EDGE ( 'NONE', *, *, #1927, .T. ) ;
#3839 = CARTESIAN_POINT ( 'NONE',  ( 4.547192918905144765, 0.2952755905511817991, -0.5038381027870499906 ) ) ;
#3840 = FACE_OUTER_BOUND ( 'NONE', #1797, .T. ) ;
#3841 = ORIENTED_EDGE ( 'NONE', *, *, #2903, .T. ) ;
#3842 = DIRECTION ( 'NONE',  ( 0.000000000000000000, 0.000000000000000000, -1.000000000000000000 ) ) ;
#3843 = AXIS2_PLACEMENT_3D ( 'NONE', #7899, #4433, #4516 ) ;
#3844 = AXIS2_PLACEMENT_3D ( 'NONE', #7365, #7238, #5240 ) ;
#3845 = VERTEX_POINT ( 'NONE', #1780 ) ;
#3846 = AXIS2_PLACEMENT_3D ( 'NONE', #4523, #1917, #7904 ) ;
#3847 = CARTESIAN_POINT ( 'NONE',  ( -0.3532317543231789370, 1.200787401574803237, 2.329340329382225683 ) ) ;
#3848 = EDGE_CURVE ( 'NONE', #124, #6925, #5716, .T. ) ;
#3849 = VERTEX_POINT ( 'NONE', #7756 ) ;
#3850 = AXIS2_PLACEMENT_3D ( 'NONE', #879, #3589, #5533 ) ;
#3851 = AXIS2_PLACEMENT_3D ( 'NONE', #7573, #2235, #6897 ) ;
#3852 = AXIS2_PLACEMENT_3D ( 'NONE', #6040, #7457, #8714 ) ;
#3853 = DIRECTION ( 'NONE',  ( 0.000000000000000000, 0.000000000000000000, -1.000000000000000000 ) ) ;
#3854 = CARTESIAN_POINT ( 'NONE',  ( 0.000000000000000000, 1.082677165354330784, 0.000000000000000000 ) ) ;
#3855 = ORIENTED_EDGE ( 'NONE', *, *, #1533, .T. ) ;
#3856 = DIRECTION ( 'NONE',  ( 0.000000000000000000, 0.000000000000000000, -1.000000000000000000 ) ) ;
#3857 = VERTEX_POINT ( 'NONE', #351 ) ;
#3858 = AXIS2_PLACEMENT_3D ( 'NONE', #2198, #6151, #7520 ) ;
#3859 = VECTOR ( 'NONE', #1430, 39.37007874015748143 ) ;
#3860 = CIRCLE ( 'NONE', #1598, 0.08070866141732323251 ) ;
#3861 = CARTESIAN_POINT ( 'NONE',  ( 0.04046903307838965735, 1.200787401574803237, 1.728139224040145194 ) ) ;
#3862 = LINE ( 'NONE', #5235, #5292 ) ;
#3863 = ORIENTED_EDGE ( 'NONE', *, *, #3183, .T. ) ;
#3864 = LINE ( 'NONE', #6489, #3138 ) ;
#3865 = AXIS2_PLACEMENT_3D ( 'NONE', #2766, #810, #3426 ) ;
#3866 = AXIS2_PLACEMENT_3D ( 'NONE', #5675, #261, #307 ) ;
#3867 = CIRCLE ( 'NONE', #184, 0.08070866141732323251 ) ;
#3868 = LINE ( 'NONE', #6582, #5518 ) ;
#3869 = FACE_OUTER_BOUND ( 'NONE', #3929, .T. ) ;
#3870 = ADVANCED_FACE ( 'NONE', ( #4472 ), #1679, .F. ) ;
#3871 = VERTEX_POINT ( 'NONE', #3719 ) ;
#3872 = LINE ( 'NONE', #11, #1333 ) ;
#3873 = ORIENTED_EDGE ( 'NONE', *, *, #191, .T. ) ;
#3874 = CARTESIAN_POINT ( 'NONE',  ( 0.6168869917940612568, 1.200787401574803237, 3.879360332362089991 ) ) ;
#3875 = VECTOR ( 'NONE', #8395, 39.37007874015748143 ) ;
#3876 = ORIENTED_EDGE ( 'NONE', *, *, #1952, .T. ) ;
#3877 = CIRCLE ( 'NONE', #4591, 0.08070866141732296883 ) ;
#3878 = CARTESIAN_POINT ( 'NONE',  ( 1.457034470619064548, 1.200787401574803237, 1.636780638383093400 ) ) ;
#3879 = EDGE_CURVE ( 'NONE', #2322, #6733, #6657, .T. ) ;
#3880 = CARTESIAN_POINT ( 'NONE',  ( 0.9192291935385781265, 1.200787401574803237, 1.861593789479333960 ) ) ;
#3881 = ORIENTED_EDGE ( 'NONE', *, *, #5926, .T. ) ;
#3882 = AXIS2_PLACEMENT_3D ( 'NONE', #4233, #2991, #7792 ) ;
#3883 = EDGE_LOOP ( 'NONE', ( #797, #2147 ) ) ;
#3884 = ORIENTED_EDGE ( 'NONE', *, *, #402, .T. ) ;
#3885 = CYLINDRICAL_SURFACE ( 'NONE', #5247, 0.08070866141732351007 ) ;
#3886 = DIRECTION ( 'NONE',  ( -0.4999999999999918954, 0.000000000000000000, 0.8660254037844431485 ) ) ;
#3887 = EDGE_CURVE ( 'NONE', #5019, #1934, #3144, .T. ) ;
#3888 = EDGE_CURVE ( 'NONE', #4414, #7906, #1015, .T. ) ;
#3889 = LINE ( 'NONE', #1009, #1007 ) ;
#3890 = ADVANCED_FACE ( 'NONE', ( #213 ), #3671, .F. ) ;
#3891 = DIRECTION ( 'NONE',  ( 0.000000000000000000, 1.000000000000000000, 0.000000000000000000 ) ) ;
#3892 = FACE_OUTER_BOUND ( 'NONE', #7921, .T. ) ;
#3893 = VERTEX_POINT ( 'NONE', #7801 ) ;
#3894 = CARTESIAN_POINT ( 'NONE',  ( 1.404288566597198473, 1.200787401574803237, 2.515540798843281856 ) ) ;
#3895 = ORIENTED_EDGE ( 'NONE', *, *, #5169, .T. ) ;
#3896 = CARTESIAN_POINT ( 'NONE',  ( 1.010587779195629698, 1.200787401574803237, 3.197450565602685923 ) ) ;
#3897 = VERTEX_POINT ( 'NONE', #7139 ) ;
#3898 = CARTESIAN_POINT ( 'NONE',  ( 0.6168869917940612568, 1.200787401574803237, 3.879360332362089991 ) ) ;
#3899 = FACE_BOUND ( 'NONE', #47, .T. ) ;
#3900 = EDGE_CURVE ( 'NONE', #2864, #5202, #8648, .T. ) ;
#3901 = ORIENTED_EDGE ( 'NONE', *, *, #2347, .F. ) ;
#3902 = FACE_OUTER_BOUND ( 'NONE', #7545, .T. ) ;
#3903 = ORIENTED_EDGE ( 'NONE', *, *, #1952, .F. ) ;
#3904 = DIRECTION ( 'NONE',  ( 0.4999999999999918954, 0.000000000000000000, -0.8660254037844431485 ) ) ;
#3905 = PLANE ( 'NONE',  #4719 ) ;
#3906 = ORIENTED_EDGE ( 'NONE', *, *, #8487, .T. ) ;
#3907 = CARTESIAN_POINT ( 'NONE',  ( -0.1561396369771785031, 1.377952755905512028, 0.9715580839981086125 ) ) ;
#3908 = CARTESIAN_POINT ( 'NONE',  ( 2.523319816938089044, 0.5807086614173235795, 1.797794258940390355 ) ) ;
#3909 = CARTESIAN_POINT ( 'NONE',  ( -0.01419902979620381832, 1.141732283464567121, 0.7798579866315596965 ) ) ;
#3910 = ORIENTED_EDGE ( 'NONE', *, *, #7566, .F. ) ;
#3911 = DIRECTION ( 'NONE',  ( 0.000000000000000000, -1.000000000000000000, 0.000000000000000000 ) ) ;
#3912 = ORIENTED_EDGE ( 'NONE', *, *, #1269, .T. ) ;
#3913 = CARTESIAN_POINT ( 'NONE',  ( -0.3168295106876288791, -7.874015748039371056E-05, 0.3304919895252080853 ) ) ;
#3914 = PLANE ( 'NONE',  #5703 ) ;
#3915 = EDGE_LOOP ( 'NONE', ( #2553, #1619, #3647, #1853 ) ) ;
#3916 = DIRECTION ( 'NONE',  ( 0.000000000000000000, -1.000000000000000000, 0.000000000000000000 ) ) ;
#3917 = CARTESIAN_POINT ( 'NONE',  ( -0.3532317543231789370, 1.200787401574803237, 2.410048990799548818 ) ) ;
#3918 = VERTEX_POINT ( 'NONE', #4425 ) ;
#3919 = EDGE_CURVE ( 'NONE', #8396, #2491, #5625, .T. ) ;
#3920 = EDGE_LOOP ( 'NONE', ( #2364, #6384, #7901, #8011 ) ) ;
#3921 = ORIENTED_EDGE ( 'NONE', *, *, #2289, .F. ) ;
#3922 = PLANE ( 'NONE',  #7518 ) ;
#3923 = DIRECTION ( 'NONE',  ( -0.000000000000000000, -1.000000000000000000, -0.000000000000000000 ) ) ;
#3924 = EDGE_CURVE ( 'NONE', #3021, #6432, #6234, .T. ) ;
#3925 = VECTOR ( 'NONE', #3971, 39.37007874015748143 ) ;
#3926 = CARTESIAN_POINT ( 'NONE',  ( 2.736217263038408287, 1.082677165354330784, -0.1294460413457443337 ) ) ;
#3927 = DIRECTION ( 'NONE',  ( -0.1590695136534933385, 0.000000000000000000, 0.9872673851728522854 ) ) ;
#3928 = CARTESIAN_POINT ( 'NONE',  ( 0.1845735227573075399, 1.200787401574803237, 2.346653162537954085 ) ) ;
#3929 = EDGE_LOOP ( 'NONE', ( #6986, #8452, #4038, #4489 ) ) ;
#3930 = EDGE_CURVE ( 'NONE', #2962, #7706, #7664, .T. ) ;
#3931 = EDGE_CURVE ( 'NONE', #7945, #3427, #7716, .T. ) ;
#3932 = DIRECTION ( 'NONE',  ( 0.4999999999999932832, 0.000000000000000000, -0.8660254037844424824 ) ) ;
#3933 = DIRECTION ( 'NONE',  ( -0.000000000000000000, -1.000000000000000000, -0.000000000000000000 ) ) ;
#3934 = CIRCLE ( 'NONE', #5067, 0.08070866141732269128 ) ;
#3935 = ORIENTED_EDGE ( 'NONE', *, *, #7734, .T. ) ;
#3936 = EDGE_CURVE ( 'NONE', #743, #162, #7934, .T. ) ;
#3937 = VERTEX_POINT ( 'NONE', #4556 ) ;
#3938 = DIRECTION ( 'NONE',  ( -0.000000000000000000, -1.000000000000000000, -0.000000000000000000 ) ) ;
#3939 = FACE_BOUND ( 'NONE', #7443, .T. ) ;
#3940 = ORIENTED_EDGE ( 'NONE', *, *, #5173, .T. ) ;
#3941 = ORIENTED_EDGE ( 'NONE', *, *, #3757, .T. ) ;
#3942 = CARTESIAN_POINT ( 'NONE',  ( 0.000000000000000000, 1.141732283464567121, 0.000000000000000000 ) ) ;
#3943 = VECTOR ( 'NONE', #959, 39.37007874015748143 ) ;
#3944 = ORIENTED_EDGE ( 'NONE', *, *, #4139, .T. ) ;
#3945 = AXIS2_PLACEMENT_3D ( 'NONE', #8784, #7527, #1499 ) ;
#3946 = LINE ( 'NONE', #4483, #8542 ) ;
#3947 = DIRECTION ( 'NONE',  ( 0.000000000000000000, -1.000000000000000000, 0.000000000000000000 ) ) ;
#3948 = EDGE_LOOP ( 'NONE', ( #7004, #1259, #519, #1688 ) ) ;
#3949 = VECTOR ( 'NONE', #8038, 39.37007874015748143 ) ;
#3950 = PLANE ( 'NONE',  #8674 ) ;
#3951 = DIRECTION ( 'NONE',  ( 0.4541980223655572302, 0.7071067811865462405, 0.5419447909881768277 ) ) ;
#3952 = DIRECTION ( 'NONE',  ( 0.000000000000000000, 1.000000000000000000, 0.000000000000000000 ) ) ;
#3953 = ORIENTED_EDGE ( 'NONE', *, *, #4235, .F. ) ;
#3954 = DIRECTION ( 'NONE',  ( 0.1590695136534966692, 0.000000000000000000, -0.9872673851728517302 ) ) ;
#3955 = ORIENTED_EDGE ( 'NONE', *, *, #5815, .T. ) ;
#3956 = VECTOR ( 'NONE', #1836, 39.37007874015748143 ) ;
#3957 = DIRECTION ( 'NONE',  ( 0.000000000000000000, 0.000000000000000000, -1.000000000000000000 ) ) ;
#3958 = DIRECTION ( 'NONE',  ( 0.000000000000000000, -1.000000000000000000, 0.000000000000000000 ) ) ;
#3959 = ORIENTED_EDGE ( 'NONE', *, *, #4901, .T. ) ;
#3960 = FACE_OUTER_BOUND ( 'NONE', #6768, .T. ) ;
#3961 = EDGE_CURVE ( 'NONE', #2842, #3720, #615, .T. ) ;
#3962 = CARTESIAN_POINT ( 'NONE',  ( 1.601138960297982639, 1.200787401574803237, 2.093877254046256908 ) ) ;
#3963 = CIRCLE ( 'NONE', #6515, 0.08070866141732313537 ) ;
#3964 = EDGE_LOOP ( 'NONE', ( #5243, #934, #5591, #1067 ) ) ;
#3965 = CARTESIAN_POINT ( 'NONE',  ( 1.818242204512186211, 1.082677165354330784, 0.2201239067741237176 ) ) ;
#3966 = ORIENTED_EDGE ( 'NONE', *, *, #4532, .T. ) ;
#3967 = ORIENTED_EDGE ( 'NONE', *, *, #2275, .T. ) ;
#3968 = FACE_BOUND ( 'NONE', #7717, .T. ) ;
#3969 = CARTESIAN_POINT ( 'NONE',  ( -0.5500821480239632688, 1.200787401574803237, 2.751003874179251518 ) ) ;
#3970 = VECTOR ( 'NONE', #4902, 39.37007874015748143 ) ;
#3971 = DIRECTION ( 'NONE',  ( -0.000000000000000000, -1.000000000000000000, -0.000000000000000000 ) ) ;
#3972 = LINE ( 'NONE', #656, #7824 ) ;
#3973 = DIRECTION ( 'NONE',  ( 0.000000000000000000, 0.000000000000000000, -1.000000000000000000 ) ) ;
#3974 = ORIENTED_EDGE ( 'NONE', *, *, #186, .F. ) ;
#3975 = EDGE_CURVE ( 'NONE', #2115, #3728, #3963, .T. ) ;
#3976 = DIRECTION ( 'NONE',  ( 0.000000000000000000, -1.000000000000000000, 0.000000000000000000 ) ) ;
#3977 = DIRECTION ( 'NONE',  ( 0.000000000000000000, 0.000000000000000000, 1.000000000000000000 ) ) ;
#3978 = CARTESIAN_POINT ( 'NONE',  ( 0.04046903307838965735, 1.200787401574803237, 1.647430562622822059 ) ) ;
#3979 = EDGE_CURVE ( 'NONE', #8553, #2907, #6372, .T. ) ;
#3980 = EDGE_CURVE ( 'NONE', #1243, #3009, #1280, .T. ) ;
#3981 = ORIENTED_EDGE ( 'NONE', *, *, #28, .F. ) ;
#3982 = FACE_OUTER_BOUND ( 'NONE', #2986, .T. ) ;
#3983 = AXIS2_PLACEMENT_3D ( 'NONE', #2122, #663, #3366 ) ;
#3984 = AXIS2_PLACEMENT_3D ( 'NONE', #54, #2762, #6881 ) ;
#3985 = FACE_BOUND ( 'NONE', #1652, .T. ) ;
#3986 = ORIENTED_EDGE ( 'NONE', *, *, #7473, .F. ) ;
#3987 = AXIS2_PLACEMENT_3D ( 'NONE', #3023, #8311, #3681 ) ;
#3988 = ORIENTED_EDGE ( 'NONE', *, *, #6771, .T. ) ;
#3989 = DIRECTION ( 'NONE',  ( 0.000000000000000000, 1.000000000000000000, 0.000000000000000000 ) ) ;
#3990 = ORIENTED_EDGE ( 'NONE', *, *, #5819, .F. ) ;
#3991 = CARTESIAN_POINT ( 'NONE',  ( 1.797989353998767026, 1.082677165354330784, 1.833631032083877788 ) ) ;
#3992 = DIRECTION ( 'NONE',  ( 0.000000000000000000, -1.000000000000000000, 0.000000000000000000 ) ) ;
#3993 = ORIENTED_EDGE ( 'NONE', *, *, #1391, .T. ) ;
#3994 = AXIS2_PLACEMENT_3D ( 'NONE', #5623, #5584, #2172 ) ;
#3995 = AXIS2_PLACEMENT_3D ( 'NONE', #7169, #8510, #5969 ) ;
#3996 = AXIS2_PLACEMENT_3D ( 'NONE', #4554, #6682, #5133 ) ;
#3997 = CYLINDRICAL_SURFACE ( 'NONE', #1018, 0.08070866141732269128 ) ;
#3998 = DIRECTION ( 'NONE',  ( 0.000000000000000000, -0.000000000000000000, -1.000000000000000000 ) ) ;
#3999 = CARTESIAN_POINT ( 'NONE',  ( 2.952755905511811108, 0.000000000000000000, 6.250839528627838426 ) ) ;
#4000 = ORIENTED_EDGE ( 'NONE', *, *, #7061, .T. ) ;
#4001 = DIRECTION ( 'NONE',  ( -0.000000000000000000, -1.000000000000000000, -0.000000000000000000 ) ) ;
#4002 = AXIS2_PLACEMENT_3D ( 'NONE', #7702, #6900, #5613 ) ;
#4003 = AXIS2_PLACEMENT_3D ( 'NONE', #8271, #226, #4841 ) ;
#4004 = ORIENTED_EDGE ( 'NONE', *, *, #3547, .T. ) ;
#4005 = AXIS2_PLACEMENT_3D ( 'NONE', #2652, #2614, #6032 ) ;
#4006 = CYLINDRICAL_SURFACE ( 'NONE', #2279, 0.08070866141732323251 ) ;
#4007 = CARTESIAN_POINT ( 'NONE',  ( 3.915515957326833885, 1.161417322834632060, 3.669904376614967489 ) ) ;
#4008 = ORIENTED_EDGE ( 'NONE', *, *, #7181, .F. ) ;
#4009 = CIRCLE ( 'NONE', #5700, 0.08070866141732255250 ) ;
#4010 = CIRCLE ( 'NONE', #7413, 0.08070866141732296883 ) ;
#4011 = CARTESIAN_POINT ( 'NONE',  ( 1.400490591934762996, 1.200787401574803237, -0.5328932348858212986 ) ) ;
#4012 = VERTEX_POINT ( 'NONE', #6640 ) ;
#4013 = CARTESIAN_POINT ( 'NONE',  ( 1.817686440653838664, 1.082677165354330784, -0.5668076876991520185 ) ) ;
#4014 = EDGE_LOOP ( 'NONE', ( #7887, #511 ) ) ;
#4015 = EDGE_LOOP ( 'NONE', ( #242, #968, #2969, #1186 ) ) ;
#4016 = EDGE_CURVE ( 'NONE', #403, #1199, #8074, .T. ) ;
#4017 = FACE_OUTER_BOUND ( 'NONE', #2664, .T. ) ;
#4018 = VECTOR ( 'NONE', #5244, 39.37007874015748143 ) ;
#4019 = CIRCLE ( 'NONE', #1334, 0.1161417322834645133 ) ;
#4020 = DIRECTION ( 'NONE',  ( -0.8660254037844431485, 0.000000000000000000, -0.4999999999999918954 ) ) ;
#4021 = AXIS2_PLACEMENT_3D ( 'NONE', #6496, #414, #3827 ) ;
#4022 = CARTESIAN_POINT ( 'NONE',  ( 1.476377952755906664, 1.082677165354330784, -0.03100658651206395638 ) ) ;
#4023 = CARTESIAN_POINT ( 'NONE',  ( 1.260184076918280160, 1.200787401574803237, 1.977735521762795656 ) ) ;
#4024 = CARTESIAN_POINT ( 'NONE',  ( 0.4341698204799581684, 1.200787401574803237, 1.046229457280740682 ) ) ;
#4025 = EDGE_LOOP ( 'NONE', ( #5764, #5681, #2745, #3811 ) ) ;
#4026 = CARTESIAN_POINT ( 'NONE',  ( 1.457034470619064548, 1.200787401574803237, 1.556071976965770265 ) ) ;
#4027 = EDGE_CURVE ( 'NONE', #3051, #7541, #7644, .T. ) ;
#4028 = CARTESIAN_POINT ( 'NONE',  ( 2.983608909500687023, 3.882804907592494146E-16, 2.063542290436449100 ) ) ;
#4029 = CIRCLE ( 'NONE', #7001, 0.1161417322834646243 ) ;
#4030 = EDGE_CURVE ( 'NONE', #4587, #5307, #4104, .T. ) ;
#4031 = DIRECTION ( 'NONE',  ( 0.6423330032324086059, 0.000000000000000000, 0.7664256734729301135 ) ) ;
#4032 = ORIENTED_EDGE ( 'NONE', *, *, #6577, .F. ) ;
#4033 = DIRECTION ( 'NONE',  ( 0.4999999999999920064, 0.000000000000000000, -0.8660254037844433705 ) ) ;
#4034 = CARTESIAN_POINT ( 'NONE',  ( 0.8137373854948456442, 1.200787401574803237, 3.538405448982388180 ) ) ;
#4035 = ORIENTED_EDGE ( 'NONE', *, *, #1398, .T. ) ;
#4036 = LINE ( 'NONE', #8578, #2584 ) ;
#4037 = EDGE_CURVE ( 'NONE', #5202, #2864, #1421, .T. ) ;
#4038 = ORIENTED_EDGE ( 'NONE', *, *, #1397, .T. ) ;
#4039 = ADVANCED_FACE ( 'NONE', ( #3222 ), #2521, .T. ) ;
#4040 = FACE_OUTER_BOUND ( 'NONE', #7611, .T. ) ;
#4041 = DIRECTION ( 'NONE',  ( 0.000000000000000000, 0.000000000000000000, -1.000000000000000000 ) ) ;
#4042 = ORIENTED_EDGE ( 'NONE', *, *, #6214, .F. ) ;
#4043 = MANIFOLD_SOLID_BREP ( 'Stock-BasePlateUpdated-1', #7833 ) ;
#4044 = CARTESIAN_POINT ( 'NONE',  ( 0.7223787998377938502, 1.082677165354330784, 2.121840011441713525 ) ) ;
#4045 = DIRECTION ( 'NONE',  ( -0.000000000000000000, -1.000000000000000000, -0.000000000000000000 ) ) ;
#4046 = LINE ( 'NONE', #3908, #3949 ) ;
#4047 = LINE ( 'NONE', #4792, #3859 ) ;
#4048 = EDGE_LOOP ( 'NONE', ( #1489, #3106, #8065, #4793 ) ) ;
#4049 = CARTESIAN_POINT ( 'NONE',  ( 0.6687706015894850919, -7.874015748039371056E-05, 0.001170631271141369875 ) ) ;
#4050 = ORIENTED_EDGE ( 'NONE', *, *, #3635, .T. ) ;
#4051 = ADVANCED_FACE ( 'NONE', ( #1861 ), #1106, .F. ) ;
#4052 = CARTESIAN_POINT ( 'NONE',  ( 1.682571021879081474, 1.082677165354330784, 0.2717882388645374014 ) ) ;
#4053 = LINE ( 'NONE', #2720, #4422 ) ;
#4054 = VERTEX_POINT ( 'NONE', #485 ) ;
#4055 = LINE ( 'NONE', #4720, #3185 ) ;
#4056 = DIRECTION ( 'NONE',  ( 0.000000000000000000, -1.000000000000000000, 0.000000000000000000 ) ) ;
#4057 = EDGE_LOOP ( 'NONE', ( #5752, #8461 ) ) ;
#4058 = FACE_BOUND ( 'NONE', #5186, .T. ) ;
#4059 = VERTEX_POINT ( 'NONE', #5527 ) ;
#4060 = ORIENTED_EDGE ( 'NONE', *, *, #4527, .F. ) ;
#4061 = CARTESIAN_POINT ( 'NONE',  ( -0.8382911273817988951, 1.200787401574803237, 1.675393320018278676 ) ) ;
#4062 = DIRECTION ( 'NONE',  ( 0.000000000000000000, -1.000000000000000000, 0.000000000000000000 ) ) ;
#4063 = EDGE_CURVE ( 'NONE', #1976, #5128, #6092, .T. ) ;
#4064 = CARTESIAN_POINT ( 'NONE',  ( 0.2952755905511819101, 1.200787401574803237, -0.8991168227325369022 ) ) ;
#4065 = CARTESIAN_POINT ( 'NONE',  ( 0.5782743101588760926, 1.082677165354330784, 1.584034734361226882 ) ) ;
#4066 = DIRECTION ( 'NONE',  ( 0.000000000000000000, 0.000000000000000000, -1.000000000000000000 ) ) ;
#4067 = VERTEX_POINT ( 'NONE', #6198 ) ;
#4068 = LINE ( 'NONE', #6776, #566 ) ;
#4069 = ORIENTED_EDGE ( 'NONE', *, *, #8549, .F. ) ;
#4070 = CARTESIAN_POINT ( 'NONE',  ( 0.3168295106876288791, 1.141732283464567121, -0.2655313596039485247 ) ) ;
#4071 = EDGE_CURVE ( 'NONE', #7844, #4266, #3539, .T. ) ;
#4072 = ORIENTED_EDGE ( 'NONE', *, *, #8097, .T. ) ;
#4073 = CARTESIAN_POINT ( 'NONE',  ( 2.840604636021325291, 1.358267716535428882, 2.594697524731329974 ) ) ;
#4074 = CYLINDRICAL_SURFACE ( 'NONE', #7122, 0.1161417322834645827 ) ;
#4075 = DIRECTION ( 'NONE',  ( 0.000000000000000000, 1.000000000000000000, 0.000000000000000000 ) ) ;
#4076 = ADVANCED_FACE ( 'NONE', ( #2823 ), #8114, .F. ) ;
#4077 = EDGE_LOOP ( 'NONE', ( #3780, #7989 ) ) ;
#4078 = CARTESIAN_POINT ( 'NONE',  ( -0.01419902979620381832, 1.141732283464567121, 0.7798579866315596965 ) ) ;
#4079 = CARTESIAN_POINT ( 'NONE',  ( 0.7223787998377938502, 1.200787401574803237, 2.202548672859036216 ) ) ;
#4080 = VERTEX_POINT ( 'NONE', #700 ) ;
#4081 = ADVANCED_FACE ( 'NONE', ( #4157 ), #114, .F. ) ;
#4082 = DIRECTION ( 'NONE',  ( 0.000000000000000000, -1.000000000000000000, 0.000000000000000000 ) ) ;
#4083 = LINE ( 'NONE', #8758, #5266 ) ;
#4084 = AXIS2_PLACEMENT_3D ( 'NONE', #4125, #5094, #7007 ) ;
#4085 = DIRECTION ( 'NONE',  ( 0.000000000000000000, 0.000000000000000000, -1.000000000000000000 ) ) ;
#4086 = CARTESIAN_POINT ( 'NONE',  ( 2.616652975329385455, 0.000000000000000000, 5.238498691300260468 ) ) ;
#4087 = EDGE_LOOP ( 'NONE', ( #2600, #5335, #6190, #6620 ) ) ;
#4088 = DIRECTION ( 'NONE',  ( 0.000000000000000000, 0.000000000000000000, -1.000000000000000000 ) ) ;
#4089 = VERTEX_POINT ( 'NONE', #2164 ) ;
#4090 = EDGE_CURVE ( 'NONE', #302, #6563, #3534, .T. ) ;
#4091 = DIRECTION ( 'NONE',  ( 0.000000000000000000, 0.000000000000000000, -1.000000000000000000 ) ) ;
#4092 = CARTESIAN_POINT ( 'NONE',  ( -0.5500821480239632688, 1.200787401574803237, 2.831712535596574210 ) ) ;
#4093 = VERTEX_POINT ( 'NONE', #7581 ) ;
#4094 = AXIS2_PLACEMENT_3D ( 'NONE', #1801, #3176, #5878 ) ;
#4095 = EDGE_CURVE ( 'NONE', #2548, #7844, #2695, .T. ) ;
#4096 = DIRECTION ( 'NONE',  ( 0.000000000000000000, 0.000000000000000000, -1.000000000000000000 ) ) ;
#4097 = DIRECTION ( 'NONE',  ( -0.1590695136534932552, 0.000000000000000000, 0.9872673851728522854 ) ) ;
#4098 = ORIENTED_EDGE ( 'NONE', *, *, #8165, .F. ) ;
#4099 = DIRECTION ( 'NONE',  ( 0.000000000000000000, 0.000000000000000000, -1.000000000000000000 ) ) ;
#4100 = VECTOR ( 'NONE', #8408, 39.37007874015748143 ) ;
#4101 = ORIENTED_EDGE ( 'NONE', *, *, #4680, .F. ) ;
#4102 = CARTESIAN_POINT ( 'NONE',  ( -0.1563813606223946606, 1.200787401574803237, 2.069094107419847006 ) ) ;
#4103 = LINE ( 'NONE', #6025, #37 ) ;
#4104 = CIRCLE ( 'NONE', #4377, 0.08070866141732323251 ) ;
#4105 = DIRECTION ( 'NONE',  ( 4.550094363217785277E-16, -1.000000000000000000, -7.880994616326129468E-16 ) ) ;
#4106 = LINE ( 'NONE', #6814, #3723 ) ;
#4107 = DIRECTION ( 'NONE',  ( 0.000000000000000000, 0.000000000000000000, -1.000000000000000000 ) ) ;
#4108 = EDGE_LOOP ( 'NONE', ( #5607, #5163 ) ) ;
#4109 = DIRECTION ( 'NONE',  ( -0.000000000000000000, -1.000000000000000000, -0.000000000000000000 ) ) ;
#4110 = DIRECTION ( 'NONE',  ( 0.000000000000000000, -1.000000000000000000, 0.000000000000000000 ) ) ;
#4111 = AXIS2_PLACEMENT_3D ( 'NONE', #4500, #2602, #6596 ) ;
#4112 = CARTESIAN_POINT ( 'NONE',  ( -1.732283464566901854, 1.082677165354331672, 3.000402973741380208 ) ) ;
#4113 = ORIENTED_EDGE ( 'NONE', *, *, #4119, .F. ) ;
#4114 = AXIS2_PLACEMENT_3D ( 'NONE', #4044, #53, #2761 ) ;
#4115 = LINE ( 'NONE', #1465, #7100 ) ;
#4116 = CARTESIAN_POINT ( 'NONE',  ( 2.840604636021325291, 1.358267716535428882, 2.594697524731330418 ) ) ;
#4117 = PLANE ( 'NONE',  #3711 ) ;
#4118 = ORIENTED_EDGE ( 'NONE', *, *, #280, .T. ) ;
#4119 = EDGE_CURVE ( 'NONE', #8146, #5654, #3400, .T. ) ;
#4120 = CARTESIAN_POINT ( 'NONE',  ( 0.2759321084143591118, 1.200787401574803237, 3.601801277243982025 ) ) ;
#4121 = CARTESIAN_POINT ( 'NONE',  ( -1.501574803149581250, 1.082677165354331672, 2.600803850420366103 ) ) ;
#4122 = EDGE_LOOP ( 'NONE', ( #8370, #2011, #4277, #4353 ) ) ;
#4123 = AXIS2_PLACEMENT_3D ( 'NONE', #3479, #5426, #4091 ) ;
#4124 = CARTESIAN_POINT ( 'NONE',  ( 1.116079587239362514, 1.200787401574803237, 1.439930244682309457 ) ) ;
#4125 = CARTESIAN_POINT ( 'NONE',  ( 0.6310202141807423892, 1.082677165354330784, 0.7052745739010384263 ) ) ;
#4126 = DIRECTION ( 'NONE',  ( 0.000000000000000000, -0.000000000000000000, -1.000000000000000000 ) ) ;
#4127 = VERTEX_POINT ( 'NONE', #7485 ) ;
#4128 = DIRECTION ( 'NONE',  ( 0.000000000000000000, -1.000000000000000000, 0.000000000000000000 ) ) ;
#4129 = ORIENTED_EDGE ( 'NONE', *, *, #6168, .T. ) ;
#4130 = AXIS2_PLACEMENT_3D ( 'NONE', #4073, #3411, #6035 ) ;
#4131 = CARTESIAN_POINT ( 'NONE',  ( 0.2373194267791739476, 1.082677165354330784, 1.306475679243119803 ) ) ;
#4132 = CYLINDRICAL_SURFACE ( 'NONE', #6692, 0.08070866141732313537 ) ;
#4133 = VERTEX_POINT ( 'NONE', #746 ) ;
#4134 = EDGE_CURVE ( 'NONE', #6656, #6436, #5578, .T. ) ;
#4135 = CARTESIAN_POINT ( 'NONE',  ( 2.840604636021325291, 1.181102362204724532, 2.594697524731329974 ) ) ;
#4136 = VECTOR ( 'NONE', #4604, 39.37007874015748143 ) ;
#4137 = CIRCLE ( 'NONE', #6409, 0.08070866141732296883 ) ;
#4138 = DIRECTION ( 'NONE',  ( 0.000000000000000000, 0.000000000000000000, 1.000000000000000000 ) ) ;
#4139 = EDGE_CURVE ( 'NONE', #3325, #2213, #8362, .T. ) ;
#4140 = AXIS2_PLACEMENT_3D ( 'NONE', #381, #3044, #2418 ) ;
#4141 = ORIENTED_EDGE ( 'NONE', *, *, #2411, .F. ) ;
#4142 = DIRECTION ( 'NONE',  ( -0.000000000000000000, -1.000000000000000000, -0.000000000000000000 ) ) ;
#4143 = ORIENTED_EDGE ( 'NONE', *, *, #2250, .F. ) ;
#4144 = CYLINDRICAL_SURFACE ( 'NONE', #859, 0.08070866141732323251 ) ;
#4145 = CARTESIAN_POINT ( 'NONE',  ( -1.087887425104449246, 1.082677165354330784, 2.814399702440845807 ) ) ;
#4146 = EDGE_CURVE ( 'NONE', #2866, #97, #1413, .T. ) ;
#4147 = VECTOR ( 'NONE', #7196, 39.37007874015748143 ) ;
#4148 = AXIS2_PLACEMENT_3D ( 'NONE', #3346, #4761, #5471 ) ;
#4149 = AXIS2_PLACEMENT_3D ( 'NONE', #6665, #1712, #4461 ) ;
#4150 = LINE ( 'NONE', #2237, #8332 ) ;
#4151 = CARTESIAN_POINT ( 'NONE',  ( 2.966043853488609994, 0.3937007874015752140, 1.621524915005261969 ) ) ;
#4152 = CYLINDRICAL_SURFACE ( 'NONE', #8043, 0.08070866141732323251 ) ;
#4153 = CIRCLE ( 'NONE', #328, 0.08070866141732323251 ) ;
#4154 = AXIS2_PLACEMENT_3D ( 'NONE', #2265, #6315, #4966 ) ;
#4155 = ORIENTED_EDGE ( 'NONE', *, *, #3848, .T. ) ;
#4156 = EDGE_CURVE ( 'NONE', #2765, #4555, #1329, .T. ) ;
#4157 = FACE_OUTER_BOUND ( 'NONE', #6412, .T. ) ;
#4158 = LINE ( 'NONE', #6199, #465 ) ;
#4159 = ADVANCED_FACE ( 'NONE', ( #1372 ), #793, .T. ) ;
#4160 = CARTESIAN_POINT ( 'NONE',  ( -0.1563813606223946606, 1.200787401574803237, 1.988385446002523871 ) ) ;
#4161 = CIRCLE ( 'NONE', #3737, 0.1161417322834646243 ) ;
#4162 = VECTOR ( 'NONE', #1782, 39.37007874015748143 ) ;
#4163 = PLANE ( 'NONE',  #3273 ) ;
#4164 = DIRECTION ( 'NONE',  ( 0.000000000000000000, 0.000000000000000000, -1.000000000000000000 ) ) ;
#4165 = FACE_OUTER_BOUND ( 'NONE', #6639, .T. ) ;
#4166 = CIRCLE ( 'NONE', #3178, 0.08070866141732296883 ) ;
#4167 = ORIENTED_EDGE ( 'NONE', *, *, #5125, .T. ) ;
#4168 = DIRECTION ( 'NONE',  ( 0.000000000000000000, -1.000000000000000000, 0.000000000000000000 ) ) ;
#4169 = ORIENTED_EDGE ( 'NONE', *, *, #446, .F. ) ;
#4170 = EDGE_CURVE ( 'NONE', #7077, #5779, #6068, .T. ) ;
#4171 = FACE_OUTER_BOUND ( 'NONE', #8005, .T. ) ;
#4172 = DIRECTION ( 'NONE',  ( -0.9345333927142727148, 0.000000000000000000, 0.3558754527948657653 ) ) ;
#4173 = CARTESIAN_POINT ( 'NONE',  ( 0.9719750975604446452, 1.200787401574803237, 0.8214163061844997893 ) ) ;
#4174 = ORIENTED_EDGE ( 'NONE', *, *, #6801, .T. ) ;
#4175 = CARTESIAN_POINT ( 'NONE',  ( 0.2177113900554598358, 1.082677165354330784, -0.9214256288242015369 ) ) ;
#4176 = ORIENTED_EDGE ( 'NONE', *, *, #7005, .F. ) ;
#4177 = LINE ( 'NONE', #2805, #4696 ) ;
#4178 = PLANE ( 'NONE',  #7556 ) ;
#4179 = ORIENTED_EDGE ( 'NONE', *, *, #2139, .T. ) ;
#4180 = CARTESIAN_POINT ( 'NONE',  ( 0.4727825021151431661, 1.200787401574803237, 3.341555055281603792 ) ) ;
#4181 = FACE_OUTER_BOUND ( 'NONE', #5738, .T. ) ;
#4182 = VERTEX_POINT ( 'NONE', #2036 ) ;
#4183 = FACE_OUTER_BOUND ( 'NONE', #1019, .T. ) ;
#4184 = ORIENTED_EDGE ( 'NONE', *, *, #7855, .T. ) ;
#4185 = CARTESIAN_POINT ( 'NONE',  ( 1.817686440653838664, 1.200787401574803237, -0.5668076876991520185 ) ) ;
#4186 = CARTESIAN_POINT ( 'NONE',  ( -0.8382911273817988951, 1.200787401574803237, 1.594684658600955762 ) ) ;
#4187 = EDGE_CURVE ( 'NONE', #5103, #6653, #4068, .T. ) ;
#4188 = DIRECTION ( 'NONE',  ( 0.000000000000000000, -1.000000000000000000, 0.000000000000000000 ) ) ;
#4189 = FACE_OUTER_BOUND ( 'NONE', #7853, .T. ) ;
#4190 = CYLINDRICAL_SURFACE ( 'NONE', #5505, 0.1161417322834646243 ) ;
#4191 = ORIENTED_EDGE ( 'NONE', *, *, #4134, .T. ) ;
#4192 = ORIENTED_EDGE ( 'NONE', *, *, #3387, .T. ) ;
#4193 = CARTESIAN_POINT ( 'NONE',  ( 0.3286780124362252420, 1.200787401574803237, 2.803749778201117593 ) ) ;
#4194 = CARTESIAN_POINT ( 'NONE',  ( 1.476377952755906664, 1.082677165354330784, 0.2819855394721875186 ) ) ;
#4195 = EDGE_CURVE ( 'NONE', #2271, #2700, #5522, .T. ) ;
#4196 = ORIENTED_EDGE ( 'NONE', *, *, #1437, .F. ) ;
#4197 = EDGE_CURVE ( 'NONE', #5119, #1115, #3407, .T. ) ;
#4198 = CARTESIAN_POINT ( 'NONE',  ( 1.653884864319848935, 1.200787401574803237, 1.215117093586068009 ) ) ;
#4199 = EDGE_CURVE ( 'NONE', #8016, #8102, #4817, .T. ) ;
#4200 = LINE ( 'NONE', #166, #5495 ) ;
#4201 = DIRECTION ( 'NONE',  ( -0.8660254037844433705, 0.000000000000000000, -0.4999999999999918954 ) ) ;
#4202 = ORIENTED_EDGE ( 'NONE', *, *, #5384, .F. ) ;
#4203 = CARTESIAN_POINT ( 'NONE',  ( 1.870078740157481434, 1.082677165354330784, 0.2819855394721875186 ) ) ;
#4204 = ORIENTED_EDGE ( 'NONE', *, *, #2606, .F. ) ;
#4205 = AXIS2_PLACEMENT_3D ( 'NONE', #7483, #8239, #5484 ) ;
#4206 = CYLINDRICAL_SURFACE ( 'NONE', #1163, 0.08070866141732296883 ) ;
#4207 = CARTESIAN_POINT ( 'NONE',  ( 0.1845735227573075399, 1.200787401574803237, 2.346653162537954085 ) ) ;
#4208 = PLANE ( 'NONE',  #5283 ) ;
#4209 = ORIENTED_EDGE ( 'NONE', *, *, #7456, .F. ) ;
#4210 = DIRECTION ( 'NONE',  ( -0.9345333927142726038, 0.000000000000000000, 0.3558754527948663759 ) ) ;
#4211 = ORIENTED_EDGE ( 'NONE', *, *, #1661, .F. ) ;
#4212 = DIRECTION ( 'NONE',  ( -0.000000000000000000, 1.000000000000000000, 0.000000000000000000 ) ) ;
#4213 = CARTESIAN_POINT ( 'NONE',  ( -3.782022027088570493, -3.503635857238331042, -3.715872831642700547 ) ) ;
#4214 = ORIENTED_EDGE ( 'NONE', *, *, #2508, .F. ) ;
#4215 = AXIS2_PLACEMENT_3D ( 'NONE', #7941, #1913, #4610 ) ;
#4216 = CARTESIAN_POINT ( 'NONE',  ( 0.2373194267791739476, 1.200787401574803237, 1.306475679243119803 ) ) ;
#4217 = CARTESIAN_POINT ( 'NONE',  ( -0.3133775433857656778, 1.377952755905512028, 1.943745035332017368 ) ) ;
#4218 = VERTEX_POINT ( 'NONE', #7746 ) ;
#4219 = DIRECTION ( 'NONE',  ( 0.000000000000000000, 0.000000000000000000, -1.000000000000000000 ) ) ;
#4220 = ORIENTED_EDGE ( 'NONE', *, *, #4821, .T. ) ;
#4221 = CARTESIAN_POINT ( 'NONE',  ( 0.6168869917940612568, 1.200787401574803237, 3.798651670944765968 ) ) ;
#4222 = CIRCLE ( 'NONE', #546, 0.08070866141732309373 ) ;
#4223 = CARTESIAN_POINT ( 'NONE',  ( 0.9192291935385781265, 1.082677165354330784, 1.861593789479333960 ) ) ;
#4224 = ADVANCED_FACE ( 'NONE', ( #2910 ), #2243, .T. ) ;
#4225 = AXIS2_PLACEMENT_3D ( 'NONE', #6353, #5642, #3740 ) ;
#4226 = CARTESIAN_POINT ( 'NONE',  ( 0.6310202141807423892, 1.200787401574803237, 0.7052745739010384263 ) ) ;
#4227 = CARTESIAN_POINT ( 'NONE',  ( -0.2091272646442610683, 1.200787401574803237, 2.947854267880035906 ) ) ;
#4228 = EDGE_LOOP ( 'NONE', ( #8595, #4286 ) ) ;
#4229 = ORIENTED_EDGE ( 'NONE', *, *, #1939, .F. ) ;
#4230 = ORIENTED_EDGE ( 'NONE', *, *, #2134, .T. ) ;
#4231 = LINE ( 'NONE', #925, #1563 ) ;
#4232 = DIRECTION ( 'NONE',  ( 0.000000000000000000, -1.000000000000000000, 0.000000000000000000 ) ) ;
#4233 = CARTESIAN_POINT ( 'NONE',  ( 1.476377952755906664, 1.200787401574803237, 0.2819855394721875186 ) ) ;
#4234 = AXIS2_PLACEMENT_3D ( 'NONE', #8066, #3267, #8025 ) ;
#4235 = EDGE_CURVE ( 'NONE', #223, #5476, #5667, .T. ) ;
#4236 = EDGE_CURVE ( 'NONE', #691, #2219, #5032, .T. ) ;
#4237 = DIRECTION ( 'NONE',  ( 0.000000000000000000, -1.000000000000000000, 0.000000000000000000 ) ) ;
#4238 = ORIENTED_EDGE ( 'NONE', *, *, #8008, .T. ) ;
#4239 = EDGE_CURVE ( 'NONE', #2362, #2765, #3043, .T. ) ;
#4240 = CARTESIAN_POINT ( 'NONE',  ( -1.103180500690579713, 1.200787401574803237, 1.490798677772980696 ) ) ;
#4241 = LINE ( 'NONE', #6949, #3447 ) ;
#4242 = AXIS2_PLACEMENT_3D ( 'NONE', #8371, #1580, #1539 ) ;
#4243 = CARTESIAN_POINT ( 'NONE',  ( 4.282843792717461184, 1.358267716535428882, 3.427374690085645437 ) ) ;
#4244 = ORIENTED_EDGE ( 'NONE', *, *, #7026, .T. ) ;
#4245 = DIRECTION ( 'NONE',  ( -0.9394895352248825438, 0.000000000000000000, -0.3425776017239510751 ) ) ;
#4246 = EDGE_CURVE ( 'NONE', #1423, #284, #5657, .T. ) ;
#4247 = ORIENTED_EDGE ( 'NONE', *, *, #8322, .T. ) ;
#4248 = AXIS2_PLACEMENT_3D ( 'NONE', #6996, #2665, #6791 ) ;
#4249 = DIRECTION ( 'NONE',  ( -0.9394895352248826548, 0.000000000000000000, -0.3425776017239510196 ) ) ;
#4250 = CARTESIAN_POINT ( 'NONE',  ( -0.4059776583450451226, 1.200787401574803237, 3.369517812677060853 ) ) ;
#4251 = DIRECTION ( 'NONE',  ( 0.000000000000000000, 0.000000000000000000, -1.000000000000000000 ) ) ;
#4252 = EDGE_CURVE ( 'NONE', #1553, #6042, #1057, .T. ) ;
#4253 = ORIENTED_EDGE ( 'NONE', *, *, #8165, .T. ) ;
#4254 = DIRECTION ( 'NONE',  ( 0.000000000000000000, -1.000000000000000000, 0.000000000000000000 ) ) ;
#4255 = ORIENTED_EDGE ( 'NONE', *, *, #4338, .T. ) ;
#4256 = CIRCLE ( 'NONE', #1457, 0.08070866141732255250 ) ;
#4257 = CARTESIAN_POINT ( 'NONE',  ( 0.6329382721209004803, -7.874015748039371056E-05, 0.04668599938863540050 ) ) ;
#4258 = PLANE ( 'NONE',  #2170 ) ;
#4259 = ORIENTED_EDGE ( 'NONE', *, *, #434, .T. ) ;
#4260 = DIRECTION ( 'NONE',  ( 0.000000000000000000, 0.000000000000000000, -1.000000000000000000 ) ) ;
#4261 = LINE ( 'NONE', #4887, #2958 ) ;
#4262 = EDGE_LOOP ( 'NONE', ( #6313, #7997, #8684, #2427, #185, #2499, #5669, #5949 ) ) ;
#4263 = DIRECTION ( 'NONE',  ( 0.000000000000000000, -1.000000000000000000, 0.000000000000000000 ) ) ;
#4264 = AXIS2_PLACEMENT_3D ( 'NONE', #6398, #988, #4926 ) ;
#4265 = ORIENTED_EDGE ( 'NONE', *, *, #8631, .F. ) ;
#4266 = VERTEX_POINT ( 'NONE', #6294 ) ;
#4267 = CIRCLE ( 'NONE', #3846, 0.08070866141732296883 ) ;
#4268 = DIRECTION ( 'NONE',  ( -0.6423330032324087169, 0.000000000000000000, -0.7664256734729300025 ) ) ;
#4269 = VECTOR ( 'NONE', #7797, 39.37007874015748143 ) ;
#4270 = AXIS2_PLACEMENT_3D ( 'NONE', #108, #4062, #5388 ) ;
#4271 = CIRCLE ( 'NONE', #304, 0.06496062992125989366 ) ;
#4272 = CARTESIAN_POINT ( 'NONE',  ( -0.1036354566005281558, 1.200787401574803237, 1.109625285542335416 ) ) ;
#4273 = EDGE_CURVE ( 'NONE', #1754, #3080, #3702, .T. ) ;
#4274 = DIRECTION ( 'NONE',  ( 0.000000000000000000, 0.000000000000000000, -1.000000000000000000 ) ) ;
#4275 = ORIENTED_EDGE ( 'NONE', *, *, #448, .F. ) ;
#4276 = ORIENTED_EDGE ( 'NONE', *, *, #2819, .F. ) ;
#4277 = ORIENTED_EDGE ( 'NONE', *, *, #7975, .T. ) ;
#4278 = AXIS2_PLACEMENT_3D ( 'NONE', #3563, #8360, #2148 ) ;
#4279 = PLANE ( 'NONE',  #7225 ) ;
#4280 = VECTOR ( 'NONE', #2498, 39.37007874015748143 ) ;
#4281 = CARTESIAN_POINT ( 'NONE',  ( 3.188976377952810193, 0.000000000000000000, 5.841693668572168541 ) ) ;
#4282 = CARTESIAN_POINT ( 'NONE',  ( -1.732283464566901854, 15.67005943375638211, 3.000402973741380208 ) ) ;
#4283 = AXIS2_PLACEMENT_3D ( 'NONE', #3628, #6295, #3496 ) ;
#4284 = AXIS2_PLACEMENT_3D ( 'NONE', #935, #2256, #4874 ) ;
#4285 = PLANE ( 'NONE',  #4248 ) ;
#4286 = ORIENTED_EDGE ( 'NONE', *, *, #6026, .F. ) ;
#4287 = DIRECTION ( 'NONE',  ( -0.000000000000000000, -1.000000000000000000, -0.000000000000000000 ) ) ;
#4288 = CARTESIAN_POINT ( 'NONE',  ( 1.082677165354331672, 1.200787401574803237, -0.1924239093467102202 ) ) ;
#4289 = DIRECTION ( 'NONE',  ( 0.000000000000000000, -1.000000000000000000, 0.000000000000000000 ) ) ;
#4290 = VERTEX_POINT ( 'NONE', #7033 ) ;
#4291 = AXIS2_PLACEMENT_3D ( 'NONE', #6088, #6009, #3381 ) ;
#4292 = CIRCLE ( 'NONE', #7142, 0.08070866141732296883 ) ;
#4293 = DIRECTION ( 'NONE',  ( 0.000000000000000000, -0.000000000000000000, -1.000000000000000000 ) ) ;
#4294 = ORIENTED_EDGE ( 'NONE', *, *, #5036, .F. ) ;
#4295 = DIRECTION ( 'NONE',  ( 0.000000000000000000, 1.000000000000000000, 0.000000000000000000 ) ) ;
#4296 = EDGE_CURVE ( 'NONE', #4405, #2612, #6805, .T. ) ;
#4297 = EDGE_CURVE ( 'NONE', #1188, #5757, #6416, .T. ) ;
#4298 = VECTOR ( 'NONE', #8416, 39.37007874015748143 ) ;
#4299 = CARTESIAN_POINT ( 'NONE',  ( 0.6310202141807423892, 1.082677165354330784, 0.7859832353183611175 ) ) ;
#4300 = VERTEX_POINT ( 'NONE', #964 ) ;
#4301 = CARTESIAN_POINT ( 'NONE',  ( -1.087887425104449246, 1.200787401574803237, 2.895108363858168943 ) ) ;
#4302 = ADVANCED_FACE ( 'NONE', ( #6991 ), #1630, .T. ) ;
#4303 = EDGE_LOOP ( 'NONE', ( #4837, #317, #862, #383, #3512, #1064, #12, #3160 ) ) ;
#4304 = CARTESIAN_POINT ( 'NONE',  ( 1.870078740157481434, 1.200787401574803237, 0.2819855394721875186 ) ) ;
#4305 = DIRECTION ( 'NONE',  ( -0.000000000000000000, -1.000000000000000000, -0.000000000000000000 ) ) ;
#4306 = EDGE_CURVE ( 'NONE', #2255, #4656, #8081, .T. ) ;
#4307 = EDGE_LOOP ( 'NONE', ( #5219, #2441, #8122, #5588 ) ) ;
#4308 = VECTOR ( 'NONE', #8357, 39.37007874015748854 ) ;
#4309 = FACE_OUTER_BOUND ( 'NONE', #1763, .T. ) ;
#4310 = CARTESIAN_POINT ( 'NONE',  ( 4.004615946335272625, 1.377952755905512028, 3.948649534840239284 ) ) ;
#4311 = EDGE_CURVE ( 'NONE', #3777, #8790, #380, .T. ) ;
#4312 = ORIENTED_EDGE ( 'NONE', *, *, #5187, .F. ) ;
#4313 = CARTESIAN_POINT ( 'NONE',  ( 0.8664832895167117188, 1.082677165354330784, 2.659645288522199724 ) ) ;
#4314 = ORIENTED_EDGE ( 'NONE', *, *, #5984, .F. ) ;
#4315 = DIRECTION ( 'NONE',  ( -0.000000000000000000, -1.000000000000000000, -0.000000000000000000 ) ) ;
#4316 = CARTESIAN_POINT ( 'NONE',  ( -1.076100596462134407, 0.000000000000000000, 1.322726835316817784 ) ) ;
#4317 = EDGE_CURVE ( 'NONE', #8293, #8327, #8464, .T. ) ;
#4318 = DIRECTION ( 'NONE',  ( -0.1730638617519520417, 0.000000000000000000, -0.9849106049563590703 ) ) ;
#4319 = PLANE ( 'NONE',  #1041 ) ;
#4320 = ORIENTED_EDGE ( 'NONE', *, *, #6325, .F. ) ;
#4321 = ORIENTED_EDGE ( 'NONE', *, *, #2190, .F. ) ;
#4322 = ORIENTED_EDGE ( 'NONE', *, *, #798, .T. ) ;
#4323 = CARTESIAN_POINT ( 'NONE',  ( -1.564132145497158843, 0.000000000000000000, 4.289497547441923686 ) ) ;
#4324 = DIRECTION ( 'NONE',  ( -0.1590695136534942267, 0.000000000000000000, 0.9872673851728520633 ) ) ;
#4325 = LINE ( 'NONE', #966, #5154 ) ;
#4326 = ADVANCED_FACE ( 'NONE', ( #4941, #5617 ), #4279, .F. ) ;
#4327 = DIRECTION ( 'NONE',  ( 0.000000000000000000, -1.000000000000000000, 0.000000000000000000 ) ) ;
#4328 = VERTEX_POINT ( 'NONE', #1669 ) ;
#4329 = DIRECTION ( 'NONE',  ( -0.000000000000000000, -1.000000000000000000, -0.000000000000000000 ) ) ;
#4330 = DIRECTION ( 'NONE',  ( 0.000000000000000000, 1.000000000000000000, 0.000000000000000000 ) ) ;
#4331 = CARTESIAN_POINT ( 'NONE',  ( 4.261699648821411834, 0.8261768942203303601, -1.622457370954720091 ) ) ;
#4332 = EDGE_LOOP ( 'NONE', ( #6348, #850 ) ) ;
#4333 = DIRECTION ( 'NONE',  ( -0.000000000000000000, 1.000000000000000000, 0.000000000000000000 ) ) ;
#4334 = EDGE_CURVE ( 'NONE', #3576, #4482, #4231, .T. ) ;
#4335 = ORIENTED_EDGE ( 'NONE', *, *, #7017, .F. ) ;
#4336 = DIRECTION ( 'NONE',  ( -0.000000000000000000, -1.000000000000000000, -0.000000000000000000 ) ) ;
#4337 = CARTESIAN_POINT ( 'NONE',  ( 1.839135503821499373, 1.082677165354330784, -0.6999316284315767467 ) ) ;
#4338 = EDGE_CURVE ( 'NONE', #8162, #2501, #3627, .T. ) ;
#4339 = LINE ( 'NONE', #3061, #2453 ) ;
#4340 = ORIENTED_EDGE ( 'NONE', *, *, #1307, .F. ) ;
#4341 = CARTESIAN_POINT ( 'NONE',  ( 5.314960629921259283, 0.000000000000000000, 2.159380928071434891 ) ) ;
#4342 = ORIENTED_EDGE ( 'NONE', *, *, #4317, .F. ) ;
#4343 = CARTESIAN_POINT ( 'NONE',  ( 1.457034470619064548, 1.200787401574803237, 1.717489299800416536 ) ) ;
#4344 = DIRECTION ( 'NONE',  ( 0.4999999999999918954, 0.000000000000000000, -0.8660254037844433705 ) ) ;
#4345 = EDGE_CURVE ( 'NONE', #7541, #3051, #7939, .T. ) ;
#4346 = EDGE_LOOP ( 'NONE', ( #2101, #3673 ) ) ;
#4347 = EDGE_CURVE ( 'NONE', #7359, #5342, #2835, .T. ) ;
#4348 = CARTESIAN_POINT ( 'NONE',  ( 4.410922161620142390, 0.5905511811023628210, -1.279358264170010528 ) ) ;
#4349 = CARTESIAN_POINT ( 'NONE',  ( 0.3922651084703976387, 1.348031496062992440, -0.3287531118906029670 ) ) ;
#4350 = EDGE_CURVE ( 'NONE', #292, #2219, #2266, .T. ) ;
#4351 = ORIENTED_EDGE ( 'NONE', *, *, #6203, .T. ) ;
#4352 = CARTESIAN_POINT ( 'NONE',  ( 4.285705083244691238, 0.000000000000000000, -0.7201314412476801374 ) ) ;
#4353 = ORIENTED_EDGE ( 'NONE', *, *, #5507, .T. ) ;
#4354 = DIRECTION ( 'NONE',  ( 0.000000000000000000, 1.000000000000000000, 0.000000000000000000 ) ) ;
#4355 = CIRCLE ( 'NONE', #7625, 0.08070866141732378762 ) ;
#4356 = FACE_OUTER_BOUND ( 'NONE', #7068, .T. ) ;
#4357 = EDGE_CURVE ( 'NONE', #4133, #7706, #4546, .T. ) ;
#4358 = DIRECTION ( 'NONE',  ( 0.000000000000000000, 0.000000000000000000, -1.000000000000000000 ) ) ;
#4359 = EDGE_LOOP ( 'NONE', ( #7157, #4953 ) ) ;
#4360 = VECTOR ( 'NONE', #5252, 39.37007874015748143 ) ;
#4361 = VERTEX_POINT ( 'NONE', #6629 ) ;
#4362 = ORIENTED_EDGE ( 'NONE', *, *, #28, .T. ) ;
#4363 = DIRECTION ( 'NONE',  ( -0.1590695136534932552, 0.000000000000000000, 0.9872673851728522854 ) ) ;
#4364 = LINE ( 'NONE', #6717, #322 ) ;
#4365 = CARTESIAN_POINT ( 'NONE',  ( 1.797989353998767026, 1.200787401574803237, 1.833631032083877788 ) ) ;
#4366 = VERTEX_POINT ( 'NONE', #602 ) ;
#4367 = AXIS2_PLACEMENT_3D ( 'NONE', #4969, #7691, #7366 ) ;
#4368 = CARTESIAN_POINT ( 'NONE',  ( 0.1318276187354409934, 1.200787401574803237, 3.225413322998142540 ) ) ;
#4369 = EDGE_LOOP ( 'NONE', ( #2776, #6099, #1162, #8007 ) ) ;
#4370 = LINE ( 'NONE', #8433, #455 ) ;
#4371 = DIRECTION ( 'NONE',  ( 0.000000000000000000, -1.000000000000000000, 0.000000000000000000 ) ) ;
#4372 = EDGE_LOOP ( 'NONE', ( #2880, #2988 ) ) ;
#4373 = DIRECTION ( 'NONE',  ( 0.000000000000000000, 0.000000000000000000, -1.000000000000000000 ) ) ;
#4374 = VERTEX_POINT ( 'NONE', #3791 ) ;
#4375 = LINE ( 'NONE', #6382, #1195 ) ;
#4376 = ORIENTED_EDGE ( 'NONE', *, *, #1799, .F. ) ;
#4377 = AXIS2_PLACEMENT_3D ( 'NONE', #1239, #7893, #3842 ) ;
#4378 = CARTESIAN_POINT ( 'NONE',  ( 0.7751247038596602579, 1.082677165354330784, 1.243079850981525070 ) ) ;
#4379 = FACE_BOUND ( 'NONE', #4108, .T. ) ;
#4380 = LINE ( 'NONE', #5012, #1608 ) ;
#4381 = ADVANCED_FACE ( 'NONE', ( #7209 ), #2472, .F. ) ;
#4382 = ORIENTED_EDGE ( 'NONE', *, *, #5664, .T. ) ;
#4383 = DIRECTION ( 'NONE',  ( 0.000000000000000000, 0.000000000000000000, -1.000000000000000000 ) ) ;
#4384 = ORIENTED_EDGE ( 'NONE', *, *, #8387, .F. ) ;
#4385 = FACE_OUTER_BOUND ( 'NONE', #1157, .T. ) ;
#4386 = DIRECTION ( 'NONE',  ( 0.000000000000000000, 1.000000000000000000, 0.000000000000000000 ) ) ;
#4387 = PLANE ( 'NONE',  #2310 ) ;
#4388 = VECTOR ( 'NONE', #1317, 39.37007874015748143 ) ;
#4389 = EDGE_LOOP ( 'NONE', ( #417, #8505, #8602, #4983, #4450, #8233, #7121, #3095, #870, #3906, #7403, #4444 ) ) ;
#4390 = CARTESIAN_POINT ( 'NONE',  ( 1.010587779195629698, 1.082677165354330784, 3.278159227020009503 ) ) ;
#4391 = DIRECTION ( 'NONE',  ( 0.000000000000000000, 0.000000000000000000, -1.000000000000000000 ) ) ;
#4392 = CIRCLE ( 'NONE', #5962, 0.08070866141732309373 ) ;
#4393 = ORIENTED_EDGE ( 'NONE', *, *, #1986, .T. ) ;
#4394 = CARTESIAN_POINT ( 'NONE',  ( 0.3168295106876288791, -7.874015748039371056E-05, -0.2005707296826887698 ) ) ;
#4395 = ORIENTED_EDGE ( 'NONE', *, *, #3936, .T. ) ;
#4396 = ADVANCED_FACE ( 'NONE', ( #3968, #3310 ), #3922, .T. ) ;
#4397 = FACE_OUTER_BOUND ( 'NONE', #1808, .T. ) ;
#4398 = CARTESIAN_POINT ( 'NONE',  ( 1.476377952755906664, 1.082677165354330784, 0.3626942008895100988 ) ) ;
#4399 = ADVANCED_FACE ( 'NONE', ( #1850 ), #1189, .F. ) ;
#4400 = ADVANCED_FACE ( 'NONE', ( #8508 ), #3885, .F. ) ;
#4401 = VECTOR ( 'NONE', #6875, 39.37007874015748143 ) ;
#4402 = AXIS2_PLACEMENT_3D ( 'NONE', #768, #1428, #6836 ) ;
#4403 = DIRECTION ( 'NONE',  ( 0.000000000000000000, 0.000000000000000000, -1.000000000000000000 ) ) ;
#4404 = CIRCLE ( 'NONE', #6117, 0.08070866141732215004 ) ;
#4405 = VERTEX_POINT ( 'NONE', #5256 ) ;
#4406 = ORIENTED_EDGE ( 'NONE', *, *, #1716, .F. ) ;
#4407 = ORIENTED_EDGE ( 'NONE', *, *, #1769, .T. ) ;
#4408 = DIRECTION ( 'NONE',  ( -0.000000000000000000, -1.000000000000000000, -0.000000000000000000 ) ) ;
#4409 = EDGE_CURVE ( 'NONE', #8790, #1538, #3546, .T. ) ;
#4410 = CYLINDRICAL_SURFACE ( 'NONE', #3297, 0.08070866141732323251 ) ;
#4411 = DIRECTION ( 'NONE',  ( -0.1590695136534966692, 0.000000000000000000, 0.9872673851728517302 ) ) ;
#4412 = VECTOR ( 'NONE', #5312, 39.37007874015748143 ) ;
#4413 = AXIS2_PLACEMENT_3D ( 'NONE', #1938, #8156, #73 ) ;
#4414 = VERTEX_POINT ( 'NONE', #7254 ) ;
#4415 = VECTOR ( 'NONE', #1424, 39.37007874015748143 ) ;
#4416 = DIRECTION ( 'NONE',  ( -0.000000000000000000, -1.000000000000000000, -0.000000000000000000 ) ) ;
#4417 = VERTEX_POINT ( 'NONE', #2511 ) ;
#4418 = CIRCLE ( 'NONE', #312, 0.08070866141732269128 ) ;
#4420 = ADVANCED_FACE ( 'NONE', ( #3181 ), #513, .F. ) ;
#4419 = DIRECTION ( 'NONE',  ( 0.000000000000000000, -0.000000000000000000, -1.000000000000000000 ) ) ;
#4421 = CIRCLE ( 'NONE', #5702, 0.08070866141732269128 ) ;
#4422 = VECTOR ( 'NONE', #8676, 39.37007874015748854 ) ;
#4423 = DIRECTION ( 'NONE',  ( -0.4999999999999998335, 0.000000000000000000, 0.8660254037844388186 ) ) ;
#4424 = AXIS2_PLACEMENT_3D ( 'NONE', #156, #7654, #6819 ) ;
#4425 = CARTESIAN_POINT ( 'NONE',  ( 1.994839747699551191, 1.082677165354330784, 1.573384810121499111 ) ) ;
#4426 = EDGE_CURVE ( 'NONE', #4366, #7359, #3214, .T. ) ;
#4427 = ORIENTED_EDGE ( 'NONE', *, *, #6506, .F. ) ;
#4428 = FACE_BOUND ( 'NONE', #4552, .T. ) ;
#4429 = VECTOR ( 'NONE', #7622, 39.37007874015748143 ) ;
#4430 = CIRCLE ( 'NONE', #6285, 0.08070866141732215004 ) ;
#4431 = CIRCLE ( 'NONE', #6983, 0.08070866141732323251 ) ;
#4432 = VERTEX_POINT ( 'NONE', #5924 ) ;
#4433 = DIRECTION ( 'NONE',  ( 0.000000000000000000, -1.000000000000000000, 0.000000000000000000 ) ) ;
#4434 = DIRECTION ( 'NONE',  ( -0.000000000000000000, -1.000000000000000000, -0.000000000000000000 ) ) ;
#4435 = DIRECTION ( 'NONE',  ( 0.8660254037844431485, -0.000000000000000000, 0.4999999999999918954 ) ) ;
#4436 = ORIENTED_EDGE ( 'NONE', *, *, #8725, .F. ) ;
#4437 = CARTESIAN_POINT ( 'NONE',  ( 1.704081350445589393, 1.181102362204724532, 4.279749032404512654 ) ) ;
#4438 = CIRCLE ( 'NONE', #7846, 0.08070866141732296883 ) ;
#4439 = VECTOR ( 'NONE', #567, 39.37007874015748143 ) ;
#4440 = EDGE_LOOP ( 'NONE', ( #4463, #3959, #7455, #3332 ) ) ;
#4441 = CYLINDRICAL_SURFACE ( 'NONE', #2420, 0.1161417322834645549 ) ;
#4442 = DIRECTION ( 'NONE',  ( 0.9849106049563591814, 0.000000000000000000, -0.1730638617519519862 ) ) ;
#4443 = CARTESIAN_POINT ( 'NONE',  ( 0.3286780124362252420, 1.200787401574803237, 2.803749778201117593 ) ) ;
#4444 = ORIENTED_EDGE ( 'NONE', *, *, #8226, .T. ) ;
#4445 = EDGE_CURVE ( 'NONE', #1976, #773, #1140, .T. ) ;
#4446 = AXIS2_PLACEMENT_3D ( 'NONE', #8076, #1869, #4698 ) ;
#4447 = VECTOR ( 'NONE', #6166, 39.37007874015748143 ) ;
#4448 = LINE ( 'NONE', #6318, #5116 ) ;
#4449 = DIRECTION ( 'NONE',  ( 0.000000000000000000, 1.000000000000000000, 0.000000000000000000 ) ) ;
#4450 = ORIENTED_EDGE ( 'NONE', *, *, #5295, .T. ) ;
#4451 = LINE ( 'NONE', #7158, #190 ) ;
#4452 = ORIENTED_EDGE ( 'NONE', *, *, #895, .T. ) ;
#4453 = VECTOR ( 'NONE', #857, 39.37007874015748143 ) ;
#4454 = DIRECTION ( 'NONE',  ( -0.000000000000000000, -1.000000000000000000, -0.000000000000000000 ) ) ;
#4455 = CARTESIAN_POINT ( 'NONE',  ( 0.6310202141807423892, 1.200787401574803237, 0.7859832353183611175 ) ) ;
#4456 = PLANE ( 'NONE',  #7919 ) ;
#4457 = VERTEX_POINT ( 'NONE', #1897 ) ;
#4458 = ORIENTED_EDGE ( 'NONE', *, *, #2579, .T. ) ;
#4459 = ORIENTED_EDGE ( 'NONE', *, *, #5602, .F. ) ;
#4460 = CARTESIAN_POINT ( 'NONE',  ( 1.994839747699551191, 1.200787401574803237, 1.492676148704175532 ) ) ;
#4461 = DIRECTION ( 'NONE',  ( 0.000000000000000000, -0.000000000000000000, -1.000000000000000000 ) ) ;
#4462 = LINE ( 'NONE', #2474, #3146 ) ;
#4463 = ORIENTED_EDGE ( 'NONE', *, *, #2565, .F. ) ;
#4464 = EDGE_CURVE ( 'NONE', #5583, #2501, #572, .T. ) ;
#4465 = DIRECTION ( 'NONE',  ( -0.1730638617519516809, 0.000000000000000000, -0.9849106049563590703 ) ) ;
#4466 = VERTEX_POINT ( 'NONE', #3833 ) ;
#4467 = LINE ( 'NONE', #3049, #4269 ) ;
#4468 = DIRECTION ( 'NONE',  ( 0.000000000000000000, 0.000000000000000000, -1.000000000000000000 ) ) ;
#4469 = CARTESIAN_POINT ( 'NONE',  ( 0.2177113900554598358, 1.200787401574803237, -0.9214256288242015369 ) ) ;
#4470 = ORIENTED_EDGE ( 'NONE', *, *, #2440, .T. ) ;
#4471 = ADVANCED_FACE ( 'NONE', ( #4635, #1766, #7339 ), #6548, .F. ) ;
#4472 = FACE_OUTER_BOUND ( 'NONE', #3481, .T. ) ;
#4473 = VERTEX_POINT ( 'NONE', #5211 ) ;
#4474 = CARTESIAN_POINT ( 'NONE',  ( -7.729271399857326585, 0.2952755905511817991, 1.473444870443460841 ) ) ;
#4475 = ORIENTED_EDGE ( 'NONE', *, *, #8610, .F. ) ;
#4476 = EDGE_CURVE ( 'NONE', #856, #2115, #7522, .T. ) ;
#4477 = ADVANCED_FACE ( 'NONE', ( #4017 ), #4144, .F. ) ;
#4478 = CARTESIAN_POINT ( 'NONE',  ( 1.207438172896414086, 1.200787401574803237, 2.937204343640307691 ) ) ;
#4479 = FACE_BOUND ( 'NONE', #7967, .T. ) ;
#4480 = ORIENTED_EDGE ( 'NONE', *, *, #180, .F. ) ;
#4481 = FACE_OUTER_BOUND ( 'NONE', #2510, .T. ) ;
#4482 = VERTEX_POINT ( 'NONE', #107 ) ;
#4483 = CARTESIAN_POINT ( 'NONE',  ( -0.8411454024935602902, 1.082677165354330784, -0.1355261928997041898 ) ) ;
#4484 = DIRECTION ( 'NONE',  ( 0.000000000000000000, 0.000000000000000000, -1.000000000000000000 ) ) ;
#4485 = ORIENTED_EDGE ( 'NONE', *, *, #5350, .F. ) ;
#4486 = DIRECTION ( 'NONE',  ( 0.7664256734729305576, -0.000000000000000000, -0.6423330032324080507 ) ) ;
#4487 = CARTESIAN_POINT ( 'NONE',  ( 0.6329382721209004803, 1.141732283464567121, 0.1116466293098953427 ) ) ;
#4488 = CARTESIAN_POINT ( 'NONE',  ( -1.229793526480098542, 1.200787401574803237, 2.276624371389768253 ) ) ;
#4489 = ORIENTED_EDGE ( 'NONE', *, *, #1661, .T. ) ;
#4490 = DIRECTION ( 'NONE',  ( -0.000000000000000000, -1.000000000000000000, -0.000000000000000000 ) ) ;
#4491 = ORIENTED_EDGE ( 'NONE', *, *, #6564, .T. ) ;
#4492 = DIRECTION ( 'NONE',  ( 0.000000000000000000, 1.000000000000000000, 0.000000000000000000 ) ) ;
#4493 = DIRECTION ( 'NONE',  ( 0.8660254037844431485, -0.000000000000000000, 0.4999999999999919509 ) ) ;
#4494 = AXIS2_PLACEMENT_3D ( 'NONE', #1941, #5391, #655 ) ;
#4495 = CARTESIAN_POINT ( 'NONE',  ( 1.797989353998767026, 1.200787401574803237, 1.914339693501201145 ) ) ;
#4496 = ORIENTED_EDGE ( 'NONE', *, *, #3879, .F. ) ;
#4497 = EDGE_LOOP ( 'NONE', ( #3658, #2186 ) ) ;
#4498 = VERTEX_POINT ( 'NONE', #6727 ) ;
#4499 = EDGE_CURVE ( 'NONE', #775, #8665, #1705, .T. ) ;
#4500 = CARTESIAN_POINT ( 'NONE',  ( 0.6168869917940612568, 1.082677165354330784, 3.879360332362089991 ) ) ;
#4501 = DIRECTION ( 'NONE',  ( 0.000000000000000000, 0.000000000000000000, -1.000000000000000000 ) ) ;
#4502 = VERTEX_POINT ( 'NONE', #734 ) ;
#4503 = VECTOR ( 'NONE', #6751, 39.37007874015748143 ) ;
#4504 = CARTESIAN_POINT ( 'NONE',  ( 1.653884864319848935, 1.200787401574803237, 1.376534416420714502 ) ) ;
#4505 = EDGE_LOOP ( 'NONE', ( #4209, #1249 ) ) ;
#4506 = CARTESIAN_POINT ( 'NONE',  ( -0.8910370314036653028, 1.200787401574803237, 2.634862141895789822 ) ) ;
#4507 = DIRECTION ( 'NONE',  ( -0.000000000000000000, -1.000000000000000000, -0.000000000000000000 ) ) ;
#4508 = PLANE ( 'NONE',  #7839 ) ;
#4509 = ORIENTED_EDGE ( 'NONE', *, *, #7489, .T. ) ;
#4510 = LENGTH_MEASURE_WITH_UNIT ( LENGTH_MEASURE( 0.02539999999999999897 ), #5355 );
#4511 = ORIENTED_EDGE ( 'NONE', *, *, #1716, .T. ) ;
#4512 = EDGE_CURVE ( 'NONE', #4806, #775, #5437, .T. ) ;
#4513 = DIRECTION ( 'NONE',  ( 0.000000000000000000, 0.000000000000000000, -1.000000000000000000 ) ) ;
#4514 = ORIENTED_EDGE ( 'NONE', *, *, #5885, .T. ) ;
#4515 = ADVANCED_FACE ( 'NONE', ( #4810 ), #6769, .F. ) ;
#4516 = DIRECTION ( 'NONE',  ( 0.000000000000000000, 0.000000000000000000, -1.000000000000000000 ) ) ;
#4517 = VECTOR ( 'NONE', #2582, 39.37007874015748143 ) ;
#4518 = FACE_BOUND ( 'NONE', #2206, .T. ) ;
#4519 = ORIENTED_EDGE ( 'NONE', *, *, #3547, .F. ) ;
#4520 = DIRECTION ( 'NONE',  ( -0.000000000000000000, -1.000000000000000000, -0.000000000000000000 ) ) ;
#4521 = ORIENTED_EDGE ( 'NONE', *, *, #4901, .F. ) ;
#4522 = EDGE_CURVE ( 'NONE', #5965, #6173, #8652, .T. ) ;
#4523 = CARTESIAN_POINT ( 'NONE',  ( 1.601138960297982639, 1.200787401574803237, 2.174585915463580044 ) ) ;
#4524 = CARTESIAN_POINT ( 'NONE',  ( 3.051181102362205966, 1.200787401574803237, -0.1924239093467102202 ) ) ;
#4525 = ORIENTED_EDGE ( 'NONE', *, *, #1821, .T. ) ;
#4526 = AXIS2_PLACEMENT_3D ( 'NONE', #4736, #5447, #3459 ) ;
#4527 = EDGE_CURVE ( 'NONE', #4653, #5342, #4726, .T. ) ;
#4528 = DIRECTION ( 'NONE',  ( -0.1730638617519516254, 0.000000000000000000, -0.9849106049563590703 ) ) ;
#4529 = DIRECTION ( 'NONE',  ( -0.000000000000000000, -1.000000000000000000, -0.000000000000000000 ) ) ;
#4530 = DIRECTION ( 'NONE',  ( 0.000000000000000000, 0.000000000000000000, -1.000000000000000000 ) ) ;
#4531 = EDGE_CURVE ( 'NONE', #6264, #4466, #3444, .T. ) ;
#4532 = EDGE_CURVE ( 'NONE', #5364, #4806, #2697, .T. ) ;
#4533 = ORIENTED_EDGE ( 'NONE', *, *, #6278, .T. ) ;
#4534 = DIRECTION ( 'NONE',  ( 0.000000000000000000, 1.000000000000000000, 0.000000000000000000 ) ) ;
#4535 = ORIENTED_EDGE ( 'NONE', *, *, #8279, .T. ) ;
#4536 = VECTOR ( 'NONE', #7478, 39.37007874015748143 ) ;
#4537 = FACE_OUTER_BOUND ( 'NONE', #6849, .T. ) ;
#4538 = EDGE_LOOP ( 'NONE', ( #8589, #7088 ) ) ;
#4539 = CARTESIAN_POINT ( 'NONE',  ( -0.7391956597173747756, 1.082677165354338333, 4.590304264576219317 ) ) ;
#4540 = EDGE_CURVE ( 'NONE', #444, #1355, #7570, .T. ) ;
#4541 = AXIS2_PLACEMENT_3D ( 'NONE', #7658, #3666, #4948 ) ;
#4542 = CARTESIAN_POINT ( 'NONE',  ( 0.4727825021151431661, 1.200787401574803237, 3.260846393864280657 ) ) ;
#4543 = EDGE_LOOP ( 'NONE', ( #792, #4032 ) ) ;
#4544 = ORIENTED_EDGE ( 'NONE', *, *, #5980, .F. ) ;
#4545 = VERTEX_POINT ( 'NONE', #786 ) ;
#4546 = LINE ( 'NONE', #5122, #279 ) ;
#4547 = CARTESIAN_POINT ( 'NONE',  ( 1.260184076918280160, 1.082677165354330784, 1.977735521762795656 ) ) ;
#4548 = EDGE_LOOP ( 'NONE', ( #337, #1077 ) ) ;
#4549 = EDGE_CURVE ( 'NONE', #2842, #4642, #1977, .T. ) ;
#4550 = VECTOR ( 'NONE', #7012, 39.37007874015748143 ) ;
#4551 = DIRECTION ( 'NONE',  ( 0.4541980223655555093, -0.7071067811865487940, 0.5419447909881748293 ) ) ;
#4552 = EDGE_LOOP ( 'NONE', ( #3750, #5896 ) ) ;
#4553 = CYLINDRICAL_SURFACE ( 'NONE', #1885, 0.08070866141732296883 ) ;
#4554 = CARTESIAN_POINT ( 'NONE',  ( 0.3168295106876288791, -7.874015748039371056E-05, -0.2655313596039485247 ) ) ;
#4555 = VERTEX_POINT ( 'NONE', #4185 ) ;
#4556 = CARTESIAN_POINT ( 'NONE',  ( -1.518843368882064615, 1.377952755905512028, 4.070616667829704660 ) ) ;
#4557 = VECTOR ( 'NONE', #2528, 39.37007874015748143 ) ;
#4558 = CIRCLE ( 'NONE', #3696, 0.08070866141732323251 ) ;
#4559 = ORIENTED_EDGE ( 'NONE', *, *, #2105, .F. ) ;
#4560 = AXIS2_PLACEMENT_3D ( 'NONE', #3991, #2049, #8752 ) ;
#4561 = LINE ( 'NONE', #7268, #478 ) ;
#4562 = VERTEX_POINT ( 'NONE', #2072 ) ;
#4563 = CIRCLE ( 'NONE', #7972, 0.08070866141732309373 ) ;
#4564 = VECTOR ( 'NONE', #6358, 39.37007874015748143 ) ;
#4565 = VECTOR ( 'NONE', #832, 39.37007874015748143 ) ;
#4566 = CYLINDRICAL_SURFACE ( 'NONE', #7669, 0.06496062992125996305 ) ;
#4567 = FACE_BOUND ( 'NONE', #3039, .T. ) ;
#4568 = ORIENTED_EDGE ( 'NONE', *, *, #8712, .F. ) ;
#4569 = ORIENTED_EDGE ( 'NONE', *, *, #6591, .T. ) ;
#4570 = CARTESIAN_POINT ( 'NONE',  ( 0.6696328958159274425, 1.082677165354330784, 3.081308833319225116 ) ) ;
#4571 = ORIENTED_EDGE ( 'NONE', *, *, #5530, .T. ) ;
#4572 = CIRCLE ( 'NONE', #7552, 0.08070866141732323251 ) ;
#4573 = AXIS2_PLACEMENT_3D ( 'NONE', #7013, #2315, #7636 ) ;
#4574 = DIRECTION ( 'NONE',  ( 0.000000000000000000, 1.000000000000000000, 0.000000000000000000 ) ) ;
#4575 = DIRECTION ( 'NONE',  ( 0.000000000000000000, 0.000000000000000000, 1.000000000000000000 ) ) ;
#4576 = VECTOR ( 'NONE', #8372, 39.37007874015748143 ) ;
#4577 = EDGE_LOOP ( 'NONE', ( #7436, #2267, #8749, #7335 ) ) ;
#4578 = EDGE_CURVE ( 'NONE', #7553, #6646, #998, .T. ) ;
#4579 = DIRECTION ( 'NONE',  ( 0.000000000000000000, -1.000000000000000000, 0.000000000000000000 ) ) ;
#4580 = CIRCLE ( 'NONE', #1607, 0.08070866141732323251 ) ;
#4581 = AXIS2_PLACEMENT_3D ( 'NONE', #528, #5943, #7992 ) ;
#4582 = AXIS2_PLACEMENT_3D ( 'NONE', #3775, #6525, #8489 ) ;
#4583 = LINE ( 'NONE', #7286, #1695 ) ;
#4584 = CARTESIAN_POINT ( 'NONE',  ( 1.260184076918280160, 1.082677165354330784, 1.897026860345472521 ) ) ;
#4585 = EDGE_LOOP ( 'NONE', ( #5526, #900, #299, #6786 ) ) ;
#4586 = DIRECTION ( 'NONE',  ( 0.000000000000000000, 0.000000000000000000, -1.000000000000000000 ) ) ;
#4587 = VERTEX_POINT ( 'NONE', #8103 ) ;
#4588 = ADVANCED_FACE ( 'NONE', ( #692 ), #8234, .F. ) ;
#4589 = CARTESIAN_POINT ( 'NONE',  ( -0.6941866377028810264, 1.082677165354330784, 2.213198597098764875 ) ) ;
#4590 = VECTOR ( 'NONE', #1467, 39.37007874015748143 ) ;
#4591 = AXIS2_PLACEMENT_3D ( 'NONE', #6202, #3694, #5026 ) ;
#4592 = CARTESIAN_POINT ( 'NONE',  ( 0.9719750975604446452, 1.200787401574803237, 0.9021249676018227026 ) ) ;
#4593 = EDGE_CURVE ( 'NONE', #6167, #7166, #7382, .T. ) ;
#4594 = EDGE_CURVE ( 'NONE', #2387, #3937, #2154, .T. ) ;
#4595 = CARTESIAN_POINT ( 'NONE',  ( 4.345056699702047887, 1.082677165354333892, -1.654200194118728762 ) ) ;
#4596 = ORIENTED_EDGE ( 'NONE', *, *, #928, .T. ) ;
#4597 = AXIS2_PLACEMENT_3D ( 'NONE', #8296, #6945, #5705 ) ;
#4598 = ORIENTED_EDGE ( 'NONE', *, *, #2202, .F. ) ;
#4599 = ORIENTED_EDGE ( 'NONE', *, *, #5933, .F. ) ;
#4600 = CARTESIAN_POINT ( 'NONE',  ( 2.729251400526234494, 0.000000000000000000, 5.043472498007069760 ) ) ;
#4601 = CARTESIAN_POINT ( 'NONE',  ( -0.8910370314036653028, 1.200787401574803237, 2.554153480478467131 ) ) ;
#4602 = EDGE_CURVE ( 'NONE', #3464, #5635, #652, .T. ) ;
#4603 = CARTESIAN_POINT ( 'NONE',  ( 1.116079587239362514, 1.200787401574803237, 1.439930244682309457 ) ) ;
#4604 = DIRECTION ( 'NONE',  ( -0.000000000000000000, -1.000000000000000000, -0.000000000000000000 ) ) ;
#4605 = CYLINDRICAL_SURFACE ( 'NONE', #2436, 0.08070866141732269128 ) ;
#4606 = ORIENTED_EDGE ( 'NONE', *, *, #4893, .T. ) ;
#4607 = FACE_OUTER_BOUND ( 'NONE', #3004, .T. ) ;
#4608 = DIRECTION ( 'NONE',  ( -0.000000000000000000, -1.000000000000000000, -0.000000000000000000 ) ) ;
#4609 = CYLINDRICAL_SURFACE ( 'NONE', #2577, 0.08070866141732296883 ) ;
#4610 = DIRECTION ( 'NONE',  ( 0.000000000000000000, 0.000000000000000000, 1.000000000000000000 ) ) ;
#4611 = EDGE_LOOP ( 'NONE', ( #7822, #5854, #7051, #2494 ) ) ;
#4612 = LINE ( 'NONE', #6038, #8689 ) ;
#4613 = ORIENTED_EDGE ( 'NONE', *, *, #2361, .F. ) ;
#4614 = EDGE_CURVE ( 'NONE', #871, #5202, #2732, .T. ) ;
#4615 = CARTESIAN_POINT ( 'NONE',  ( -0.0007207492543572173839, 1.348031496062992440, 0.5777487185965319849 ) ) ;
#4616 = DIRECTION ( 'NONE',  ( 0.000000000000000000, -0.000000000000000000, -1.000000000000000000 ) ) ;
#4617 = VERTEX_POINT ( 'NONE', #311 ) ;
#4618 = DIRECTION ( 'NONE',  ( 0.9849106049563591814, 0.000000000000000000, -0.1730638617519519307 ) ) ;
#4619 = DIRECTION ( 'NONE',  ( 0.000000000000000000, -1.000000000000000000, 0.000000000000000000 ) ) ;
#4620 = DIRECTION ( 'NONE',  ( -0.6423330032324087169, 0.000000000000000000, -0.7664256734729301135 ) ) ;
#4621 = EDGE_LOOP ( 'NONE', ( #4783, #5435 ) ) ;
#4622 = FACE_OUTER_BOUND ( 'NONE', #5057, .T. ) ;
#4623 = ORIENTED_EDGE ( 'NONE', *, *, #8522, .T. ) ;
#4624 = ADVANCED_FACE ( 'NONE', ( #5099 ), #362, .F. ) ;
#4625 = DIRECTION ( 'NONE',  ( -0.8660254037844431485, 0.000000000000000000, -0.4999999999999918954 ) ) ;
#4626 = CARTESIAN_POINT ( 'NONE',  ( 2.779035979472864959, 1.102362204724409933, 1.945432054215978868 ) ) ;
#4627 = ORIENTED_EDGE ( 'NONE', *, *, #7473, .T. ) ;
#4628 = CYLINDRICAL_SURFACE ( 'NONE', #2325, 0.08070866141732283006 ) ;
#4629 = ADVANCED_FACE ( 'NONE', ( #3022 ), #7767, .F. ) ;
#4630 = ADVANCED_FACE ( 'NONE', ( #6282 ), #1691, .T. ) ;
#4631 = CARTESIAN_POINT ( 'NONE',  ( 1.870078740157481434, 1.200787401574803237, 0.3626942008895106540 ) ) ;
#4632 = ORIENTED_EDGE ( 'NONE', *, *, #3388, .F. ) ;
#4633 = ORIENTED_EDGE ( 'NONE', *, *, #800, .T. ) ;
#4634 = ORIENTED_EDGE ( 'NONE', *, *, #1985, .T. ) ;
#4635 = FACE_BOUND ( 'NONE', #6594, .T. ) ;
#4636 = DIRECTION ( 'NONE',  ( 0.000000000000000000, 0.000000000000000000, -1.000000000000000000 ) ) ;
#4637 = ADVANCED_FACE ( 'NONE', ( #2200 ), #4441, .T. ) ;
#4638 = EDGE_CURVE ( 'NONE', #1675, #8659, #7606, .T. ) ;
#4639 = DIRECTION ( 'NONE',  ( 0.000000000000000000, 0.000000000000000000, -1.000000000000000000 ) ) ;
#4640 = CARTESIAN_POINT ( 'NONE',  ( -0.6941866377028810264, 1.200787401574803237, 2.293907258516088010 ) ) ;
#4641 = DIRECTION ( 'NONE',  ( 0.000000000000000000, 1.000000000000000000, 0.000000000000000000 ) ) ;
#4642 = VERTEX_POINT ( 'NONE', #6232 ) ;
#4643 = DIRECTION ( 'NONE',  ( 0.4999999999999932832, 0.000000000000000000, -0.8660254037844424824 ) ) ;
#4644 = PLANE ( 'NONE',  #2449 ) ;
#4645 = CARTESIAN_POINT ( 'NONE',  ( 0.6240618355240054038, 1.082677165354336113, 5.087405579430358316 ) ) ;
#4646 = AXIS2_PLACEMENT_3D ( 'NONE', #1075, #6343, #7091 ) ;
#4647 = VERTEX_POINT ( 'NONE', #1080 ) ;
#4648 = FACE_OUTER_BOUND ( 'NONE', #7070, .T. ) ;
#4649 = FACE_BOUND ( 'NONE', #6346, .T. ) ;
#4650 = VERTEX_POINT ( 'NONE', #3525 ) ;
#4651 = DIRECTION ( 'NONE',  ( -0.000000000000000000, -1.000000000000000000, -0.000000000000000000 ) ) ;
#4652 = CIRCLE ( 'NONE', #7629, 0.08070866141732323251 ) ;
#4653 = VERTEX_POINT ( 'NONE', #4221 ) ;
#4654 = CARTESIAN_POINT ( 'NONE',  ( 4.787699978822939961, 1.377952755905512028, -0.8412721348264398102 ) ) ;
#4655 = CARTESIAN_POINT ( 'NONE',  ( 1.404288566597198473, 1.082677165354330784, 2.434832137425958720 ) ) ;
#4656 = VERTEX_POINT ( 'NONE', #1529 ) ;
#4657 = AXIS2_PLACEMENT_3D ( 'NONE', #2897, #5604, #5514 ) ;
#4658 = EDGE_CURVE ( 'NONE', #52, #7730, #1714, .T. ) ;
#4659 = FACE_BOUND ( 'NONE', #5956, .T. ) ;
#4660 = CARTESIAN_POINT ( 'NONE',  ( 1.870078740157481434, 1.200787401574803237, -0.5054160353309620213 ) ) ;
#4661 = CARTESIAN_POINT ( 'NONE',  ( -0.3532317543231789370, 1.082677165354330784, 2.410048990799548818 ) ) ;
#4662 = EDGE_LOOP ( 'NONE', ( #8301, #4255, #7804, #542 ) ) ;
#4663 = CARTESIAN_POINT ( 'NONE',  ( 2.966043853488609994, 1.102362204724409933, 1.621524915005261969 ) ) ;
#4664 = ORIENTED_EDGE ( 'NONE', *, *, #2903, .F. ) ;
#4665 = DIRECTION ( 'NONE',  ( -4.704334850106593625E-15, 0.000000000000000000, -1.000000000000000000 ) ) ;
#4666 = DIRECTION ( 'NONE',  ( -0.000000000000000000, -1.000000000000000000, -0.000000000000000000 ) ) ;
#4667 = COLOUR_RGB ( '',0.7921568627450980005, 0.8196078431372548767, 0.9333333333333333481 ) ;
#4668 = ORIENTED_EDGE ( 'NONE', *, *, #7392, .F. ) ;
#4669 = DIRECTION ( 'NONE',  ( 0.000000000000000000, 0.000000000000000000, -1.000000000000000000 ) ) ;
#4670 = EDGE_CURVE ( 'NONE', #1843, #5727, #6670, .T. ) ;
#4671 = AXIS2_PLACEMENT_3D ( 'NONE', #252, #1723, #2254 ) ;
#4672 = ORIENTED_EDGE ( 'NONE', *, *, #1940, .F. ) ;
#4673 = CARTESIAN_POINT ( 'NONE',  ( 0.6310202141807423892, 1.082677165354330784, 0.7052745739010384263 ) ) ;
#4674 = ORIENTED_EDGE ( 'NONE', *, *, #3183, .F. ) ;
#4675 = ADVANCED_FACE ( 'NONE', ( #4385 ), #3568, .T. ) ;
#4676 = ORIENTED_EDGE ( 'NONE', *, *, #4843, .F. ) ;
#4677 = DIRECTION ( 'NONE',  ( 0.9345333927142731589, 0.000000000000000000, -0.3558754527948649882 ) ) ;
#4678 = CYLINDRICAL_SURFACE ( 'NONE', #2435, 0.08070866141732269128 ) ;
#4679 = VECTOR ( 'NONE', #1711, 39.37007874015748143 ) ;
#4680 = EDGE_CURVE ( 'NONE', #4080, #221, #4823, .T. ) ;
#4681 = DIRECTION ( 'NONE',  ( 0.000000000000000000, 0.000000000000000000, -1.000000000000000000 ) ) ;
#4682 = DIRECTION ( 'NONE',  ( -0.000000000000000000, -1.000000000000000000, -0.000000000000000000 ) ) ;
#4683 = DIRECTION ( 'NONE',  ( 0.000000000000000000, -1.000000000000000000, 0.000000000000000000 ) ) ;
#4684 = EDGE_CURVE ( 'NONE', #3213, #4093, #4392, .T. ) ;
#4685 = ORIENTED_EDGE ( 'NONE', *, *, #6430, .T. ) ;
#4686 = VECTOR ( 'NONE', #1446, 39.37007874015748143 ) ;
#4687 = CARTESIAN_POINT ( 'NONE',  ( -0.4059776583450451226, 1.200787401574803237, 3.208100489842414138 ) ) ;
#4688 = DIRECTION ( 'NONE',  ( 0.000000000000000000, 0.000000000000000000, 1.000000000000000000 ) ) ;
#4689 = CARTESIAN_POINT ( 'NONE',  ( 0.8137373854948456442, 1.082677165354330784, 3.538405448982388180 ) ) ;
#4690 = ORIENTED_EDGE ( 'NONE', *, *, #2846, .F. ) ;
#4691 = DIRECTION ( 'NONE',  ( 0.000000000000000000, 0.000000000000000000, -1.000000000000000000 ) ) ;
#4692 = EDGE_CURVE ( 'NONE', #8396, #5779, #7712, .T. ) ;
#4693 = VECTOR ( 'NONE', #305, 39.37007874015748143 ) ;
#4694 = CIRCLE ( 'NONE', #1164, 0.1771653543307087908 ) ;
#4695 = CARTESIAN_POINT ( 'NONE',  ( -0.2091272646442610683, 1.082677165354330784, 3.028562929297358153 ) ) ;
#4696 = VECTOR ( 'NONE', #1483, 39.37007874015748143 ) ;
#4697 = ORIENTED_EDGE ( 'NONE', *, *, #525, .F. ) ;
#4698 = DIRECTION ( 'NONE',  ( -0.1730638617519520417, 0.000000000000000000, -0.9849106049563590703 ) ) ;
#4699 = ORIENTED_EDGE ( 'NONE', *, *, #7953, .T. ) ;
#4700 = DIRECTION ( 'NONE',  ( -0.4999999999999922284, 0.000000000000000000, 0.8660254037844431485 ) ) ;
#4701 = DIRECTION ( 'NONE',  ( 0.000000000000000000, 0.000000000000000000, -1.000000000000000000 ) ) ;
#4702 = VERTEX_POINT ( 'NONE', #1545 ) ;
#4703 = VECTOR ( 'NONE', #1530, 39.37007874015748143 ) ;
#4704 = CARTESIAN_POINT ( 'NONE',  ( 0.1318276187354409656, 1.200787401574803237, 3.144704661580819849 ) ) ;
#4705 = FACE_OUTER_BOUND ( 'NONE', #6292, .T. ) ;
#4706 = CARTESIAN_POINT ( 'NONE',  ( 2.657480314960631418, 1.200787401574803237, 0.2012768780548649661 ) ) ;
#4707 = CARTESIAN_POINT ( 'NONE',  ( 2.335794631079253669, 1.082677165354330784, 1.689526542404959031 ) ) ;
#4708 = CIRCLE ( 'NONE', #1319, 0.1161417322834645827 ) ;
#4709 = ORIENTED_EDGE ( 'NONE', *, *, #6423, .T. ) ;
#4710 = CARTESIAN_POINT ( 'NONE',  ( 0.4727825021151431661, 1.082677165354330784, 3.422263716698926928 ) ) ;
#4711 = CIRCLE ( 'NONE', #890, 0.08070866141732309373 ) ;
#4712 = AXIS2_PLACEMENT_3D ( 'NONE', #3874, #5111, #5780 ) ;
#4713 = ORIENTED_EDGE ( 'NONE', *, *, #6638, .T. ) ;
#4714 = CARTESIAN_POINT ( 'NONE',  ( -0.01419902979620381832, 1.141732283464567121, 0.7798579866315596965 ) ) ;
#4715 = CARTESIAN_POINT ( 'NONE',  ( -0.4177630610574525893, 1.200787401574803237, 1.858753102767950915 ) ) ;
#4716 = ADVANCED_FACE ( 'NONE', ( #2090 ), #1586, .F. ) ;
#4717 = ORIENTED_EDGE ( 'NONE', *, *, #6157, .F. ) ;
#4718 = VECTOR ( 'NONE', #1753, 39.37007874015748143 ) ;
#4719 = AXIS2_PLACEMENT_3D ( 'NONE', #6041, #3947, #4616 ) ;
#4720 = CARTESIAN_POINT ( 'NONE',  ( 2.661555276983124330, 1.200787401574803237, -0.1010143466613877550 ) ) ;
#4721 = DIRECTION ( 'NONE',  ( -0.000000000000000000, -1.000000000000000000, 0.000000000000000000 ) ) ;
#4722 = ORIENTED_EDGE ( 'NONE', *, *, #4549, .F. ) ;
#4723 = DIRECTION ( 'NONE',  ( -0.000000000000000000, -1.000000000000000000, -0.000000000000000000 ) ) ;
#4724 = ORIENTED_EDGE ( 'NONE', *, *, #8712, .T. ) ;
#4725 = EDGE_LOOP ( 'NONE', ( #571, #5167, #5024, #5210 ) ) ;
#4726 = LINE ( 'NONE', #5520, #4536 ) ;
#4727 = VECTOR ( 'NONE', #7243, 39.37007874015748854 ) ;
#4728 = AXIS2_PLACEMENT_3D ( 'NONE', #6116, #2938, #2788 ) ;
#4729 = DIRECTION ( 'NONE',  ( 0.000000000000000000, 0.000000000000000000, -1.000000000000000000 ) ) ;
#4730 = EDGE_CURVE ( 'NONE', #7643, #1423, #8236, .T. ) ;
#4731 = CIRCLE ( 'NONE', #2046, 0.08070866141732313537 ) ;
#4732 = CARTESIAN_POINT ( 'NONE',  ( -0.2091272646442610683, 1.200787401574803237, 2.867145606462713214 ) ) ;
#4733 = LINE ( 'NONE', #6028, #6685 ) ;
#4734 = PLANE ( 'NONE',  #3945 ) ;
#4735 = ORIENTED_EDGE ( 'NONE', *, *, #5549, .T. ) ;
#4736 = CARTESIAN_POINT ( 'NONE',  ( 0.3168295106876288791, 1.348031496062992440, -0.2655313596039485247 ) ) ;
#4737 = CARTESIAN_POINT ( 'NONE',  ( 0.2898458697660178940, 1.141732283464567121, -0.4509587802986880778 ) ) ;
#4738 = EDGE_CURVE ( 'NONE', #284, #4127, #13, .T. ) ;
#4739 = AXIS2_PLACEMENT_3D ( 'NONE', #4180, #3435, #7516 ) ;
#4740 = CARTESIAN_POINT ( 'NONE',  ( 0.04046903307838965735, 1.082677165354330784, 1.647430562622822059 ) ) ;
#4741 = ORIENTED_EDGE ( 'NONE', *, *, #8343, .F. ) ;
#4742 = EDGE_CURVE ( 'NONE', #8773, #3624, #7036, .T. ) ;
#4743 = FACE_OUTER_BOUND ( 'NONE', #2572, .T. ) ;
#4744 = DIRECTION ( 'NONE',  ( -0.000000000000000000, -1.000000000000000000, -0.000000000000000000 ) ) ;
#4745 = ORIENTED_EDGE ( 'NONE', *, *, #3111, .T. ) ;
#4746 = DIRECTION ( 'NONE',  ( 0.000000000000000000, -1.000000000000000000, 0.000000000000000000 ) ) ;
#4747 = ORIENTED_EDGE ( 'NONE', *, *, #1783, .F. ) ;
#4748 = PLANE ( 'NONE',  #3439 ) ;
#4749 = DIRECTION ( 'NONE',  ( 0.000000000000000000, -1.000000000000000000, 0.000000000000000000 ) ) ;
#4750 = ADVANCED_FACE ( 'NONE', ( #1349 ), #6947, .F. ) ;
#4751 = EDGE_CURVE ( 'NONE', #2708, #6514, #8090, .T. ) ;
#4752 = ORIENTED_EDGE ( 'NONE', *, *, #4090, .F. ) ;
#4753 = DIRECTION ( 'NONE',  ( 0.000000000000000000, 0.000000000000000000, -1.000000000000000000 ) ) ;
#4754 = CARTESIAN_POINT ( 'NONE',  ( 1.653884864319848935, 1.082677165354330784, 1.295825755003391144 ) ) ;
#4755 = CARTESIAN_POINT ( 'NONE',  ( 1.704081350445589393, 1.181102362204724532, 4.279749032404512654 ) ) ;
#4756 = DIRECTION ( 'NONE',  ( 0.7886751345947820013, 0.5773502691896654770, -0.2113248654051935460 ) ) ;
#4757 = ORIENTED_EDGE ( 'NONE', *, *, #5466, .T. ) ;
#4758 = DIRECTION ( 'NONE',  ( 0.9345333927142764896, 0.000000000000000000, -0.3558754527948558288 ) ) ;
#4759 = ORIENTED_EDGE ( 'NONE', *, *, #2143, .F. ) ;
#4760 = DIRECTION ( 'NONE',  ( 0.000000000000000000, -1.000000000000000000, 0.000000000000000000 ) ) ;
#4761 = DIRECTION ( 'NONE',  ( -0.9849106049563591814, -0.000000000000000000, 0.1730638617519520417 ) ) ;
#4762 = ORIENTED_EDGE ( 'NONE', *, *, #106, .T. ) ;
#4763 = DIRECTION ( 'NONE',  ( 0.9394895352248825438, 0.000000000000000000, 0.3425776017239510751 ) ) ;
#4764 = DIRECTION ( 'NONE',  ( 0.000000000000000000, -1.000000000000000000, 0.000000000000000000 ) ) ;
#4765 = ORIENTED_EDGE ( 'NONE', *, *, #4891, .T. ) ;
#4766 = DIRECTION ( 'NONE',  ( 0.000000000000000000, 0.000000000000000000, -1.000000000000000000 ) ) ;
#4767 = VERTEX_POINT ( 'NONE', #5416 ) ;
#4768 = EDGE_LOOP ( 'NONE', ( #286, #1875 ) ) ;
#4769 = CARTESIAN_POINT ( 'NONE',  ( -0.3168295106876288791, -7.874015748039371056E-05, 0.3816730918874127743 ) ) ;
#4770 = CARTESIAN_POINT ( 'NONE',  ( 0.8664832895167117188, 1.200787401574803237, 2.659645288522199724 ) ) ;
#4771 = DIRECTION ( 'NONE',  ( -0.000000000000000000, -1.000000000000000000, -0.000000000000000000 ) ) ;
#4772 = ADVANCED_FACE ( 'NONE', ( #5369 ), #2913, .T. ) ;
#4773 = LINE ( 'NONE', #8695, #7108 ) ;
#4774 = CARTESIAN_POINT ( 'NONE',  ( 0.5782743101588760926, 1.200787401574803237, 1.584034734361226882 ) ) ;
#4775 = VERTEX_POINT ( 'NONE', #6335 ) ;
#4776 = DIRECTION ( 'NONE',  ( 0.000000000000000000, -1.000000000000000000, 0.000000000000000000 ) ) ;
#4777 = DIRECTION ( 'NONE',  ( 0.8660254037844432595, 0.000000000000000000, 0.4999999999999919509 ) ) ;
#4778 = CARTESIAN_POINT ( 'NONE',  ( -0.9068336972875413737, 1.200787401574803237, 0.2721692199308546889 ) ) ;
#4779 = ORIENTED_EDGE ( 'NONE', *, *, #4803, .T. ) ;
#4780 = CARTESIAN_POINT ( 'NONE',  ( -0.6941866377028810264, 1.200787401574803237, 2.213198597098764875 ) ) ;
#4781 = CARTESIAN_POINT ( 'NONE',  ( 0.7223787998377938502, 1.200787401574803237, 2.041131350024391278 ) ) ;
#4782 = CARTESIAN_POINT ( 'NONE',  ( -0.03655307872293946103, -7.874015748039371056E-05, 0.7531853465565467864 ) ) ;
#4783 = ORIENTED_EDGE ( 'NONE', *, *, #4859, .F. ) ;
#4784 = FACE_BOUND ( 'NONE', #205, .T. ) ;
#4785 = LINE ( 'NONE', #216, #3020 ) ;
#4786 = EDGE_CURVE ( 'NONE', #2612, #4405, #7524, .T. ) ;
#4787 = ORIENTED_EDGE ( 'NONE', *, *, #4859, .T. ) ;
#4788 = ADVANCED_FACE ( 'NONE', ( #3630 ), #4285, .F. ) ;
#4789 = CARTESIAN_POINT ( 'NONE',  ( -0.1036354566005281558, 1.200787401574803237, 1.190333946959658551 ) ) ;
#4790 = CARTESIAN_POINT ( 'NONE',  ( 2.966043853488609994, 1.102362204724409933, 1.621524915005261969 ) ) ;
#4791 = LINE ( 'NONE', #4207, #1405 ) ;
#4792 = CARTESIAN_POINT ( 'NONE',  ( 1.404288566597198473, 1.200787401574803237, 2.434832137425958720 ) ) ;
#4793 = ORIENTED_EDGE ( 'NONE', *, *, #8772, .T. ) ;
#4794 = CARTESIAN_POINT ( 'NONE',  ( 2.814231684010378043, 1.161417322834638277, 3.034077604961431085 ) ) ;
#4795 = ADVANCED_FACE ( 'NONE', ( #3587, #6299 ), #715, .T. ) ;
#4796 = EDGE_LOOP ( 'NONE', ( #699, #981 ) ) ;
#4797 = DIRECTION ( 'NONE',  ( 0.1730638617519519307, 0.000000000000000000, 0.9849106049563591814 ) ) ;
#4798 = CARTESIAN_POINT ( 'NONE',  ( 1.063333683217495995, 1.200787401574803237, 2.318690405142497912 ) ) ;
#4799 = EDGE_CURVE ( 'NONE', #6545, #5655, #7805, .T. ) ;
#4800 = ORIENTED_EDGE ( 'NONE', *, *, #8333, .T. ) ;
#4801 = VECTOR ( 'NONE', #3452, 39.37007874015748854 ) ;
#4802 = EDGE_CURVE ( 'NONE', #7730, #52, #3410, .T. ) ;
#4803 = EDGE_CURVE ( 'NONE', #5231, #2561, #3129, .T. ) ;
#4804 = LINE ( 'NONE', #3389, #7861 ) ;
#4805 = LINE ( 'NONE', #2104, #5228 ) ;
#4806 = VERTEX_POINT ( 'NONE', #5462 ) ;
#4807 = DIRECTION ( 'NONE',  ( 0.000000000000000000, 0.000000000000000000, -1.000000000000000000 ) ) ;
#4808 = AXIS2_PLACEMENT_3D ( 'NONE', #2269, #369, #5774 ) ;
#4809 = ORIENTED_EDGE ( 'NONE', *, *, #3776, .T. ) ;
#4810 = FACE_OUTER_BOUND ( 'NONE', #2731, .T. ) ;
#4811 = CYLINDRICAL_SURFACE ( 'NONE', #3715, 0.08070866141732255250 ) ;
#4812 = EDGE_CURVE ( 'NONE', #6925, #5622, #384, .T. ) ;
#4813 = DIRECTION ( 'NONE',  ( -0.1730638617519519584, 0.000000000000000000, -0.9849106049563591814 ) ) ;
#4814 = DIRECTION ( 'NONE',  ( 0.000000000000000000, 1.000000000000000000, 0.000000000000000000 ) ) ;
#4815 = LINE ( 'NONE', #8111, #7774 ) ;
#4816 = EDGE_LOOP ( 'NONE', ( #7312, #3054, #4724, #6101 ) ) ;
#4817 = LINE ( 'NONE', #7529, #3970 ) ;
#4818 = FACE_OUTER_BOUND ( 'NONE', #5433, .T. ) ;
#4819 = VECTOR ( 'NONE', #8055, 39.37007874015748143 ) ;
#4820 = CARTESIAN_POINT ( 'NONE',  ( 1.682571021879081474, 0.000000000000000000, 0.2717882388645374014 ) ) ;
#4821 = EDGE_CURVE ( 'NONE', #1538, #8790, #6246, .T. ) ;
#4822 = ORIENTED_EDGE ( 'NONE', *, *, #4195, .T. ) ;
#4823 = CIRCLE ( 'NONE', #1150, 0.06496062992125993529 ) ;
#4824 = DIRECTION ( 'NONE',  ( 0.000000000000000000, 1.000000000000000000, 0.000000000000000000 ) ) ;
#4825 = DIRECTION ( 'NONE',  ( 0.8660254037844431485, 0.000000000000000000, 0.4999999999999919509 ) ) ;
#4826 = LINE ( 'NONE', #5492, #6691 ) ;
#4827 = VERTEX_POINT ( 'NONE', #1674 ) ;
#4828 = CYLINDRICAL_SURFACE ( 'NONE', #2608, 0.08070866141732313537 ) ;
#4829 = ORIENTED_EDGE ( 'NONE', *, *, #4532, .F. ) ;
#4830 = AXIS2_PLACEMENT_3D ( 'NONE', #8614, #5227, #7940 ) ;
#4831 = AXIS2_PLACEMENT_3D ( 'NONE', #1519, #4212, #1612 ) ;
#4832 = DIRECTION ( 'NONE',  ( -0.000000000000000000, -1.000000000000000000, -0.000000000000000000 ) ) ;
#4833 = DIRECTION ( 'NONE',  ( 0.4999999999999932832, 0.000000000000000000, -0.8660254037844424824 ) ) ;
#4834 = DIRECTION ( 'NONE',  ( -0.000000000000000000, -1.000000000000000000, -0.000000000000000000 ) ) ;
#4835 = ORIENTED_EDGE ( 'NONE', *, *, #7759, .T. ) ;
#4836 = FACE_OUTER_BOUND ( 'NONE', #3368, .T. ) ;
#4837 = ORIENTED_EDGE ( 'NONE', *, *, #8502, .T. ) ;
#4838 = VECTOR ( 'NONE', #8525, 39.37007874015748854 ) ;
#4839 = VECTOR ( 'NONE', #735, 39.37007874015748854 ) ;
#4840 = DIRECTION ( 'NONE',  ( 0.000000000000000000, 0.000000000000000000, -1.000000000000000000 ) ) ;
#4841 = DIRECTION ( 'NONE',  ( 0.000000000000000000, 0.000000000000000000, -1.000000000000000000 ) ) ;
#4842 = CIRCLE ( 'NONE', #6131, 0.08070866141732255250 ) ;
#4843 = EDGE_CURVE ( 'NONE', #1380, #7528, #3889, .T. ) ;
#4844 = VERTEX_POINT ( 'NONE', #2338 ) ;
#4845 = AXIS2_PLACEMENT_3D ( 'NONE', #2262, #4962, #7677 ) ;
#4846 = CARTESIAN_POINT ( 'NONE',  ( 0.6452947885629378710, 1.082677165354330784, -0.5732821297828705198 ) ) ;
#4847 = AXIS2_PLACEMENT_3D ( 'NONE', #2610, #6160, #2075 ) ;
#4848 = VECTOR ( 'NONE', #1755, 39.37007874015748854 ) ;
#4849 = DIRECTION ( 'NONE',  ( 0.000000000000000000, 1.000000000000000000, 0.000000000000000000 ) ) ;
#4850 = ADVANCED_FACE ( 'NONE', ( #5889 ), #2378, .F. ) ;
#4851 = ORIENTED_EDGE ( 'NONE', *, *, #3216, .T. ) ;
#4852 = DIRECTION ( 'NONE',  ( 0.000000000000000000, 0.000000000000000000, -1.000000000000000000 ) ) ;
#4853 = ORIENTED_EDGE ( 'NONE', *, *, #3237, .T. ) ;
#4854 = ORIENTED_EDGE ( 'NONE', *, *, #6591, .F. ) ;
#4855 = DIRECTION ( 'NONE',  ( 0.8660254037844431485, 0.000000000000000000, 0.4999999999999918954 ) ) ;
#4856 = CARTESIAN_POINT ( 'NONE',  ( -0.5500821480239632688, 1.082677165354330784, 2.751003874179251518 ) ) ;
#4857 = AXIS2_PLACEMENT_3D ( 'NONE', #2341, #4371, #3632 ) ;
#4858 = AXIS2_PLACEMENT_3D ( 'NONE', #6718, #6052, #8766 ) ;
#4859 = EDGE_CURVE ( 'NONE', #6047, #4880, #290, .T. ) ;
#4860 = EDGE_CURVE ( 'NONE', #8146, #2716, #3047, .T. ) ;
#4861 = DIRECTION ( 'NONE',  ( -0.000000000000000000, -1.000000000000000000, -0.000000000000000000 ) ) ;
#4862 = DIRECTION ( 'NONE',  ( 0.8660254037844431485, 0.000000000000000000, 0.4999999999999918954 ) ) ;
#4863 = DIRECTION ( 'NONE',  ( -0.000000000000000000, -1.000000000000000000, -0.000000000000000000 ) ) ;
#4864 = VECTOR ( 'NONE', #1390, 39.37007874015748143 ) ;
#4865 = EDGE_LOOP ( 'NONE', ( #1895, #1756, #7030, #4496 ) ) ;
#4866 = CARTESIAN_POINT ( 'NONE',  ( -7.698610479468201540, 0.8858267716535439540, 1.647936906754626785 ) ) ;
#4867 = LINE ( 'NONE', #3581, #7974 ) ;
#4868 = AXIS2_PLACEMENT_3D ( 'NONE', #1592, #2917, #8520 ) ;
#4869 = CIRCLE ( 'NONE', #2178, 0.08070866141732269128 ) ;
#4870 = LINE ( 'NONE', #3631, #2999 ) ;
#4871 = CARTESIAN_POINT ( 'NONE',  ( 0.6329382721209004803, 1.082677165354330784, 0.04668599938863540050 ) ) ;
#4872 = FACE_OUTER_BOUND ( 'NONE', #4888, .T. ) ;
#4873 = ORIENTED_EDGE ( 'NONE', *, *, #4199, .F. ) ;
#4874 = DIRECTION ( 'NONE',  ( 0.000000000000000000, 0.000000000000000000, -1.000000000000000000 ) ) ;
#4875 = ORIENTED_EDGE ( 'NONE', *, *, #8756, .F. ) ;
#4876 = CARTESIAN_POINT ( 'NONE',  ( 0.09321493710025607893, 1.200787401574803237, 0.8493790635799562949 ) ) ;
#4877 = CARTESIAN_POINT ( 'NONE',  ( 1.476377952755906664, 1.200787401574803237, -0.5054160353309620213 ) ) ;
#4878 = DIRECTION ( 'NONE',  ( 0.000000000000000000, 0.000000000000000000, -1.000000000000000000 ) ) ;
#4879 = ADVANCED_FACE ( 'NONE', ( #1854 ), #1809, .F. ) ;
#4880 = VERTEX_POINT ( 'NONE', #6553 ) ;
#4881 = DIRECTION ( 'NONE',  ( -0.000000000000000000, -1.000000000000000000, -0.000000000000000000 ) ) ;
#4882 = ORIENTED_EDGE ( 'NONE', *, *, #4476, .F. ) ;
#4883 = DIRECTION ( 'NONE',  ( 0.000000000000000000, 0.000000000000000000, -1.000000000000000000 ) ) ;
#4884 = DIRECTION ( 'NONE',  ( 0.4999999999999932832, 0.000000000000000000, -0.8660254037844424824 ) ) ;
#4885 = EDGE_LOOP ( 'NONE', ( #4853, #6737 ) ) ;
#4886 = DIRECTION ( 'NONE',  ( -0.000000000000000000, -1.000000000000000000, -0.000000000000000000 ) ) ;
#4887 = CARTESIAN_POINT ( 'NONE',  ( 4.787699978822939961, 1.377952755905512028, -0.8412721348264398102 ) ) ;
#4888 = EDGE_LOOP ( 'NONE', ( #8062, #8129, #3809, #370 ) ) ;
#4889 = LINE ( 'NONE', #3486, #5841 ) ;
#4890 = ORIENTED_EDGE ( 'NONE', *, *, #1769, .F. ) ;
#4891 = EDGE_CURVE ( 'NONE', #493, #5806, #722, .T. ) ;
#4892 = DIRECTION ( 'NONE',  ( 0.000000000000000000, -0.000000000000000000, -1.000000000000000000 ) ) ;
#4893 = EDGE_CURVE ( 'NONE', #2944, #2459, #293, .T. ) ;
#4894 = CARTESIAN_POINT ( 'NONE',  ( -1.076629392855039891, 1.082677165354330784, 1.322296282991472616 ) ) ;
#4895 = EDGE_CURVE ( 'NONE', #2593, #3476, #5081, .T. ) ;
#4896 = FACE_OUTER_BOUND ( 'NONE', #7925, .T. ) ;
#4897 = DIRECTION ( 'NONE',  ( 0.000000000000000000, -0.000000000000000000, -1.000000000000000000 ) ) ;
#4898 = ORIENTED_EDGE ( 'NONE', *, *, #7675, .T. ) ;
#4899 = ORIENTED_EDGE ( 'NONE', *, *, #2220, .F. ) ;
#4900 = ORIENTED_EDGE ( 'NONE', *, *, #8583, .T. ) ;
#4901 = EDGE_CURVE ( 'NONE', #5830, #7328, #2995, .T. ) ;
#4902 = DIRECTION ( 'NONE',  ( -0.000000000000000000, -1.000000000000000000, -0.000000000000000000 ) ) ;
#4903 = EDGE_CURVE ( 'NONE', #7588, #4361, #7886, .T. ) ;
#4904 = LINE ( 'NONE', #1581, #4565 ) ;
#4905 = LINE ( 'NONE', #833, #1341 ) ;
#4906 = ADVANCED_FACE ( 'NONE', ( #1063 ), #7259, .T. ) ;
#4907 = ORIENTED_EDGE ( 'NONE', *, *, #1874, .F. ) ;
#4908 = FACE_OUTER_BOUND ( 'NONE', #2920, .T. ) ;
#4909 = DIRECTION ( 'NONE',  ( 0.000000000000000000, 0.000000000000000000, 1.000000000000000000 ) ) ;
#4910 = FACE_OUTER_BOUND ( 'NONE', #5794, .T. ) ;
#4911 = EDGE_LOOP ( 'NONE', ( #5137, #2064, #3741, #1883 ) ) ;
#4912 = CARTESIAN_POINT ( 'NONE',  ( 0.7751247038596602579, 1.200787401574803237, 1.323788512398847983 ) ) ;
#4913 = ORIENTED_EDGE ( 'NONE', *, *, #4236, .T. ) ;
#4914 = VECTOR ( 'NONE', #4771, 39.37007874015748143 ) ;
#4915 = CARTESIAN_POINT ( 'NONE',  ( -0.6941866377028810264, 1.082677165354330784, 2.293907258516088010 ) ) ;
#4916 = CARTESIAN_POINT ( 'NONE',  ( 0.3168295106876288791, 1.348031496062992440, -0.1493896273204839975 ) ) ;
#4917 = CARTESIAN_POINT ( 'NONE',  ( 0.5782743101588760926, 1.082677165354330784, 1.584034734361226882 ) ) ;
#4918 = EDGE_LOOP ( 'NONE', ( #3764, #7745, #8053, #1810, #5615 ) ) ;
#4919 = DIRECTION ( 'NONE',  ( 0.000000000000000000, 0.000000000000000000, -1.000000000000000000 ) ) ;
#4920 = ORIENTED_EDGE ( 'NONE', *, *, #2139, .F. ) ;
#4921 = LINE ( 'NONE', #1561, #8534 ) ;
#4922 = DIRECTION ( 'NONE',  ( 0.000000000000000000, 0.000000000000000000, -1.000000000000000000 ) ) ;
#4923 = ORIENTED_EDGE ( 'NONE', *, *, #5451, .F. ) ;
#4924 = EDGE_CURVE ( 'NONE', #6224, #6162, #3554, .T. ) ;
#4925 = VECTOR ( 'NONE', #3060, 39.37007874015748143 ) ;
#4926 = DIRECTION ( 'NONE',  ( 0.000000000000000000, -0.000000000000000000, -1.000000000000000000 ) ) ;
#4927 = VECTOR ( 'NONE', #6029, 39.37007874015748143 ) ;
#4928 = DIRECTION ( 'NONE',  ( -0.8660254037844431485, 0.000000000000000000, -0.4999999999999918954 ) ) ;
#4929 = EDGE_LOOP ( 'NONE', ( #6613, #8385 ) ) ;
#4930 = DIRECTION ( 'NONE',  ( -0.000000000000000000, -1.000000000000000000, -0.000000000000000000 ) ) ;
#4931 = ORIENTED_EDGE ( 'NONE', *, *, #4895, .T. ) ;
#4932 = VECTOR ( 'NONE', #415, 39.37007874015748854 ) ;
#4933 = DIRECTION ( 'NONE',  ( 0.000000000000000000, 0.000000000000000000, -1.000000000000000000 ) ) ;
#4934 = ADVANCED_FACE ( 'NONE', ( #5710 ), #1100, .F. ) ;
#4935 = AXIS2_PLACEMENT_3D ( 'NONE', #6976, #4764, #6276 ) ;
#4936 = CARTESIAN_POINT ( 'NONE',  ( 1.870078740157481434, 1.200787401574803237, 0.2819855394721875186 ) ) ;
#4937 = DIRECTION ( 'NONE',  ( 0.000000000000000000, -1.000000000000000000, 0.000000000000000000 ) ) ;
#4938 = EDGE_LOOP ( 'NONE', ( #2942, #323 ) ) ;
#4939 = ORIENTED_EDGE ( 'NONE', *, *, #6316, .T. ) ;
#4940 = ORIENTED_EDGE ( 'NONE', *, *, #4742, .T. ) ;
#4941 = FACE_BOUND ( 'NONE', #5249, .T. ) ;
#4942 = CARTESIAN_POINT ( 'NONE',  ( -0.7874015748031426565, 1.377952755905512028, 4.887019995109037396 ) ) ;
#4943 = DIRECTION ( 'NONE',  ( -0.000000000000000000, -1.000000000000000000, -0.000000000000000000 ) ) ;
#4944 = AXIS2_PLACEMENT_3D ( 'NONE', #2746, #8241, #7444 ) ;
#4945 = EDGE_CURVE ( 'NONE', #7730, #5072, #3186, .T. ) ;
#4946 = EDGE_CURVE ( 'NONE', #8587, #182, #5389, .T. ) ;
#4947 = EDGE_CURVE ( 'NONE', #2728, #6330, #436, .T. ) ;
#4948 = DIRECTION ( 'NONE',  ( 0.000000000000000000, 0.000000000000000000, -1.000000000000000000 ) ) ;
#4949 = ORIENTED_EDGE ( 'NONE', *, *, #1004, .F. ) ;
#4950 = DIRECTION ( 'NONE',  ( 0.000000000000000000, -0.000000000000000000, 1.000000000000000000 ) ) ;
#4951 = DIRECTION ( 'NONE',  ( -0.000000000000000000, -1.000000000000000000, -0.000000000000000000 ) ) ;
#4952 = CARTESIAN_POINT ( 'NONE',  ( -1.099357127482403662, 1.200787401574803237, 1.467068853100238934 ) ) ;
#4953 = ORIENTED_EDGE ( 'NONE', *, *, #1504, .T. ) ;
#4954 = DIRECTION ( 'NONE',  ( 0.000000000000000000, -1.000000000000000000, 0.000000000000000000 ) ) ;
#4955 = VERTEX_POINT ( 'NONE', #7924 ) ;
#4956 = AXIS2_PLACEMENT_3D ( 'NONE', #6935, #8448, #4892 ) ;
#4957 = EDGE_CURVE ( 'NONE', #2839, #3256, #3128, .T. ) ;
#4958 = FACE_OUTER_BOUND ( 'NONE', #3499, .T. ) ;
#4959 = CARTESIAN_POINT ( 'NONE',  ( 4.921259842519685179, 1.377952755905512028, 2.841290694830833630 ) ) ;
#4960 = LINE ( 'NONE', #2391, #4995 ) ;
#4961 = EDGE_LOOP ( 'NONE', ( #7470, #7252, #5988, #3440 ) ) ;
#4962 = DIRECTION ( 'NONE',  ( 0.000000000000000000, -1.000000000000000000, 0.000000000000000000 ) ) ;
#4963 = VERTEX_POINT ( 'NONE', #5790 ) ;
#4964 = VECTOR ( 'NONE', #5310, 39.37007874015748143 ) ;
#4965 = PLANE ( 'NONE',  #592 ) ;
#4966 = DIRECTION ( 'NONE',  ( 0.000000000000000000, 0.000000000000000000, -1.000000000000000000 ) ) ;
#4967 = ORIENTED_EDGE ( 'NONE', *, *, #8716, .F. ) ;
#4968 = CYLINDRICAL_SURFACE ( 'NONE', #7101, 0.1161417322834646243 ) ;
#4969 = CARTESIAN_POINT ( 'NONE',  ( 0.6696328958159274425, 1.082677165354330784, 3.000600171901901980 ) ) ;
#4970 = ORIENTED_EDGE ( 'NONE', *, *, #4426, .F. ) ;
#4971 = DIRECTION ( 'NONE',  ( 0.000000000000000000, 0.000000000000000000, -1.000000000000000000 ) ) ;
#4972 = AXIS2_PLACEMENT_3D ( 'NONE', #4754, #7549, #6084 ) ;
#4973 = ORIENTED_EDGE ( 'NONE', *, *, #6965, .F. ) ;
#4974 = ADVANCED_FACE ( 'NONE', ( #5124 ), #3260, .F. ) ;
#4975 = CIRCLE ( 'NONE', #6123, 0.08070866141732296883 ) ;
#4976 = LINE ( 'NONE', #7063, #8250 ) ;
#4977 = LINE ( 'NONE', #7487, #5306 ) ;
#4978 = CIRCLE ( 'NONE', #1022, 0.08070866141732296883 ) ;
#4979 = AXIS2_PLACEMENT_3D ( 'NONE', #4547, #1059, #555 ) ;
#4980 = VECTOR ( 'NONE', #3264, 39.37007874015748143 ) ;
#4981 = CARTESIAN_POINT ( 'NONE',  ( 0.5255284061370095738, 1.200787401574803237, 2.543503556238737584 ) ) ;
#4982 = CARTESIAN_POINT ( 'NONE',  ( 4.577853839294269811, 0.8858267716535439540, -0.3293460664758837697 ) ) ;
#4983 = ORIENTED_EDGE ( 'NONE', *, *, #6642, .F. ) ;
#4984 = ORIENTED_EDGE ( 'NONE', *, *, #6396, .F. ) ;
#4985 = ORIENTED_EDGE ( 'NONE', *, *, #2410, .F. ) ;
#4986 = CIRCLE ( 'NONE', #1039, 0.08070866141732296883 ) ;
#4987 = EDGE_CURVE ( 'NONE', #1188, #8098, #3835, .T. ) ;
#4988 = CARTESIAN_POINT ( 'NONE',  ( 1.682679492934034515, 1.082677165354330784, 0.2711150115921904802 ) ) ;
#4989 = AXIS2_PLACEMENT_3D ( 'NONE', #2941, #3491, #921 ) ;
#4990 = AXIS2_PLACEMENT_3D ( 'NONE', #2674, #591, #2769 ) ;
#4991 = CARTESIAN_POINT ( 'NONE',  ( 5.005558297708292415, 15.67005943375638211, 2.104730306342235568 ) ) ;
#4992 = CARTESIAN_POINT ( 'NONE',  ( 4.836021121674785483, 0.3937007874015752140, 2.792078096405593790 ) ) ;
#4993 = EDGE_CURVE ( 'NONE', #1934, #8326, #7660, .T. ) ;
#4994 = CIRCLE ( 'NONE', #7561, 0.08070866141732269128 ) ;
#4995 = VECTOR ( 'NONE', #8348, 39.37007874015748143 ) ;
#4996 = AXIS2_PLACEMENT_3D ( 'NONE', #401, #2448, #2537 ) ;
#4997 = DIRECTION ( 'NONE',  ( -0.7754638790607796262, 0.000000000000000000, -0.6313919323779869641 ) ) ;
#4998 = EDGE_LOOP ( 'NONE', ( #5992, #1526, #1914, #3955, #33, #2992, #5614 ) ) ;
#4999 = CARTESIAN_POINT ( 'NONE',  ( 0.3814239164580918162, 1.200787401574803237, 1.924989617740929360 ) ) ;
#5000 = CARTESIAN_POINT ( 'NONE',  ( 4.934446318525177233, 0.6791338582677166613, 2.621600654715742884 ) ) ;
#5001 = DIRECTION ( 'NONE',  ( 0.8660254037844431485, -0.000000000000000000, 0.4999999999999918954 ) ) ;
#5002 = EDGE_CURVE ( 'NONE', #5832, #6204, #8640, .T. ) ;
#5003 = ORIENTED_EDGE ( 'NONE', *, *, #215, .F. ) ;
#5004 = AXIS2_PLACEMENT_3D ( 'NONE', #7009, #5765, #5014 ) ;
#5005 = VECTOR ( 'NONE', #2832, 39.37007874015748854 ) ;
#5006 = EDGE_CURVE ( 'NONE', #7567, #4328, #8557, .T. ) ;
#5007 = CARTESIAN_POINT ( 'NONE',  ( -0.7185039370078635246, 1.377952755905512028, 1.244485324335914411 ) ) ;
#5008 = EDGE_CURVE ( 'NONE', #6610, #8182, #4256, .T. ) ;
#5009 = CARTESIAN_POINT ( 'NONE',  ( 1.404288566597198473, 1.200787401574803237, 2.515540798843281856 ) ) ;
#5010 = VECTOR ( 'NONE', #4493, 39.37007874015748854 ) ;
#5011 = DIRECTION ( 'NONE',  ( 0.000000000000000000, 0.000000000000000000, -1.000000000000000000 ) ) ;
#5012 = CARTESIAN_POINT ( 'NONE',  ( -7.729271399857326585, 0.8858267716535439540, 1.473444870443460619 ) ) ;
#5013 = ORIENTED_EDGE ( 'NONE', *, *, #1702, .F. ) ;
#5014 = DIRECTION ( 'NONE',  ( 0.000000000000000000, -0.000000000000000000, -1.000000000000000000 ) ) ;
#5015 = ORIENTED_EDGE ( 'NONE', *, *, #7580, .F. ) ;
#5016 = EDGE_CURVE ( 'NONE', #1694, #4963, #1768, .T. ) ;
#5017 = FACE_OUTER_BOUND ( 'NONE', #3609, .T. ) ;
#5018 = DIRECTION ( 'NONE',  ( 0.000000000000000000, 0.000000000000000000, -1.000000000000000000 ) ) ;
#5019 = VERTEX_POINT ( 'NONE', #3792 ) ;
#5020 = CARTESIAN_POINT ( 'NONE',  ( 0.9386741476467745926, 15.67005943375638211, 4.542481070146993538 ) ) ;
#5021 = DIRECTION ( 'NONE',  ( 0.000000000000000000, 0.000000000000000000, 1.000000000000000000 ) ) ;
#5022 = VERTEX_POINT ( 'NONE', #2512 ) ;
#5023 = CARTESIAN_POINT ( 'NONE',  ( 4.895076239785020711, 0.6791338582677166613, 2.689791631391682980 ) ) ;
#5024 = ORIENTED_EDGE ( 'NONE', *, *, #246, .T. ) ;
#5025 = DIRECTION ( 'NONE',  ( 0.000000000000000000, -1.000000000000000000, 0.000000000000000000 ) ) ;
#5026 = DIRECTION ( 'NONE',  ( 0.000000000000000000, 0.000000000000000000, -1.000000000000000000 ) ) ;
#5027 = CARTESIAN_POINT ( 'NONE',  ( 0.6240618355240054038, 0.000000000000000000, 5.087405579430358316 ) ) ;
#5028 = CARTESIAN_POINT ( 'NONE',  ( 0.7751247038596602579, 1.200787401574803237, 1.243079850981525070 ) ) ;
#5029 = ORIENTED_EDGE ( 'NONE', *, *, #7938, .T. ) ;
#5030 = ORIENTED_EDGE ( 'NONE', *, *, #8424, .F. ) ;
#5031 = EDGE_LOOP ( 'NONE', ( #214, #5041 ) ) ;
#5032 = LINE ( 'NONE', #206, #4679 ) ;
#5033 = PLANE ( 'NONE',  #1745 ) ;
#5034 = CARTESIAN_POINT ( 'NONE',  ( 0.7703311871445911452, 1.377952755905512028, 0.1223517628503539845 ) ) ;
#5035 = ORIENTED_EDGE ( 'NONE', *, *, #3087, .T. ) ;
#5036 = EDGE_CURVE ( 'NONE', #6049, #5231, #8598, .T. ) ;
#5037 = CARTESIAN_POINT ( 'NONE',  ( 1.870078740157481434, 1.200787401574803237, 0.2819855394721875186 ) ) ;
#5038 = ORIENTED_EDGE ( 'NONE', *, *, #6964, .F. ) ;
#5039 = CARTESIAN_POINT ( 'NONE',  ( -0.3004858503013124738, 1.200787401574803237, 1.531288830339360807 ) ) ;
#5040 = CARTESIAN_POINT ( 'NONE',  ( 4.921259842519685179, 0.000000000000000000, 2.841290694830833630 ) ) ;
#5041 = ORIENTED_EDGE ( 'NONE', *, *, #6133, .F. ) ;
#5042 = CARTESIAN_POINT ( 'NONE',  ( 4.769243467237513023, 0.6791338582677166613, 2.435299441819331889 ) ) ;
#5043 = ORIENTED_EDGE ( 'NONE', *, *, #127, .T. ) ;
#5044 = LINE ( 'NONE', #6435, #2040 ) ;
#5045 = ORIENTED_EDGE ( 'NONE', *, *, #5350, .T. ) ;
#5046 = FACE_OUTER_BOUND ( 'NONE', #4057, .T. ) ;
#5047 = CARTESIAN_POINT ( 'NONE',  ( 0.3168295106876288791, 1.082677165354330784, -0.2005707296826887698 ) ) ;
#5048 = VERTEX_POINT ( 'NONE', #6503 ) ;
#5049 = DIRECTION ( 'NONE',  ( 0.7754638790607795151, 0.000000000000000000, 0.6313919323779871862 ) ) ;
#5050 = VERTEX_POINT ( 'NONE', #421 ) ;
#5051 = DIRECTION ( 'NONE',  ( 0.000000000000000000, -1.000000000000000000, 0.000000000000000000 ) ) ;
#5052 = ADVANCED_FACE ( 'NONE', ( #1098 ), #5257, .F. ) ;
#5053 = CARTESIAN_POINT ( 'NONE',  ( 1.010587779195629698, 1.200787401574803237, 3.278159227020009503 ) ) ;
#5054 = DIRECTION ( 'NONE',  ( 0.000000000000000000, -1.000000000000000000, 0.000000000000000000 ) ) ;
#5055 = EDGE_CURVE ( 'NONE', #1292, #283, #4462, .T. ) ;
#5056 = AXIS2_PLACEMENT_3D ( 'NONE', #4774, #111, #8741 ) ;
#5057 = EDGE_LOOP ( 'NONE', ( #4875, #651, #5699, #5205 ) ) ;
#5058 = LINE ( 'NONE', #6450, #5874 ) ;
#5059 = EDGE_CURVE ( 'NONE', #1353, #8518, #1589, .T. ) ;
#5060 = LINE ( 'NONE', #8454, #2546 ) ;
#5061 = VERTEX_POINT ( 'NONE', #6631 ) ;
#5062 = LINE ( 'NONE', #4394, #6147 ) ;
#5063 = VERTEX_POINT ( 'NONE', #7255 ) ;
#5064 = EDGE_CURVE ( 'NONE', #5289, #5373, #6551, .T. ) ;
#5065 = DIRECTION ( 'NONE',  ( 0.000000000000000000, 1.000000000000000000, 0.000000000000000000 ) ) ;
#5066 = ORIENTED_EDGE ( 'NONE', *, *, #8599, .F. ) ;
#5067 = AXIS2_PLACEMENT_3D ( 'NONE', #2123, #6248, #2878 ) ;
#5068 = DIRECTION ( 'NONE',  ( -0.000000000000000000, -1.000000000000000000, -0.000000000000000000 ) ) ;
#5069 = EDGE_CURVE ( 'NONE', #2694, #5757, #5551, .T. ) ;
#5070 = ADVANCED_FACE ( 'NONE', ( #3754 ), #5172, .F. ) ;
#5071 = DIRECTION ( 'NONE',  ( 0.000000000000000000, -1.000000000000000000, 0.000000000000000000 ) ) ;
#5072 = VERTEX_POINT ( 'NONE', #3085 ) ;
#5073 = CIRCLE ( 'NONE', #1408, 0.08070866141732313537 ) ;
#5074 = ORIENTED_EDGE ( 'NONE', *, *, #470, .F. ) ;
#5075 = ORIENTED_EDGE ( 'NONE', *, *, #3650, .F. ) ;
#5076 = DIRECTION ( 'NONE',  ( 0.000000000000000000, 0.000000000000000000, -1.000000000000000000 ) ) ;
#5077 = CYLINDRICAL_SURFACE ( 'NONE', #5288, 0.08070866141732323251 ) ;
#5078 = CARTESIAN_POINT ( 'NONE',  ( -0.01227687094347677463, 1.082677165354330784, 2.606899384500333205 ) ) ;
#5079 = ORIENTED_EDGE ( 'NONE', *, *, #5008, .T. ) ;
#5080 = AXIS2_PLACEMENT_3D ( 'NONE', #3438, #2850, #8278 ) ;
#5081 = LINE ( 'NONE', #1718, #3266 ) ;
#5082 = ORIENTED_EDGE ( 'NONE', *, *, #902, .F. ) ;
#5083 = CARTESIAN_POINT ( 'NONE',  ( 1.010587779195629698, 1.200787401574803237, 3.197450565602685923 ) ) ;
#5084 = CARTESIAN_POINT ( 'NONE',  ( -0.1563813606223946606, 1.200787401574803237, 2.149802768837170142 ) ) ;
#5085 = ORIENTED_EDGE ( 'NONE', *, *, #6078, .T. ) ;
#5086 = DIRECTION ( 'NONE',  ( 0.000000000000000000, 0.000000000000000000, -1.000000000000000000 ) ) ;
#5087 = CIRCLE ( 'NONE', #2825, 0.1161417322834646243 ) ;
#5088 = EDGE_LOOP ( 'NONE', ( #1262, #5378 ) ) ;
#5089 = EDGE_CURVE ( 'NONE', #2471, #6563, #7825, .T. ) ;
#5090 = DIRECTION ( 'NONE',  ( -0.000000000000000000, 1.000000000000000000, 0.000000000000000000 ) ) ;
#5091 = ORIENTED_EDGE ( 'NONE', *, *, #7721, .T. ) ;
#5092 = PRESENTATION_LAYER_ASSIGNMENT (  '', '', ( #7513 ) ) ;
#5093 = LINE ( 'NONE', #7314, #737 ) ;
#5094 = DIRECTION ( 'NONE',  ( 0.000000000000000000, -1.000000000000000000, 0.000000000000000000 ) ) ;
#5095 = DIRECTION ( 'NONE',  ( 0.000000000000000000, 0.000000000000000000, -1.000000000000000000 ) ) ;
#5096 = ORIENTED_EDGE ( 'NONE', *, *, #6112, .T. ) ;
#5097 = FACE_OUTER_BOUND ( 'NONE', #3915, .T. ) ;
#5098 = ORIENTED_EDGE ( 'NONE', *, *, #2737, .F. ) ;
#5099 = FACE_OUTER_BOUND ( 'NONE', #6293, .T. ) ;
#5100 = DIRECTION ( 'NONE',  ( 0.000000000000000000, -1.000000000000000000, 0.000000000000000000 ) ) ;
#5101 = CARTESIAN_POINT ( 'NONE',  ( -0.5990270374703789980, 0.000000000000000000, 3.720345552874123385 ) ) ;
#5102 = AXIS2_PLACEMENT_3D ( 'NONE', #7167, #1096, #471 ) ;
#5103 = VERTEX_POINT ( 'NONE', #7523 ) ;
#5104 = DIRECTION ( 'NONE',  ( -0.9849106049563591814, -0.000000000000000000, 0.1730638617519519307 ) ) ;
#5105 = DIRECTION ( 'NONE',  ( 0.000000000000000000, 1.000000000000000000, 0.000000000000000000 ) ) ;
#5106 = AXIS2_PLACEMENT_3D ( 'NONE', #1634, #2054, #8134 ) ;
#5107 = ORIENTED_EDGE ( 'NONE', *, *, #5276, .T. ) ;
#5108 = LINE ( 'NONE', #3648, #4718 ) ;
#5109 = EDGE_LOOP ( 'NONE', ( #7754, #7423 ) ) ;
#5110 = ADVANCED_FACE ( 'NONE', ( #1447 ), #4678, .F. ) ;
#5111 = DIRECTION ( 'NONE',  ( 0.000000000000000000, -1.000000000000000000, 0.000000000000000000 ) ) ;
#5112 = VERTEX_POINT ( 'NONE', #4145 ) ;
#5113 = DIRECTION ( 'NONE',  ( 0.000000000000000000, 0.000000000000000000, -1.000000000000000000 ) ) ;
#5114 = ADVANCED_FACE ( 'NONE', ( #8738 ), #27, .F. ) ;
#5115 = CIRCLE ( 'NONE', #8105, 0.08070866141732309373 ) ;
#5116 = VECTOR ( 'NONE', #6352, 39.37007874015748143 ) ;
#5117 = DIRECTION ( 'NONE',  ( 0.000000000000000000, -1.000000000000000000, 0.000000000000000000 ) ) ;
#5118 = CIRCLE ( 'NONE', #1727, 0.08070866141732269128 ) ;
#5119 = VERTEX_POINT ( 'NONE', #6728 ) ;
#5120 = ORIENTED_EDGE ( 'NONE', *, *, #2410, .T. ) ;
#5121 = ORIENTED_EDGE ( 'NONE', *, *, #6326, .T. ) ;
#5122 = CARTESIAN_POINT ( 'NONE',  ( 2.105220650259831849, 0.000000000000000000, 4.943223100749083443 ) ) ;
#5123 = LINE ( 'NONE', #1928, #1464 ) ;
#5124 = FACE_OUTER_BOUND ( 'NONE', #8445, .T. ) ;
#5125 = EDGE_CURVE ( 'NONE', #3308, #4432, #4103, .T. ) ;
#5126 = EDGE_CURVE ( 'NONE', #1698, #1629, #8057, .T. ) ;
#5127 = CIRCLE ( 'NONE', #7394, 0.08070866141732296883 ) ;
#5128 = VERTEX_POINT ( 'NONE', #6192 ) ;
#5129 = AXIS2_PLACEMENT_3D ( 'NONE', #3319, #8516, #3134 ) ;
#5130 = CARTESIAN_POINT ( 'NONE',  ( 0.5255284061370095738, 1.082677165354330784, 2.462794894821415781 ) ) ;
#5131 = VERTEX_POINT ( 'NONE', #694 ) ;
#5132 = LINE ( 'NONE', #3218, #1032 ) ;
#5133 = DIRECTION ( 'NONE',  ( 0.000000000000000000, 0.000000000000000000, 1.000000000000000000 ) ) ;
#5134 = AXIS2_PLACEMENT_3D ( 'NONE', #8324, #6985, #2820 ) ;
#5135 = AXIS2_PLACEMENT_3D ( 'NONE', #4589, #8544, #2461 ) ;
#5136 = PLANE ( 'NONE',  #1180 ) ;
#5137 = ORIENTED_EDGE ( 'NONE', *, *, #5557, .T. ) ;
#5138 = CIRCLE ( 'NONE', #4283, 0.08070866141732296883 ) ;
#5139 = DIRECTION ( 'NONE',  ( 0.000000000000000000, 0.000000000000000000, -1.000000000000000000 ) ) ;
#5140 = ORIENTED_EDGE ( 'NONE', *, *, #3228, .F. ) ;
#5141 = LINE ( 'NONE', #4474, #5439 ) ;
#5142 = VECTOR ( 'NONE', #5778, 39.37007874015748143 ) ;
#5143 = VECTOR ( 'NONE', #8132, 39.37007874015748143 ) ;
#5144 = CARTESIAN_POINT ( 'NONE',  ( 0.04046903307838965735, 1.082677165354330784, 1.728139224040145194 ) ) ;
#5145 = DIRECTION ( 'NONE',  ( -0.000000000000000000, -1.000000000000000000, -0.000000000000000000 ) ) ;
#5146 = ORIENTED_EDGE ( 'NONE', *, *, #795, .F. ) ;
#5147 = CARTESIAN_POINT ( 'NONE',  ( -0.4973362440020967501, 1.200787401574803237, 1.872243713719063063 ) ) ;
#5148 = CIRCLE ( 'NONE', #3171, 0.08070866141732313537 ) ;
#5149 = VECTOR ( 'NONE', #8701, 39.37007874015748143 ) ;
#5150 = ORIENTED_EDGE ( 'NONE', *, *, #4812, .F. ) ;
#5151 = DIRECTION ( 'NONE',  ( 0.000000000000000000, 0.000000000000000000, -1.000000000000000000 ) ) ;
#5152 = DIRECTION ( 'NONE',  ( -0.000000000000000000, -1.000000000000000000, -0.000000000000000000 ) ) ;
#5153 = ORIENTED_EDGE ( 'NONE', *, *, #4334, .F. ) ;
#5154 = VECTOR ( 'NONE', #6371, 39.37007874015748143 ) ;
#5155 = ADVANCED_FACE ( 'NONE', ( #787 ), #2733, .F. ) ;
#5156 = FACE_OUTER_BOUND ( 'NONE', #3041, .T. ) ;
#5157 = LINE ( 'NONE', #321, #2683 ) ;
#5158 = VERTEX_POINT ( 'NONE', #3355 ) ;
#5159 = DIRECTION ( 'NONE',  ( 0.000000000000000000, 0.000000000000000000, -1.000000000000000000 ) ) ;
#5160 = ORIENTED_EDGE ( 'NONE', *, *, #3161, .F. ) ;
#5161 = CIRCLE ( 'NONE', #919, 0.08070866141732309373 ) ;
#5162 = DIRECTION ( 'NONE',  ( 0.000000000000000000, -1.000000000000000000, 0.000000000000000000 ) ) ;
#5163 = ORIENTED_EDGE ( 'NONE', *, *, #4409, .F. ) ;
#5164 = FACE_OUTER_BOUND ( 'NONE', #7993, .T. ) ;
#5165 = DIRECTION ( 'NONE',  ( 0.9849106049563590703, 0.000000000000000000, -0.1730638617519519584 ) ) ;
#5166 = EDGE_CURVE ( 'NONE', #4963, #3197, #5414, .T. ) ;
#5167 = ORIENTED_EDGE ( 'NONE', *, *, #6840, .F. ) ;
#5168 = ORIENTED_EDGE ( 'NONE', *, *, #2936, .T. ) ;
#5169 = EDGE_CURVE ( 'NONE', #6057, #3517, #1886, .T. ) ;
#5170 = ORIENTED_EDGE ( 'NONE', *, *, #7454, .T. ) ;
#5171 = DIRECTION ( 'NONE',  ( 0.8660254037844422603, 0.000000000000000000, 0.4999999999999938383 ) ) ;
#5172 = CYLINDRICAL_SURFACE ( 'NONE', #2860, 0.08070866141732296883 ) ;
#5173 = EDGE_CURVE ( 'NONE', #7557, #8773, #8681, .T. ) ;
#5174 = EDGE_LOOP ( 'NONE', ( #1438, #1238 ) ) ;
#5175 = DIRECTION ( 'NONE',  ( -0.000000000000000000, -1.000000000000000000, -0.000000000000000000 ) ) ;
#5176 = ORIENTED_EDGE ( 'NONE', *, *, #835, .T. ) ;
#5177 = DIRECTION ( 'NONE',  ( 0.000000000000000000, -1.000000000000000000, 0.000000000000000000 ) ) ;
#5178 = CARTESIAN_POINT ( 'NONE',  ( 1.400490591934762996, 1.200787401574803237, -0.5328932348858212986 ) ) ;
#5179 = ADVANCED_FACE ( 'NONE', ( #7341 ), #4811, .F. ) ;
#5180 = LINE ( 'NONE', #1972, #8547 ) ;
#5181 = ORIENTED_EDGE ( 'NONE', *, *, #2294, .T. ) ;
#5182 = DIRECTION ( 'NONE',  ( -0.000000000000000000, -1.000000000000000000, -0.000000000000000000 ) ) ;
#5183 = ORIENTED_EDGE ( 'NONE', *, *, #8725, .T. ) ;
#5184 = DIRECTION ( 'NONE',  ( -0.000000000000000000, 1.000000000000000000, -0.000000000000000000 ) ) ;
#5185 = EDGE_CURVE ( 'NONE', #6719, #5870, #6266, .T. ) ;
#5186 = EDGE_LOOP ( 'NONE', ( #5914, #2376 ) ) ;
#5187 = EDGE_CURVE ( 'NONE', #6204, #6859, #8104, .T. ) ;
#5188 = CARTESIAN_POINT ( 'NONE',  ( 2.657480314960631418, 1.200787401574803237, 0.2819855394721875186 ) ) ;
#5189 = FACE_BOUND ( 'NONE', #5088, .T. ) ;
#5190 = ORIENTED_EDGE ( 'NONE', *, *, #4614, .F. ) ;
#5191 = LINE ( 'NONE', #1827, #7704 ) ;
#5192 = ORIENTED_EDGE ( 'NONE', *, *, #8502, .F. ) ;
#5193 = ADVANCED_FACE ( 'NONE', ( #603 ), #1978, .T. ) ;
#5194 = CARTESIAN_POINT ( 'NONE',  ( 4.756250525052752920, 0.5905511811023629321, -1.020251733598700694 ) ) ;
#5195 = DIRECTION ( 'NONE',  ( 0.000000000000000000, -1.000000000000000000, 0.000000000000000000 ) ) ;
#5196 = ORIENTED_EDGE ( 'NONE', *, *, #4134, .F. ) ;
#5197 = CARTESIAN_POINT ( 'NONE',  ( -0.01227687094347677463, 1.200787401574803237, 2.606899384500333205 ) ) ;
#5198 = DIRECTION ( 'NONE',  ( -0.000000000000000000, -1.000000000000000000, -0.000000000000000000 ) ) ;
#5199 = CARTESIAN_POINT ( 'NONE',  ( 1.260184076918280160, 1.200787401574803237, 1.897026860345472521 ) ) ;
#5200 = ORIENTED_EDGE ( 'NONE', *, *, #481, .F. ) ;
#5201 = PLANE ( 'NONE',  #899 ) ;
#5202 = VERTEX_POINT ( 'NONE', #5521 ) ;
#5203 = CARTESIAN_POINT ( 'NONE',  ( 0.8664832895167117188, 1.200787401574803237, 2.659645288522199724 ) ) ;
#5204 = EDGE_CURVE ( 'NONE', #4089, #4702, #6967, .T. ) ;
#5205 = ORIENTED_EDGE ( 'NONE', *, *, #6858, .F. ) ;
#5206 = LINE ( 'NONE', #7248, #6440 ) ;
#5207 = CARTESIAN_POINT ( 'NONE',  ( 2.779035979472865847, 3.882804907592494146E-16, 1.945432054215978424 ) ) ;
#5208 = ORIENTED_EDGE ( 'NONE', *, *, #3087, .F. ) ;
#5209 = EDGE_LOOP ( 'NONE', ( #6465, #3876, #1516, #761, #8142, #3026 ) ) ;
#5210 = ORIENTED_EDGE ( 'NONE', *, *, #180, .T. ) ;
#5211 = CARTESIAN_POINT ( 'NONE',  ( -0.01227687094347676248, 1.082677165354330784, 2.687608045917656341 ) ) ;
#5212 = CARTESIAN_POINT ( 'NONE',  ( 0.7223787998377938502, 1.200787401574803237, 2.202548672859036216 ) ) ;
#5213 = ORIENTED_EDGE ( 'NONE', *, *, #1176, .T. ) ;
#5214 = CIRCLE ( 'NONE', #398, 0.1161417322834645827 ) ;
#5215 = DIRECTION ( 'NONE',  ( 0.000000000000000000, 0.000000000000000000, -1.000000000000000000 ) ) ;
#5216 = EDGE_LOOP ( 'NONE', ( #1444, #730 ) ) ;
#5217 = CARTESIAN_POINT ( 'NONE',  ( 2.263779527559056426, 1.200787401574803237, 0.2012768780548643832 ) ) ;
#5218 = CARTESIAN_POINT ( 'NONE',  ( 1.476377952755906664, 1.200787401574803237, -0.1117152479293870848 ) ) ;
#5219 = ORIENTED_EDGE ( 'NONE', *, *, #1774, .F. ) ;
#5220 = CARTESIAN_POINT ( 'NONE',  ( 2.958219845190298347, 0.6791338582677166613, 5.572084368912591401 ) ) ;
#5221 = EDGE_LOOP ( 'NONE', ( #6452, #6508, #6239, #6961 ) ) ;
#5222 = EDGE_CURVE ( 'NONE', #399, #4955, #4137, .T. ) ;
#5223 = AXIS2_PLACEMENT_3D ( 'NONE', #7741, #5071, #4358 ) ;
#5224 = CARTESIAN_POINT ( 'NONE',  ( -2.997491810147775659, -3.503635857238331042, -4.373379055423905371 ) ) ;
#5225 = ORIENTED_EDGE ( 'NONE', *, *, #7619, .T. ) ;
#5226 = EDGE_CURVE ( 'NONE', #3701, #4182, #3570, .T. ) ;
#5227 = DIRECTION ( 'NONE',  ( -0.000000000000000000, -1.000000000000000000, -0.000000000000000000 ) ) ;
#5228 = VECTOR ( 'NONE', #6187, 39.37007874015748143 ) ;
#5229 = CYLINDRICAL_SURFACE ( 'NONE', #4215, 0.06496062992125989366 ) ;
#5230 = EDGE_LOOP ( 'NONE', ( #6628, #5452, #7164, #7300 ) ) ;
#5231 = VERTEX_POINT ( 'NONE', #3314 ) ;
#5232 = LINE ( 'NONE', #1291, #2182 ) ;
#5233 = ORIENTED_EDGE ( 'NONE', *, *, #2961, .T. ) ;
#5234 = CARTESIAN_POINT ( 'NONE',  ( -0.6941866377028810264, 1.200787401574803237, 2.213198597098764875 ) ) ;
#5235 = CARTESIAN_POINT ( 'NONE',  ( 4.665543679984922143, 0.000000000000000000, 2.693652899555227354 ) ) ;
#5236 = EDGE_CURVE ( 'NONE', #2459, #7519, #7439, .T. ) ;
#5237 = EDGE_CURVE ( 'NONE', #3172, #7381, #1731, .T. ) ;
#5238 = ORIENTED_EDGE ( 'NONE', *, *, #3374, .F. ) ;
#5239 = AXIS2_PLACEMENT_3D ( 'NONE', #3801, #6603, #5894 ) ;
#5240 = DIRECTION ( 'NONE',  ( 0.000000000000000000, -0.000000000000000000, 1.000000000000000000 ) ) ;
#5241 = DIRECTION ( 'NONE',  ( -0.000000000000000000, -1.000000000000000000, -0.000000000000000000 ) ) ;
#5242 = DIRECTION ( 'NONE',  ( 0.000000000000000000, 0.000000000000000000, -1.000000000000000000 ) ) ;
#5243 = ORIENTED_EDGE ( 'NONE', *, *, #3776, .F. ) ;
#5244 = DIRECTION ( 'NONE',  ( 0.000000000000000000, -1.000000000000000000, 0.000000000000000000 ) ) ;
#5245 = EDGE_CURVE ( 'NONE', #7799, #3897, #8413, .T. ) ;
#5246 = EDGE_LOOP ( 'NONE', ( #4757, #8354 ) ) ;
#5247 = AXIS2_PLACEMENT_3D ( 'NONE', #4460, #8019, #6502 ) ;
#5248 = LINE ( 'NONE', #5739, #7115 ) ;
#5249 = EDGE_LOOP ( 'NONE', ( #8717, #5511 ) ) ;
#5250 = DIRECTION ( 'NONE',  ( 0.8660254037844433705, 0.000000000000000000, 0.4999999999999920064 ) ) ;
#5251 = AXIS2_PLACEMENT_3D ( 'NONE', #1739, #2857, #5567 ) ;
#5252 = DIRECTION ( 'NONE',  ( 0.6423330032324086059, -0.000000000000000000, 0.7664256734729301135 ) ) ;
#5253 = ORIENTED_EDGE ( 'NONE', *, *, #7734, .F. ) ;
#5254 = ORIENTED_EDGE ( 'NONE', *, *, #7269, .T. ) ;
#5255 = ORIENTED_EDGE ( 'NONE', *, *, #753, .T. ) ;
#5256 = CARTESIAN_POINT ( 'NONE',  ( -0.3532317543231789370, 1.200787401574803237, 2.490757652216871953 ) ) ;
#5257 = PLANE ( 'NONE',  #7547 ) ;
#5258 = VECTOR ( 'NONE', #442, 39.37007874015748143 ) ;
#5259 = CARTESIAN_POINT ( 'NONE',  ( 4.577853839294269811, 0.2952755905511817991, -0.3293460664758839918 ) ) ;
#5260 = EDGE_CURVE ( 'NONE', #2433, #6454, #313, .T. ) ;
#5261 = DIRECTION ( 'NONE',  ( 0.000000000000000000, -1.000000000000000000, 0.000000000000000000 ) ) ;
#5262 = CARTESIAN_POINT ( 'NONE',  ( 0.000000000000000000, 1.141732283464567121, 0.000000000000000000 ) ) ;
#5263 = EDGE_LOOP ( 'NONE', ( #154, #6722, #3912, #8570 ) ) ;
#5264 = DIRECTION ( 'NONE',  ( 0.000000000000000000, -1.000000000000000000, 0.000000000000000000 ) ) ;
#5265 = CIRCLE ( 'NONE', #3564, 0.08070866141732255250 ) ;
#5266 = VECTOR ( 'NONE', #4045, 39.37007874015748143 ) ;
#5267 = FACE_OUTER_BOUND ( 'NONE', #719, .T. ) ;
#5268 = AXIS2_PLACEMENT_3D ( 'NONE', #1293, #2662, #5325 ) ;
#5269 = EDGE_CURVE ( 'NONE', #8225, #1719, #235, .T. ) ;
#5270 = LINE ( 'NONE', #661, #621 ) ;
#5271 = EDGE_LOOP ( 'NONE', ( #3831, #3359, #4672, #7600 ) ) ;
#5272 = AXIS2_PLACEMENT_3D ( 'NONE', #531, #3234, #1248 ) ;
#5273 = CIRCLE ( 'NONE', #8539, 0.08070866141732296883 ) ;
#5274 = VECTOR ( 'NONE', #4268, 39.37007874015748854 ) ;
#5275 = PLANE ( 'NONE',  #6402 ) ;
#5276 = EDGE_CURVE ( 'NONE', #1257, #5050, #881, .T. ) ;
#5277 = FACE_BOUND ( 'NONE', #489, .T. ) ;
#5278 = EDGE_LOOP ( 'NONE', ( #210, #6698 ) ) ;
#5279 = DIRECTION ( 'NONE',  ( 0.000000000000000000, 0.000000000000000000, -1.000000000000000000 ) ) ;
#5280 = EDGE_CURVE ( 'NONE', #3197, #4963, #5836, .T. ) ;
#5281 = ORIENTED_EDGE ( 'NONE', *, *, #6590, .T. ) ;
#5282 = VECTOR ( 'NONE', #4930, 39.37007874015748143 ) ;
#5283 = AXIS2_PLACEMENT_3D ( 'NONE', #849, #3379, #4126 ) ;
#5284 = CIRCLE ( 'NONE', #5135, 0.08070866141732323251 ) ;
#5285 = CARTESIAN_POINT ( 'NONE',  ( 0.3168295106876288791, 1.348031496062992440, -0.2655313596039485247 ) ) ;
#5286 = CYLINDRICAL_SURFACE ( 'NONE', #3586, 0.08070866141732323251 ) ;
#5287 = EDGE_CURVE ( 'NONE', #2918, #6167, #7257, .T. ) ;
#5288 = AXIS2_PLACEMENT_3D ( 'NONE', #3661, #1058, #3957 ) ;
#5289 = VERTEX_POINT ( 'NONE', #2937 ) ;
#5290 = LINE ( 'NONE', #1959, #1450 ) ;
#5291 = VECTOR ( 'NONE', #8446, 39.37007874015748143 ) ;
#5292 = VECTOR ( 'NONE', #2493, 39.37007874015748143 ) ;
#5293 = FACE_OUTER_BOUND ( 'NONE', #10, .T. ) ;
#5294 = CARTESIAN_POINT ( 'NONE',  ( 2.918849766450141381, 0.6791338582677166613, 5.640275345588531941 ) ) ;
#5295 = EDGE_CURVE ( 'NONE', #2531, #4414, #5690, .T. ) ;
#5296 = VERTEX_POINT ( 'NONE', #2326 ) ;
#5297 = DIRECTION ( 'NONE',  ( 0.000000000000000000, -1.000000000000000000, 0.000000000000000000 ) ) ;
#5298 = ORIENTED_EDGE ( 'NONE', *, *, #5222, .T. ) ;
#5299 = CARTESIAN_POINT ( 'NONE',  ( 1.991441122700779331, 0.000000000000000000, 5.140295023342551062 ) ) ;
#5300 = LINE ( 'NONE', #1967, #1182 ) ;
#5301 = AXIS2_PLACEMENT_3D ( 'NONE', #6700, #8618, #7231 ) ;
#5302 = ORIENTED_EDGE ( 'NONE', *, *, #2526, .T. ) ;
#5303 = FACE_OUTER_BOUND ( 'NONE', #152, .T. ) ;
#5304 = FACE_OUTER_BOUND ( 'NONE', #4389, .T. ) ;
#5305 = ORIENTED_EDGE ( 'NONE', *, *, #4170, .T. ) ;
#5306 = VECTOR ( 'NONE', #5692, 39.37007874015748854 ) ;
#5307 = VERTEX_POINT ( 'NONE', #7645 ) ;
#5308 = ORIENTED_EDGE ( 'NONE', *, *, #643, .F. ) ;
#5309 = DIRECTION ( 'NONE',  ( -0.4999999999999938383, 0.000000000000000000, 0.8660254037844422603 ) ) ;
#5310 = DIRECTION ( 'NONE',  ( -0.000000000000000000, -1.000000000000000000, -0.000000000000000000 ) ) ;
#5311 = CYLINDRICAL_SURFACE ( 'NONE', #4494, 0.08070866141732296883 ) ;
#5312 = DIRECTION ( 'NONE',  ( -0.000000000000000000, -1.000000000000000000, -0.000000000000000000 ) ) ;
#5313 = CARTESIAN_POINT ( 'NONE',  ( -0.0007207492543572252986, -7.874015748039371056E-05, 0.6427093485177919341 ) ) ;
#5314 = ORIENTED_EDGE ( 'NONE', *, *, #4347, .T. ) ;
#5315 = DIRECTION ( 'NONE',  ( 0.000000000000000000, -1.000000000000000000, 0.000000000000000000 ) ) ;
#5316 = DIRECTION ( 'NONE',  ( 0.000000000000000000, 1.000000000000000000, 0.000000000000000000 ) ) ;
#5317 = LINE ( 'NONE', #6605, #7420 ) ;
#5318 = EDGE_CURVE ( 'NONE', #2621, #8467, #748, .T. ) ;
#5319 = ORIENTED_EDGE ( 'NONE', *, *, #78, .F. ) ;
#5320 = CARTESIAN_POINT ( 'NONE',  ( 1.260184076918280160, 1.200787401574803237, 1.977735521762795656 ) ) ;
#5321 = FACE_BOUND ( 'NONE', #4768, .T. ) ;
#5322 = ORIENTED_EDGE ( 'NONE', *, *, #1543, .F. ) ;
#5323 = FACE_OUTER_BOUND ( 'NONE', #3380, .T. ) ;
#5324 = ORIENTED_EDGE ( 'NONE', *, *, #3113, .F. ) ;
#5325 = DIRECTION ( 'NONE',  ( 0.000000000000000000, 0.000000000000000000, -1.000000000000000000 ) ) ;
#5326 = CARTESIAN_POINT ( 'NONE',  ( -0.8950253571015817089, 1.200787401574803237, 0.1988805747916050082 ) ) ;
#5327 = ORIENTED_EDGE ( 'NONE', *, *, #643, .T. ) ;
#5328 = EDGE_CURVE ( 'NONE', #345, #2962, #1572, .T. ) ;
#5329 = PLANE ( 'NONE',  #3844 ) ;
#5330 = DIRECTION ( 'NONE',  ( 0.000000000000000000, 0.000000000000000000, -1.000000000000000000 ) ) ;
#5331 = CARTESIAN_POINT ( 'NONE',  ( 2.502873447770332938, 0.000000000000000000, 5.435570613893728087 ) ) ;
#5332 = EDGE_CURVE ( 'NONE', #1219, #4300, #3617, .T. ) ;
#5333 = ORIENTED_EDGE ( 'NONE', *, *, #6326, .F. ) ;
#5334 = DIRECTION ( 'NONE',  ( 0.000000000000000000, -1.000000000000000000, 0.000000000000000000 ) ) ;
#5335 = ORIENTED_EDGE ( 'NONE', *, *, #3227, .F. ) ;
#5336 = DIRECTION ( 'NONE',  ( 0.000000000000000000, 0.000000000000000000, -1.000000000000000000 ) ) ;
#5337 = FACE_OUTER_BOUND ( 'NONE', #4048, .T. ) ;
#5338 = ORIENTED_EDGE ( 'NONE', *, *, #6133, .T. ) ;
#5339 = DIRECTION ( 'NONE',  ( 0.000000000000000000, -1.000000000000000000, 0.000000000000000000 ) ) ;
#5340 = EDGE_CURVE ( 'NONE', #6454, #3845, #4976, .T. ) ;
#5341 = CARTESIAN_POINT ( 'NONE',  ( -0.01419902979620381832, 1.141732283464567121, 0.7798579866315596965 ) ) ;
#5342 = VERTEX_POINT ( 'NONE', #2201 ) ;
#5343 = FACE_OUTER_BOUND ( 'NONE', #4359, .T. ) ;
#5344 = VERTEX_POINT ( 'NONE', #4223 ) ;
#5345 = ORIENTED_EDGE ( 'NONE', *, *, #346, .F. ) ;
#5346 = DIRECTION ( 'NONE',  ( -0.000000000000000000, -1.000000000000000000, -0.000000000000000000 ) ) ;
#5347 = DIRECTION ( 'NONE',  ( -0.000000000000000000, -1.000000000000000000, -0.000000000000000000 ) ) ;
#5348 = EDGE_CURVE ( 'NONE', #4182, #7381, #994, .T. ) ;
#5349 = VECTOR ( 'NONE', #1323, 39.37007874015748143 ) ;
#5350 = EDGE_CURVE ( 'NONE', #8308, #2531, #3692, .T. ) ;
#5351 = CARTESIAN_POINT ( 'NONE',  ( -0.7870128868562318303, 0.000000000000000000, 4.887082620901813890 ) ) ;
#5352 = LINE ( 'NONE', #8740, #880 ) ;
#5353 = DIRECTION ( 'NONE',  ( 0.000000000000000000, -1.000000000000000000, 0.000000000000000000 ) ) ;
#5354 = VERTEX_POINT ( 'NONE', #8235 ) ;
#5355 =( LENGTH_UNIT ( ) NAMED_UNIT ( * ) SI_UNIT ( $, .METRE. ) );
#5356 = DIRECTION ( 'NONE',  ( 0.000000000000000000, 0.000000000000000000, -1.000000000000000000 ) ) ;
#5357 = DIRECTION ( 'NONE',  ( -0.8660254037844431485, 0.000000000000000000, -0.4999999999999918954 ) ) ;
#5358 = LINE ( 'NONE', #2042, #4401 ) ;
#5359 = FACE_BOUND ( 'NONE', #2108, .T. ) ;
#5360 = ADVANCED_FACE ( 'NONE', ( #6406 ), #6324, .F. ) ;
#5361 = ORIENTED_EDGE ( 'NONE', *, *, #5340, .T. ) ;
#5362 = DIRECTION ( 'NONE',  ( 0.000000000000000000, -0.000000000000000000, -1.000000000000000000 ) ) ;
#5363 = CIRCLE ( 'NONE', #5223, 0.08070866141732378762 ) ;
#5364 = VERTEX_POINT ( 'NONE', #4186 ) ;
#5365 = DIRECTION ( 'NONE',  ( 0.000000000000000000, 0.000000000000000000, -1.000000000000000000 ) ) ;
#5366 = LINE ( 'NONE', #5326, #2454 ) ;
#5367 = ORIENTED_EDGE ( 'NONE', *, *, #6377, .F. ) ;
#5368 = VECTOR ( 'NONE', #2497, 39.37007874015748143 ) ;
#5369 = FACE_OUTER_BOUND ( 'NONE', #3836, .T. ) ;
#5370 = CARTESIAN_POINT ( 'NONE',  ( 2.657480314960631418, 1.082677165354330784, 0.2819855394721875186 ) ) ;
#5371 = CARTESIAN_POINT ( 'NONE',  ( 1.260184076918280160, 1.200787401574803237, 2.058444183180118348 ) ) ;
#5372 = CARTESIAN_POINT ( 'NONE',  ( 0.5782743101588760926, 1.200787401574803237, 1.503326072943903968 ) ) ;
#5373 = VERTEX_POINT ( 'NONE', #6233 ) ;
#5374 = DIRECTION ( 'NONE',  ( 0.000000000000000000, 0.000000000000000000, -1.000000000000000000 ) ) ;
#5375 = ORIENTED_EDGE ( 'NONE', *, *, #2830, .T. ) ;
#5376 = DIRECTION ( 'NONE',  ( 0.000000000000000000, -1.000000000000000000, 0.000000000000000000 ) ) ;
#5377 = CARTESIAN_POINT ( 'NONE',  ( 2.966043853488609994, 0.000000000000000000, 1.621524915005261969 ) ) ;
#5378 = ORIENTED_EDGE ( 'NONE', *, *, #6108, .F. ) ;
#5379 = CARTESIAN_POINT ( 'NONE',  ( 1.499508420417769106, 1.082677165354331672, 4.161638796184041311 ) ) ;
#5380 = FACE_OUTER_BOUND ( 'NONE', #7693, .T. ) ;
#5381 = AXIS2_PLACEMENT_3D ( 'NONE', #4061, #6860, #2686 ) ;
#5382 = EDGE_LOOP ( 'NONE', ( #811, #3493, #7448, #6019 ) ) ;
#5383 = DIRECTION ( 'NONE',  ( 0.000000000000000000, 1.000000000000000000, 0.000000000000000000 ) ) ;
#5384 = EDGE_CURVE ( 'NONE', #1518, #5822, #5648, .T. ) ;
#5385 = ORIENTED_EDGE ( 'NONE', *, *, #8756, .T. ) ;
#5386 = ORIENTED_EDGE ( 'NONE', *, *, #475, .T. ) ;
#5387 = DIRECTION ( 'NONE',  ( 0.000000000000000000, 0.000000000000000000, -1.000000000000000000 ) ) ;
#5388 = DIRECTION ( 'NONE',  ( 0.000000000000000000, 0.000000000000000000, -1.000000000000000000 ) ) ;
#5389 = CIRCLE ( 'NONE', #1567, 0.08070866141732296883 ) ;
#5390 = ADVANCED_FACE ( 'NONE', ( #8363 ), #2274, .F. ) ;
#5391 = DIRECTION ( 'NONE',  ( -0.000000000000000000, -1.000000000000000000, -0.000000000000000000 ) ) ;
#5392 = FACE_OUTER_BOUND ( 'NONE', #2802, .T. ) ;
#5393 = LINE ( 'NONE', #791, #4927 ) ;
#5394 = ORIENTED_EDGE ( 'NONE', *, *, #5332, .F. ) ;
#5395 = AXIS2_PLACEMENT_3D ( 'NONE', #4601, #5925, #3215 ) ;
#5396 = ADVANCED_FACE ( 'NONE', ( #4537 ), #6622, .T. ) ;
#5397 = DIRECTION ( 'NONE',  ( 0.000000000000000000, 1.000000000000000000, 0.000000000000000000 ) ) ;
#5398 = EDGE_CURVE ( 'NONE', #5072, #325, #173, .T. ) ;
#5399 = CYLINDRICAL_SURFACE ( 'NONE', #3159, 0.1161417322834646243 ) ;
#5400 = CARTESIAN_POINT ( 'NONE',  ( 1.499508420417767995, 0.000000000000000000, 4.161638796184041311 ) ) ;
#5401 = ORIENTED_EDGE ( 'NONE', *, *, #407, .F. ) ;
#5402 = DIRECTION ( 'NONE',  ( 0.000000000000000000, -1.000000000000000000, 0.000000000000000000 ) ) ;
#5403 = VECTOR ( 'NONE', #6738, 39.37007874015748854 ) ;
#5404 = AXIS2_PLACEMENT_3D ( 'NONE', #7461, #2055, #3376 ) ;
#5405 = LINE ( 'NONE', #4781, #1673 ) ;
#5406 = AXIS2_PLACEMENT_3D ( 'NONE', #3642, #4386, #6349 ) ;
#5407 = VERTEX_POINT ( 'NONE', #7875 ) ;
#5408 = LINE ( 'NONE', #2794, #1740 ) ;
#5409 = ORIENTED_EDGE ( 'NONE', *, *, #8375, .T. ) ;
#5410 = FACE_BOUND ( 'NONE', #1473, .T. ) ;
#5411 = DIRECTION ( 'NONE',  ( 0.000000000000000000, -0.000000000000000000, -1.000000000000000000 ) ) ;
#5412 = VERTEX_POINT ( 'NONE', #413 ) ;
#5413 = AXIS2_PLACEMENT_3D ( 'NONE', #3839, #2479, #3760 ) ;
#5414 = CIRCLE ( 'NONE', #6686, 0.08070866141732323251 ) ;
#5415 = CIRCLE ( 'NONE', #3852, 0.08070866141732287169 ) ;
#5416 = CARTESIAN_POINT ( 'NONE',  ( 4.282843792717461184, 1.181102362204724532, 3.427374690085645437 ) ) ;
#5417 = DIRECTION ( 'NONE',  ( 0.000000000000000000, 0.000000000000000000, -1.000000000000000000 ) ) ;
#5418 = CYLINDRICAL_SURFACE ( 'NONE', #1536, 0.08070866141732309373 ) ;
#5419 = LINE ( 'NONE', #2004, #2165 ) ;
#5420 = CIRCLE ( 'NONE', #7260, 0.07874015748031472361 ) ;
#5421 = ORIENTED_EDGE ( 'NONE', *, *, #8333, .F. ) ;
#5422 = LINE ( 'NONE', #4049, #6290 ) ;
#5423 = VECTOR ( 'NONE', #8086, 39.37007874015748143 ) ;
#5424 = CIRCLE ( 'NONE', #4712, 0.08070866141732378762 ) ;
#5425 = ORIENTED_EDGE ( 'NONE', *, *, #896, .F. ) ;
#5426 = DIRECTION ( 'NONE',  ( 0.000000000000000000, -1.000000000000000000, 0.000000000000000000 ) ) ;
#5427 = DIRECTION ( 'NONE',  ( 0.000000000000000000, 0.000000000000000000, 1.000000000000000000 ) ) ;
#5428 = ORIENTED_EDGE ( 'NONE', *, *, #1124, .T. ) ;
#5429 = EDGE_CURVE ( 'NONE', #8292, #1971, #373, .T. ) ;
#5430 = VECTOR ( 'NONE', #1082, 39.37007874015748143 ) ;
#5431 = CARTESIAN_POINT ( 'NONE',  ( 0.6310202141807423892, 1.082677165354330784, 0.6245659124837157350 ) ) ;
#5432 = DIRECTION ( 'NONE',  ( 0.000000000000000000, -0.000000000000000000, -1.000000000000000000 ) ) ;
#5433 = EDGE_LOOP ( 'NONE', ( #4519, #1207, #5096, #3309 ) ) ;
#5434 = DIRECTION ( 'NONE',  ( 0.000000000000000000, -1.000000000000000000, 0.000000000000000000 ) ) ;
#5435 = ORIENTED_EDGE ( 'NONE', *, *, #7938, .F. ) ;
#5436 = ORIENTED_EDGE ( 'NONE', *, *, #616, .T. ) ;
#5437 = LINE ( 'NONE', #8155, #7084 ) ;
#5438 = AXIS2_PLACEMENT_3D ( 'NONE', #1559, #720, #1517 ) ;
#5439 = VECTOR ( 'NONE', #7180, 39.37007874015748143 ) ;
#5440 = DIRECTION ( 'NONE',  ( 0.000000000000000000, 0.000000000000000000, -1.000000000000000000 ) ) ;
#5441 = AXIS2_PLACEMENT_3D ( 'NONE', #5782, #1800, #374 ) ;
#5442 = LINE ( 'NONE', #8159, #4914 ) ;
#5443 = DIRECTION ( 'NONE',  ( -0.000000000000000000, 1.000000000000000000, -0.000000000000000000 ) ) ;
#5444 = CARTESIAN_POINT ( 'NONE',  ( 0.6329382721209004803, -7.874015748039371056E-05, 0.1116466293098953427 ) ) ;
#5445 = EDGE_LOOP ( 'NONE', ( #3910, #5807 ) ) ;
#5446 = EDGE_CURVE ( 'NONE', #1528, #283, #6494, .T. ) ;
#5447 = DIRECTION ( 'NONE',  ( 0.000000000000000000, 1.000000000000000000, 0.000000000000000000 ) ) ;
#5448 = DIRECTION ( 'NONE',  ( 0.000000000000000000, 0.000000000000000000, -1.000000000000000000 ) ) ;
#5449 = CARTESIAN_POINT ( 'NONE',  ( 1.476377952755906664, 1.200787401574803237, 0.2819855394721875186 ) ) ;
#5450 = EDGE_CURVE ( 'NONE', #2491, #4054, #1223, .T. ) ;
#5451 = EDGE_CURVE ( 'NONE', #4653, #4366, #5424, .T. ) ;
#5452 = ORIENTED_EDGE ( 'NONE', *, *, #4311, .T. ) ;
#5453 = CARTESIAN_POINT ( 'NONE',  ( 3.103737657107884740, 1.102362204724409489, 5.792481070146972222 ) ) ;
#5454 = LINE ( 'NONE', #7081, #3302 ) ;
#5455 = CARTESIAN_POINT ( 'NONE',  ( -1.107003873898755542, 1.082677165354330784, 1.514528502445722236 ) ) ;
#5456 = ORIENTED_EDGE ( 'NONE', *, *, #1307, .T. ) ;
#5457 = FACE_BOUND ( 'NONE', #8751, .T. ) ;
#5458 = LINE ( 'NONE', #632, #5143 ) ;
#5459 = EDGE_CURVE ( 'NONE', #1919, #2213, #1798, .T. ) ;
#5460 = ADVANCED_FACE ( 'NONE', ( #7200 ), #7958, .F. ) ;
#5461 = ORIENTED_EDGE ( 'NONE', *, *, #5980, .T. ) ;
#5462 = CARTESIAN_POINT ( 'NONE',  ( -0.8382911273817988951, 1.200787401574803237, 1.756101981435601589 ) ) ;
#5463 = CARTESIAN_POINT ( 'NONE',  ( 0.04046903307838965735, 1.200787401574803237, 1.728139224040145194 ) ) ;
#5464 = LINE ( 'NONE', #3510, #693 ) ;
#5465 = PLANE ( 'NONE',  #1741 ) ;
#5466 = EDGE_CURVE ( 'NONE', #871, #2507, #8121, .T. ) ;
#5467 = VERTEX_POINT ( 'NONE', #7160 ) ;
#5468 = CYLINDRICAL_SURFACE ( 'NONE', #3018, 0.07874015748031500117 ) ;
#5469 = ORIENTED_EDGE ( 'NONE', *, *, #3058, .T. ) ;
#5470 = CARTESIAN_POINT ( 'NONE',  ( 0.01165523373315404711, -7.874015748039371056E-05, 0.7581898101677906343 ) ) ;
#5471 = DIRECTION ( 'NONE',  ( -0.1730638617519516254, 0.000000000000000000, -0.9849106049563590703 ) ) ;
#5472 = VERTEX_POINT ( 'NONE', #5915 ) ;
#5473 = CARTESIAN_POINT ( 'NONE',  ( 0.4341698204799581684, 1.082677165354330784, 1.046229457280740682 ) ) ;
#5474 = CARTESIAN_POINT ( 'NONE',  ( -0.01419902979620381832, 1.377952755905512028, 0.7798579866315596965 ) ) ;
#5475 = ORIENTED_EDGE ( 'NONE', *, *, #1600, .F. ) ;
#5476 = VERTEX_POINT ( 'NONE', #7781 ) ;
#5477 = CYLINDRICAL_SURFACE ( 'NONE', #2030, 0.08070866141732351007 ) ;
#5478 = ORIENTED_EDGE ( 'NONE', *, *, #4730, .T. ) ;
#5479 = ADVANCED_FACE ( 'NONE', ( #4397 ), #3914, .F. ) ;
#5480 = DIRECTION ( 'NONE',  ( 0.000000000000000000, 0.000000000000000000, -1.000000000000000000 ) ) ;
#5481 = DIRECTION ( 'NONE',  ( -0.000000000000000000, -1.000000000000000000, -0.000000000000000000 ) ) ;
#5482 = CYLINDRICAL_SURFACE ( 'NONE', #3526, 0.08070866141732313537 ) ;
#5483 = CARTESIAN_POINT ( 'NONE',  ( -0.2091272646442610683, 1.200787401574803237, 3.028562929297358153 ) ) ;
#5484 = DIRECTION ( 'NONE',  ( 0.000000000000000000, -0.000000000000000000, -1.000000000000000000 ) ) ;
#5485 = ORIENTED_EDGE ( 'NONE', *, *, #3335, .F. ) ;
#5486 = CARTESIAN_POINT ( 'NONE',  ( 0.6452947885629378710, 1.200787401574803237, -0.5732821297828705198 ) ) ;
#5487 = PLANE ( 'NONE',  #6835 ) ;
#5488 = LINE ( 'NONE', #7532, #8429 ) ;
#5489 = ORIENTED_EDGE ( 'NONE', *, *, #4946, .T. ) ;
#5490 = PLANE ( 'NONE',  #8243 ) ;
#5491 = CYLINDRICAL_SURFACE ( 'NONE', #828, 0.1161417322834646243 ) ;
#5492 = CARTESIAN_POINT ( 'NONE',  ( -0.5991355085253331492, 0.000000000000000000, 3.721018780146476246 ) ) ;
#5493 = EDGE_CURVE ( 'NONE', #5635, #6765, #5248, .T. ) ;
#5494 = ORIENTED_EDGE ( 'NONE', *, *, #295, .T. ) ;
#5495 = VECTOR ( 'NONE', #2082, 39.37007874015748143 ) ;
#5496 = LINE ( 'NONE', #4121, #3594 ) ;
#5497 = EDGE_LOOP ( 'NONE', ( #3395, #6816, #7326, #7199 ) ) ;
#5498 = ADVANCED_FACE ( 'NONE', ( #3170 ), #8590, .T. ) ;
#5499 = LINE ( 'NONE', #4790, #5971 ) ;
#5500 = CIRCLE ( 'NONE', #7343, 0.08070866141732269128 ) ;
#5501 = CARTESIAN_POINT ( 'NONE',  ( -0.0007207492543572252986, 1.348031496062992440, 0.6427093485177919341 ) ) ;
#5502 = DIRECTION ( 'NONE',  ( 0.9849106049563591814, 0.000000000000000000, -0.1730638617519519862 ) ) ;
#5503 = ORIENTED_EDGE ( 'NONE', *, *, #2319, .F. ) ;
#5504 = DIRECTION ( 'NONE',  ( 0.7886751345947939917, -0.5773502691896532646, -0.2113248654051826658 ) ) ;
#5505 = AXIS2_PLACEMENT_3D ( 'NONE', #5444, #6196, #7578 ) ;
#5506 = ORIENTED_EDGE ( 'NONE', *, *, #2294, .F. ) ;
#5507 = EDGE_CURVE ( 'NONE', #6331, #334, #3860, .T. ) ;
#5508 = ADVANCED_FACE ( 'NONE', ( #505 ), #3208, .T. ) ;
#5509 = FACE_OUTER_BOUND ( 'NONE', #7368, .T. ) ;
#5510 = DIRECTION ( 'NONE',  ( -0.000000000000000000, -1.000000000000000000, -0.000000000000000000 ) ) ;
#5511 = ORIENTED_EDGE ( 'NONE', *, *, #1449, .T. ) ;
#5512 = VECTOR ( 'NONE', #7057, 39.37007874015748143 ) ;
#5513 = DIRECTION ( 'NONE',  ( 0.000000000000000000, -1.000000000000000000, 0.000000000000000000 ) ) ;
#5514 = DIRECTION ( 'NONE',  ( 0.000000000000000000, 0.000000000000000000, -1.000000000000000000 ) ) ;
#5515 = EDGE_CURVE ( 'NONE', #773, #3918, #1892, .T. ) ;
#5516 = ORIENTED_EDGE ( 'NONE', *, *, #1807, .F. ) ;
#5517 = CARTESIAN_POINT ( 'NONE',  ( 2.662433740129186877, 0.5511811023622049666, 1.537156836563094986 ) ) ;
#5518 = VECTOR ( 'NONE', #500, 39.37007874015748854 ) ;
#5519 = ORIENTED_EDGE ( 'NONE', *, *, #5059, .F. ) ;
#5520 = CARTESIAN_POINT ( 'NONE',  ( 0.6168869917940612568, 1.200787401574803237, 3.798651670944765968 ) ) ;
#5521 = CARTESIAN_POINT ( 'NONE',  ( 1.116079587239362514, 1.082677165354330784, 1.359221583264986766 ) ) ;
#5522 = CIRCLE ( 'NONE', #1701, 0.08070866141732351007 ) ;
#5523 = DIRECTION ( 'NONE',  ( 0.000000000000000000, -1.000000000000000000, 0.000000000000000000 ) ) ;
#5524 = LINE ( 'NONE', #1534, #8120 ) ;
#5525 = DIRECTION ( 'NONE',  ( -0.000000000000000000, -1.000000000000000000, -0.000000000000000000 ) ) ;
#5526 = ORIENTED_EDGE ( 'NONE', *, *, #6747, .F. ) ;
#5527 = CARTESIAN_POINT ( 'NONE',  ( 1.063333683217495995, 1.200787401574803237, 2.399399066559821048 ) ) ;
#5528 = DIRECTION ( 'NONE',  ( -0.000000000000000000, -1.000000000000000000, -0.000000000000000000 ) ) ;
#5529 = VECTOR ( 'NONE', #6943, 39.37007874015748143 ) ;
#5530 = EDGE_CURVE ( 'NONE', #7496, #6586, #5284, .T. ) ;
#5531 = ORIENTED_EDGE ( 'NONE', *, *, #1073, .F. ) ;
#5532 = VECTOR ( 'NONE', #4997, 39.37007874015748854 ) ;
#5533 = DIRECTION ( 'NONE',  ( 0.000000000000000000, 0.000000000000000000, 1.000000000000000000 ) ) ;
#5534 = FACE_OUTER_BOUND ( 'NONE', #7838, .T. ) ;
#5535 = DIRECTION ( 'NONE',  ( 0.4999999999999918954, 0.000000000000000000, -0.8660254037844431485 ) ) ;
#5536 = VERTEX_POINT ( 'NONE', #63 ) ;
#5537 = CARTESIAN_POINT ( 'NONE',  ( 1.082677165354331672, 1.082677165354330784, -0.03100658651206395638 ) ) ;
#5538 = EDGE_LOOP ( 'NONE', ( #6311, #467, #4514, #8046 ) ) ;
#5539 = AXIS2_PLACEMENT_3D ( 'NONE', #8124, #4824, #3465 ) ;
#5540 = AXIS2_PLACEMENT_3D ( 'NONE', #2896, #6973, #911 ) ;
#5541 = AXIS2_PLACEMENT_3D ( 'NONE', #2844, #2062, #8222 ) ;
#5542 = DIRECTION ( 'NONE',  ( 0.000000000000000000, 1.000000000000000000, 0.000000000000000000 ) ) ;
#5543 = DIRECTION ( 'NONE',  ( -0.4999999999999998335, 0.000000000000000000, 0.8660254037844388186 ) ) ;
#5545 = ADVANCED_FACE ( 'NONE', ( #5337 ), #6145, .F. ) ;
#5544 = CARTESIAN_POINT ( 'NONE',  ( 0.4341698204799581684, 1.082677165354330784, 1.046229457280740682 ) ) ;
#5546 = ORIENTED_EDGE ( 'NONE', *, *, #5236, .F. ) ;
#5547 = CARTESIAN_POINT ( 'NONE',  ( 4.729873388497356501, 0.6791338582677166613, 2.503490418495272429 ) ) ;
#5548 = ORIENTED_EDGE ( 'NONE', *, *, #2737, .T. ) ;
#5549 = EDGE_CURVE ( 'NONE', #5467, #4775, #4053, .T. ) ;
#5550 = VECTOR ( 'NONE', #1636, 39.37007874015748143 ) ;
#5551 = CIRCLE ( 'NONE', #2015, 0.08070866141732269128 ) ;
#5552 = CARTESIAN_POINT ( 'NONE',  ( -1.035141521082583171, 1.200787401574803237, 2.016348203397980487 ) ) ;
#5553 = LINE ( 'NONE', #6350, #1321 ) ;
#5554 = AXIS2_PLACEMENT_3D ( 'NONE', #3416, #3371, #7497 ) ;
#5555 = ORIENTED_EDGE ( 'NONE', *, *, #1600, .T. ) ;
#5556 = AXIS2_PLACEMENT_3D ( 'NONE', #5808, #2442, #4383 ) ;
#5557 = EDGE_CURVE ( 'NONE', #8685, #6765, #682, .T. ) ;
#5558 = DIRECTION ( 'NONE',  ( 0.000000000000000000, 0.000000000000000000, -1.000000000000000000 ) ) ;
#5559 = ADVANCED_FACE ( 'NONE', ( #8144 ), #4132, .F. ) ;
#5560 = AXIS2_PLACEMENT_3D ( 'NONE', #4661, #451, #1299 ) ;
#5561 = AXIS2_PLACEMENT_3D ( 'NONE', #5203, #5875, #7913 ) ;
#5562 = LINE ( 'NONE', #6149, #8641 ) ;
#5563 = AXIS2_PLACEMENT_3D ( 'NONE', #6333, #6906, #8295 ) ;
#5564 = VERTEX_POINT ( 'NONE', #1357 ) ;
#5565 = CYLINDRICAL_SURFACE ( 'NONE', #2444, 0.08070866141732296883 ) ;
#5566 = ORIENTED_EDGE ( 'NONE', *, *, #3494, .F. ) ;
#5567 = DIRECTION ( 'NONE',  ( 0.000000000000000000, 0.000000000000000000, -1.000000000000000000 ) ) ;
#5568 = DIRECTION ( 'NONE',  ( -0.4999999999999918954, -1.084202172485504187E-16, 0.8660254037844431485 ) ) ;
#5569 = VECTOR ( 'NONE', #4423, 39.37007874015748143 ) ;
#5570 = CIRCLE ( 'NONE', #7125, 0.08070866141732323251 ) ;
#5571 = CARTESIAN_POINT ( 'NONE',  ( 1.063333683217495995, 1.082677165354330784, 2.318690405142497912 ) ) ;
#5572 = DIRECTION ( 'NONE',  ( -0.000000000000000000, -1.000000000000000000, -0.000000000000000000 ) ) ;
#5573 = ORIENTED_EDGE ( 'NONE', *, *, #2300, .F. ) ;
#5574 = AXIS2_PLACEMENT_3D ( 'NONE', #3342, #8088, #7424 ) ;
#5575 = VECTOR ( 'NONE', #1374, 39.37007874015748143 ) ;
#5576 = ORIENTED_EDGE ( 'NONE', *, *, #1227, .F. ) ;
#5577 = VERTEX_POINT ( 'NONE', #4626 ) ;
#5578 = LINE ( 'NONE', #4687, #6800 ) ;
#5579 = CARTESIAN_POINT ( 'NONE',  ( -0.3168295106876288791, 1.141732283464567121, 0.2655313596039481916 ) ) ;
#5580 = CARTESIAN_POINT ( 'NONE',  ( 1.797989353998767026, 1.200787401574803237, 1.833631032083877788 ) ) ;
#5581 = VECTOR ( 'NONE', #4201, 39.37007874015748854 ) ;
#5582 = CIRCLE ( 'NONE', #2469, 0.08070866141732323251 ) ;
#5583 = VERTEX_POINT ( 'NONE', #2592 ) ;
#5584 = DIRECTION ( 'NONE',  ( 0.000000000000000000, -1.000000000000000000, 0.000000000000000000 ) ) ;
#5585 = CARTESIAN_POINT ( 'NONE',  ( -0.3168295106876288791, 1.141732283464567121, 0.2655313596039481916 ) ) ;
#5586 = DIRECTION ( 'NONE',  ( 0.000000000000000000, -1.000000000000000000, 0.000000000000000000 ) ) ;
#5587 = AXIS2_PLACEMENT_3D ( 'NONE', #6929, #67, #5558 ) ;
#5588 = ORIENTED_EDGE ( 'NONE', *, *, #1201, .T. ) ;
#5589 = EDGE_CURVE ( 'NONE', #3551, #8032, #42, .T. ) ;
#5590 = DIRECTION ( 'NONE',  ( -0.8660254037844431485, 0.000000000000000000, -0.4999999999999918954 ) ) ;
#5591 = ORIENTED_EDGE ( 'NONE', *, *, #8169, .T. ) ;
#5592 = CARTESIAN_POINT ( 'NONE',  ( 4.729873388497356501, 0.6791338582677166613, 2.503490418495272429 ) ) ;
#5593 = CARTESIAN_POINT ( 'NONE',  ( -0.7469325417247473231, 1.200787401574803237, 3.011250096141630195 ) ) ;
#5594 = CARTESIAN_POINT ( 'NONE',  ( 0.4727825021151431661, 1.200787401574803237, 3.341555055281603792 ) ) ;
#5595 = ORIENTED_EDGE ( 'NONE', *, *, #7388, .T. ) ;
#5596 = CARTESIAN_POINT ( 'NONE',  ( -0.06502277496534306089, 1.200787401574803237, 3.485659544960522105 ) ) ;
#5597 = ORIENTED_EDGE ( 'NONE', *, *, #2252, .F. ) ;
#5598 = DIRECTION ( 'NONE',  ( 0.000000000000000000, -0.000000000000000000, 1.000000000000000000 ) ) ;
#5599 = EDGE_CURVE ( 'NONE', #7777, #2978, #6975, .T. ) ;
#5600 = DIRECTION ( 'NONE',  ( 0.000000000000000000, -1.000000000000000000, 0.000000000000000000 ) ) ;
#5601 = ORIENTED_EDGE ( 'NONE', *, *, #7500, .T. ) ;
#5602 = EDGE_CURVE ( 'NONE', #8473, #1535, #5300, .T. ) ;
#5603 = CARTESIAN_POINT ( 'NONE',  ( 0.7751247038596602579, 1.082677165354330784, 1.323788512398847983 ) ) ;
#5604 = DIRECTION ( 'NONE',  ( 0.000000000000000000, -1.000000000000000000, 0.000000000000000000 ) ) ;
#5605 = ORIENTED_EDGE ( 'NONE', *, *, #8048, .T. ) ;
#5606 = LINE ( 'NONE', #7604, #171 ) ;
#5607 = ORIENTED_EDGE ( 'NONE', *, *, #4821, .F. ) ;
#5608 = ADVANCED_FACE ( 'NONE', ( #645 ), #7373, .F. ) ;
#5609 = CARTESIAN_POINT ( 'NONE',  ( 0.7703311871445911452, 1.141732283464567121, 0.1223517628503539845 ) ) ;
#5610 = EDGE_CURVE ( 'NONE', #3506, #597, #2870, .T. ) ;
#5611 = ADVANCED_FACE ( 'NONE', ( #8092 ), #5959, .F. ) ;
#5612 = CARTESIAN_POINT ( 'NONE',  ( -0.1157596153513114484, 1.348031496062992440, 0.6586768550523451893 ) ) ;
#5613 = DIRECTION ( 'NONE',  ( 0.000000000000000000, 0.000000000000000000, -1.000000000000000000 ) ) ;
#5614 = ORIENTED_EDGE ( 'NONE', *, *, #1222, .F. ) ;
#5615 = ORIENTED_EDGE ( 'NONE', *, *, #5743, .F. ) ;
#5616 = ORIENTED_EDGE ( 'NONE', *, *, #559, .F. ) ;
#5617 = FACE_OUTER_BOUND ( 'NONE', #905, .T. ) ;
#5618 = DIRECTION ( 'NONE',  ( 0.000000000000000000, 0.000000000000000000, -1.000000000000000000 ) ) ;
#5619 = DIRECTION ( 'NONE',  ( 0.000000000000000000, 0.000000000000000000, 1.000000000000000000 ) ) ;
#5620 = ADVANCED_FACE ( 'NONE', ( #1261 ), #2010, .F. ) ;
#5621 = DIRECTION ( 'NONE',  ( 0.000000000000000000, -1.000000000000000000, 0.000000000000000000 ) ) ;
#5622 = VERTEX_POINT ( 'NONE', #4715 ) ;
#5623 = CARTESIAN_POINT ( 'NONE',  ( 1.404288566597198473, 1.082677165354330784, 2.515540798843281856 ) ) ;
#5624 = CARTESIAN_POINT ( 'NONE',  ( 2.263779527559056426, 1.082677165354330784, 0.2012768780548643832 ) ) ;
#5625 = LINE ( 'NONE', #1069, #7793 ) ;
#5626 = ORIENTED_EDGE ( 'NONE', *, *, #1222, .T. ) ;
#5627 = DIRECTION ( 'NONE',  ( 0.000000000000000000, -1.000000000000000000, 0.000000000000000000 ) ) ;
#5628 = CIRCLE ( 'NONE', #5056, 0.08070866141732296883 ) ;
#5629 = EDGE_CURVE ( 'NONE', #6571, #614, #605, .T. ) ;
#5630 = DIRECTION ( 'NONE',  ( 0.8660254037844433705, -0.000000000000000000, 0.4999999999999920619 ) ) ;
#5631 = CARTESIAN_POINT ( 'NONE',  ( 0.5255284061370095738, 1.200787401574803237, 2.382086233404093534 ) ) ;
#5632 = DIRECTION ( 'NONE',  ( 0.000000000000000000, 1.000000000000000000, 0.000000000000000000 ) ) ;
#5633 = EDGE_LOOP ( 'NONE', ( #5506, #1570, #8476, #7308 ) ) ;
#5634 = FACE_OUTER_BOUND ( 'NONE', #7205, .T. ) ;
#5635 = VERTEX_POINT ( 'NONE', #8729 ) ;
#5636 = DIRECTION ( 'NONE',  ( -0.9872673851727531424, 0.000000000000000000, -0.1590695136541082633 ) ) ;
#5637 = CARTESIAN_POINT ( 'NONE',  ( 0.2373194267791739476, 1.200787401574803237, 1.387184340660442716 ) ) ;
#5638 = VERTEX_POINT ( 'NONE', #2636 ) ;
#5639 = CIRCLE ( 'NONE', #1828, 0.08070866141732323251 ) ;
#5640 = EDGE_CURVE ( 'NONE', #4059, #6554, #8407, .T. ) ;
#5641 = DIRECTION ( 'NONE',  ( 0.000000000000000000, 0.000000000000000000, 1.000000000000000000 ) ) ;
#5642 = DIRECTION ( 'NONE',  ( 0.000000000000000000, 1.000000000000000000, 0.000000000000000000 ) ) ;
#5643 = ORIENTED_EDGE ( 'NONE', *, *, #1012, .T. ) ;
#5644 = DIRECTION ( 'NONE',  ( -0.1590695136534933385, 0.000000000000000000, 0.9872673851728522854 ) ) ;
#5645 = EDGE_LOOP ( 'NONE', ( #7133, #5409, #197, #8361 ) ) ;
#5646 = VECTOR ( 'NONE', #109, 39.37007874015748143 ) ;
#5647 = EDGE_CURVE ( 'NONE', #8093, #2525, #5845, .T. ) ;
#5648 = LINE ( 'NONE', #5609, #5274 ) ;
#5649 = CARTESIAN_POINT ( 'NONE',  ( 1.063333683217495995, 1.200787401574803237, 2.237981743725174333 ) ) ;
#5650 = EDGE_CURVE ( 'NONE', #3701, #3172, #1394, .T. ) ;
#5651 = VECTOR ( 'NONE', #7105, 39.37007874015748143 ) ;
#5652 = CARTESIAN_POINT ( 'NONE',  ( 1.082677165354331672, 1.200787401574803237, -0.1117152479293870848 ) ) ;
#5653 = DIRECTION ( 'NONE',  ( 0.000000000000000000, 1.000000000000000000, 0.000000000000000000 ) ) ;
#5654 = VERTEX_POINT ( 'NONE', #724 ) ;
#5655 = VERTEX_POINT ( 'NONE', #3431 ) ;
#5656 = ORIENTED_EDGE ( 'NONE', *, *, #1012, .F. ) ;
#5657 = LINE ( 'NONE', #339, #6098 ) ;
#5658 = DIRECTION ( 'NONE',  ( 0.000000000000000000, -1.000000000000000000, 0.000000000000000000 ) ) ;
#5659 = CYLINDRICAL_SURFACE ( 'NONE', #4597, 0.08070866141732309373 ) ;
#5660 = EDGE_CURVE ( 'NONE', #3624, #8560, #3295, .T. ) ;
#5661 = VECTOR ( 'NONE', #6871, 39.37007874015748143 ) ;
#5662 = DIRECTION ( 'NONE',  ( 0.000000000000000000, 1.000000000000000000, 0.000000000000000000 ) ) ;
#5663 = ORIENTED_EDGE ( 'NONE', *, *, #4540, .T. ) ;
#5664 = EDGE_CURVE ( 'NONE', #809, #8635, #6268, .T. ) ;
#5665 = FACE_OUTER_BOUND ( 'NONE', #8378, .T. ) ;
#5666 = DIRECTION ( 'NONE',  ( 0.000000000000000000, 0.000000000000000000, -1.000000000000000000 ) ) ;
#5667 = CIRCLE ( 'NONE', #1286, 0.08070866141732269128 ) ;
#5668 = DIRECTION ( 'NONE',  ( 0.000000000000000000, -0.000000000000000000, -1.000000000000000000 ) ) ;
#5669 = ORIENTED_EDGE ( 'NONE', *, *, #4156, .F. ) ;
#5670 = PLANE ( 'NONE',  #6703 ) ;
#5671 = ORIENTED_EDGE ( 'NONE', *, *, #6278, .F. ) ;
#5672 = VECTOR ( 'NONE', #4416, 39.37007874015748143 ) ;
#5673 = DIRECTION ( 'NONE',  ( 0.000000000000000000, 0.000000000000000000, -1.000000000000000000 ) ) ;
#5674 = DIRECTION ( 'NONE',  ( 0.000000000000000000, 0.000000000000000000, -1.000000000000000000 ) ) ;
#5675 = CARTESIAN_POINT ( 'NONE',  ( 0.6329382721209004803, 1.141732283464567121, 0.1116466293098953427 ) ) ;
#5676 = ORIENTED_EDGE ( 'NONE', *, *, #1215, .T. ) ;
#5677 = FACE_OUTER_BOUND ( 'NONE', #6593, .T. ) ;
#5678 = ORIENTED_EDGE ( 'NONE', *, *, #5384, .T. ) ;
#5679 = FACE_OUTER_BOUND ( 'NONE', #5209, .T. ) ;
#5680 = DIRECTION ( 'NONE',  ( 0.000000000000000000, -1.000000000000000000, 0.000000000000000000 ) ) ;
#5681 = ORIENTED_EDGE ( 'NONE', *, *, #2841, .F. ) ;
#5682 = CIRCLE ( 'NONE', #3987, 0.08070866141732241372 ) ;
#5683 = CARTESIAN_POINT ( 'NONE',  ( -0.4059776583450451226, 1.200787401574803237, 3.288809151259737718 ) ) ;
#5684 = DIRECTION ( 'NONE',  ( 0.000000000000000000, 0.000000000000000000, -1.000000000000000000 ) ) ;
#5685 = EDGE_LOOP ( 'NONE', ( #1037, #4004 ) ) ;
#5686 = DIRECTION ( 'NONE',  ( 0.000000000000000000, -0.000000000000000000, -1.000000000000000000 ) ) ;
#5687 = CIRCLE ( 'NONE', #1303, 0.08070866141732296883 ) ;
#5688 = AXIS2_PLACEMENT_3D ( 'NONE', #8584, #8666, #6658 ) ;
#5689 = VERTEX_POINT ( 'NONE', #1484 ) ;
#5690 = LINE ( 'NONE', #7607, #4564 ) ;
#5691 = EDGE_CURVE ( 'NONE', #6365, #7943, #5553, .T. ) ;
#5692 = DIRECTION ( 'NONE',  ( 0.8660254037844431485, 0.000000000000000000, 0.4999999999999919509 ) ) ;
#5693 = VECTOR ( 'NONE', #3923, 39.37007874015748143 ) ;
#5694 = AXIS2_PLACEMENT_3D ( 'NONE', #7709, #4110, #80 ) ;
#5695 = DIRECTION ( 'NONE',  ( 0.000000000000000000, 0.000000000000000000, 1.000000000000000000 ) ) ;
#5696 = DIRECTION ( 'NONE',  ( 0.000000000000000000, -1.000000000000000000, 0.000000000000000000 ) ) ;
#5697 = ORIENTED_EDGE ( 'NONE', *, *, #788, .F. ) ;
#5698 = ORIENTED_EDGE ( 'NONE', *, *, #3606, .F. ) ;
#5699 = ORIENTED_EDGE ( 'NONE', *, *, #6706, .T. ) ;
#5700 = AXIS2_PLACEMENT_3D ( 'NONE', #6280, #4263, #7694 ) ;
#5701 = DIRECTION ( 'NONE',  ( -0.9394895352248825438, 0.000000000000000000, -0.3425776017239510751 ) ) ;
#5702 = AXIS2_PLACEMENT_3D ( 'NONE', #1626, #5696, #2238 ) ;
#5703 = AXIS2_PLACEMENT_3D ( 'NONE', #3745, #6538, #2365 ) ;
#5704 = PLANE ( 'NONE',  #3718 ) ;
#5705 = DIRECTION ( 'NONE',  ( 0.000000000000000000, 0.000000000000000000, -1.000000000000000000 ) ) ;
#5706 = VECTOR ( 'NONE', #2335, 39.37007874015748143 ) ;
#5707 = ORIENTED_EDGE ( 'NONE', *, *, #8449, .T. ) ;
#5708 = VECTOR ( 'NONE', #2095, 39.37007874015748854 ) ;
#5709 = CIRCLE ( 'NONE', #8556, 0.08070866141732269128 ) ;
#5710 = FACE_OUTER_BOUND ( 'NONE', #3964, .T. ) ;
#5711 = ORIENTED_EDGE ( 'NONE', *, *, #1119, .T. ) ;
#5712 = EDGE_CURVE ( 'NONE', #2470, #6668, #6844, .T. ) ;
#5713 = DIRECTION ( 'NONE',  ( 0.000000000000000000, 1.000000000000000000, 0.000000000000000000 ) ) ;
#5714 = DIRECTION ( 'NONE',  ( -0.3535533905932848886, 0.7071067811865139330, 0.6123724356958268888 ) ) ;
#5715 = EDGE_CURVE ( 'NONE', #3832, #7299, #3008, .T. ) ;
#5716 = LINE ( 'NONE', #3052, #275 ) ;
#5717 = EDGE_LOOP ( 'NONE', ( #6146, #1787 ) ) ;
#5718 = VECTOR ( 'NONE', #1425, 39.37007874015748143 ) ;
#5719 = DIRECTION ( 'NONE',  ( -0.000000000000000000, -1.000000000000000000, -0.000000000000000000 ) ) ;
#5720 = EDGE_CURVE ( 'NONE', #7777, #2804, #8312, .T. ) ;
#5721 = ORIENTED_EDGE ( 'NONE', *, *, #5557, .F. ) ;
#5722 = CARTESIAN_POINT ( 'NONE',  ( 1.056267072024155595, 1.082677165354330784, 3.905733284373023473 ) ) ;
#5723 = DIRECTION ( 'NONE',  ( -0.000000000000000000, -1.000000000000000000, -0.000000000000000000 ) ) ;
#5724 =( CONVERSION_BASED_UNIT ( 'INCH', #898 ) LENGTH_UNIT ( ) NAMED_UNIT ( #8727 ) );
#5725 = ORIENTED_EDGE ( 'NONE', *, *, #1068, .F. ) ;
#5726 = FACE_OUTER_BOUND ( 'NONE', #3804, .T. ) ;
#5727 = VERTEX_POINT ( 'NONE', #7559 ) ;
#5728 = CARTESIAN_POINT ( 'NONE',  ( 0.5782743101588760926, 1.200787401574803237, 1.584034734361226882 ) ) ;
#5729 = EDGE_CURVE ( 'NONE', #3396, #7706, #7728, .T. ) ;
#5730 = DIRECTION ( 'NONE',  ( 0.000000000000000000, -1.000000000000000000, 0.000000000000000000 ) ) ;
#5731 = CARTESIAN_POINT ( 'NONE',  ( 0.7444769236152325442, 1.141732283464567121, 0.1440199393141236017 ) ) ;
#5732 = ADVANCED_FACE ( 'NONE', ( #1520 ), #4178, .F. ) ;
#5733 = ORIENTED_EDGE ( 'NONE', *, *, #7042, .F. ) ;
#5734 = DIRECTION ( 'NONE',  ( -0.000000000000000000, -1.000000000000000000, -0.000000000000000000 ) ) ;
#5735 = DIRECTION ( 'NONE',  ( 0.000000000000000000, 0.000000000000000000, -1.000000000000000000 ) ) ;
#5736 = EDGE_LOOP ( 'NONE', ( #2345, #1722, #7106, #5784 ) ) ;
#5737 = DIRECTION ( 'NONE',  ( 0.000000000000000000, -1.000000000000000000, 0.000000000000000000 ) ) ;
#5738 = EDGE_LOOP ( 'NONE', ( #688, #6680, #6913, #5820, #7678, #16, #1221, #7936, #4985, #1761, #8457, #5238 ) ) ;
#5739 = CARTESIAN_POINT ( 'NONE',  ( 3.987568202166285047, 1.181102362204724532, 3.938807015155199043 ) ) ;
#5740 = ORIENTED_EDGE ( 'NONE', *, *, #3012, .F. ) ;
#5741 = CARTESIAN_POINT ( 'NONE',  ( 2.840604636021325291, 1.181102362204724532, 2.594697524731329974 ) ) ;
#5742 = DIRECTION ( 'NONE',  ( 0.7664256734729303355, -0.000000000000000000, -0.6423330032324083838 ) ) ;
#5743 = EDGE_CURVE ( 'NONE', #3080, #5103, #7683, .T. ) ;
#5744 = ORIENTED_EDGE ( 'NONE', *, *, #5929, .T. ) ;
#5745 = EDGE_LOOP ( 'NONE', ( #5721, #6990, #4265, #3921 ) ) ;
#5746 = ORIENTED_EDGE ( 'NONE', *, *, #199, .F. ) ;
#5747 = DIRECTION ( 'NONE',  ( 0.000000000000000000, -1.000000000000000000, 0.000000000000000000 ) ) ;
#5748 = CARTESIAN_POINT ( 'NONE',  ( 1.797989353998767026, 1.200787401574803237, 1.833631032083877788 ) ) ;
#5749 = LINE ( 'NONE', #4992, #2885 ) ;
#5750 = ORIENTED_EDGE ( 'NONE', *, *, #7954, .T. ) ;
#5751 = CARTESIAN_POINT ( 'NONE',  ( 2.657480314960631418, 1.200787401574803237, 0.2819855394721875186 ) ) ;
#5752 = ORIENTED_EDGE ( 'NONE', *, *, #1038, .T. ) ;
#5753 = DIRECTION ( 'NONE',  ( 0.000000000000000000, 1.000000000000000000, 0.000000000000000000 ) ) ;
#5754 = LINE ( 'NONE', #1721, #4429 ) ;
#5755 = ORIENTED_EDGE ( 'NONE', *, *, #6269, .F. ) ;
#5756 = DIRECTION ( 'NONE',  ( 0.000000000000000000, 0.000000000000000000, -1.000000000000000000 ) ) ;
#5757 = VERTEX_POINT ( 'NONE', #7599 ) ;
#5758 = DIRECTION ( 'NONE',  ( 0.000000000000000000, -0.000000000000000000, -1.000000000000000000 ) ) ;
#5759 = ORIENTED_EDGE ( 'NONE', *, *, #5691, .F. ) ;
#5760 = CARTESIAN_POINT ( 'NONE',  ( 1.839135503821499373, 1.377952755905512028, -0.6999316284315767467 ) ) ;
#5761 = ADVANCED_FACE ( 'NONE', ( #3516 ), #6927, .F. ) ;
#5762 = DIRECTION ( 'NONE',  ( 0.000000000000000000, 0.000000000000000000, 1.000000000000000000 ) ) ;
#5763 = CARTESIAN_POINT ( 'NONE',  ( 0.6696328958159274425, 1.200787401574803237, 3.081308833319225116 ) ) ;
#5764 = ORIENTED_EDGE ( 'NONE', *, *, #570, .F. ) ;
#5765 = DIRECTION ( 'NONE',  ( 0.000000000000000000, -1.000000000000000000, 0.000000000000000000 ) ) ;
#5766 = ORIENTED_EDGE ( 'NONE', *, *, #2143, .T. ) ;
#5767 = CARTESIAN_POINT ( 'NONE',  ( 3.131246704776275092, 0.000000000000000000, 1.807826127901672519 ) ) ;
#5768 = LINE ( 'NONE', #1212, #1591 ) ;
#5769 = CARTESIAN_POINT ( 'NONE',  ( 0.3286780124362252420, 1.200787401574803237, 2.884458439618440284 ) ) ;
#5770 = EDGE_CURVE ( 'NONE', #3743, #2804, #1463, .T. ) ;
#5771 = AXIS2_PLACEMENT_3D ( 'NONE', #6815, #1411, #742 ) ;
#5772 = ORIENTED_EDGE ( 'NONE', *, *, #4670, .T. ) ;
#5773 = CARTESIAN_POINT ( 'NONE',  ( 0.4318683767845828414, 1.348031496062992440, -0.2814988661385032787 ) ) ;
#5774 = DIRECTION ( 'NONE',  ( 0.4999999999999881206, 0.000000000000000000, -0.8660254037844454800 ) ) ;
#5775 = EDGE_CURVE ( 'NONE', #2561, #5231, #6286, .T. ) ;
#5776 = EDGE_CURVE ( 'NONE', #8192, #6989, #4010, .T. ) ;
#5777 = ORIENTED_EDGE ( 'NONE', *, *, #1748, .F. ) ;
#5778 = DIRECTION ( 'NONE',  ( 0.000000000000000000, 1.000000000000000000, 0.000000000000000000 ) ) ;
#5779 = VERTEX_POINT ( 'NONE', #6888 ) ;
#5780 = DIRECTION ( 'NONE',  ( 0.000000000000000000, 0.000000000000000000, -1.000000000000000000 ) ) ;
#5781 = AXIS2_PLACEMENT_3D ( 'NONE', #6073, #8792, #8126 ) ;
#5782 = CARTESIAN_POINT ( 'NONE',  ( -0.4059776583450451226, 1.200787401574803237, 3.288809151259737718 ) ) ;
#5783 = FACE_OUTER_BOUND ( 'NONE', #3207, .T. ) ;
#5784 = ORIENTED_EDGE ( 'NONE', *, *, #402, .F. ) ;
#5785 = AXIS2_PLACEMENT_3D ( 'NONE', #7377, #1265, #1933 ) ;
#5786 = VERTEX_POINT ( 'NONE', #777 ) ;
#5787 = ORIENTED_EDGE ( 'NONE', *, *, #6484, .F. ) ;
#5788 = DIRECTION ( 'NONE',  ( 0.000000000000000000, -0.000000000000000000, -1.000000000000000000 ) ) ;
#5789 = DIRECTION ( 'NONE',  ( 0.000000000000000000, 0.000000000000000000, -1.000000000000000000 ) ) ;
#5790 = CARTESIAN_POINT ( 'NONE',  ( 0.4727825021151431661, 1.082677165354330784, 3.260846393864280657 ) ) ;
#5791 = ORIENTED_EDGE ( 'NONE', *, *, #1458, .F. ) ;
#5792 = AXIS2_PLACEMENT_3D ( 'NONE', #6227, #142, #7472 ) ;
#5793 = DIRECTION ( 'NONE',  ( 0.000000000000000000, 0.000000000000000000, -1.000000000000000000 ) ) ;
#5794 = EDGE_LOOP ( 'NONE', ( #3822, #6470, #1896, #6053 ) ) ;
#5795 = CARTESIAN_POINT ( 'NONE',  ( 2.545329045470149154, 1.358267716535429326, 3.106129849800883580 ) ) ;
#5796 = CARTESIAN_POINT ( 'NONE',  ( 0.6329382721209004803, 1.141732283464567121, 0.2277883615933599670 ) ) ;
#5797 = ORIENTED_EDGE ( 'NONE', *, *, #6755, .F. ) ;
#5798 = DIRECTION ( 'NONE',  ( 0.000000000000000000, 1.000000000000000000, 0.000000000000000000 ) ) ;
#5799 = ORIENTED_EDGE ( 'NONE', *, *, #6316, .F. ) ;
#5800 = AXIS2_PLACEMENT_3D ( 'NONE', #2296, #3003, #5756 ) ;
#5801 = DIRECTION ( 'NONE',  ( 0.000000000000000000, 0.000000000000000000, -1.000000000000000000 ) ) ;
#5802 = ADVANCED_FACE ( 'NONE', ( #6223 ), #4258, .T. ) ;
#5803 = AXIS2_PLACEMENT_3D ( 'NONE', #5884, #420, #6676 ) ;
#5804 = DIRECTION ( 'NONE',  ( 0.000000000000000000, 0.000000000000000000, 1.000000000000000000 ) ) ;
#5805 = LINE ( 'NONE', #1643, #7050 ) ;
#5806 = VERTEX_POINT ( 'NONE', #138 ) ;
#5807 = ORIENTED_EDGE ( 'NONE', *, *, #7392, .T. ) ;
#5808 = CARTESIAN_POINT ( 'NONE',  ( 1.476377952755906664, 1.082677165354330784, -0.1117152479293870848 ) ) ;
#5809 = ORIENTED_EDGE ( 'NONE', *, *, #4139, .F. ) ;
#5810 = CARTESIAN_POINT ( 'NONE',  ( -0.1563813606223946606, 1.200787401574803237, 2.069094107419847006 ) ) ;
#5811 = DIRECTION ( 'NONE',  ( -0.000000000000000000, -1.000000000000000000, -0.000000000000000000 ) ) ;
#5812 = AXIS2_PLACEMENT_3D ( 'NONE', #79, #8201, #2116 ) ;
#5813 = EDGE_LOOP ( 'NONE', ( #4211, #3553 ) ) ;
#5814 = EDGE_CURVE ( 'NONE', #4266, #7844, #904, .T. ) ;
#5815 = EDGE_CURVE ( 'NONE', #1105, #7884, #2806, .T. ) ;
#5816 = CARTESIAN_POINT ( 'NONE',  ( 0.1318276187354409656, 1.082677165354330784, 3.144704661580819849 ) ) ;
#5817 = DIRECTION ( 'NONE',  ( 0.8660254037844433705, 0.000000000000000000, 0.4999999999999920064 ) ) ;
#5818 = AXIS2_PLACEMENT_3D ( 'NONE', #2287, #4237, #6373 ) ;
#5819 = EDGE_CURVE ( 'NONE', #3478, #1641, #472, .T. ) ;
#5820 = ORIENTED_EDGE ( 'NONE', *, *, #5450, .F. ) ;
#5821 = LINE ( 'NONE', #410, #6284 ) ;
#5822 = VERTEX_POINT ( 'NONE', #2929 ) ;
#5823 = DIRECTION ( 'NONE',  ( 0.000000000000000000, -1.000000000000000000, 0.000000000000000000 ) ) ;
#5824 = DIRECTION ( 'NONE',  ( -0.4999999999999965028, 0.000000000000000000, 0.8660254037844405950 ) ) ;
#5825 = EDGE_CURVE ( 'NONE', #5289, #1243, #6393, .T. ) ;
#5826 = EDGE_CURVE ( 'NONE', #6656, #2332, #2875, .T. ) ;
#5827 = VECTOR ( 'NONE', #4486, 39.37007874015748854 ) ;
#5828 = FACE_OUTER_BOUND ( 'NONE', #8437, .T. ) ;
#5829 = CIRCLE ( 'NONE', #1020, 0.08070866141732296883 ) ;
#5830 = VERTEX_POINT ( 'NONE', #5769 ) ;
#5831 = VERTEX_POINT ( 'NONE', #7053 ) ;
#5832 = VERTEX_POINT ( 'NONE', #5731 ) ;
#5833 = EDGE_CURVE ( 'NONE', #8326, #6683, #2527, .T. ) ;
#5834 = CARTESIAN_POINT ( 'NONE',  ( 3.051181102362205966, 1.082677165354330784, 0.2819855394721875186 ) ) ;
#5835 = CARTESIAN_POINT ( 'NONE',  ( 4.275206133378123496, 0.5905511811023628210, -1.255510881645135246 ) ) ;
#5836 = CIRCLE ( 'NONE', #3851, 0.08070866141732323251 ) ;
#5837 = ORIENTED_EDGE ( 'NONE', *, *, #980, .F. ) ;
#5838 = VECTOR ( 'NONE', #5999, 39.37007874015748143 ) ;
#5839 = DIRECTION ( 'NONE',  ( -0.4999999999999918954, -1.067522139062650425E-16, 0.8660254037844431485 ) ) ;
#5840 = ORIENTED_EDGE ( 'NONE', *, *, #6461, .T. ) ;
#5841 = VECTOR ( 'NONE', #6932, 39.37007874015748854 ) ;
#5842 = DIRECTION ( 'NONE',  ( -0.000000000000000000, -1.000000000000000000, -0.000000000000000000 ) ) ;
#5843 = LINE ( 'NONE', #8696, #8390 ) ;
#5844 = VECTOR ( 'NONE', #4834, 39.37007874015748143 ) ;
#5845 = CIRCLE ( 'NONE', #2166, 0.06496062992125996305 ) ;
#5846 = CARTESIAN_POINT ( 'NONE',  ( 4.230826203675819741, 0.5511811023622049666, 2.442668647586704100 ) ) ;
#5847 = EDGE_LOOP ( 'NONE', ( #7029, #821, #5663, #4745 ) ) ;
#5848 = VECTOR ( 'NONE', #2871, 39.37007874015748143 ) ;
#5849 = EDGE_LOOP ( 'NONE', ( #4340, #3132, #7466, #1145 ) ) ;
#5850 = CARTESIAN_POINT ( 'NONE',  ( 0.6329382721209004803, 1.141732283464567121, 0.1116466293098953427 ) ) ;
#5851 = AXIS2_PLACEMENT_3D ( 'NONE', #6536, #4490, #7198 ) ;
#5852 = AXIS2_PLACEMENT_3D ( 'NONE', #4917, #7047, #2887 ) ;
#5853 = AXIS2_PLACEMENT_3D ( 'NONE', #1161, #5811, #4484 ) ;
#5854 = ORIENTED_EDGE ( 'NONE', *, *, #8716, .T. ) ;
#5855 = FACE_OUTER_BOUND ( 'NONE', #4961, .T. ) ;
#5856 = FACE_BOUND ( 'NONE', #7514, .T. ) ;
#5857 = ADVANCED_FACE ( 'NONE', ( #2355 ), #3069, .F. ) ;
#5858 = ORIENTED_EDGE ( 'NONE', *, *, #5599, .F. ) ;
#5859 = LINE ( 'NONE', #576, #5983 ) ;
#5860 = AXIS2_PLACEMENT_3D ( 'NONE', #6585, #5334, #5374 ) ;
#5861 = VECTOR ( 'NONE', #7699, 39.37007874015748854 ) ;
#5862 = ORIENTED_EDGE ( 'NONE', *, *, #5332, .T. ) ;
#5863 = FACE_OUTER_BOUND ( 'NONE', #5920, .T. ) ;
#5864 = CARTESIAN_POINT ( 'NONE',  ( 2.736217263038408287, 1.200787401574803237, -0.1294460413457443337 ) ) ;
#5865 = ORIENTED_EDGE ( 'NONE', *, *, #2688, .T. ) ;
#5866 = AXIS2_PLACEMENT_3D ( 'NONE', #1541, #874, #3582 ) ;
#5867 = DIRECTION ( 'NONE',  ( -0.8660254037844433705, 0.000000000000000000, -0.4999999999999920064 ) ) ;
#5868 = LINE ( 'NONE', #3243, #2399 ) ;
#5869 = PLANE ( 'NONE',  #1891 ) ;
#5870 = VERTEX_POINT ( 'NONE', #8531 ) ;
#5871 = PLANE ( 'NONE',  #3584 ) ;
#5872 = EDGE_CURVE ( 'NONE', #8568, #4562, #3862, .T. ) ;
#5873 = ORIENTED_EDGE ( 'NONE', *, *, #7845, .T. ) ;
#5874 = VECTOR ( 'NONE', #7773, 39.37007874015748143 ) ;
#5875 = DIRECTION ( 'NONE',  ( 0.000000000000000000, -1.000000000000000000, 0.000000000000000000 ) ) ;
#5876 = VERTEX_POINT ( 'NONE', #365 ) ;
#5877 = CARTESIAN_POINT ( 'NONE',  ( -0.2573107695089532077, 1.200787401574803237, 1.599478275463582344 ) ) ;
#5878 = DIRECTION ( 'NONE',  ( -0.8660254037844431485, 0.000000000000000000, -0.4999999999999919509 ) ) ;
#5879 = ORIENTED_EDGE ( 'NONE', *, *, #7500, .F. ) ;
#5880 = ADVANCED_FACE ( 'NONE', ( #8451 ), #4387, .T. ) ;
#5881 = ADVANCED_FACE ( 'NONE', ( #7098 ), #3108, .T. ) ;
#5882 = VERTEX_POINT ( 'NONE', #3158 ) ;
#5883 = VERTEX_POINT ( 'NONE', #7190 ) ;
#5884 = CARTESIAN_POINT ( 'NONE',  ( 3.051181102362205966, 1.200787401574803237, -0.1117152479293870848 ) ) ;
#5885 = EDGE_CURVE ( 'NONE', #1046, #8785, #5570, .T. ) ;
#5886 = CARTESIAN_POINT ( 'NONE',  ( 0.4727825021151431661, 1.200787401574803237, 3.260846393864280657 ) ) ;
#5887 = ORIENTED_EDGE ( 'NONE', *, *, #34, .T. ) ;
#5888 = ADVANCED_FACE ( 'NONE', ( #3199 ), #5906, .T. ) ;
#5889 = FACE_OUTER_BOUND ( 'NONE', #7095, .T. ) ;
#5890 = VERTEX_POINT ( 'NONE', #1744 ) ;
#5891 = DIRECTION ( 'NONE',  ( 0.000000000000000000, 0.000000000000000000, -1.000000000000000000 ) ) ;
#5892 = CYLINDRICAL_SURFACE ( 'NONE', #458, 0.08070866141732313537 ) ;
#5893 = EDGE_LOOP ( 'NONE', ( #4627, #457, #6889, #6185, #4907, #6997 ) ) ;
#5894 = DIRECTION ( 'NONE',  ( 0.000000000000000000, 0.000000000000000000, 1.000000000000000000 ) ) ;
#5895 = ADVANCED_FACE ( 'NONE', ( #7905 ), #3682, .T. ) ;
#5896 = ORIENTED_EDGE ( 'NONE', *, *, #2640, .F. ) ;
#5897 = LINE ( 'NONE', #2038, #4439 ) ;
#5898 = ORIENTED_EDGE ( 'NONE', *, *, #2819, .T. ) ;
#5899 = ADVANCED_FACE ( 'NONE', ( #1831 ), #7769, .F. ) ;
#5900 = CYLINDRICAL_SURFACE ( 'NONE', #7249, 0.08070866141732255250 ) ;
#5901 = FACE_BOUND ( 'NONE', #5031, .T. ) ;
#5902 = VERTEX_POINT ( 'NONE', #1693 ) ;
#5903 = PLANE ( 'NONE',  #335 ) ;
#5904 = VERTEX_POINT ( 'NONE', #4524 ) ;
#5905 = CARTESIAN_POINT ( 'NONE',  ( 1.082677165354331672, 1.200787401574803237, -0.1117152479293870848 ) ) ;
#5906 = PLANE ( 'NONE',  #1049 ) ;
#5907 = EDGE_LOOP ( 'NONE', ( #3988, #2813, #3596, #4214 ) ) ;
#5908 = EDGE_CURVE ( 'NONE', #3897, #6150, #2397, .T. ) ;
#5909 = DIRECTION ( 'NONE',  ( 0.1590695136541082910, 0.000000000000000000, -0.9872673851727532535 ) ) ;
#5910 = LINE ( 'NONE', #450, #1274 ) ;
#5911 = LINE ( 'NONE', #4488, #4147 ) ;
#5912 = VERTEX_POINT ( 'NONE', #7815 ) ;
#5913 = DIRECTION ( 'NONE',  ( 6.324512672832008536E-17, -1.000000000000000000, -1.095437728245851393E-16 ) ) ;
#5914 = ORIENTED_EDGE ( 'NONE', *, *, #2208, .F. ) ;
#5915 = CARTESIAN_POINT ( 'NONE',  ( 2.840604636021325291, 1.181102362204724532, 2.594697524731329974 ) ) ;
#5916 = VERTEX_POINT ( 'NONE', #7234 ) ;
#5917 = DIRECTION ( 'NONE',  ( -0.000000000000000000, -1.000000000000000000, -0.000000000000000000 ) ) ;
#5918 = EDGE_CURVE ( 'NONE', #217, #5830, #2604, .T. ) ;
#5919 = CARTESIAN_POINT ( 'NONE',  ( 2.983608909500687023, 1.181102362204724754, 2.063542290436449544 ) ) ;
#5920 = EDGE_LOOP ( 'NONE', ( #1576, #1364 ) ) ;
#5921 = ADVANCED_FACE ( 'NONE', ( #712 ), #3905, .T. ) ;
#5922 = ORIENTED_EDGE ( 'NONE', *, *, #3650, .T. ) ;
#5923 = ORIENTED_EDGE ( 'NONE', *, *, #1253, .F. ) ;
#5924 = CARTESIAN_POINT ( 'NONE',  ( 1.160858936979605627, 0.8464566929133909845, 4.137960686983460867 ) ) ;
#5925 = DIRECTION ( 'NONE',  ( 0.000000000000000000, -1.000000000000000000, 0.000000000000000000 ) ) ;
#5926 = EDGE_CURVE ( 'NONE', #7584, #7988, #1251, .T. ) ;
#5927 = VECTOR ( 'NONE', #7630, 39.37007874015748143 ) ;
#5928 = LINE ( 'NONE', #8642, #2655 ) ;
#5929 = EDGE_CURVE ( 'NONE', #4414, #3732, #3867, .T. ) ;
#5930 = CARTESIAN_POINT ( 'NONE',  ( 0.2759321084143591118, 1.200787401574803237, 3.682509938661305604 ) ) ;
#5931 = CARTESIAN_POINT ( 'NONE',  ( 1.818242204512186211, 1.200787401574803237, 0.2201239067741237176 ) ) ;
#5932 = ORIENTED_EDGE ( 'NONE', *, *, #7316, .F. ) ;
#5933 = EDGE_CURVE ( 'NONE', #5966, #7171, #5458, .T. ) ;
#5934 =( NAMED_UNIT ( * ) PLANE_ANGLE_UNIT ( ) SI_UNIT ( $, .RADIAN. ) );
#5935 = CARTESIAN_POINT ( 'NONE',  ( -0.3128487469928650233, 1.082677165354330784, 1.944175587657359205 ) ) ;
#5936 = CIRCLE ( 'NONE', #2384, 0.06496062992125989366 ) ;
#5937 = DIRECTION ( 'NONE',  ( 0.000000000000000000, 1.000000000000000000, 0.000000000000000000 ) ) ;
#5938 = EDGE_CURVE ( 'NONE', #4417, #2263, #1192, .T. ) ;
#5939 = ORIENTED_EDGE ( 'NONE', *, *, #1073, .T. ) ;
#5940 = DIRECTION ( 'NONE',  ( 0.000000000000000000, 0.000000000000000000, -1.000000000000000000 ) ) ;
#5941 = AXIS2_PLACEMENT_3D ( 'NONE', #2402, #1085, #5735 ) ;
#5942 = FACE_BOUND ( 'NONE', #4548, .T. ) ;
#5943 = DIRECTION ( 'NONE',  ( 0.000000000000000000, 0.000000000000000000, 1.000000000000000000 ) ) ;
#5944 = ORIENTED_EDGE ( 'NONE', *, *, #1284, .T. ) ;
#5945 = FACE_OUTER_BOUND ( 'NONE', #5893, .T. ) ;
#5946 = ORIENTED_EDGE ( 'NONE', *, *, #2145, .T. ) ;
#5947 = PLANE ( 'NONE',  #29 ) ;
#5948 = CARTESIAN_POINT ( 'NONE',  ( -0.1563813606223946606, 1.082677165354330784, 2.149802768837170142 ) ) ;
#5949 = ORIENTED_EDGE ( 'NONE', *, *, #4239, .F. ) ;
#5950 = AXIS2_PLACEMENT_3D ( 'NONE', #2078, #659, #3360 ) ;
#5951 = DIRECTION ( 'NONE',  ( -0.4999999999999922284, 0.000000000000000000, 0.8660254037844431485 ) ) ;
#5952 = CARTESIAN_POINT ( 'NONE',  ( 1.704081350445589393, 0.5807086614173232464, 4.279749032404512654 ) ) ;
#5953 = CARTESIAN_POINT ( 'NONE',  ( 4.665543679984922143, 15.67005943375638211, 2.693652899555227354 ) ) ;
#5954 = ORIENTED_EDGE ( 'NONE', *, *, #8329, .T. ) ;
#5955 = CARTESIAN_POINT ( 'NONE',  ( 1.010587779195629698, 1.082677165354330784, 3.116741904185362788 ) ) ;
#5956 = EDGE_LOOP ( 'NONE', ( #5656, #4613 ) ) ;
#5957 = AXIS2_PLACEMENT_3D ( 'NONE', #1404, #6191, #5387 ) ;
#5958 = FACE_OUTER_BOUND ( 'NONE', #599, .T. ) ;
#5959 = CYLINDRICAL_SURFACE ( 'NONE', #7264, 0.08070866141732296883 ) ;
#5960 = VERTEX_POINT ( 'NONE', #2050 ) ;
#5961 = LINE ( 'NONE', #3209, #5010 ) ;
#5962 = AXIS2_PLACEMENT_3D ( 'NONE', #6749, #2709, #672 ) ;
#5963 = CARTESIAN_POINT ( 'NONE',  ( 3.522344762720474254, 1.377952755905512028, -1.340906966315829285 ) ) ;
#5964 = ORIENTED_EDGE ( 'NONE', *, *, #8014, .T. ) ;
#5965 = VERTEX_POINT ( 'NONE', #5948 ) ;
#5966 = VERTEX_POINT ( 'NONE', #6127 ) ;
#5967 = ADVANCED_FACE ( 'NONE', ( #8754 ), #2707, .F. ) ;
#5968 = DIRECTION ( 'NONE',  ( 0.000000000000000000, 0.000000000000000000, -1.000000000000000000 ) ) ;
#5969 = DIRECTION ( 'NONE',  ( 0.000000000000000000, 0.000000000000000000, -1.000000000000000000 ) ) ;
#5970 = AXIS2_PLACEMENT_3D ( 'NONE', #799, #2792, #4691 ) ;
#5971 = VECTOR ( 'NONE', #716, 39.37007874015748854 ) ;
#5972 = CIRCLE ( 'NONE', #7102, 0.08070866141732323251 ) ;
#5973 = CARTESIAN_POINT ( 'NONE',  ( 0.2759321084143591118, 1.200787401574803237, 3.763218600078629628 ) ) ;
#5974 = FACE_OUTER_BOUND ( 'NONE', #352, .T. ) ;
#5975 = CYLINDRICAL_SURFACE ( 'NONE', #2017, 0.1161417322834646243 ) ;
#5976 = ORIENTED_EDGE ( 'NONE', *, *, #895, .F. ) ;
#5977 = DIRECTION ( 'NONE',  ( 0.1730638617519519584, 0.000000000000000000, 0.9849106049563591814 ) ) ;
#5978 = VECTOR ( 'NONE', #5568, 39.37007874015748854 ) ;
#5979 = FACE_OUTER_BOUND ( 'NONE', #1412, .T. ) ;
#5980 = EDGE_CURVE ( 'NONE', #2394, #6330, #7282, .T. ) ;
#5981 = CARTESIAN_POINT ( 'NONE',  ( 1.457034470619064548, 1.200787401574803237, 1.636780638383093400 ) ) ;
#5982 = ORIENTED_EDGE ( 'NONE', *, *, #556, .F. ) ;
#5984 = EDGE_CURVE ( 'NONE', #3728, #2115, #1327, .T. ) ;
#5983 = VECTOR ( 'NONE', #4651, 39.37007874015748143 ) ;
#5985 = AXIS2_PLACEMENT_3D ( 'NONE', #6300, #2251, #4950 ) ;
#5986 = VECTOR ( 'NONE', #7245, 39.37007874015748854 ) ;
#5987 = EDGE_CURVE ( 'NONE', #6795, #7553, #51, .T. ) ;
#5988 = ORIENTED_EDGE ( 'NONE', *, *, #2677, .T. ) ;
#5989 = CARTESIAN_POINT ( 'NONE',  ( -0.9262958047319170829, 1.200787401574803237, 0.1938422488314968661 ) ) ;
#5990 = FACE_BOUND ( 'NONE', #3353, .T. ) ;
#5991 = EDGE_LOOP ( 'NONE', ( #4899, #1578, #6517, #7182 ) ) ;
#5992 = ORIENTED_EDGE ( 'NONE', *, *, #3757, .F. ) ;
#5993 = CARTESIAN_POINT ( 'NONE',  ( 2.926673774748453472, 0.000000000000000000, 1.689715891681201843 ) ) ;
#5994 = EDGE_LOOP ( 'NONE', ( #7276, #6560 ) ) ;
#5995 = AXIS2_PLACEMENT_3D ( 'NONE', #3393, #4723, #22 ) ;
#5996 = ADVANCED_FACE ( 'NONE', ( #8175 ), #6746, .T. ) ;
#5997 = AXIS2_PLACEMENT_3D ( 'NONE', #4227, #6939, #4274 ) ;
#5998 = VECTOR ( 'NONE', #4245, 39.37007874015748143 ) ;
#5999 = DIRECTION ( 'NONE',  ( 0.7664256734729302245, 0.000000000000000000, -0.6423330032324084948 ) ) ;
#6000 = CARTESIAN_POINT ( 'NONE',  ( 0.5255284061370095738, 1.200787401574803237, 2.382086233404093534 ) ) ;
#6001 = VERTEX_POINT ( 'NONE', #3372 ) ;
#6002 = DIRECTION ( 'NONE',  ( -0.000000000000000000, 1.000000000000000000, 0.000000000000000000 ) ) ;
#6003 = AXIS2_PLACEMENT_3D ( 'NONE', #397, #2308, #6481 ) ;
#6004 = VECTOR ( 'NONE', #2625, 39.37007874015748143 ) ;
#6005 = DIRECTION ( 'NONE',  ( 0.000000000000000000, -1.000000000000000000, 0.000000000000000000 ) ) ;
#6006 = FACE_OUTER_BOUND ( 'NONE', #3717, .T. ) ;
#6007 = EDGE_CURVE ( 'NONE', #7707, #725, #2758, .T. ) ;
#6008 = ORIENTED_EDGE ( 'NONE', *, *, #1346, .F. ) ;
#6009 = DIRECTION ( 'NONE',  ( 0.000000000000000000, -1.000000000000000000, 0.000000000000000000 ) ) ;
#6010 = EDGE_LOOP ( 'NONE', ( #7435, #2705 ) ) ;
#6011 = EDGE_CURVE ( 'NONE', #6646, #7553, #5366, .T. ) ;
#6012 = CARTESIAN_POINT ( 'NONE',  ( 0.0003886879469224755173, 1.082677165354330784, 6.262579277761551821E-05 ) ) ;
#6013 = CARTESIAN_POINT ( 'NONE',  ( 1.870078740157481434, 1.082677165354330784, 0.2819855394721875186 ) ) ;
#6014 = AXIS2_PLACEMENT_3D ( 'NONE', #6522, #2351, #3151 ) ;
#6015 = ORIENTED_EDGE ( 'NONE', *, *, #5660, .F. ) ;
#6016 = VECTOR ( 'NONE', #1283, 39.37007874015748143 ) ;
#6017 = CARTESIAN_POINT ( 'NONE',  ( 0.3286780124362252420, 1.082677165354330784, 2.803749778201117593 ) ) ;
#6018 = CARTESIAN_POINT ( 'NONE',  ( 4.286233879637591393, 1.377952755905512028, -0.7197008889223382999 ) ) ;
#6019 = ORIENTED_EDGE ( 'NONE', *, *, #3066, .T. ) ;
#6020 = FACE_OUTER_BOUND ( 'NONE', #4577, .T. ) ;
#6021 = VECTOR ( 'NONE', #4943, 39.37007874015748143 ) ;
#6022 = ORIENTED_EDGE ( 'NONE', *, *, #8768, .T. ) ;
#6023 = ORIENTED_EDGE ( 'NONE', *, *, #5260, .T. ) ;
#6024 = DIRECTION ( 'NONE',  ( 0.000000000000000000, -1.000000000000000000, 0.000000000000000000 ) ) ;
#6025 = CARTESIAN_POINT ( 'NONE',  ( 1.160858936979605627, 15.67005943375638211, 4.137960686983460867 ) ) ;
#6026 = EDGE_CURVE ( 'NONE', #2525, #8093, #8415, .T. ) ;
#6027 = DIRECTION ( 'NONE',  ( 0.000000000000000000, 0.000000000000000000, -1.000000000000000000 ) ) ;
#6028 = CARTESIAN_POINT ( 'NONE',  ( -0.01419902979620381832, 1.141732283464567121, 0.7798579866315596965 ) ) ;
#6029 = DIRECTION ( 'NONE',  ( 0.6423330032324086059, -0.000000000000000000, 0.7664256734729301135 ) ) ;
#6030 = ORIENTED_EDGE ( 'NONE', *, *, #366, .T. ) ;
#6031 = PRESENTATION_STYLE_ASSIGNMENT (( #3136 ) ) ;
#6032 = DIRECTION ( 'NONE',  ( 0.000000000000000000, 0.000000000000000000, -1.000000000000000000 ) ) ;
#6033 = CARTESIAN_POINT ( 'NONE',  ( -0.3526618401562117144, 1.141732283464567121, 0.3760073576427027109 ) ) ;
#6034 = VERTEX_POINT ( 'NONE', #8035 ) ;
#6035 = DIRECTION ( 'NONE',  ( 0.4999999999999918954, 0.000000000000000000, -0.8660254037844433705 ) ) ;
#6036 = FACE_BOUND ( 'NONE', #3639, .T. ) ;
#6037 = ORIENTED_EDGE ( 'NONE', *, *, #8337, .T. ) ;
#6038 = CARTESIAN_POINT ( 'NONE',  ( 4.496879918304330204, 0.000000000000000000, -0.7901706008445642526 ) ) ;
#6039 = ORIENTED_EDGE ( 'NONE', *, *, #5089, .F. ) ;
#6040 = CARTESIAN_POINT ( 'NONE',  ( -0.9262958047319170829, 1.082677165354330784, 0.1938422488314968661 ) ) ;
#6041 = CARTESIAN_POINT ( 'NONE',  ( -0.8382911273817988951, 1.200787401574803237, 1.675393320018278676 ) ) ;
#6042 = VERTEX_POINT ( 'NONE', #534 ) ;
#6043 = EDGE_CURVE ( 'NONE', #8127, #3296, #8703, .T. ) ;
#6044 = DIRECTION ( 'NONE',  ( 0.000000000000000000, -1.000000000000000000, 0.000000000000000000 ) ) ;
#6045 = DIRECTION ( 'NONE',  ( -0.000000000000000000, -1.000000000000000000, -0.000000000000000000 ) ) ;
#6046 = LINE ( 'NONE', #1256, #41 ) ;
#6047 = VERTEX_POINT ( 'NONE', #4655 ) ;
#6048 = DIRECTION ( 'NONE',  ( 0.000000000000000000, 1.000000000000000000, 0.000000000000000000 ) ) ;
#6049 = VERTEX_POINT ( 'NONE', #4079 ) ;
#6050 = ADVANCED_FACE ( 'NONE', ( #6788 ), #5286, .F. ) ;
#6051 = CYLINDRICAL_SURFACE ( 'NONE', #5541, 0.07874015748031500117 ) ;
#6052 = DIRECTION ( 'NONE',  ( 0.000000000000000000, -1.000000000000000000, 0.000000000000000000 ) ) ;
#6053 = ORIENTED_EDGE ( 'NONE', *, *, #7192, .T. ) ;
#6054 = ADVANCED_FACE ( 'NONE', ( #8661 ), #2575, .T. ) ;
#6055 = EDGE_CURVE ( 'NONE', #8293, #6663, #5709, .T. ) ;
#6056 = DIRECTION ( 'NONE',  ( 0.000000000000000000, -1.000000000000000000, 0.000000000000000000 ) ) ;
#6057 = VERTEX_POINT ( 'NONE', #5537 ) ;
#6058 = PLANE ( 'NONE',  #6415 ) ;
#6059 = EDGE_LOOP ( 'NONE', ( #2618, #924, #435, #5964 ) ) ;
#6060 = ORIENTED_EDGE ( 'NONE', *, *, #4692, .F. ) ;
#6061 = CARTESIAN_POINT ( 'NONE',  ( -0.1563813606223946606, 1.082677165354330784, 2.069094107419847006 ) ) ;
#6062 = DIRECTION ( 'NONE',  ( 0.000000000000000000, -1.000000000000000000, 0.000000000000000000 ) ) ;
#6063 = CIRCLE ( 'NONE', #1815, 0.08070866141732269128 ) ;
#6064 = LINE ( 'NONE', #5351, #1244 ) ;
#6065 = DIRECTION ( 'NONE',  ( -0.000000000000000000, -1.000000000000000000, -0.000000000000000000 ) ) ;
#6066 = CYLINDRICAL_SURFACE ( 'NONE', #3287, 0.08070866141732323251 ) ;
#6067 = ORIENTED_EDGE ( 'NONE', *, *, #5610, .F. ) ;
#6068 = LINE ( 'NONE', #5486, #2124 ) ;
#6069 = CARTESIAN_POINT ( 'NONE',  ( -0.01227687094347677463, 1.200787401574803237, 2.606899384500333205 ) ) ;
#6070 = DIRECTION ( 'NONE',  ( -0.7664256734729301135, 0.000000000000000000, 0.6423330032324086059 ) ) ;
#6071 = ORIENTED_EDGE ( 'NONE', *, *, #1702, .T. ) ;
#6072 = CARTESIAN_POINT ( 'NONE',  ( 1.476377952755906664, 1.200787401574803237, -0.1924239093467102202 ) ) ;
#6073 = CARTESIAN_POINT ( 'NONE',  ( -0.2091272646442610683, 1.200787401574803237, 2.947854267880035906 ) ) ;
#6074 = ORIENTED_EDGE ( 'NONE', *, *, #6269, .T. ) ;
#6075 = DIRECTION ( 'NONE',  ( 0.000000000000000000, 0.000000000000000000, -1.000000000000000000 ) ) ;
#6076 = VECTOR ( 'NONE', #5742, 39.37007874015748143 ) ;
#6077 = EDGE_LOOP ( 'NONE', ( #6422, #8554, #8422, #3469 ) ) ;
#6078 = EDGE_CURVE ( 'NONE', #1803, #7943, #7589, .T. ) ;
#6079 = FACE_OUTER_BOUND ( 'NONE', #5685, .T. ) ;
#6080 = DIRECTION ( 'NONE',  ( 0.000000000000000000, 0.000000000000000000, -1.000000000000000000 ) ) ;
#6081 = ORIENTED_EDGE ( 'NONE', *, *, #6707, .F. ) ;
#6082 = CIRCLE ( 'NONE', #6362, 0.08070866141732296883 ) ;
#6083 = CARTESIAN_POINT ( 'NONE',  ( -0.1563813606223946606, 1.200787401574803237, 2.069094107419847006 ) ) ;
#6084 = DIRECTION ( 'NONE',  ( 0.000000000000000000, 0.000000000000000000, -1.000000000000000000 ) ) ;
#6085 = CYLINDRICAL_SURFACE ( 'NONE', #7915, 0.08070866141732296883 ) ;
#6086 = LINE ( 'NONE', #179, #7689 ) ;
#6087 = ORIENTED_EDGE ( 'NONE', *, *, #510, .F. ) ;
#6088 = CARTESIAN_POINT ( 'NONE',  ( -0.3532317543231789370, 1.082677165354330784, 2.410048990799548818 ) ) ;
#6089 = ORIENTED_EDGE ( 'NONE', *, *, #1234, .T. ) ;
#6090 = DIRECTION ( 'NONE',  ( 0.000000000000000000, -1.000000000000000000, 0.000000000000000000 ) ) ;
#6091 = DIRECTION ( 'NONE',  ( 0.3558754527948663759, 0.000000000000000000, 0.9345333927142726038 ) ) ;
#6092 = CIRCLE ( 'NONE', #4944, 0.08070866141732351007 ) ;
#6093 = EDGE_CURVE ( 'NONE', #7328, #6001, #1042, .T. ) ;
#6094 = ORIENTED_EDGE ( 'NONE', *, *, #2678, .F. ) ;
#6095 = EDGE_CURVE ( 'NONE', #95, #5103, #4785, .T. ) ;
#6096 = DIRECTION ( 'NONE',  ( 0.000000000000000000, -1.000000000000000000, 0.000000000000000000 ) ) ;
#6097 = DIRECTION ( 'NONE',  ( -0.8660254037844422603, 0.000000000000000000, -0.4999999999999938383 ) ) ;
#6098 = VECTOR ( 'NONE', #4408, 39.37007874015748143 ) ;
#6099 = ORIENTED_EDGE ( 'NONE', *, *, #122, .F. ) ;
#6100 = CARTESIAN_POINT ( 'NONE',  ( 0.000000000000000000, 0.000000000000000000, 0.000000000000000000 ) ) ;
#6101 = ORIENTED_EDGE ( 'NONE', *, *, #2208, .T. ) ;
#6102 = ORIENTED_EDGE ( 'NONE', *, *, #269, .F. ) ;
#6103 = DIRECTION ( 'NONE',  ( -0.000000000000000000, -1.000000000000000000, -0.000000000000000000 ) ) ;
#6104 = DIRECTION ( 'NONE',  ( -0.000000000000000000, 1.000000000000000000, -0.000000000000000000 ) ) ;
#6105 = EDGE_CURVE ( 'NONE', #1094, #240, #3595, .T. ) ;
#6106 = VECTOR ( 'NONE', #247, 39.37007874015748143 ) ;
#6107 = DIRECTION ( 'NONE',  ( 0.000000000000000000, -0.000000000000000000, -1.000000000000000000 ) ) ;
#6108 = EDGE_CURVE ( 'NONE', #7197, #3256, #8268, .T. ) ;
#6109 = FACE_OUTER_BOUND ( 'NONE', #8686, .T. ) ;
#6110 = CARTESIAN_POINT ( 'NONE',  ( 0.1845735227573075399, 1.082677165354330784, 2.346653162537954085 ) ) ;
#6111 = ORIENTED_EDGE ( 'NONE', *, *, #2634, .T. ) ;
#6112 = EDGE_CURVE ( 'NONE', #1568, #5112, #4431, .T. ) ;
#6113 = EDGE_CURVE ( 'NONE', #8638, #302, #613, .T. ) ;
#6114 = DIRECTION ( 'NONE',  ( 0.000000000000000000, -1.000000000000000000, 0.000000000000000000 ) ) ;
#6115 = DIRECTION ( 'NONE',  ( -0.4999999999999920064, 0.000000000000000000, 0.8660254037844433705 ) ) ;
#6116 = CARTESIAN_POINT ( 'NONE',  ( 0.2759321084143591118, 1.200787401574803237, 3.682509938661305604 ) ) ;
#6117 = AXIS2_PLACEMENT_3D ( 'NONE', #644, #4760, #6183 ) ;
#6118 = ADVANCED_FACE ( 'NONE', ( #3471 ), #5670, .T. ) ;
#6119 = CARTESIAN_POINT ( 'NONE',  ( 0.9301502755622840235, 0.5511811023622096295, 4.537559810304474084 ) ) ;
#6120 = AXIS2_PLACEMENT_3D ( 'NONE', #5370, #8084, #3676 ) ;
#6121 = AXIS2_PLACEMENT_3D ( 'NONE', #5683, #5734, #8453 ) ;
#6122 = CARTESIAN_POINT ( 'NONE',  ( 4.769243467237513023, 0.6791338582677166613, 2.435299441819331889 ) ) ;
#6123 = AXIS2_PLACEMENT_3D ( 'NONE', #3861, #6578, #1743 ) ;
#6124 = CARTESIAN_POINT ( 'NONE',  ( 0.7751247038596602579, 1.082677165354330784, 1.162371189564201934 ) ) ;
#6125 = ORIENTED_EDGE ( 'NONE', *, *, #1764, .F. ) ;
#6126 = CARTESIAN_POINT ( 'NONE',  ( -1.242519272242277539, 1.200787401574803237, 2.355606908360169172 ) ) ;
#6127 = CARTESIAN_POINT ( 'NONE',  ( 1.867637783721611822, 1.082677165354330784, 0.2013137986985170103 ) ) ;
#6128 = EDGE_LOOP ( 'NONE', ( #2943, #4699 ) ) ;
#6129 = CIRCLE ( 'NONE', #2434, 0.1161417322834645827 ) ;
#6130 = AXIS2_PLACEMENT_3D ( 'NONE', #918, #823, #326 ) ;
#6131 = AXIS2_PLACEMENT_3D ( 'NONE', #8161, #3492, #2693 ) ;
#6132 = CARTESIAN_POINT ( 'NONE',  ( -0.3168295106876288791, 1.082677165354330784, 0.2655313596039481916 ) ) ;
#6133 = EDGE_CURVE ( 'NONE', #6701, #5296, #4869, .T. ) ;
#6134 = DIRECTION ( 'NONE',  ( 0.000000000000000000, -1.000000000000000000, 0.000000000000000000 ) ) ;
#6135 = CARTESIAN_POINT ( 'NONE',  ( 4.282843792717461184, 1.358267716535428882, 3.427374690085645437 ) ) ;
#6136 = DIRECTION ( 'NONE',  ( 0.000000000000000000, 0.000000000000000000, -1.000000000000000000 ) ) ;
#6137 = AXIS2_PLACEMENT_3D ( 'NONE', #6322, #8317, #4807 ) ;
#6138 = ORIENTED_EDGE ( 'NONE', *, *, #5008, .F. ) ;
#6139 = CARTESIAN_POINT ( 'NONE',  ( 4.282843792717461184, 1.358267716535428882, 3.427374690085645437 ) ) ;
#6140 = AXIS2_PLACEMENT_3D ( 'NONE', #2838, #2057, #3475 ) ;
#6141 = AXIS2_PLACEMENT_3D ( 'NONE', #5377, #2063, #6848 ) ;
#6142 = ORIENTED_EDGE ( 'NONE', *, *, #6251, .T. ) ;
#6143 = CIRCLE ( 'NONE', #7548, 0.08070866141732309373 ) ;
#6144 = LINE ( 'NONE', #6757, #7671 ) ;
#6145 = CYLINDRICAL_SURFACE ( 'NONE', #2446, 0.08070866141732296883 ) ;
#6146 = ORIENTED_EDGE ( 'NONE', *, *, #5166, .F. ) ;
#6147 = VECTOR ( 'NONE', #1045, 39.37007874015748143 ) ;
#6148 = LINE ( 'NONE', #2103, #4453 ) ;
#6149 = CARTESIAN_POINT ( 'NONE',  ( -0.2573107695089532077, 1.200787401574803237, 1.599478275463582344 ) ) ;
#6150 = VERTEX_POINT ( 'NONE', #2087 ) ;
#6151 = DIRECTION ( 'NONE',  ( -0.000000000000000000, -1.000000000000000000, -0.000000000000000000 ) ) ;
#6152 = EDGE_LOOP ( 'NONE', ( #4970, #4923, #1789, #6317 ) ) ;
#6153 = DIRECTION ( 'NONE',  ( 0.000000000000000000, 1.000000000000000000, 0.000000000000000000 ) ) ;
#6154 = AXIS2_PLACEMENT_3D ( 'NONE', #6573, #7318, #3856 ) ;
#6155 = VECTOR ( 'NONE', #88, 39.37007874015748143 ) ;
#6156 = DIRECTION ( 'NONE',  ( -0.000000000000000000, -1.000000000000000000, -0.000000000000000000 ) ) ;
#6157 = EDGE_CURVE ( 'NONE', #2987, #5622, #6830, .T. ) ;
#6158 = VECTOR ( 'NONE', #7832, 39.37007874015748143 ) ;
#6159 = DIRECTION ( 'NONE',  ( 0.000000000000000000, -1.000000000000000000, 0.000000000000000000 ) ) ;
#6160 = DIRECTION ( 'NONE',  ( 0.000000000000000000, -1.000000000000000000, 0.000000000000000000 ) ) ;
#6161 = CARTESIAN_POINT ( 'NONE',  ( -0.7870128868562318303, 1.377952755905512028, 4.887082620901813890 ) ) ;
#6162 = VERTEX_POINT ( 'NONE', #841 ) ;
#6163 = DIRECTION ( 'NONE',  ( 0.6423330032324086059, -0.000000000000000000, 0.7664256734729301135 ) ) ;
#6164 = DIRECTION ( 'NONE',  ( 0.000000000000000000, 0.000000000000000000, -1.000000000000000000 ) ) ;
#6165 = EDGE_CURVE ( 'NONE', #2807, #3308, #5496, .T. ) ;
#6166 = DIRECTION ( 'NONE',  ( -0.000000000000000000, 1.000000000000000000, -0.000000000000000000 ) ) ;
#6167 = VERTEX_POINT ( 'NONE', #4912 ) ;
#6168 = EDGE_CURVE ( 'NONE', #6989, #403, #3543, .T. ) ;
#6169 = PLANE ( 'NONE',  #3983 ) ;
#6170 = EDGE_CURVE ( 'NONE', #5966, #6571, #6711, .T. ) ;
#6171 = CARTESIAN_POINT ( 'NONE',  ( 0.6168869917940612568, 1.082677165354330784, 3.879360332362089991 ) ) ;
#6172 = CARTESIAN_POINT ( 'NONE',  ( 0.6310202141807423892, 1.200787401574803237, 0.7052745739010384263 ) ) ;
#6173 = VERTEX_POINT ( 'NONE', #1511 ) ;
#6174 = CARTESIAN_POINT ( 'NONE',  ( 0.2373194267791739476, 1.200787401574803237, 1.306475679243119803 ) ) ;
#6175 = ORIENTED_EDGE ( 'NONE', *, *, #8468, .T. ) ;
#6176 = EDGE_CURVE ( 'NONE', #7060, #2478, #170, .T. ) ;
#6177 = CYLINDRICAL_SURFACE ( 'NONE', #2430, 0.08070866141732309373 ) ;
#6178 = DIRECTION ( 'NONE',  ( -0.8660254037844432595, 0.000000000000000000, -0.4999999999999918954 ) ) ;
#6179 = LINE ( 'NONE', #1478, #463 ) ;
#6180 = ORIENTED_EDGE ( 'NONE', *, *, #2361, .T. ) ;
#6181 = CARTESIAN_POINT ( 'NONE',  ( 0.2759321084143591118, 1.200787401574803237, 3.682509938661305604 ) ) ;
#6182 = EDGE_LOOP ( 'NONE', ( #5255, #1936, #6271, #6546, #7476, #8755, #4535, #7244, #7634, #3981, #4722 ) ) ;
#6183 = DIRECTION ( 'NONE',  ( 0.000000000000000000, 0.000000000000000000, -1.000000000000000000 ) ) ;
#6184 = DIRECTION ( 'NONE',  ( -0.7754638790607775167, 0.000000000000000000, -0.6313919323779896287 ) ) ;
#6185 = ORIENTED_EDGE ( 'NONE', *, *, #2520, .T. ) ;
#6186 = CARTESIAN_POINT ( 'NONE',  ( 0.3286780124362252420, 1.200787401574803237, 2.803749778201117593 ) ) ;
#6187 = DIRECTION ( 'NONE',  ( -0.000000000000000000, -1.000000000000000000, -0.000000000000000000 ) ) ;
#6188 = ORIENTED_EDGE ( 'NONE', *, *, #8605, .F. ) ;
#6189 = CARTESIAN_POINT ( 'NONE',  ( -1.231991914783367559, 1.200787401574803237, 2.357303086777682744 ) ) ;
#6190 = ORIENTED_EDGE ( 'NONE', *, *, #4199, .T. ) ;
#6191 = DIRECTION ( 'NONE',  ( 0.000000000000000000, -1.000000000000000000, 0.000000000000000000 ) ) ;
#6192 = CARTESIAN_POINT ( 'NONE',  ( 1.994839747699551191, 1.200787401574803237, 1.573384810121499111 ) ) ;
#6193 = ADVANCED_FACE ( 'NONE', ( #7626 ), #4828, .F. ) ;
#6194 = CARTESIAN_POINT ( 'NONE',  ( 3.103737657107884740, 1.102362204724409489, 5.792481070146972222 ) ) ;
#6195 = FACE_OUTER_BOUND ( 'NONE', #7874, .T. ) ;
#6196 = DIRECTION ( 'NONE',  ( 0.000000000000000000, 1.000000000000000000, 0.000000000000000000 ) ) ;
#6197 = VERTEX_POINT ( 'NONE', #6211 ) ;
#6198 = CARTESIAN_POINT ( 'NONE',  ( 4.309734056571489447, 1.377952755905512028, 3.420169465601699432 ) ) ;
#6199 = CARTESIAN_POINT ( 'NONE',  ( 3.334446318525204234, 1.102362204724409489, 5.392881946825960782 ) ) ;
#6200 = AXIS2_PLACEMENT_3D ( 'NONE', #4024, #6732, #657 ) ;
#6201 = EDGE_CURVE ( 'NONE', #4650, #24, #125, .T. ) ;
#6202 = CARTESIAN_POINT ( 'NONE',  ( 0.1845735227573075399, 1.082677165354330784, 2.265944501120631394 ) ) ;
#6203 = EDGE_CURVE ( 'NONE', #2612, #248, #1820, .T. ) ;
#6204 = VERTEX_POINT ( 'NONE', #3803 ) ;
#6205 = ADVANCED_FACE ( 'NONE', ( #3056 ), #433, .T. ) ;
#6206 = CARTESIAN_POINT ( 'NONE',  ( 0.4341698204799581684, 1.200787401574803237, 1.046229457280740682 ) ) ;
#6207 = CARTESIAN_POINT ( 'NONE',  ( -0.0007207492543572252986, -7.874015748039371056E-05, 0.6427093485177919341 ) ) ;
#6208 = CARTESIAN_POINT ( 'NONE',  ( 1.839135503821499373, 0.000000000000000000, -0.6999316284315767467 ) ) ;
#6209 = EDGE_LOOP ( 'NONE', ( #6060, #5922 ) ) ;
#6210 = AXIS2_PLACEMENT_3D ( 'NONE', #7807, #1734, #5674 ) ;
#6211 = CARTESIAN_POINT ( 'NONE',  ( 0.6329382721209004803, 1.348031496062992440, 0.1766072592311553058 ) ) ;
#6212 = ADVANCED_FACE ( 'NONE', ( #6565 ), #6474, .F. ) ;
#6213 = ORIENTED_EDGE ( 'NONE', *, *, #5650, .F. ) ;
#6214 = EDGE_CURVE ( 'NONE', #1535, #4827, #7131, .T. ) ;
#6215 = DIRECTION ( 'NONE',  ( 0.000000000000000000, 0.000000000000000000, -1.000000000000000000 ) ) ;
#6216 = CIRCLE ( 'NONE', #834, 0.08070866141732309373 ) ;
#6217 = CARTESIAN_POINT ( 'NONE',  ( 1.312929980940146901, 1.200787401574803237, 1.179684022719930114 ) ) ;
#6218 = CARTESIAN_POINT ( 'NONE',  ( 5.005558297708292415, 0.000000000000000000, 2.104730306342235568 ) ) ;
#6219 = ORIENTED_EDGE ( 'NONE', *, *, #4347, .F. ) ;
#6220 = LINE ( 'NONE', #7508, #8136 ) ;
#6221 = EDGE_LOOP ( 'NONE', ( #3, #892, #4247, #6381 ) ) ;
#6222 = PLANE ( 'NONE',  #733 ) ;
#6223 = FACE_OUTER_BOUND ( 'NONE', #61, .T. ) ;
#6224 = VERTEX_POINT ( 'NONE', #7223 ) ;
#6225 = CIRCLE ( 'NONE', #4808, 0.07874015748031472361 ) ;
#6226 = CARTESIAN_POINT ( 'NONE',  ( 4.838012979423754523, 0.8858267716535439540, -0.5549396367689256593 ) ) ;
#6227 = CARTESIAN_POINT ( 'NONE',  ( 0.7223787998377938502, 1.200787401574803237, 2.121840011441713525 ) ) ;
#6228 = ORIENTED_EDGE ( 'NONE', *, *, #8583, .F. ) ;
#6229 = FACE_OUTER_BOUND ( 'NONE', #8669, .T. ) ;
#6230 = VECTOR ( 'NONE', #3289, 39.37007874015748143 ) ;
#6231 = EDGE_LOOP ( 'NONE', ( #3265, #8672, #8521, #3046 ) ) ;
#6232 = CARTESIAN_POINT ( 'NONE',  ( -0.7628993185406711675, 1.377952755905512028, -0.6211617174569762367 ) ) ;
#6233 = CARTESIAN_POINT ( 'NONE',  ( 2.586893290927840372, 1.200787401574803237, -0.07258265197703119009 ) ) ;
#6234 = CIRCLE ( 'NONE', #3110, 0.08070866141732296883 ) ;
#6235 = DIRECTION ( 'NONE',  ( 0.000000000000000000, 0.000000000000000000, -1.000000000000000000 ) ) ;
#6236 = EDGE_CURVE ( 'NONE', #8257, #7496, #1153, .T. ) ;
#6237 = DIRECTION ( 'NONE',  ( 0.8660254037844431485, -0.000000000000000000, 0.4999999999999918954 ) ) ;
#6238 = ORIENTED_EDGE ( 'NONE', *, *, #6598, .T. ) ;
#6239 = ORIENTED_EDGE ( 'NONE', *, *, #5280, .T. ) ;
#6240 = EDGE_LOOP ( 'NONE', ( #640, #6366 ) ) ;
#6241 = DIRECTION ( 'NONE',  ( 0.000000000000000000, 0.000000000000000000, -1.000000000000000000 ) ) ;
#6242 = DIRECTION ( 'NONE',  ( -0.8660254037844433705, 0.000000000000000000, -0.4999999999999918954 ) ) ;
#6243 = DIRECTION ( 'NONE',  ( 0.4999999999999918954, 0.000000000000000000, -0.8660254037844433705 ) ) ;
#6244 = VECTOR ( 'NONE', #1003, 39.37007874015748854 ) ;
#6245 = ORIENTED_EDGE ( 'NONE', *, *, #3012, .T. ) ;
#6246 = CIRCLE ( 'NONE', #8662, 0.08070866141732296883 ) ;
#6247 = DIRECTION ( 'NONE',  ( -0.9849106049563591814, -0.000000000000000000, 0.1730638617519520417 ) ) ;
#6248 = DIRECTION ( 'NONE',  ( 0.000000000000000000, -1.000000000000000000, 0.000000000000000000 ) ) ;
#6249 = ADVANCED_FACE ( 'NONE', ( #4428, #7858 ), #353, .F. ) ;
#6250 = CARTESIAN_POINT ( 'NONE',  ( 3.051181102362205966, 1.082677165354330784, -0.1924239093467102202 ) ) ;
#6251 = EDGE_CURVE ( 'NONE', #4080, #162, #1640, .T. ) ;
#6252 = ORIENTED_EDGE ( 'NONE', *, *, #7829, .T. ) ;
#6253 = CARTESIAN_POINT ( 'NONE',  ( 2.729251400526234494, 1.377952755905512028, 5.043472498007069760 ) ) ;
#6254 = EDGE_LOOP ( 'NONE', ( #1599, #7280 ) ) ;
#6255 = AXIS2_PLACEMENT_3D ( 'NONE', #6308, #7672, #177 ) ;
#6256 = CIRCLE ( 'NONE', #738, 0.08070866141732269128 ) ;
#6257 = AXIS2_PLACEMENT_3D ( 'NONE', #6926, #3557, #2227 ) ;
#6258 = CARTESIAN_POINT ( 'NONE',  ( -0.03655307872293951654, 1.348031496062992440, 0.7531853465565467864 ) ) ;
#6259 = DIRECTION ( 'NONE',  ( -0.000000000000000000, -1.000000000000000000, -0.000000000000000000 ) ) ;
#6260 = CARTESIAN_POINT ( 'NONE',  ( 0.9197440173750497383, 1.377952755905512028, -0.3498222967740065581 ) ) ;
#6261 = ORIENTED_EDGE ( 'NONE', *, *, #2134, .F. ) ;
#6262 = DIRECTION ( 'NONE',  ( -0.000000000000000000, -1.000000000000000000, -0.000000000000000000 ) ) ;
#6263 = EDGE_CURVE ( 'NONE', #6925, #8308, #4292, .T. ) ;
#6264 = VERTEX_POINT ( 'NONE', #301 ) ;
#6265 = CIRCLE ( 'NONE', #2014, 0.08070866141732309373 ) ;
#6266 = CIRCLE ( 'NONE', #4270, 0.08070866141732323251 ) ;
#6267 = LINE ( 'NONE', #4257, #4550 ) ;
#6268 = LINE ( 'NONE', #8353, #755 ) ;
#6269 = EDGE_CURVE ( 'NONE', #8423, #3506, #7143, .T. ) ;
#6270 = AXIS2_PLACEMENT_3D ( 'NONE', #7851, #1776, #4468 ) ;
#6271 = ORIENTED_EDGE ( 'NONE', *, *, #481, .T. ) ;
#6272 = VECTOR ( 'NONE', #5383, 39.37007874015748143 ) ;
#6273 = CYLINDRICAL_SURFACE ( 'NONE', #7964, 0.08070866141732255250 ) ;
#6274 = VECTOR ( 'NONE', #6237, 39.37007874015748854 ) ;
#6275 = AXIS2_PLACEMENT_3D ( 'NONE', #7696, #4315, #1889 ) ;
#6276 = DIRECTION ( 'NONE',  ( 0.000000000000000000, 0.000000000000000000, -1.000000000000000000 ) ) ;
#6277 = AXIS2_PLACEMENT_3D ( 'NONE', #8067, #2079, #8743 ) ;
#6278 = EDGE_CURVE ( 'NONE', #2756, #1252, #3313, .T. ) ;
#6279 = ORIENTED_EDGE ( 'NONE', *, *, #4071, .F. ) ;
#6280 = CARTESIAN_POINT ( 'NONE',  ( 3.051181102362205966, 1.200787401574803237, 0.2819855394721875186 ) ) ;
#6281 = ORIENTED_EDGE ( 'NONE', *, *, #1397, .F. ) ;
#6282 = FACE_OUTER_BOUND ( 'NONE', #6576, .T. ) ;
#6283 = CARTESIAN_POINT ( 'NONE',  ( 3.103737657107884740, 0.000000000000000000, 5.792481070146972222 ) ) ;
#6284 = VECTOR ( 'NONE', #3781, 39.37007874015748143 ) ;
#6285 = AXIS2_PLACEMENT_3D ( 'NONE', #979, #8444, #4251 ) ;
#6286 = CIRCLE ( 'NONE', #4154, 0.08070866141732241372 ) ;
#6287 = CYLINDRICAL_SURFACE ( 'NONE', #8491, 0.08070866141732269128 ) ;
#6288 = CARTESIAN_POINT ( 'NONE',  ( -1.035141521082583171, 1.200787401574803237, 2.016348203397980487 ) ) ;
#6289 = VERTEX_POINT ( 'NONE', #8523 ) ;
#6290 = VECTOR ( 'NONE', #4001, 39.37007874015748143 ) ;
#6291 = CIRCLE ( 'NONE', #2463, 0.08070866141732323251 ) ;
#6292 = EDGE_LOOP ( 'NONE', ( #486, #5772, #1795, #6884 ) ) ;
#6293 = EDGE_LOOP ( 'NONE', ( #1137, #4931, #1726, #2229, #1247, #8018, #8629, #1300, #468, #3986, #5170, #8608, #4000, #2088, #1210, #972 ) ) ;
#6294 = CARTESIAN_POINT ( 'NONE',  ( 1.457034470619064548, 1.082677165354330784, 1.717489299800416536 ) ) ;
#6295 = DIRECTION ( 'NONE',  ( 0.000000000000000000, -1.000000000000000000, 0.000000000000000000 ) ) ;
#6296 = FACE_OUTER_BOUND ( 'NONE', #2151, .T. ) ;
#6297 = EDGE_CURVE ( 'NONE', #1468, #292, #8572, .T. ) ;
#6298 = AXIS2_PLACEMENT_3D ( 'NONE', #6589, #1179, #7916 ) ;
#6299 = FACE_OUTER_BOUND ( 'NONE', #3684, .T. ) ;
#6300 = CARTESIAN_POINT ( 'NONE',  ( 22.00356692029119898, 0.5511811023622049666, 12.70376528456179521 ) ) ;
#6301 = FACE_OUTER_BOUND ( 'NONE', #6240, .T. ) ;
#6302 = CARTESIAN_POINT ( 'NONE',  ( 4.305459380304155204, 0.8119350764044871438, -1.639121317237444142 ) ) ;
#6303 = AXIS2_PLACEMENT_3D ( 'NONE', #727, #2931, #1653 ) ;
#6304 = ORIENTED_EDGE ( 'NONE', *, *, #3755, .T. ) ;
#6305 = DIRECTION ( 'NONE',  ( -0.2113248654052016784, 0.5773502691896560401, -0.7886751345947866643 ) ) ;
#6306 = EDGE_CURVE ( 'NONE', #3849, #6224, #5141, .T. ) ;
#6307 = ORIENTED_EDGE ( 'NONE', *, *, #4924, .F. ) ;
#6308 = CARTESIAN_POINT ( 'NONE',  ( -0.06502277496534306089, 1.200787401574803237, 3.485659544960522105 ) ) ;
#6309 = DIRECTION ( 'NONE',  ( 0.000000000000000000, 0.000000000000000000, -1.000000000000000000 ) ) ;
#6310 = CARTESIAN_POINT ( 'NONE',  ( 1.063333683217495995, 1.082677165354330784, 2.237981743725174333 ) ) ;
#6311 = ORIENTED_EDGE ( 'NONE', *, *, #5640, .F. ) ;
#6312 = LINE ( 'NONE', #3063, #5291 ) ;
#6313 = ORIENTED_EDGE ( 'NONE', *, *, #3705, .T. ) ;
#6314 = CARTESIAN_POINT ( 'NONE',  ( 0.6329382721209004803, 1.348031496062992440, 0.1116466293098953427 ) ) ;
#6315 = DIRECTION ( 'NONE',  ( 0.000000000000000000, -1.000000000000000000, 0.000000000000000000 ) ) ;
#6316 = EDGE_CURVE ( 'NONE', #830, #1178, #2486, .T. ) ;
#6317 = ORIENTED_EDGE ( 'NONE', *, *, #2473, .T. ) ;
#6318 = CARTESIAN_POINT ( 'NONE',  ( 0.9195677519107495757, 1.377952755905512028, -0.3499658142157870966 ) ) ;
#6319 = PLANE ( 'NONE',  #6505 ) ;
#6320 = EDGE_CURVE ( 'NONE', #7880, #8209, #7043, .T. ) ;
#6321 = ORIENTED_EDGE ( 'NONE', *, *, #6934, .T. ) ;
#6322 = CARTESIAN_POINT ( 'NONE',  ( 1.601138960297982639, 1.200787401574803237, 2.174585915463580044 ) ) ;
#6323 = ORIENTED_EDGE ( 'NONE', *, *, #1201, .F. ) ;
#6324 = PLANE ( 'NONE',  #7973 ) ;
#6325 = EDGE_CURVE ( 'NONE', #8282, #6668, #4375, .T. ) ;
#6326 = EDGE_CURVE ( 'NONE', #3427, #1219, #5044, .T. ) ;
#6327 = CARTESIAN_POINT ( 'NONE',  ( -0.8910370314036653028, 1.200787401574803237, 2.554153480478467131 ) ) ;
#6328 = CARTESIAN_POINT ( 'NONE',  ( 2.217819075456681333, 1.377952755905512028, 4.748196907455893623 ) ) ;
#6329 = ORIENTED_EDGE ( 'NONE', *, *, #225, .T. ) ;
#6330 = VERTEX_POINT ( 'NONE', #1682 ) ;
#6331 = VERTEX_POINT ( 'NONE', #7758 ) ;
#6332 = CARTESIAN_POINT ( 'NONE',  ( -0.7469325417247473231, 1.082677165354330784, 3.091958757558953330 ) ) ;
#6333 = CARTESIAN_POINT ( 'NONE',  ( 2.657480314960631418, 1.200787401574803237, 0.2819855394721875186 ) ) ;
#6334 = LINE ( 'NONE', #2211, #343 ) ;
#6335 = CARTESIAN_POINT ( 'NONE',  ( 1.425098971598872888, 0.8464566929133909845, 4.290519742101568390 ) ) ;
#6336 = EDGE_LOOP ( 'NONE', ( #646, #8552, #3350, #1887 ) ) ;
#6337 = PLANE ( 'NONE',  #747 ) ;
#6338 = CARTESIAN_POINT ( 'NONE',  ( 0.5255284061370095738, 1.082677165354330784, 2.543503556238737584 ) ) ;
#6339 = CARTESIAN_POINT ( 'NONE',  ( 0.6329382721209004803, 1.348031496062992440, 0.1116466293098953427 ) ) ;
#6340 = EDGE_LOOP ( 'NONE', ( #3082, #2281, #7044, #5923, #5082 ) ) ;
#6341 = DIRECTION ( 'NONE',  ( 0.000000000000000000, 0.000000000000000000, -1.000000000000000000 ) ) ;
#6342 = DIRECTION ( 'NONE',  ( 0.000000000000000000, -1.000000000000000000, 0.000000000000000000 ) ) ;
#6343 = DIRECTION ( 'NONE',  ( 0.000000000000000000, -1.000000000000000000, 0.000000000000000000 ) ) ;
#6344 = DIRECTION ( 'NONE',  ( -0.000000000000000000, -1.000000000000000000, 0.000000000000000000 ) ) ;
#6345 = EDGE_CURVE ( 'NONE', #4405, #575, #7087, .T. ) ;
#6346 = EDGE_LOOP ( 'NONE', ( #6789, #5932 ) ) ;
#6347 = CARTESIAN_POINT ( 'NONE',  ( 4.516531998516019719, 0.8858267716535439540, -0.6783301390982162671 ) ) ;
#6348 = ORIENTED_EDGE ( 'NONE', *, *, #3220, .T. ) ;
#6349 = DIRECTION ( 'NONE',  ( 0.000000000000000000, 0.000000000000000000, 1.000000000000000000 ) ) ;
#6350 = CARTESIAN_POINT ( 'NONE',  ( 2.823556891852337714, 1.377952755905512028, 2.584855005046288845 ) ) ;
#6351 = ORIENTED_EDGE ( 'NONE', *, *, #4638, .T. ) ;
#6352 = DIRECTION ( 'NONE',  ( 0.7754638790607796262, 0.000000000000000000, 0.6313919323779869641 ) ) ;
#6353 = CARTESIAN_POINT ( 'NONE',  ( 0.3168295106876288791, 1.348031496062992440, -0.2655313596039485247 ) ) ;
#6354 = ORIENTED_EDGE ( 'NONE', *, *, #3773, .F. ) ;
#6355 = DIRECTION ( 'NONE',  ( 0.000000000000000000, -1.000000000000000000, 0.000000000000000000 ) ) ;
#6356 = VERTEX_POINT ( 'NONE', #6033 ) ;
#6357 = CIRCLE ( 'NONE', #8636, 0.1161417322834645133 ) ;
#6358 = DIRECTION ( 'NONE',  ( -0.1590695136534932552, 0.000000000000000000, 0.9872673851728522854 ) ) ;
#6359 = DIRECTION ( 'NONE',  ( -0.000000000000000000, 1.000000000000000000, -0.000000000000000000 ) ) ;
#6360 = ADVANCED_FACE ( 'NONE', ( #2653 ), #7398, .F. ) ;
#6361 = ADVANCED_FACE ( 'NONE', ( #8744 ), #8650, .F. ) ;
#6362 = AXIS2_PLACEMENT_3D ( 'NONE', #2196, #3779, #5684 ) ;
#6363 = DIRECTION ( 'NONE',  ( 0.3558754527948658208, 0.000000000000000000, 0.9345333927142728259 ) ) ;
#6364 = CARTESIAN_POINT ( 'NONE',  ( 0.9192291935385781265, 1.082677165354330784, 1.700176466644688578 ) ) ;
#6365 = VERTEX_POINT ( 'NONE', #3270 ) ;
#6366 = ORIENTED_EDGE ( 'NONE', *, *, #6761, .T. ) ;
#6367 = ORIENTED_EDGE ( 'NONE', *, *, #2027, .F. ) ;
#6368 = DIRECTION ( 'NONE',  ( -0.000000000000000000, -1.000000000000000000, -0.000000000000000000 ) ) ;
#6369 = EDGE_CURVE ( 'NONE', #1833, #2350, #5897, .T. ) ;
#6370 = CARTESIAN_POINT ( 'NONE',  ( 1.260184076918280160, 1.200787401574803237, 2.058444183180118348 ) ) ;
#6371 = DIRECTION ( 'NONE',  ( -0.000000000000000000, -1.000000000000000000, -0.000000000000000000 ) ) ;
#6372 = CIRCLE ( 'NONE', #3816, 0.07874015748031500117 ) ;
#6373 = DIRECTION ( 'NONE',  ( 0.000000000000000000, 0.000000000000000000, -1.000000000000000000 ) ) ;
#6374 = ORIENTED_EDGE ( 'NONE', *, *, #8112, .F. ) ;
#6375 = EDGE_CURVE ( 'NONE', #7560, #95, #2616, .T. ) ;
#6377 = EDGE_CURVE ( 'NONE', #7273, #6432, #1989, .T. ) ;
#6376 = LINE ( 'NONE', #7585, #6833 ) ;
#6378 = CARTESIAN_POINT ( 'NONE',  ( -0.3532317543231789370, 1.200787401574803237, 2.329340329382225683 ) ) ;
#6379 = AXIS2_PLACEMENT_3D ( 'NONE', #2814, #3354, #6896 ) ;
#6380 = DIRECTION ( 'NONE',  ( -0.000000000000000000, -1.000000000000000000, -0.000000000000000000 ) ) ;
#6381 = ORIENTED_EDGE ( 'NONE', *, *, #6168, .F. ) ;
#6382 = CARTESIAN_POINT ( 'NONE',  ( 1.601138960297982639, 1.200787401574803237, 2.255294576880902735 ) ) ;
#6383 = ADVANCED_FACE ( 'NONE', ( #703 ), #8069, .F. ) ;
#6384 = ORIENTED_EDGE ( 'NONE', *, *, #4945, .T. ) ;
#6385 = AXIS2_PLACEMENT_3D ( 'NONE', #4789, #5621, #3375 ) ;
#6386 = CARTESIAN_POINT ( 'NONE',  ( -0.7469325417247473231, 1.082677165354330784, 3.011250096141630195 ) ) ;
#6387 = CARTESIAN_POINT ( 'NONE',  ( 0.4341698204799581684, 1.082677165354330784, 0.9655207958634175469 ) ) ;
#6388 =( LENGTH_UNIT ( ) NAMED_UNIT ( * ) SI_UNIT ( $, .METRE. ) );
#6389 = ORIENTED_EDGE ( 'NONE', *, *, #8549, .T. ) ;
#6390 = FACE_OUTER_BOUND ( 'NONE', #2644, .T. ) ;
#6391 = ORIENTED_EDGE ( 'NONE', *, *, #3924, .F. ) ;
#6392 = CARTESIAN_POINT ( 'NONE',  ( 0.06123656798656440525, 1.348031496062992440, 0.7166362343449057537 ) ) ;
#6393 = LINE ( 'NONE', #5864, #331 ) ;
#6394 = ORIENTED_EDGE ( 'NONE', *, *, #3201, .T. ) ;
#6395 = AXIS2_PLACEMENT_3D ( 'NONE', #92, #8179, #2181 ) ;
#6396 = EDGE_CURVE ( 'NONE', #6545, #498, #5317, .T. ) ;
#6397 = AXIS2_PLACEMENT_3D ( 'NONE', #5905, #7320, #8621 ) ;
#6398 = CARTESIAN_POINT ( 'NONE',  ( 1.994839747699551191, 1.200787401574803237, 1.492676148704175532 ) ) ;
#6399 = DIRECTION ( 'NONE',  ( -0.4999999999999918954, 0.000000000000000000, 0.8660254037844431485 ) ) ;
#6400 = EDGE_LOOP ( 'NONE', ( #204, #253, #2352, #622, #8080, #3788, #7021, #829 ) ) ;
#6401 = CARTESIAN_POINT ( 'NONE',  ( -0.1563813606223946606, 1.200787401574803237, 2.069094107419847006 ) ) ;
#6402 = AXIS2_PLACEMENT_3D ( 'NONE', #5989, #3193, #7184 ) ;
#6403 = CIRCLE ( 'NONE', #4402, 0.08070866141732283006 ) ;
#6404 = EDGE_LOOP ( 'NONE', ( #5862, #6874, #2681, #5160, #3336, #7668 ) ) ;
#6405 = VECTOR ( 'NONE', #2480, 39.37007874015748143 ) ;
#6406 = FACE_OUTER_BOUND ( 'NONE', #2774, .T. ) ;
#6407 = LINE ( 'NONE', #957, #3315 ) ;
#6408 = VECTOR ( 'NONE', #5049, 39.37007874015748143 ) ;
#6409 = AXIS2_PLACEMENT_3D ( 'NONE', #1318, #2023, #1272 ) ;
#6410 = VECTOR ( 'NONE', #6641, 39.37007874015748143 ) ;
#6411 = CARTESIAN_POINT ( 'NONE',  ( -0.05155159258191569643, 1.082677165354330562, -0.8583110083256410006 ) ) ;
#6412 = EDGE_LOOP ( 'NONE', ( #8054, #6074, #1829, #140 ) ) ;
#6413 = ORIENTED_EDGE ( 'NONE', *, *, #4684, .F. ) ;
#6414 = ORIENTED_EDGE ( 'NONE', *, *, #1910, .F. ) ;
#6415 = AXIS2_PLACEMENT_3D ( 'NONE', #8567, #1402, #1813 ) ;
#6416 = LINE ( 'NONE', #6462, #6664 ) ;
#6417 = CIRCLE ( 'NONE', #49, 0.08070866141732309373 ) ;
#6418 = AXIS2_PLACEMENT_3D ( 'NONE', #1650, #5510, #6969 ) ;
#6419 = LINE ( 'NONE', #8426, #8260 ) ;
#6420 = CARTESIAN_POINT ( 'NONE',  ( -0.4177630610574525893, 1.082677165354330784, 1.858753102767950915 ) ) ;
#6421 = AXIS2_PLACEMENT_3D ( 'NONE', #7072, #8509, #5336 ) ;
#6422 = ORIENTED_EDGE ( 'NONE', *, *, #2058, .T. ) ;
#6423 = EDGE_CURVE ( 'NONE', #5131, #6781, #8711, .T. ) ;
#6424 = AXIS2_PLACEMENT_3D ( 'NONE', #315, #3813, #3025 ) ;
#6425 = DIRECTION ( 'NONE',  ( 0.000000000000000000, -1.000000000000000000, 0.000000000000000000 ) ) ;
#6426 = VERTEX_POINT ( 'NONE', #4645 ) ;
#6427 = FACE_OUTER_BOUND ( 'NONE', #6336, .T. ) ;
#6428 = DIRECTION ( 'NONE',  ( -0.1730638617519517641, 0.000000000000000000, -0.9849106049563590703 ) ) ;
#6429 = ORIENTED_EDGE ( 'NONE', *, *, #6632, .T. ) ;
#6430 = EDGE_CURVE ( 'NONE', #6980, #345, #3362, .T. ) ;
#6431 = PLANE ( 'NONE',  #4868 ) ;
#6432 = VERTEX_POINT ( 'NONE', #4740 ) ;
#6433 = AXIS2_PLACEMENT_3D ( 'NONE', #4243, #121, #6912 ) ;
#6434 = VECTOR ( 'NONE', #2127, 39.37007874015748854 ) ;
#6435 = CARTESIAN_POINT ( 'NONE',  ( 4.921259842519685179, 0.000000000000000000, 2.841290694830833630 ) ) ;
#6436 = VERTEX_POINT ( 'NONE', #6736 ) ;
#6437 = EDGE_CURVE ( 'NONE', #4133, #5467, #8118, .T. ) ;
#6438 = EDGE_CURVE ( 'NONE', #4417, #6701, #5270, .T. ) ;
#6439 = FACE_OUTER_BOUND ( 'NONE', #1665, .T. ) ;
#6440 = VECTOR ( 'NONE', #1931, 39.37007874015748854 ) ;
#6441 = CYLINDRICAL_SURFACE ( 'NONE', #7055, 0.08070866141732287169 ) ;
#6442 = DIRECTION ( 'NONE',  ( 0.9849106049563591814, 0.000000000000000000, -0.1730638617519519862 ) ) ;
#6443 = ORIENTED_EDGE ( 'NONE', *, *, #6203, .F. ) ;
#6444 = DIRECTION ( 'NONE',  ( 0.000000000000000000, -1.000000000000000000, 0.000000000000000000 ) ) ;
#6445 = ORIENTED_EDGE ( 'NONE', *, *, #7729, .F. ) ;
#6446 = DIRECTION ( 'NONE',  ( 0.000000000000000000, 0.000000000000000000, 1.000000000000000000 ) ) ;
#6447 = CARTESIAN_POINT ( 'NONE',  ( -0.7870128868562318303, 1.377952755905512028, 4.887082620901813890 ) ) ;
#6448 = CARTESIAN_POINT ( 'NONE',  ( 4.305459380304155204, 0.3691672858002385538, -1.639121317237444142 ) ) ;
#6449 = ORIENTED_EDGE ( 'NONE', *, *, #2051, .F. ) ;
#6450 = CARTESIAN_POINT ( 'NONE',  ( 0.9719750975604446452, 1.200787401574803237, 0.8214163061844997893 ) ) ;
#6451 = CARTESIAN_POINT ( 'NONE',  ( 0.6329382721209004803, 1.348031496062992440, 0.1116466293098953427 ) ) ;
#6452 = ORIENTED_EDGE ( 'NONE', *, *, #8794, .F. ) ;
#6453 = DIRECTION ( 'NONE',  ( 0.000000000000000000, 0.000000000000000000, -1.000000000000000000 ) ) ;
#6454 = VERTEX_POINT ( 'NONE', #7447 ) ;
#6455 = CARTESIAN_POINT ( 'NONE',  ( 0.3168295106876288791, -7.874015748039371056E-05, -0.1493896273204839975 ) ) ;
#6456 = LINE ( 'NONE', #3121, #7429 ) ;
#6457 = CARTESIAN_POINT ( 'NONE',  ( 4.275206133378123496, 0.5905511811023628210, -1.255510881645134802 ) ) ;
#6458 = VERTEX_POINT ( 'NONE', #1947 ) ;
#6459 = ORIENTED_EDGE ( 'NONE', *, *, #2403, .F. ) ;
#6460 = ORIENTED_EDGE ( 'NONE', *, *, #7304, .T. ) ;
#6461 = EDGE_CURVE ( 'NONE', #2822, #345, #7311, .T. ) ;
#6462 = CARTESIAN_POINT ( 'NONE',  ( -0.8910370314036653028, 1.200787401574803237, 2.473444819061144440 ) ) ;
#6463 = FACE_OUTER_BOUND ( 'NONE', #4025, .T. ) ;
#6464 = CARTESIAN_POINT ( 'NONE',  ( 1.312929980940146901, 1.200787401574803237, 1.098975361302606979 ) ) ;
#6465 = ORIENTED_EDGE ( 'NONE', *, *, #7400, .T. ) ;
#6466 = DIRECTION ( 'NONE',  ( 0.9849106049563591814, 0.000000000000000000, -0.1730638617519520417 ) ) ;
#6467 = ORIENTED_EDGE ( 'NONE', *, *, #8112, .T. ) ;
#6468 = CARTESIAN_POINT ( 'NONE',  ( 0.9719750975604446452, 1.200787401574803237, 0.9021249676018227026 ) ) ;
#6469 = DIRECTION ( 'NONE',  ( 0.4999999999999881206, 0.000000000000000000, -0.8660254037844454800 ) ) ;
#6470 = ORIENTED_EDGE ( 'NONE', *, *, #1391, .F. ) ;
#6471 = DIRECTION ( 'NONE',  ( 0.000000000000000000, -1.000000000000000000, 0.000000000000000000 ) ) ;
#6472 = ORIENTED_EDGE ( 'NONE', *, *, #4297, .F. ) ;
#6473 = EDGE_CURVE ( 'NONE', #8587, #8651, #619, .T. ) ;
#6474 = PLANE ( 'NONE',  #8137 ) ;
#6475 = ORIENTED_EDGE ( 'NONE', *, *, #2661, .T. ) ;
#6476 = EDGE_CURVE ( 'NONE', #6150, #1178, #8789, .T. ) ;
#6477 = CARTESIAN_POINT ( 'NONE',  ( 0.1318276187354409934, 1.200787401574803237, 3.225413322998142540 ) ) ;
#6478 = DIRECTION ( 'NONE',  ( 0.9345333927142711605, 0.000000000000000000, -0.3558754527948699287 ) ) ;
#6479 = DIRECTION ( 'NONE',  ( -0.000000000000000000, -1.000000000000000000, -0.000000000000000000 ) ) ;
#6480 = ORIENTED_EDGE ( 'NONE', *, *, #6170, .F. ) ;
#6481 = DIRECTION ( 'NONE',  ( 0.000000000000000000, 0.000000000000000000, -1.000000000000000000 ) ) ;
#6482 = ORIENTED_EDGE ( 'NONE', *, *, #5629, .F. ) ;
#6483 = EDGE_CURVE ( 'NONE', #1919, #5822, #4019, .T. ) ;
#6484 = EDGE_CURVE ( 'NONE', #1934, #8326, #4561, .T. ) ;
#6485 = CARTESIAN_POINT ( 'NONE',  ( 3.522982030168329004, 0.000000000000000000, -1.341149641262840086 ) ) ;
#6486 = CARTESIAN_POINT ( 'NONE',  ( 0.8137373854948456442, 1.200787401574803237, 3.538405448982388180 ) ) ;
#6487 = VECTOR ( 'NONE', #516, 39.37007874015748854 ) ;
#6488 = ORIENTED_EDGE ( 'NONE', *, *, #2329, .T. ) ;
#6489 = CARTESIAN_POINT ( 'NONE',  ( 0.7083738699036696840, 1.348031496062992440, 0.04842487702324047710 ) ) ;
#6490 = CARTESIAN_POINT ( 'NONE',  ( 2.926673774748453472, 0.000000000000000000, 1.689715891681201843 ) ) ;
#6491 = ORIENTED_EDGE ( 'NONE', *, *, #6598, .F. ) ;
#6492 = LINE ( 'NONE', #8496, #5142 ) ;
#6493 = ORIENTED_EDGE ( 'NONE', *, *, #4742, .F. ) ;
#6494 = LINE ( 'NONE', #3076, #4848 ) ;
#6495 = CIRCLE ( 'NONE', #2667, 0.06496062992125989366 ) ;
#6496 = CARTESIAN_POINT ( 'NONE',  ( -1.564132145497158843, 15.67005943375638211, 4.289497547441923686 ) ) ;
#6497 = CARTESIAN_POINT ( 'NONE',  ( 1.870078740157481434, 1.200787401574803237, -0.5054160353309620213 ) ) ;
#6498 = ORIENTED_EDGE ( 'NONE', *, *, #601, .T. ) ;
#6499 = AXIS2_PLACEMENT_3D ( 'NONE', #5571, #2159, #3529 ) ;
#6500 = ORIENTED_EDGE ( 'NONE', *, *, #3626, .F. ) ;
#6501 = ORIENTED_EDGE ( 'NONE', *, *, #8649, .F. ) ;
#6502 = DIRECTION ( 'NONE',  ( 0.000000000000000000, 0.000000000000000000, -1.000000000000000000 ) ) ;
#6503 = CARTESIAN_POINT ( 'NONE',  ( -1.087887425104449246, 1.200787401574803237, 2.814399702440845807 ) ) ;
#6504 = ORIENTED_EDGE ( 'NONE', *, *, #3458, .T. ) ;
#6505 = AXIS2_PLACEMENT_3D ( 'NONE', #3520, #229, #5432 ) ;
#6506 = EDGE_CURVE ( 'NONE', #2933, #2839, #6291, .T. ) ;
#6507 = DIRECTION ( 'NONE',  ( 0.000000000000000000, 1.000000000000000000, 0.000000000000000000 ) ) ;
#6508 = ORIENTED_EDGE ( 'NONE', *, *, #8605, .T. ) ;
#6509 = LINE ( 'NONE', #1197, #4136 ) ;
#6510 = CARTESIAN_POINT ( 'NONE',  ( -0.3922651084703974167, 1.348031496062992440, 0.3287531118906023564 ) ) ;
#6511 = DIRECTION ( 'NONE',  ( 0.4999999999999918954, 0.000000000000000000, -0.8660254037844431485 ) ) ;
#6512 = ORIENTED_EDGE ( 'NONE', *, *, #3975, .F. ) ;
#6513 = DIRECTION ( 'NONE',  ( 0.000000000000000000, 0.000000000000000000, -1.000000000000000000 ) ) ;
#6514 = VERTEX_POINT ( 'NONE', #4160 ) ;
#6515 = AXIS2_PLACEMENT_3D ( 'NONE', #3321, #3976, #8569 ) ;
#6516 = CARTESIAN_POINT ( 'NONE',  ( -0.0007207492543572252986, 1.141732283464567121, 0.6427093485177919341 ) ) ;
#6517 = ORIENTED_EDGE ( 'NONE', *, *, #980, .T. ) ;
#6518 = EDGE_CURVE ( 'NONE', #5307, #4587, #3463, .T. ) ;
#6519 = FACE_OUTER_BOUND ( 'NONE', #2894, .T. ) ;
#6520 = FACE_BOUND ( 'NONE', #5813, .T. ) ;
#6521 = VERTEX_POINT ( 'NONE', #3461 ) ;
#6522 = CARTESIAN_POINT ( 'NONE',  ( -0.0007207492543572252986, -7.874015748039371056E-05, 0.6427093485177919341 ) ) ;
#6523 = ORIENTED_EDGE ( 'NONE', *, *, #2194, .T. ) ;
#6524 = CARTESIAN_POINT ( 'NONE',  ( -0.3128487469928650233, 0.000000000000000000, 1.944175587657359205 ) ) ;
#6525 = DIRECTION ( 'NONE',  ( -0.000000000000000000, -1.000000000000000000, -0.000000000000000000 ) ) ;
#6526 = AXIS2_PLACEMENT_3D ( 'NONE', #479, #4551, #8601 ) ;
#6527 = ORIENTED_EDGE ( 'NONE', *, *, #5770, .T. ) ;
#6528 = ADVANCED_FACE ( 'NONE', ( #3652 ), #116, .F. ) ;
#6529 = EDGE_CURVE ( 'NONE', #1270, #845, #6575, .T. ) ;
#6530 = DIRECTION ( 'NONE',  ( 0.000000000000000000, 0.000000000000000000, -1.000000000000000000 ) ) ;
#6531 = EDGE_CURVE ( 'NONE', #5296, #6701, #910, .T. ) ;
#6532 = DIRECTION ( 'NONE',  ( 0.000000000000000000, 0.000000000000000000, 1.000000000000000000 ) ) ;
#6533 = DIRECTION ( 'NONE',  ( 0.000000000000000000, 0.000000000000000000, -1.000000000000000000 ) ) ;
#6534 = AXIS2_PLACEMENT_3D ( 'NONE', #473, #3834, #3182 ) ;
#6535 = ORIENTED_EDGE ( 'NONE', *, *, #6934, .F. ) ;
#6536 = CARTESIAN_POINT ( 'NONE',  ( 0.7751247038596602579, 1.200787401574803237, 1.243079850981525070 ) ) ;
#6537 = ORIENTED_EDGE ( 'NONE', *, *, #2743, .F. ) ;
#6538 = DIRECTION ( 'NONE',  ( 0.8660254037844433705, -0.000000000000000000, 0.4999999999999920064 ) ) ;
#6539 = DIRECTION ( 'NONE',  ( -0.000000000000000000, -1.000000000000000000, -0.000000000000000000 ) ) ;
#6540 = EDGE_CURVE ( 'NONE', #6554, #8785, #751, .T. ) ;
#6541 = VECTOR ( 'NONE', #4249, 39.37007874015748854 ) ;
#6542 = AXIS2_PLACEMENT_3D ( 'NONE', #5197, #8624, #6530 ) ;
#6543 = DIRECTION ( 'NONE',  ( 0.000000000000000000, -1.000000000000000000, 0.000000000000000000 ) ) ;
#6544 = AXIS2_PLACEMENT_3D ( 'NONE', #4304, #3607, #2970 ) ;
#6545 = VERTEX_POINT ( 'NONE', #39 ) ;
#6546 = ORIENTED_EDGE ( 'NONE', *, *, #8196, .T. ) ;
#6547 = ORIENTED_EDGE ( 'NONE', *, *, #7892, .F. ) ;
#6548 = PLANE ( 'NONE',  #5102 ) ;
#6549 = DIRECTION ( 'NONE',  ( -0.1730638617519519584, 0.000000000000000000, -0.9849106049563591814 ) ) ;
#6550 = CIRCLE ( 'NONE', #3994, 0.08070866141732296883 ) ;
#6551 = CIRCLE ( 'NONE', #3995, 0.08070866141732313537 ) ;
#6552 = ORIENTED_EDGE ( 'NONE', *, *, #662, .T. ) ;
#6553 = CARTESIAN_POINT ( 'NONE',  ( 1.404288566597198473, 1.082677165354330784, 2.596249460260604547 ) ) ;
#6554 = VERTEX_POINT ( 'NONE', #7782 ) ;
#6555 = AXIS2_PLACEMENT_3D ( 'NONE', #6189, #2272, #104 ) ;
#6556 = FACE_OUTER_BOUND ( 'NONE', #6254, .T. ) ;
#6557 = LINE ( 'NONE', #5178, #2580 ) ;
#6558 = VECTOR ( 'NONE', #3655, 39.37007874015748143 ) ;
#6559 = AXIS2_PLACEMENT_3D ( 'NONE', #2408, #5162, #459 ) ;
#6560 = ORIENTED_EDGE ( 'NONE', *, *, #251, .T. ) ;
#6561 = CIRCLE ( 'NONE', #6277, 0.3149606299212600047 ) ;
#6562 = DIRECTION ( 'NONE',  ( 0.000000000000000000, 0.000000000000000000, -1.000000000000000000 ) ) ;
#6563 = VERTEX_POINT ( 'NONE', #1416 ) ;
#6564 = EDGE_CURVE ( 'NONE', #3308, #5883, #995, .T. ) ;
#6565 = FACE_OUTER_BOUND ( 'NONE', #4911, .T. ) ;
#6566 = AXIS2_PLACEMENT_3D ( 'NONE', #6181, #4881, #4088 ) ;
#6567 = AXIS2_PLACEMENT_3D ( 'NONE', #7723, #7147, #5095 ) ;
#6568 = AXIS2_PLACEMENT_3D ( 'NONE', #2796, #1595, #2919 ) ;
#6569 = FACE_OUTER_BOUND ( 'NONE', #2532, .T. ) ;
#6570 = FACE_BOUND ( 'NONE', #4077, .T. ) ;
#6571 = VERTEX_POINT ( 'NONE', #8459 ) ;
#6572 = ORIENTED_EDGE ( 'NONE', *, *, #6771, .F. ) ;
#6573 = CARTESIAN_POINT ( 'NONE',  ( 0.6889763779527567911, 1.200787401574803237, -0.5054160353309620213 ) ) ;
#6574 = CIRCLE ( 'NONE', #5574, 0.1161417322834645827 ) ;
#6575 = CIRCLE ( 'NONE', #4728, 0.08070866141732378762 ) ;
#6576 = EDGE_LOOP ( 'NONE', ( #5478, #5605 ) ) ;
#6577 = EDGE_CURVE ( 'NONE', #1115, #5119, #3877, .T. ) ;
#6578 = DIRECTION ( 'NONE',  ( 0.000000000000000000, -1.000000000000000000, 0.000000000000000000 ) ) ;
#6579 = CARTESIAN_POINT ( 'NONE',  ( -1.179246010761500818, 1.200787401574803237, 1.478542926317494288 ) ) ;
#6580 = ORIENTED_EDGE ( 'NONE', *, *, #3848, .F. ) ;
#6581 = DIRECTION ( 'NONE',  ( -0.6423330032324087169, 0.000000000000000000, -0.7664256734729300025 ) ) ;
#6582 = CARTESIAN_POINT ( 'NONE',  ( 2.483432426354841738, 1.082677165354330784, 1.433810379870182228 ) ) ;
#6583 = LINE ( 'NONE', #5331, #4280 ) ;
#6584 = EDGE_LOOP ( 'NONE', ( #2601, #5030, #7484, #3152 ) ) ;
#6585 = CARTESIAN_POINT ( 'NONE',  ( 2.657480314960631418, 1.082677165354330784, 0.2819855394721875186 ) ) ;
#6586 = VERTEX_POINT ( 'NONE', #8364 ) ;
#6587 = EDGE_CURVE ( 'NONE', #3576, #7370, #2982, .T. ) ;
#6588 = DIRECTION ( 'NONE',  ( 0.000000000000000000, 0.000000000000000000, -1.000000000000000000 ) ) ;
#6589 = CARTESIAN_POINT ( 'NONE',  ( 2.263779527559056426, 1.082677165354330784, 0.2819855394721875186 ) ) ;
#6590 = EDGE_CURVE ( 'NONE', #3649, #7186, #2276, .T. ) ;
#6591 = EDGE_CURVE ( 'NONE', #3857, #3427, #6407, .T. ) ;
#6592 = DIRECTION ( 'NONE',  ( -0.000000000000000000, -1.000000000000000000, -0.000000000000000000 ) ) ;
#6593 = EDGE_LOOP ( 'NONE', ( #7632, #7407 ) ) ;
#6594 = EDGE_LOOP ( 'NONE', ( #608, #4470 ) ) ;
#6595 = ORIENTED_EDGE ( 'NONE', *, *, #6297, .T. ) ;
#6596 = DIRECTION ( 'NONE',  ( 0.000000000000000000, 0.000000000000000000, -1.000000000000000000 ) ) ;
#6597 = DIRECTION ( 'NONE',  ( 0.000000000000000000, 0.000000000000000000, -1.000000000000000000 ) ) ;
#6598 = EDGE_CURVE ( 'NONE', #4562, #1292, #796, .T. ) ;
#6599 = CARTESIAN_POINT ( 'NONE',  ( 4.836021121674785483, 0.3937007874015752140, 2.792078096405593790 ) ) ;
#6600 = CARTESIAN_POINT ( 'NONE',  ( 0.3328427068685649304, 1.082677165354330784, -0.8276843385298137123 ) ) ;
#6601 = FACE_OUTER_BOUND ( 'NONE', #3698, .T. ) ;
#6602 = ORIENTED_EDGE ( 'NONE', *, *, #6642, .T. ) ;
#6603 = DIRECTION ( 'NONE',  ( 0.000000000000000000, 1.000000000000000000, 0.000000000000000000 ) ) ;
#6604 = CARTESIAN_POINT ( 'NONE',  ( 0.6329382721209004803, -7.874015748039371056E-05, 0.1116466293098953427 ) ) ;
#6605 = CARTESIAN_POINT ( 'NONE',  ( -0.3168295106876288791, -7.874015748039371056E-05, 0.2005707296826883534 ) ) ;
#6606 = DIRECTION ( 'NONE',  ( 0.000000000000000000, 0.000000000000000000, -1.000000000000000000 ) ) ;
#6607 = FACE_BOUND ( 'NONE', #6808, .T. ) ;
#6608 = EDGE_LOOP ( 'NONE', ( #126, #1371, #6753, #2383 ) ) ;
#6609 = PLANE ( 'NONE',  #5272 ) ;
#6610 = VERTEX_POINT ( 'NONE', #4398 ) ;
#6611 = DIRECTION ( 'NONE',  ( 0.000000000000000000, -1.000000000000000000, 0.000000000000000000 ) ) ;
#6612 = DIRECTION ( 'NONE',  ( -0.000000000000000000, -1.000000000000000000, 0.000000000000000000 ) ) ;
#6613 = ORIENTED_EDGE ( 'NONE', *, *, #3282, .T. ) ;
#6614 = EDGE_CURVE ( 'NONE', #7519, #6980, #4977, .T. ) ;
#6615 = CARTESIAN_POINT ( 'NONE',  ( -0.9193914864464498571, 1.377952755905512028, 0.3501093316575699665 ) ) ;
#6616 = CARTESIAN_POINT ( 'NONE',  ( -0.01419902979620381832, 1.141732283464567121, 0.7798579866315596965 ) ) ;
#6617 = DIRECTION ( 'NONE',  ( 0.7664256734729302245, 0.000000000000000000, -0.6423330032324084948 ) ) ;
#6618 = ORIENTED_EDGE ( 'NONE', *, *, #515, .F. ) ;
#6619 = LINE ( 'NONE', #541, #2881 ) ;
#6620 = ORIENTED_EDGE ( 'NONE', *, *, #8481, .T. ) ;
#6621 = CARTESIAN_POINT ( 'NONE',  ( 0.1318276187354409656, 1.082677165354330784, 3.063996000163497158 ) ) ;
#6622 = PLANE ( 'NONE',  #5561 ) ;
#6623 = ORIENTED_EDGE ( 'NONE', *, *, #4350, .T. ) ;
#6624 = CARTESIAN_POINT ( 'NONE',  ( 4.286233879637591393, 0.000000000000000000, -0.7197008889223382999 ) ) ;
#6625 = DIRECTION ( 'NONE',  ( -0.000000000000000000, -1.000000000000000000, -0.000000000000000000 ) ) ;
#6626 = ORIENTED_EDGE ( 'NONE', *, *, #5348, .T. ) ;
#6627 = EDGE_LOOP ( 'NONE', ( #6971, #4458 ) ) ;
#6628 = ORIENTED_EDGE ( 'NONE', *, *, #8101, .F. ) ;
#6629 = CARTESIAN_POINT ( 'NONE',  ( 1.653884864319848935, 1.082677165354330784, 1.376534416420714502 ) ) ;
#6630 = AXIS2_PLACEMENT_3D ( 'NONE', #8443, #2305, #5011 ) ;
#6631 = CARTESIAN_POINT ( 'NONE',  ( -0.0007207492543572252986, 1.348031496062992440, 0.7588510808012565168 ) ) ;
#6632 = EDGE_CURVE ( 'NONE', #5883, #5902, #7112, .T. ) ;
#6633 = EDGE_CURVE ( 'NONE', #429, #4328, #2748, .T. ) ;
#6634 = AXIS2_PLACEMENT_3D ( 'NONE', #687, #3390, #1893 ) ;
#6635 = DIRECTION ( 'NONE',  ( 0.000000000000000000, -1.000000000000000000, 0.000000000000000000 ) ) ;
#6636 = CARTESIAN_POINT ( 'NONE',  ( -1.035141521082583171, 1.200787401574803237, 2.097056864815303623 ) ) ;
#6637 = CARTESIAN_POINT ( 'NONE',  ( 0.6453142551084108947, 1.348031496062992440, 0.2271270909598940291 ) ) ;
#6638 = EDGE_CURVE ( 'NONE', #5883, #7794, #5488, .T. ) ;
#6639 = EDGE_LOOP ( 'NONE', ( #6329, #3247, #4674, #3352 ) ) ;
#6640 = CARTESIAN_POINT ( 'NONE',  ( -0.9068336972875413737, 1.082677165354330784, 0.2721692199308546889 ) ) ;
#6641 = DIRECTION ( 'NONE',  ( -0.1590695136534933385, 0.000000000000000000, 0.9872673851728522854 ) ) ;
#6642 = EDGE_CURVE ( 'NONE', #2531, #2387, #1460, .T. ) ;
#6643 = AXIS2_PLACEMENT_3D ( 'NONE', #8759, #1298, #3998 ) ;
#6644 = DIRECTION ( 'NONE',  ( 0.000000000000000000, 0.000000000000000000, -1.000000000000000000 ) ) ;
#6645 = ADVANCED_FACE ( 'NONE', ( #4356 ), #7064, .F. ) ;
#6646 = VERTEX_POINT ( 'NONE', #4778 ) ;
#6647 = CARTESIAN_POINT ( 'NONE',  ( 2.840604636021325291, 1.181102362204724532, 2.594697524731329974 ) ) ;
#6648 = EDGE_CURVE ( 'NONE', #8553, #5882, #5961, .T. ) ;
#6649 = VECTOR ( 'NONE', #6178, 39.37007874015748143 ) ;
#6650 = FACE_BOUND ( 'NONE', #100, .T. ) ;
#6651 = EDGE_LOOP ( 'NONE', ( #1963, #3523, #2522, #4179 ) ) ;
#6652 = FACE_BOUND ( 'NONE', #6903, .T. ) ;
#6653 = VERTEX_POINT ( 'NONE', #8546 ) ;
#6654 = CARTESIAN_POINT ( 'NONE',  ( 1.994839747699551191, 1.082677165354330784, 1.411967487286851952 ) ) ;
#6655 = CARTESIAN_POINT ( 'NONE',  ( 0.5255284061370095738, 1.200787401574803237, 2.462794894821415781 ) ) ;
#6656 = VERTEX_POINT ( 'NONE', #7961 ) ;
#6657 = CIRCLE ( 'NONE', #2551, 0.08070866141732241372 ) ;
#6658 = DIRECTION ( 'NONE',  ( 0.000000000000000000, 0.000000000000000000, -1.000000000000000000 ) ) ;
#6659 = LINE ( 'NONE', #5371, #5368 ) ;
#6660 = FACE_OUTER_BOUND ( 'NONE', #3386, .T. ) ;
#6661 = ORIENTED_EDGE ( 'NONE', *, *, #2508, .T. ) ;
#6662 = DIRECTION ( 'NONE',  ( -0.000000000000000000, -1.000000000000000000, -0.000000000000000000 ) ) ;
#6663 = VERTEX_POINT ( 'NONE', #7162 ) ;
#6664 = VECTOR ( 'NONE', #7708, 39.37007874015748143 ) ;
#6665 = CARTESIAN_POINT ( 'NONE',  ( 0.1318276187354409656, 1.200787401574803237, 3.144704661580819849 ) ) ;
#6666 = DIRECTION ( 'NONE',  ( 0.000000000000000000, 0.000000000000000000, -1.000000000000000000 ) ) ;
#6667 = ADVANCED_FACE ( 'NONE', ( #5164 ), #4628, .F. ) ;
#6668 = VERTEX_POINT ( 'NONE', #1090 ) ;
#6669 = CARTESIAN_POINT ( 'NONE',  ( -0.8832170169156220441, 1.082677165354330784, 0.1255919296523553552 ) ) ;
#6670 = CIRCLE ( 'NONE', #1434, 0.08070866141732323251 ) ;
#6671 = LINE ( 'NONE', #8732, #3241 ) ;
#6672 = ORIENTED_EDGE ( 'NONE', *, *, #3399, .T. ) ;
#6673 = DIRECTION ( 'NONE',  ( 0.000000000000000000, 0.000000000000000000, -1.000000000000000000 ) ) ;
#6674 = ORIENTED_EDGE ( 'NONE', *, *, #4799, .F. ) ;
#6675 = ORIENTED_EDGE ( 'NONE', *, *, #6747, .T. ) ;
#6676 = DIRECTION ( 'NONE',  ( 0.000000000000000000, 0.000000000000000000, -1.000000000000000000 ) ) ;
#6677 = DIRECTION ( 'NONE',  ( 0.000000000000000000, -1.000000000000000000, 0.000000000000000000 ) ) ;
#6678 = AXIS2_PLACEMENT_3D ( 'NONE', #2964, #2304, #8304 ) ;
#6679 = FACE_OUTER_BOUND ( 'NONE', #1560, .T. ) ;
#6680 = ORIENTED_EDGE ( 'NONE', *, *, #7181, .T. ) ;
#6681 = CARTESIAN_POINT ( 'NONE',  ( 0.2373194267791739476, 1.200787401574803237, 1.467893002077765630 ) ) ;
#6682 = DIRECTION ( 'NONE',  ( 0.000000000000000000, 1.000000000000000000, 0.000000000000000000 ) ) ;
#6683 = VERTEX_POINT ( 'NONE', #8012 ) ;
#6684 = CARTESIAN_POINT ( 'NONE',  ( 1.207438172896414086, 1.200787401574803237, 2.856495682222984112 ) ) ;
#6685 = VECTOR ( 'NONE', #5443, 39.37007874015748143 ) ;
#6686 = AXIS2_PLACEMENT_3D ( 'NONE', #7479, #6062, #8779 ) ;
#6687 = CARTESIAN_POINT ( 'NONE',  ( 0.2519128183940240739, 1.082677165354330562, -0.4962201389683494890 ) ) ;
#6688 = CIRCLE ( 'NONE', #2295, 0.08070866141732255250 ) ;
#6689 = EDGE_CURVE ( 'NONE', #5870, #7086, #7202, .T. ) ;
#6690 = DIRECTION ( 'NONE',  ( -0.8660254037844431485, 1.232595164407830946E-32, -0.4999999999999919509 ) ) ;
#6691 = VECTOR ( 'NONE', #6784, 39.37007874015748854 ) ;
#6692 = AXIS2_PLACEMENT_3D ( 'NONE', #1929, #3384, #6666 ) ;
#6693 = EDGE_LOOP ( 'NONE', ( #2239, #3212, #3233, #6472 ) ) ;
#6694 = EDGE_CURVE ( 'NONE', #2332, #6656, #65, .T. ) ;
#6695 = CIRCLE ( 'NONE', #4140, 0.08070866141732296883 ) ;
#6696 = CYLINDRICAL_SURFACE ( 'NONE', #2859, 0.08070866141732269128 ) ;
#6697 = FACE_BOUND ( 'NONE', #709, .T. ) ;
#6698 = ORIENTED_EDGE ( 'NONE', *, *, #8356, .T. ) ;
#6699 = ORIENTED_EDGE ( 'NONE', *, *, #7296, .T. ) ;
#6700 = CARTESIAN_POINT ( 'NONE',  ( 3.051181102362205966, 1.200787401574803237, 0.2819855394721875186 ) ) ;
#6701 = VERTEX_POINT ( 'NONE', #1758 ) ;
#6702 = CIRCLE ( 'NONE', #40, 0.06496062992125996305 ) ;
#6703 = AXIS2_PLACEMENT_3D ( 'NONE', #7666, #4168, #4293 ) ;
#6704 = CARTESIAN_POINT ( 'NONE',  ( -1.087887425104449246, 1.200787401574803237, 2.895108363858168943 ) ) ;
#6705 = DIRECTION ( 'NONE',  ( 0.1590695136534933385, 0.000000000000000000, -0.9872673851728522854 ) ) ;
#6706 = EDGE_CURVE ( 'NONE', #7912, #5412, #2504, .T. ) ;
#6707 = EDGE_CURVE ( 'NONE', #2716, #8071, #3744, .T. ) ;
#6708 = ORIENTED_EDGE ( 'NONE', *, *, #5064, .F. ) ;
#6709 = FACE_OUTER_BOUND ( 'NONE', #5736, .T. ) ;
#6710 = CIRCLE ( 'NONE', #1190, 0.08070866141732296883 ) ;
#6711 = CIRCLE ( 'NONE', #2750, 0.08070866141732313537 ) ;
#6712 = CYLINDRICAL_SURFACE ( 'NONE', #7780, 0.08070866141732313537 ) ;
#6713 = PLANE ( 'NONE',  #3155 ) ;
#6714 = EDGE_LOOP ( 'NONE', ( #1501, #5183, #6245, #3903 ) ) ;
#6715 = CARTESIAN_POINT ( 'NONE',  ( 3.084154089709080893, 0.3937007874015750475, 1.416951984977440349 ) ) ;
#6716 = VERTEX_POINT ( 'NONE', #4455 ) ;
#6717 = CARTESIAN_POINT ( 'NONE',  ( 1.797989353998767026, 1.200787401574803237, 1.752922370666554208 ) ) ;
#6718 = CARTESIAN_POINT ( 'NONE',  ( 0.3814239164580918162, 1.200787401574803237, 1.924989617740929360 ) ) ;
#6719 = VERTEX_POINT ( 'NONE', #1050 ) ;
#6720 = VECTOR ( 'NONE', #6539, 39.37007874015748143 ) ;
#6721 = LINE ( 'NONE', #5341, #4360 ) ;
#6722 = ORIENTED_EDGE ( 'NONE', *, *, #1662, .F. ) ;
#6723 = FACE_OUTER_BOUND ( 'NONE', #4998, .T. ) ;
#6724 = VECTOR ( 'NONE', #6854, 39.37007874015748143 ) ;
#6725 = EDGE_LOOP ( 'NONE', ( #6449, #8532 ) ) ;
#6726 = ORIENTED_EDGE ( 'NONE', *, *, #5933, .T. ) ;
#6727 = CARTESIAN_POINT ( 'NONE',  ( 1.801055418063914670, 1.082677165354330784, -0.4635869899803467531 ) ) ;
#6728 = CARTESIAN_POINT ( 'NONE',  ( 0.1845735227573075399, 1.082677165354330784, 2.185235839703308258 ) ) ;
#6729 = FACE_OUTER_BOUND ( 'NONE', #3542, .T. ) ;
#6730 = ADVANCED_FACE ( 'NONE', ( #3253 ), #8679, .T. ) ;
#6731 = LINE ( 'NONE', #1369, #4412 ) ;
#6732 = DIRECTION ( 'NONE',  ( 0.000000000000000000, -1.000000000000000000, 0.000000000000000000 ) ) ;
#6733 = VERTEX_POINT ( 'NONE', #5877 ) ;
#6734 = CARTESIAN_POINT ( 'NONE',  ( 1.817686440653838664, 1.200787401574803237, -0.5668076876991520185 ) ) ;
#6735 = DIRECTION ( 'NONE',  ( 0.9849106049563591814, 0.000000000000000000, -0.1730638617519519862 ) ) ;
#6736 = CARTESIAN_POINT ( 'NONE',  ( -0.4059776583450451226, 1.082677165354330784, 3.208100489842414138 ) ) ;
#6737 = ORIENTED_EDGE ( 'NONE', *, *, #3363, .T. ) ;
#6738 = DIRECTION ( 'NONE',  ( 0.8660254037844431485, -0.000000000000000000, 0.4999999999999918954 ) ) ;
#6739 = DIRECTION ( 'NONE',  ( -0.000000000000000000, -1.000000000000000000, -0.000000000000000000 ) ) ;
#6740 = ADVANCED_FACE ( 'NONE', ( #1844 ), #460, .F. ) ;
#6741 = VERTEX_POINT ( 'NONE', #4539 ) ;
#6742 = PLANE ( 'NONE',  #5301 ) ;
#6743 = ADVANCED_FACE ( 'NONE', ( #5303 ), #3784, .F. ) ;
#6744 = ORIENTED_EDGE ( 'NONE', *, *, #5429, .T. ) ;
#6745 = CYLINDRICAL_SURFACE ( 'NONE', #739, 0.08070866141732269128 ) ;
#6746 = PLANE ( 'NONE',  #3731 ) ;
#6747 = EDGE_CURVE ( 'NONE', #7299, #3064, #5206, .T. ) ;
#6748 = ORIENTED_EDGE ( 'NONE', *, *, #3585, .F. ) ;
#6749 = CARTESIAN_POINT ( 'NONE',  ( 0.09321493710025607893, 1.082677165354330784, 0.8493790635799562949 ) ) ;
#6750 = CARTESIAN_POINT ( 'NONE',  ( 0.8137373854948456442, 1.200787401574803237, 3.538405448982388180 ) ) ;
#6751 = DIRECTION ( 'NONE',  ( -0.000000000000000000, -1.000000000000000000, -0.000000000000000000 ) ) ;
#6752 = DIRECTION ( 'NONE',  ( 0.000000000000000000, -1.000000000000000000, 0.000000000000000000 ) ) ;
#6753 = ORIENTED_EDGE ( 'NONE', *, *, #4095, .T. ) ;
#6754 = CARTESIAN_POINT ( 'NONE',  ( 0.3814239164580918162, 1.200787401574803237, 1.924989617740929360 ) ) ;
#6755 = EDGE_CURVE ( 'NONE', #1392, #4617, #6456, .T. ) ;
#6756 = ORIENTED_EDGE ( 'NONE', *, *, #1979, .T. ) ;
#6757 = CARTESIAN_POINT ( 'NONE',  ( -0.1157596153513114207, -7.874015748039371056E-05, 0.6586768550523451893 ) ) ;
#6758 = CARTESIAN_POINT ( 'NONE',  ( 0.5782743101588760926, 1.200787401574803237, 1.584034734361226882 ) ) ;
#6759 = EDGE_LOOP ( 'NONE', ( #7138, #648, #8187, #5733 ) ) ;
#6760 = EDGE_CURVE ( 'NONE', #2588, #5022, #3077, .T. ) ;
#6761 = EDGE_CURVE ( 'NONE', #633, #2548, #5582, .T. ) ;
#6762 = EDGE_CURVE ( 'NONE', #8600, #3777, #4166, .T. ) ;
#6763 = DIRECTION ( 'NONE',  ( -0.9345333927142727148, 0.000000000000000000, 0.3558754527948657653 ) ) ;
#6764 = CARTESIAN_POINT ( 'NONE',  ( 2.498542739108915001, 0.5511811023622049666, 5.443071621328080312 ) ) ;
#6765 = VERTEX_POINT ( 'NONE', #7295 ) ;
#6766 = FACE_OUTER_BOUND ( 'NONE', #7014, .T. ) ;
#6767 = ORIENTED_EDGE ( 'NONE', *, *, #4037, .T. ) ;
#6768 = EDGE_LOOP ( 'NONE', ( #8483, #1175 ) ) ;
#6769 = CYLINDRICAL_SURFACE ( 'NONE', #3825, 0.08070866141732313537 ) ;
#6770 = CARTESIAN_POINT ( 'NONE',  ( 1.312500546402022739, 0.000000000000000000, 4.485545935394759987 ) ) ;
#6771 = EDGE_CURVE ( 'NONE', #3009, #1698, #1225, .T. ) ;
#6772 = CARTESIAN_POINT ( 'NONE',  ( -0.0007207492543572252986, 1.348031496062992440, 0.6427093485177919341 ) ) ;
#6773 = CARTESIAN_POINT ( 'NONE',  ( 1.653884864319848935, 1.082677165354330784, 1.215117093586068009 ) ) ;
#6774 = PLANE ( 'NONE',  #6200 ) ;
#6775 = ORIENTED_EDGE ( 'NONE', *, *, #4426, .T. ) ;
#6776 = CARTESIAN_POINT ( 'NONE',  ( -0.01419902979620381832, 1.377952755905512028, 0.7798579866315596965 ) ) ;
#6777 = CARTESIAN_POINT ( 'NONE',  ( 1.404288566597198473, 1.200787401574803237, 2.596249460260604547 ) ) ;
#6778 = DIRECTION ( 'NONE',  ( -0.000000000000000000, 1.000000000000000000, 0.000000000000000000 ) ) ;
#6779 = EDGE_CURVE ( 'NONE', #6001, #7328, #3468, .T. ) ;
#6780 = VECTOR ( 'NONE', #6478, 39.37007874015748854 ) ;
#6781 = VERTEX_POINT ( 'NONE', #3301 ) ;
#6782 = CARTESIAN_POINT ( 'NONE',  ( 1.312500546402022739, 1.102362204724409489, 4.485545935394759987 ) ) ;
#6783 = CARTESIAN_POINT ( 'NONE',  ( -0.3168295106876288791, -7.874015748039371056E-05, 0.2655313596039481916 ) ) ;
#6784 = DIRECTION ( 'NONE',  ( -0.1590695136534942267, 0.000000000000000000, 0.9872673851728520633 ) ) ;
#6785 = CIRCLE ( 'NONE', #2949, 0.08070866141732323251 ) ;
#6786 = ORIENTED_EDGE ( 'NONE', *, *, #1973, .T. ) ;
#6787 = DIRECTION ( 'NONE',  ( 0.000000000000000000, 0.000000000000000000, -1.000000000000000000 ) ) ;
#6788 = FACE_OUTER_BOUND ( 'NONE', #256, .T. ) ;
#6789 = ORIENTED_EDGE ( 'NONE', *, *, #2924, .F. ) ;
#6790 = CIRCLE ( 'NONE', #4657, 0.08070866141732309373 ) ;
#6791 = DIRECTION ( 'NONE',  ( -0.4999999999999918954, 0.000000000000000000, 0.8660254037844433705 ) ) ;
#6792 = DIRECTION ( 'NONE',  ( 0.000000000000000000, 0.000000000000000000, 1.000000000000000000 ) ) ;
#6793 = LINE ( 'NONE', #6882, #112 ) ;
#6794 = DIRECTION ( 'NONE',  ( 0.000000000000000000, -1.000000000000000000, 0.000000000000000000 ) ) ;
#6795 = VERTEX_POINT ( 'NONE', #6669 ) ;
#6796 = LINE ( 'NONE', #1481, #6851 ) ;
#6797 = EDGE_LOOP ( 'NONE', ( #3344, #6940 ) ) ;
#6798 = DIRECTION ( 'NONE',  ( -0.000000000000000000, -1.000000000000000000, -0.000000000000000000 ) ) ;
#6799 = DIRECTION ( 'NONE',  ( -0.000000000000000000, -1.000000000000000000, -0.000000000000000000 ) ) ;
#6800 = VECTOR ( 'NONE', #7393, 39.37007874015748143 ) ;
#6801 = EDGE_CURVE ( 'NONE', #378, #3051, #8047, .T. ) ;
#6802 = ORIENTED_EDGE ( 'NONE', *, *, #4030, .T. ) ;
#6803 = DIRECTION ( 'NONE',  ( -0.000000000000000000, -1.000000000000000000, -0.000000000000000000 ) ) ;
#6804 = LINE ( 'NONE', #8315, #412 ) ;
#6805 = CIRCLE ( 'NONE', #4242, 0.08070866141732323251 ) ;
#6806 = ORIENTED_EDGE ( 'NONE', *, *, #2590, .T. ) ;
#6807 = CARTESIAN_POINT ( 'NONE',  ( 1.010587779195629698, 1.200787401574803237, 3.197450565602685923 ) ) ;
#6808 = EDGE_LOOP ( 'NONE', ( #766, #6219 ) ) ;
#6809 = DIRECTION ( 'NONE',  ( 0.3558754527948649882, 0.000000000000000000, 0.9345333927142731589 ) ) ;
#6810 = CARTESIAN_POINT ( 'NONE',  ( 0.1318276187354409656, 1.200787401574803237, 3.144704661580819849 ) ) ;
#6811 = ADVANCED_FACE ( 'NONE', ( #3960 ), #7333, .T. ) ;
#6812 = ADVANCED_FACE ( 'NONE', ( #7655 ), #5659, .F. ) ;
#6813 = CYLINDRICAL_SURFACE ( 'NONE', #3365, 0.4330708661417335126 ) ;
#6814 = CARTESIAN_POINT ( 'NONE',  ( -0.1561757939954964702, 1.377952755905512028, 0.9717824930888926405 ) ) ;
#6815 = CARTESIAN_POINT ( 'NONE',  ( 0.7751247038596602579, 1.200787401574803237, 1.243079850981525070 ) ) ;
#6816 = ORIENTED_EDGE ( 'NONE', *, *, #6007, .T. ) ;
#6817 = DIRECTION ( 'NONE',  ( -0.000000000000000000, -1.000000000000000000, -0.000000000000000000 ) ) ;
#6818 = ADVANCED_FACE ( 'NONE', ( #1582 ), #8427, .F. ) ;
#6819 = DIRECTION ( 'NONE',  ( 0.000000000000000000, 0.000000000000000000, -1.000000000000000000 ) ) ;
#6820 = DIRECTION ( 'NONE',  ( 0.000000000000000000, 0.000000000000000000, -1.000000000000000000 ) ) ;
#6821 = CIRCLE ( 'NONE', #3420, 0.08070866141732296883 ) ;
#6822 = ORIENTED_EDGE ( 'NONE', *, *, #5493, .T. ) ;
#6823 = DIRECTION ( 'NONE',  ( 0.000000000000000000, -1.000000000000000000, 0.000000000000000000 ) ) ;
#6824 = AXIS2_PLACEMENT_3D ( 'NONE', #7056, #228, #2230 ) ;
#6825 = LINE ( 'NONE', #1338, #2240 ) ;
#6826 = AXIS2_PLACEMENT_3D ( 'NONE', #5285, #4574, #7998 ) ;
#6827 = FACE_OUTER_BOUND ( 'NONE', #930, .T. ) ;
#6828 = EDGE_LOOP ( 'NONE', ( #5015, #2909 ) ) ;
#6829 = CARTESIAN_POINT ( 'NONE',  ( 3.051181102362205966, 1.200787401574803237, -0.03100658651206395638 ) ) ;
#6830 = LINE ( 'NONE', #7498, #5718 ) ;
#6831 = CIRCLE ( 'NONE', #6154, 0.08070866141732309373 ) ;
#6832 = ORIENTED_EDGE ( 'NONE', *, *, #795, .T. ) ;
#6833 = VECTOR ( 'NONE', #4287, 39.37007874015748143 ) ;
#6834 = VECTOR ( 'NONE', #3569, 39.37007874015748143 ) ;
#6835 = AXIS2_PLACEMENT_3D ( 'NONE', #2167, #4232, #873 ) ;
#6836 = DIRECTION ( 'NONE',  ( 0.000000000000000000, 0.000000000000000000, -1.000000000000000000 ) ) ;
#6837 = CYLINDRICAL_SURFACE ( 'NONE', #8199, 0.08070866141732255250 ) ;
#6838 = CARTESIAN_POINT ( 'NONE',  ( -0.5326173985467699268, 1.082677165354330784, 0.1612860848128560287 ) ) ;
#6839 = AXIS2_PLACEMENT_3D ( 'NONE', #4313, #3615, #4219 ) ;
#6840 = EDGE_CURVE ( 'NONE', #2077, #7425, #1762, .T. ) ;
#6841 = ORIENTED_EDGE ( 'NONE', *, *, #394, .F. ) ;
#6842 = DIRECTION ( 'NONE',  ( 0.000000000000000000, 0.000000000000000000, -1.000000000000000000 ) ) ;
#6843 = VECTOR ( 'NONE', #4862, 39.37007874015748854 ) ;
#6844 = CIRCLE ( 'NONE', #4003, 0.08070866141732296883 ) ;
#6845 = ORIENTED_EDGE ( 'NONE', *, *, #176, .F. ) ;
#6846 = CIRCLE ( 'NONE', #3011, 0.08070866141732241372 ) ;
#6847 = CARTESIAN_POINT ( 'NONE',  ( 3.221847893328354306, 1.102362204724409489, 5.587908140119151490 ) ) ;
#6848 = DIRECTION ( 'NONE',  ( -0.8660254037844431485, 0.000000000000000000, -0.4999999999999918954 ) ) ;
#6849 = EDGE_LOOP ( 'NONE', ( #7165, #7763 ) ) ;
#6850 = ADVANCED_FACE ( 'NONE', ( #7035 ), #7616, .F. ) ;
#6851 = VECTOR ( 'NONE', #4210, 39.37007874015748143 ) ;
#6852 = AXIS2_PLACEMENT_3D ( 'NONE', #3727, #6344, #2966 ) ;
#6853 = VECTOR ( 'NONE', #8079, 39.37007874015748143 ) ;
#6854 = DIRECTION ( 'NONE',  ( -0.000000000000000000, -1.000000000000000000, -0.000000000000000000 ) ) ;
#6855 = LINE ( 'NONE', #3484, #3248 ) ;
#6856 = ORIENTED_EDGE ( 'NONE', *, *, #835, .F. ) ;
#6857 = CARTESIAN_POINT ( 'NONE',  ( 2.997589923930455313, 0.6791338582677166613, 5.503893392236651749 ) ) ;
#6858 = EDGE_CURVE ( 'NONE', #6952, #5412, #5749, .T. ) ;
#6859 = VERTEX_POINT ( 'NONE', #5034 ) ;
#6860 = DIRECTION ( 'NONE',  ( 0.000000000000000000, -1.000000000000000000, 0.000000000000000000 ) ) ;
#6861 = AXIS2_PLACEMENT_3D ( 'NONE', #2125, #4075, #2879 ) ;
#6862 = AXIS2_PLACEMENT_3D ( 'NONE', #5850, #4333, #5801 ) ;
#6863 = CARTESIAN_POINT ( 'NONE',  ( 4.285705083244691238, 1.377952755905512028, -0.7201314412476801374 ) ) ;
#6864 = ADVANCED_FACE ( 'NONE', ( #1713 ), #2872, .F. ) ;
#6865 = VECTOR ( 'NONE', #81, 39.37007874015748143 ) ;
#6866 = DIRECTION ( 'NONE',  ( 0.000000000000000000, -1.000000000000000000, 0.000000000000000000 ) ) ;
#6867 = CYLINDRICAL_SURFACE ( 'NONE', #5134, 0.3149606299212599492 ) ;
#6868 = CARTESIAN_POINT ( 'NONE',  ( 0.9192291935385781265, 1.200787401574803237, 1.780885128062011269 ) ) ;
#6869 = ORIENTED_EDGE ( 'NONE', *, *, #2634, .F. ) ;
#6870 = ADVANCED_FACE ( 'NONE', ( #6296 ), #6993, .T. ) ;
#6871 = DIRECTION ( 'NONE',  ( 0.000000000000000000, 1.000000000000000000, 0.000000000000000000 ) ) ;
#6872 = DIRECTION ( 'NONE',  ( 0.000000000000000000, 0.000000000000000000, -1.000000000000000000 ) ) ;
#6873 = DIRECTION ( 'NONE',  ( 0.000000000000000000, -0.000000000000000000, -1.000000000000000000 ) ) ;
#6874 = ORIENTED_EDGE ( 'NONE', *, *, #7061, .F. ) ;
#6875 = DIRECTION ( 'NONE',  ( 0.000000000000000000, 1.000000000000000000, 0.000000000000000000 ) ) ;
#6876 = CARTESIAN_POINT ( 'NONE',  ( 0.7703311871445911452, 1.141732283464567121, 0.1223517628503539845 ) ) ;
#6877 = CARTESIAN_POINT ( 'NONE',  ( 1.870078740157481434, 1.200787401574803237, 0.2012768780548643832 ) ) ;
#6878 = ORIENTED_EDGE ( 'NONE', *, *, #3111, .F. ) ;
#6879 = CARTESIAN_POINT ( 'NONE',  ( 1.476377952755906664, 1.200787401574803237, -0.1117152479293870848 ) ) ;
#6880 = EDGE_LOOP ( 'NONE', ( #5324, #5176, #6142, #2513 ) ) ;
#6881 = DIRECTION ( 'NONE',  ( 0.000000000000000000, 0.000000000000000000, -1.000000000000000000 ) ) ;
#6882 = CARTESIAN_POINT ( 'NONE',  ( 0.1318276187354409656, 1.200787401574803237, 3.063996000163497158 ) ) ;
#6883 = CARTESIAN_POINT ( 'NONE',  ( 0.8137373854948456442, 1.200787401574803237, 3.619114110399710871 ) ) ;
#6884 = ORIENTED_EDGE ( 'NONE', *, *, #1417, .F. ) ;
#6885 = DIRECTION ( 'NONE',  ( 0.000000000000000000, -1.000000000000000000, 0.000000000000000000 ) ) ;
#6886 = ORIENTED_EDGE ( 'NONE', *, *, #7017, .T. ) ;
#6887 = CARTESIAN_POINT ( 'NONE',  ( -0.3168295106876288791, 1.348031496062992440, 0.2005707296826883257 ) ) ;
#6888 = CARTESIAN_POINT ( 'NONE',  ( 0.6452947885629378710, 1.200787401574803237, -0.5732821297828705198 ) ) ;
#6889 = ORIENTED_EDGE ( 'NONE', *, *, #3331, .T. ) ;
#6890 = ADVANCED_FACE ( 'NONE', ( #3662 ), #6907, .F. ) ;
#6891 = CARTESIAN_POINT ( 'NONE',  ( 2.502873447770332938, 1.377952755905512028, 5.435570613893728087 ) ) ;
#6892 = PLANE ( 'NONE',  #1415 ) ;
#6893 = ORIENTED_EDGE ( 'NONE', *, *, #2791, .F. ) ;
#6894 = CARTESIAN_POINT ( 'NONE',  ( 0.5782743101588760926, 1.200787401574803237, 1.584034734361226882 ) ) ;
#6895 = ORIENTED_EDGE ( 'NONE', *, *, #1038, .F. ) ;
#6896 = DIRECTION ( 'NONE',  ( 0.000000000000000000, 0.000000000000000000, -1.000000000000000000 ) ) ;
#6897 = DIRECTION ( 'NONE',  ( 0.000000000000000000, 0.000000000000000000, -1.000000000000000000 ) ) ;
#6898 = CARTESIAN_POINT ( 'NONE',  ( 1.260184076918280160, 1.082677165354330784, 2.058444183180118348 ) ) ;
#6899 = EDGE_CURVE ( 'NONE', #1968, #3693, #6334, .T. ) ;
#6900 = DIRECTION ( 'NONE',  ( 0.000000000000000000, -1.000000000000000000, 0.000000000000000000 ) ) ;
#6901 = DIRECTION ( 'NONE',  ( -0.000000000000000000, -1.000000000000000000, -0.000000000000000000 ) ) ;
#6902 = ORIENTED_EDGE ( 'NONE', *, *, #6437, .F. ) ;
#6903 = EDGE_LOOP ( 'NONE', ( #7251, #1558, #8221, #5777 ) ) ;
#6904 = EDGE_CURVE ( 'NONE', #2700, #2271, #7145, .T. ) ;
#6905 = DIRECTION ( 'NONE',  ( -0.1730638617519515143, 0.000000000000000000, -0.9849106049563592924 ) ) ;
#6906 = DIRECTION ( 'NONE',  ( 0.000000000000000000, -1.000000000000000000, 0.000000000000000000 ) ) ;
#6907 = CYLINDRICAL_SURFACE ( 'NONE', #1062, 0.08070866141732296883 ) ;
#6908 = VECTOR ( 'NONE', #2028, 39.37007874015748854 ) ;
#6909 = ADVANCED_FACE ( 'NONE', ( #7073 ), #8466, .T. ) ;
#6910 = CARTESIAN_POINT ( 'NONE',  ( 4.701742222138753036, 0.5905511811023628210, -1.330459798151885753 ) ) ;
#6911 = LINE ( 'NONE', #4116, #973 ) ;
#6912 = DIRECTION ( 'NONE',  ( -0.4999999999999918954, 0.000000000000000000, 0.8660254037844433705 ) ) ;
#6913 = ORIENTED_EDGE ( 'NONE', *, *, #8008, .F. ) ;
#6914 = AXIS2_PLACEMENT_3D ( 'NONE', #4034, #6739, #664 ) ;
#6915 = CARTESIAN_POINT ( 'NONE',  ( 0.9192291935385781265, 1.200787401574803237, 1.780885128062011269 ) ) ;
#6916 = EDGE_CURVE ( 'NONE', #5577, #1231, #4905, .T. ) ;
#6917 = ORIENTED_EDGE ( 'NONE', *, *, #5629, .T. ) ;
#6918 = EDGE_CURVE ( 'NONE', #633, #4266, #2245, .T. ) ;
#6919 = CARTESIAN_POINT ( 'NONE',  ( 0.04046903307838965735, 1.200787401574803237, 1.728139224040145194 ) ) ;
#6920 = VECTOR ( 'NONE', #6592, 39.37007874015748143 ) ;
#6921 = CARTESIAN_POINT ( 'NONE',  ( 1.653884864319848935, 1.200787401574803237, 1.295825755003391144 ) ) ;
#6922 = DIRECTION ( 'NONE',  ( 0.000000000000000000, -1.000000000000000000, 0.000000000000000000 ) ) ;
#6923 = ORIENTED_EDGE ( 'NONE', *, *, #1124, .F. ) ;
#6924 = LINE ( 'NONE', #3552, #7986 ) ;
#6925 = VERTEX_POINT ( 'NONE', #6420 ) ;
#6926 = CARTESIAN_POINT ( 'NONE',  ( 0.6329382721209004803, 1.348031496062992440, 0.1116466293098953427 ) ) ;
#6927 = CYLINDRICAL_SURFACE ( 'NONE', #6418, 0.08070866141732323251 ) ;
#6928 = EDGE_LOOP ( 'NONE', ( #195, #8512, #7267, #1577 ) ) ;
#6929 = CARTESIAN_POINT ( 'NONE',  ( 1.457034470619064548, 1.200787401574803237, 1.636780638383093400 ) ) ;
#6930 = CARTESIAN_POINT ( 'NONE',  ( -1.035141521082583171, 1.082677165354330784, 2.097056864815303623 ) ) ;
#6931 = ORIENTED_EDGE ( 'NONE', *, *, #2250, .T. ) ;
#6932 = DIRECTION ( 'NONE',  ( -0.4999999999999918954, 0.000000000000000000, 0.8660254037844431485 ) ) ;
#6933 = ORIENTED_EDGE ( 'NONE', *, *, #1651, .F. ) ;
#6934 = EDGE_CURVE ( 'NONE', #4473, #7380, #8285, .T. ) ;
#6935 = CARTESIAN_POINT ( 'NONE',  ( -0.1036354566005281558, 1.200787401574803237, 1.190333946959658551 ) ) ;
#6936 = DIRECTION ( 'NONE',  ( 0.000000000000000000, 1.000000000000000000, 0.000000000000000000 ) ) ;
#6937 = VECTOR ( 'NONE', #26, 39.37007874015748854 ) ;
#6938 = FACE_OUTER_BOUND ( 'NONE', #2324, .T. ) ;
#6939 = DIRECTION ( 'NONE',  ( -0.000000000000000000, -1.000000000000000000, -0.000000000000000000 ) ) ;
#6940 = ORIENTED_EDGE ( 'NONE', *, *, #1184, .F. ) ;
#6941 = EDGE_LOOP ( 'NONE', ( #5475, #6674 ) ) ;
#6942 = VERTEX_POINT ( 'NONE', #2285 ) ;
#6943 = DIRECTION ( 'NONE',  ( -0.000000000000000000, -1.000000000000000000, -0.000000000000000000 ) ) ;
#6944 = LINE ( 'NONE', #115, #4576 ) ;
#6945 = DIRECTION ( 'NONE',  ( -0.000000000000000000, -1.000000000000000000, -0.000000000000000000 ) ) ;
#6946 = AXIS2_PLACEMENT_3D ( 'NONE', #5037, #2515, #7078 ) ;
#6947 = CYLINDRICAL_SURFACE ( 'NONE', #4541, 0.08070866141732215004 ) ;
#6948 = CARTESIAN_POINT ( 'NONE',  ( 0.5379418271761134962, 1.082677165354330784, -0.6606901903860566971 ) ) ;
#6949 = CARTESIAN_POINT ( 'NONE',  ( 4.230826203675816188, 0.3937007874015752140, 2.442668647586702768 ) ) ;
#6950 = CYLINDRICAL_SURFACE ( 'NONE', #7571, 0.08070866141732323251 ) ;
#6951 = EDGE_CURVE ( 'NONE', #71, #4880, #4325, .T. ) ;
#6952 = VERTEX_POINT ( 'NONE', #289 ) ;
#6953 = DIRECTION ( 'NONE',  ( 0.000000000000000000, 0.000000000000000000, -1.000000000000000000 ) ) ;
#6954 = ORIENTED_EDGE ( 'NONE', *, *, #3482, .F. ) ;
#6955 = EDGE_CURVE ( 'NONE', #7744, #2382, #4731, .T. ) ;
#6956 = CIRCLE ( 'NONE', #8388, 0.08070866141732296883 ) ;
#6957 = CIRCLE ( 'NONE', #5688, 0.08070866141732323251 ) ;
#6958 = AXIS2_PLACEMENT_3D ( 'NONE', #2492, #4442, #3238 ) ;
#6959 = CYLINDRICAL_SURFACE ( 'NONE', #588, 0.08070866141732296883 ) ;
#6960 = DIRECTION ( 'NONE',  ( 0.000000000000000000, 0.000000000000000000, -1.000000000000000000 ) ) ;
#6961 = ORIENTED_EDGE ( 'NONE', *, *, #5016, .F. ) ;
#6962 = DIRECTION ( 'NONE',  ( 0.000000000000000000, 0.000000000000000000, -1.000000000000000000 ) ) ;
#6963 = ORIENTED_EDGE ( 'NONE', *, *, #3900, .T. ) ;
#6964 = EDGE_CURVE ( 'NONE', #8773, #7557, #6994, .T. ) ;
#6965 = EDGE_CURVE ( 'NONE', #7381, #3172, #1202, .T. ) ;
#6966 = AXIS2_PLACEMENT_3D ( 'NONE', #5083, #5261, #4419 ) ;
#6967 = CIRCLE ( 'NONE', #4413, 0.08070866141732313537 ) ;
#6968 = CARTESIAN_POINT ( 'NONE',  ( 0.9192291935385781265, 1.200787401574803237, 1.780885128062011269 ) ) ;
#6969 = DIRECTION ( 'NONE',  ( 0.000000000000000000, 0.000000000000000000, -1.000000000000000000 ) ) ;
#6970 = AXIS2_PLACEMENT_3D ( 'NONE', #5262, #7307, #7217 ) ;
#6971 = ORIENTED_EDGE ( 'NONE', *, *, #1662, .T. ) ;
#6972 = CIRCLE ( 'NONE', #4278, 0.08070866141732296883 ) ;
#6973 = DIRECTION ( 'NONE',  ( 0.000000000000000000, -1.000000000000000000, 0.000000000000000000 ) ) ;
#6974 = AXIS2_PLACEMENT_3D ( 'NONE', #6288, #868, #202 ) ;
#6975 = CIRCLE ( 'NONE', #4858, 0.08070866141732296883 ) ;
#6976 = CARTESIAN_POINT ( 'NONE',  ( 0.6310202141807423892, 1.200787401574803237, 0.7052745739010384263 ) ) ;
#6977 = AXIS2_PLACEMENT_3D ( 'NONE', #6069, #1414, #5356 ) ;
#6978 = ORIENTED_EDGE ( 'NONE', *, *, #106, .F. ) ;
#6979 = CARTESIAN_POINT ( 'NONE',  ( 1.116079587239362514, 1.082677165354330784, 1.520638906099632148 ) ) ;
#6980 = VERTEX_POINT ( 'NONE', #5379 ) ;
#6981 = CARTESIAN_POINT ( 'NONE',  ( 0.3168295106876288791, 1.082677165354330784, -0.2655313596039485247 ) ) ;
#6982 = CIRCLE ( 'NONE', #7410, 0.07874015748031500117 ) ;
#6983 = AXIS2_PLACEMENT_3D ( 'NONE', #8342, #4954, #6953 ) ;
#6984 = DIRECTION ( 'NONE',  ( -0.000000000000000000, -1.000000000000000000, -0.000000000000000000 ) ) ;
#6985 = DIRECTION ( 'NONE',  ( 0.9849106049563591814, 0.000000000000000000, -0.1730638617519519862 ) ) ;
#6986 = ORIENTED_EDGE ( 'NONE', *, *, #4246, .F. ) ;
#6987 = VECTOR ( 'NONE', #1964, 39.37007874015748143 ) ;
#6988 = AXIS2_PLACEMENT_3D ( 'NONE', #4689, #8609, #3225 ) ;
#6989 = VERTEX_POINT ( 'NONE', #4216 ) ;
#6990 = ORIENTED_EDGE ( 'NONE', *, *, #1927, .F. ) ;
#6991 = FACE_OUTER_BOUND ( 'NONE', #5994, .T. ) ;
#6992 = DIRECTION ( 'NONE',  ( -0.8660254037844431485, 1.232595164407830672E-32, -0.4999999999999918954 ) ) ;
#6993 = PLANE ( 'NONE',  #7857 ) ;
#6994 = CIRCLE ( 'NONE', #8147, 0.08070866141732323251 ) ;
#6995 = ADVANCED_FACE ( 'NONE', ( #3519 ), #8095, .F. ) ;
#6996 = CARTESIAN_POINT ( 'NONE',  ( 2.840604636021325291, 1.181102362204724532, 2.594697524731329974 ) ) ;
#6997 = ORIENTED_EDGE ( 'NONE', *, *, #3618, .T. ) ;
#6998 = DIRECTION ( 'NONE',  ( 0.000000000000000000, -0.000000000000000000, -1.000000000000000000 ) ) ;
#6999 = FACE_OUTER_BOUND ( 'NONE', #6340, .T. ) ;
#7000 = DIRECTION ( 'NONE',  ( 0.000000000000000000, 0.000000000000000000, 1.000000000000000000 ) ) ;
#7001 = AXIS2_PLACEMENT_3D ( 'NONE', #3645, #7016, #5641 ) ;
#7002 = ORIENTED_EDGE ( 'NONE', *, *, #7296, .F. ) ;
#7003 = CARTESIAN_POINT ( 'NONE',  ( 1.010587779195629698, 1.082677165354330784, 3.197450565602685923 ) ) ;
#7004 = ORIENTED_EDGE ( 'NONE', *, *, #2458, .F. ) ;
#7005 = EDGE_CURVE ( 'NONE', #7988, #2350, #5161, .T. ) ;
#7006 = CARTESIAN_POINT ( 'NONE',  ( 1.601138960297982639, 1.200787401574803237, 2.174585915463580044 ) ) ;
#7007 = DIRECTION ( 'NONE',  ( 0.000000000000000000, 0.000000000000000000, -1.000000000000000000 ) ) ;
#7008 = EDGE_LOOP ( 'NONE', ( #3048, #2865 ) ) ;
#7009 = CARTESIAN_POINT ( 'NONE',  ( 1.312929980940146901, 1.200787401574803237, 1.098975361302606979 ) ) ;
#7010 = ORIENTED_EDGE ( 'NONE', *, *, #6707, .T. ) ;
#7011 = ADVANCED_FACE ( 'NONE', ( #7601 ), #2195, .T. ) ;
#7012 = DIRECTION ( 'NONE',  ( 0.000000000000000000, 1.000000000000000000, 0.000000000000000000 ) ) ;
#7013 = CARTESIAN_POINT ( 'NONE',  ( 0.6696328958159274425, 1.082677165354330784, 3.000600171901901980 ) ) ;
#7014 = EDGE_LOOP ( 'NONE', ( #5566, #4113, #7332, #7010 ) ) ;
#7015 = EDGE_CURVE ( 'NONE', #2332, #5786, #1523, .T. ) ;
#7016 = DIRECTION ( 'NONE',  ( 0.000000000000000000, 1.000000000000000000, 0.000000000000000000 ) ) ;
#7017 = EDGE_CURVE ( 'NONE', #5289, #5373, #4055, .T. ) ;
#7018 = CARTESIAN_POINT ( 'NONE',  ( 0.1564921679057784953, 0.000000000000000000, -0.9712710491145449820 ) ) ;
#7019 = ORIENTED_EDGE ( 'NONE', *, *, #5908, .F. ) ;
#7020 = CARTESIAN_POINT ( 'NONE',  ( 0.9192291935385781265, 1.082677165354330784, 1.780885128062011269 ) ) ;
#7021 = ORIENTED_EDGE ( 'NONE', *, *, #8287, .F. ) ;
#7022 = CARTESIAN_POINT ( 'NONE',  ( 1.056267072024155595, 0.5807086614173232464, 3.905733284373022585 ) ) ;
#7023 = EDGE_CURVE ( 'NONE', #2548, #633, #635, .T. ) ;
#7024 = CARTESIAN_POINT ( 'NONE',  ( -0.1561396369771785031, 0.000000000000000000, 0.9715580839981086125 ) ) ;
#7025 = EDGE_CURVE ( 'NONE', #2507, #2864, #6148, .T. ) ;
#7026 = EDGE_CURVE ( 'NONE', #597, #3506, #1348, .T. ) ;
#7027 = CARTESIAN_POINT ( 'NONE',  ( 1.476377952755906664, 1.200787401574803237, -0.1117152479293870848 ) ) ;
#7028 = LINE ( 'NONE', #4151, #8406 ) ;
#7029 = ORIENTED_EDGE ( 'NONE', *, *, #6858, .T. ) ;
#7030 = ORIENTED_EDGE ( 'NONE', *, *, #1832, .F. ) ;
#7031 = ORIENTED_EDGE ( 'NONE', *, *, #2688, .F. ) ;
#7032 = ADVANCED_FACE ( 'NONE', ( #141 ), #2849, .T. ) ;
#7033 = CARTESIAN_POINT ( 'NONE',  ( 3.084154089709080893, 4.628587467361328904E-16, 1.416951984977440349 ) ) ;
#7034 = CARTESIAN_POINT ( 'NONE',  ( 3.188976377952810193, 1.102362204724409489, 5.841693668572168541 ) ) ;
#7035 = FACE_OUTER_BOUND ( 'NONE', #4662, .T. ) ;
#7036 = LINE ( 'NONE', #8377, #6106 ) ;
#7037 = VERTEX_POINT ( 'NONE', #5431 ) ;
#7038 = LINE ( 'NONE', #296, #1588 ) ;
#7039 = PLANE ( 'NONE',  #1747 ) ;
#7040 = CARTESIAN_POINT ( 'NONE',  ( 1.260184076918280160, 1.200787401574803237, 1.977735521762795656 ) ) ;
#7041 = ORIENTED_EDGE ( 'NONE', *, *, #1706, .T. ) ;
#7042 = EDGE_CURVE ( 'NONE', #5472, #3464, #8227, .T. ) ;
#7043 = LINE ( 'NONE', #974, #56 ) ;
#7044 = ORIENTED_EDGE ( 'NONE', *, *, #7241, .T. ) ;
#7045 = PLANE ( 'NONE',  #445 ) ;
#7046 = FACE_OUTER_BOUND ( 'NONE', #3034, .T. ) ;
#7047 = DIRECTION ( 'NONE',  ( 0.000000000000000000, -1.000000000000000000, 0.000000000000000000 ) ) ;
#7048 = ORIENTED_EDGE ( 'NONE', *, *, #3328, .F. ) ;
#7049 = FACE_OUTER_BOUND ( 'NONE', #6928, .T. ) ;
#7050 = VECTOR ( 'NONE', #5723, 39.37007874015748143 ) ;
#7051 = ORIENTED_EDGE ( 'NONE', *, *, #3103, .T. ) ;
#7052 = DIRECTION ( 'NONE',  ( -0.000000000000000000, -1.000000000000000000, -0.000000000000000000 ) ) ;
#7053 = CARTESIAN_POINT ( 'NONE',  ( -0.9193914864464498571, 1.082677165354330784, 0.3501093316575699665 ) ) ;
#7054 = ORIENTED_EDGE ( 'NONE', *, *, #6473, .F. ) ;
#7055 = AXIS2_PLACEMENT_3D ( 'NONE', #7722, #4434, #357 ) ;
#7056 = CARTESIAN_POINT ( 'NONE',  ( 0.3286780124362252420, 1.200787401574803237, 2.803749778201117593 ) ) ;
#7057 = DIRECTION ( 'NONE',  ( -0.6423330032324087169, 0.000000000000000000, -0.7664256734729300025 ) ) ;
#7058 = ORIENTED_EDGE ( 'NONE', *, *, #4860, .F. ) ;
#7059 = CARTESIAN_POINT ( 'NONE',  ( 0.04046903307838966429, 1.082677165354330784, 1.808847885457468108 ) ) ;
#7060 = VERTEX_POINT ( 'NONE', #6891 ) ;
#7061 = EDGE_CURVE ( 'NONE', #3425, #4300, #4804, .T. ) ;
#7062 = VECTOR ( 'NONE', #6097, 39.37007874015748143 ) ;
#7063 = CARTESIAN_POINT ( 'NONE',  ( 0.3168295106876288791, -7.874015748039371056E-05, -0.3304919895252083628 ) ) ;
#7064 = CYLINDRICAL_SURFACE ( 'NONE', #487, 0.08070866141732255250 ) ;
#7065 = PRODUCT_RELATED_PRODUCT_CATEGORY ( 'part', '', ( #3030 ) ) ;
#7066 = AXIS2_PLACEMENT_3D ( 'NONE', #6490, #5817, #1697 ) ;
#7067 = LINE ( 'NONE', #999, #2247 ) ;
#7068 = EDGE_LOOP ( 'NONE', ( #8024, #2660, #5079, #8204 ) ) ;
#7069 = ORIENTED_EDGE ( 'NONE', *, *, #6694, .T. ) ;
#7070 = EDGE_LOOP ( 'NONE', ( #1894, #1855, #5281, #6374 ) ) ;
#7071 = CARTESIAN_POINT ( 'NONE',  ( 1.601138960297982639, 1.200787401574803237, 2.174585915463580044 ) ) ;
#7072 = CARTESIAN_POINT ( 'NONE',  ( 0.04046903307838965735, 1.200787401574803237, 1.728139224040145194 ) ) ;
#7073 = FACE_OUTER_BOUND ( 'NONE', #6651, .T. ) ;
#7074 = EDGE_CURVE ( 'NONE', #4374, #5832, #8277, .T. ) ;
#7075 = ADVANCED_FACE ( 'NONE', ( #2723 ), #101, .T. ) ;
#7076 = AXIS2_PLACEMENT_3D ( 'NONE', #564, #2483, #1151 ) ;
#7077 = VERTEX_POINT ( 'NONE', #4846 ) ;
#7078 = DIRECTION ( 'NONE',  ( 0.000000000000000000, 0.000000000000000000, -1.000000000000000000 ) ) ;
#7079 = EDGE_LOOP ( 'NONE', ( #1266, #2876, #21, #5809 ) ) ;
#7080 = CYLINDRICAL_SURFACE ( 'NONE', #2291, 0.08070866141732296883 ) ;
#7081 = CARTESIAN_POINT ( 'NONE',  ( 4.993501436635412460, 4.628586327486060049E-16, 2.519314189701832074 ) ) ;
#7082 = ORIENTED_EDGE ( 'NONE', *, *, #639, .F. ) ;
#7083 = ADVANCED_FACE ( 'NONE', ( #7471 ), #1399, .T. ) ;
#7084 = VECTOR ( 'NONE', #822, 39.37007874015748143 ) ;
#7085 = CARTESIAN_POINT ( 'NONE',  ( 0.6696328958159274425, 1.200787401574803237, 3.000600171901901980 ) ) ;
#7086 = VERTEX_POINT ( 'NONE', #3739 ) ;
#7087 = LINE ( 'NONE', #1021, #7996 ) ;
#7088 = ORIENTED_EDGE ( 'NONE', *, *, #3900, .F. ) ;
#7089 = AXIS2_PLACEMENT_3D ( 'NONE', #344, #5175, #5215 ) ;
#7090 = CYLINDRICAL_SURFACE ( 'NONE', #158, 0.07874015748031500117 ) ;
#7091 = DIRECTION ( 'NONE',  ( 0.000000000000000000, 0.000000000000000000, -1.000000000000000000 ) ) ;
#7092 = CARTESIAN_POINT ( 'NONE',  ( 3.994773426650231940, 1.377952755905512028, 3.965697279009227305 ) ) ;
#7093 = ORIENTED_EDGE ( 'NONE', *, *, #234, .F. ) ;
#7094 = DIRECTION ( 'NONE',  ( -0.000000000000000000, -1.000000000000000000, -0.000000000000000000 ) ) ;
#7095 = EDGE_LOOP ( 'NONE', ( #625, #2288, #678, #4873 ) ) ;
#7096 = DIRECTION ( 'NONE',  ( -5.421010862427434656E-17, 1.000000000000000000, 9.389466242107298180E-17 ) ) ;
#7097 = CARTESIAN_POINT ( 'NONE',  ( 4.345056699702047887, 15.67005943375638211, -1.654200194118728762 ) ) ;
#7098 = FACE_OUTER_BOUND ( 'NONE', #8637, .T. ) ;
#7099 = EDGE_LOOP ( 'NONE', ( #2482, #8303 ) ) ;
#7100 = VECTOR ( 'NONE', #2656, 39.37007874015748143 ) ;
#7101 = AXIS2_PLACEMENT_3D ( 'NONE', #8314, #3029, #7688 ) ;
#7102 = AXIS2_PLACEMENT_3D ( 'NONE', #5234, #7947, #8660 ) ;
#7103 = EDGE_CURVE ( 'NONE', #8600, #1538, #5058, .T. ) ;
#7104 = FACE_OUTER_BOUND ( 'NONE', #7079, .T. ) ;
#7105 = DIRECTION ( 'NONE',  ( -0.000000000000000000, 1.000000000000000000, -0.000000000000000000 ) ) ;
#7106 = ORIENTED_EDGE ( 'NONE', *, *, #886, .T. ) ;
#7107 = CARTESIAN_POINT ( 'NONE',  ( 0.04046903307838965735, 1.200787401574803237, 1.728139224040145194 ) ) ;
#7108 = VECTOR ( 'NONE', #2649, 39.37007874015748143 ) ;
#7109 = VECTOR ( 'NONE', #7302, 39.37007874015748143 ) ;
#7110 = EDGE_LOOP ( 'NONE', ( #2415, #6367, #3514 ) ) ;
#7111 = DIRECTION ( 'NONE',  ( 0.000000000000000000, -1.000000000000000000, 0.000000000000000000 ) ) ;
#7112 = LINE ( 'NONE', #4112, #8718 ) ;
#7113 = AXIS2_PLACEMENT_3D ( 'NONE', #1606, #6444, #3105 ) ;
#7114 = AXIS2_PLACEMENT_3D ( 'NONE', #5544, #6752, #4878 ) ;
#7115 = VECTOR ( 'NONE', #5065, 39.37007874015748143 ) ;
#7116 = CIRCLE ( 'NONE', #5694, 0.08070866141732269128 ) ;
#7117 = LINE ( 'NONE', #2413, #259 ) ;
#7118 = VERTEX_POINT ( 'NONE', #5773 ) ;
#7119 = ORIENTED_EDGE ( 'NONE', *, *, #6201, .F. ) ;
#7120 = EDGE_CURVE ( 'NONE', #8473, #1380, #4029, .T. ) ;
#7121 = ORIENTED_EDGE ( 'NONE', *, *, #7953, .F. ) ;
#7122 = AXIS2_PLACEMENT_3D ( 'NONE', #6783, #2754, #706 ) ;
#7123 = DIRECTION ( 'NONE',  ( 0.000000000000000000, -1.000000000000000000, 0.000000000000000000 ) ) ;
#7124 = AXIS2_PLACEMENT_3D ( 'NONE', #1325, #6065, #8110 ) ;
#7125 = AXIS2_PLACEMENT_3D ( 'NONE', #1035, #5054, #1121 ) ;
#7126 = DIRECTION ( 'NONE',  ( 0.000000000000000000, 1.000000000000000000, 0.000000000000000000 ) ) ;
#7127 = DIRECTION ( 'NONE',  ( 0.000000000000000000, 0.000000000000000000, -1.000000000000000000 ) ) ;
#7128 = EDGE_CURVE ( 'NONE', #5902, #5354, #8492, .T. ) ;
#7129 = VERTEX_POINT ( 'NONE', #3686 ) ;
#7130 = CIRCLE ( 'NONE', #7419, 0.08070866141732323251 ) ;
#7131 = CIRCLE ( 'NONE', #7572, 0.1161417322834646243 ) ;
#7132 = DIRECTION ( 'NONE',  ( -0.000000000000000000, -1.000000000000000000, -0.000000000000000000 ) ) ;
#7133 = ORIENTED_EDGE ( 'NONE', *, *, #8671, .F. ) ;
#7134 = EDGE_CURVE ( 'NONE', #4502, #1403, #7731, .T. ) ;
#7135 = CARTESIAN_POINT ( 'NONE',  ( -0.1036354566005281558, 1.200787401574803237, 1.190333946959658551 ) ) ;
#7136 = EDGE_CURVE ( 'NONE', #6683, #5019, #8389, .T. ) ;
#7137 = LINE ( 'NONE', #5040, #5569 ) ;
#7138 = ORIENTED_EDGE ( 'NONE', *, *, #2661, .F. ) ;
#7139 = CARTESIAN_POINT ( 'NONE',  ( -0.5990270374703789980, 1.082677165354330784, 3.720345552874123385 ) ) ;
#7140 = VERTEX_POINT ( 'NONE', #8405 ) ;
#7141 = AXIS2_PLACEMENT_3D ( 'NONE', #8528, #7094, #943 ) ;
#7142 = AXIS2_PLACEMENT_3D ( 'NONE', #8477, #2385, #7803 ) ;
#7143 = LINE ( 'NONE', #2344, #770 ) ;
#7144 = CARTESIAN_POINT ( 'NONE',  ( -0.0007207492543572252986, 1.348031496062992440, 0.6427093485177919341 ) ) ;
#7145 = CIRCLE ( 'NONE', #1908, 0.08070866141732351007 ) ;
#7146 = CARTESIAN_POINT ( 'NONE',  ( 0.9719750975604446452, 1.200787401574803237, 0.9021249676018227026 ) ) ;
#7147 = DIRECTION ( 'NONE',  ( -0.000000000000000000, -1.000000000000000000, -0.000000000000000000 ) ) ;
#7148 = EDGE_LOOP ( 'NONE', ( #916, #8478, #469, #1224 ) ) ;
#7149 = CARTESIAN_POINT ( 'NONE',  ( 2.729251400526234494, 1.102362204724409489, 5.043472498007069760 ) ) ;
#7150 = EDGE_LOOP ( 'NONE', ( #1802, #2392, #4913, #4634 ) ) ;
#7151 = CARTESIAN_POINT ( 'NONE',  ( 3.103737657107884740, 1.102362204724409489, 5.792481070146972222 ) ) ;
#7152 = CARTESIAN_POINT ( 'NONE',  ( 1.404288566597198473, 1.200787401574803237, 2.515540798843281856 ) ) ;
#7153 = DIRECTION ( 'NONE',  ( 0.000000000000000000, -1.000000000000000000, 0.000000000000000000 ) ) ;
#7154 = ORIENTED_EDGE ( 'NONE', *, *, #3635, .F. ) ;
#7155 = DIRECTION ( 'NONE',  ( 0.000000000000000000, -1.000000000000000000, 0.000000000000000000 ) ) ;
#7156 = DIRECTION ( 'NONE',  ( 0.4999999999999918954, 1.264902534566421429E-16, -0.8660254037844431485 ) ) ;
#7157 = ORIENTED_EDGE ( 'NONE', *, *, #6955, .T. ) ;
#7158 = CARTESIAN_POINT ( 'NONE',  ( -0.01227687094347677463, 1.200787401574803237, 2.526190723083010070 ) ) ;
#7159 = EDGE_LOOP ( 'NONE', ( #4762, #1847, #2234, #3691 ) ) ;
#7160 = CARTESIAN_POINT ( 'NONE',  ( 1.312500546402022739, 0.8464566929133860995, 4.485545935394759987 ) ) ;
#7161 = ADVANCED_FACE ( 'NONE', ( #4309 ), #2268, .T. ) ;
#7162 = CARTESIAN_POINT ( 'NONE',  ( 0.9192291935385781265, 1.200787401574803237, 1.861593789479333960 ) ) ;
#7163 = LINE ( 'NONE', #2465, #1123 ) ;
#7164 = ORIENTED_EDGE ( 'NONE', *, *, #4409, .T. ) ;
#7165 = ORIENTED_EDGE ( 'NONE', *, *, #3434, .T. ) ;
#7166 = VERTEX_POINT ( 'NONE', #5603 ) ;
#7167 = CARTESIAN_POINT ( 'NONE',  ( 4.496879918304330204, 15.67005943375638211, -0.7901706008445642526 ) ) ;
#7168 = DIRECTION ( 'NONE',  ( -0.000000000000000000, -1.000000000000000000, -0.000000000000000000 ) ) ;
#7169 = CARTESIAN_POINT ( 'NONE',  ( 2.657480314960631418, 1.200787401574803237, -0.1117152479293870848 ) ) ;
#7170 = ADVANCED_FACE ( 'NONE', ( #2401 ), #2358, .T. ) ;
#7171 = VERTEX_POINT ( 'NONE', #319 ) ;
#7172 = ADVANCED_FACE ( 'NONE', ( #7639 ), #4968, .T. ) ;
#7173 = CARTESIAN_POINT ( 'NONE',  ( -0.2091272646442610683, 1.200787401574803237, 2.947854267880035906 ) ) ;
#7174 = ORIENTED_EDGE ( 'NONE', *, *, #6423, .F. ) ;
#7175 = LINE ( 'NONE', #8643, #1730 ) ;
#7176 = CARTESIAN_POINT ( 'NONE',  ( 1.063333683217495995, 1.082677165354330784, 2.399399066559821048 ) ) ;
#7177 = PLANE ( 'NONE',  #752 ) ;
#7178 = ORIENTED_EDGE ( 'NONE', *, *, #6438, .F. ) ;
#7179 = ADVANCED_FACE ( 'NONE', ( #7820 ), #6273, .F. ) ;
#7180 = DIRECTION ( 'NONE',  ( 0.9849106049563591814, 0.000000000000000000, -0.1730638617519519862 ) ) ;
#7181 = EDGE_CURVE ( 'NONE', #8506, #8594, #4448, .T. ) ;
#7182 = ORIENTED_EDGE ( 'NONE', *, *, #4197, .T. ) ;
#7183 = ADVANCED_FACE ( 'NONE', ( #270 ), #2975, .F. ) ;
#7184 = DIRECTION ( 'NONE',  ( 0.000000000000000000, -0.000000000000000000, -1.000000000000000000 ) ) ;
#7185 = FACE_BOUND ( 'NONE', #6941, .T. ) ;
#7186 = VERTEX_POINT ( 'NONE', #1696 ) ;
#7187 = CYLINDRICAL_SURFACE ( 'NONE', #7141, 0.08070866141732309373 ) ;
#7188 = EDGE_LOOP ( 'NONE', ( #1335, #2670, #1849, #1001, #8190 ) ) ;
#7189 = CARTESIAN_POINT ( 'NONE',  ( -0.8382911273817988951, 1.082677165354330784, 1.756101981435601589 ) ) ;
#7190 = CARTESIAN_POINT ( 'NONE',  ( 0.9301502755622850227, 1.082677165354331672, 4.537559810304474084 ) ) ;
#7191 = AXIS2_PLACEMENT_3D ( 'NONE', #6772, #30, #1409 ) ;
#7192 = EDGE_CURVE ( 'NONE', #6586, #7496, #4558, .T. ) ;
#7193 = ORIENTED_EDGE ( 'NONE', *, *, #4499, .F. ) ;
#7194 = DIRECTION ( 'NONE',  ( 0.000000000000000000, 0.000000000000000000, -1.000000000000000000 ) ) ;
#7195 = DIRECTION ( 'NONE',  ( -0.000000000000000000, 1.000000000000000000, 0.000000000000000000 ) ) ;
#7196 = DIRECTION ( 'NONE',  ( 0.000000000000000000, 1.000000000000000000, 0.000000000000000000 ) ) ;
#7197 = VERTEX_POINT ( 'NONE', #4390 ) ;
#7198 = DIRECTION ( 'NONE',  ( 0.000000000000000000, 0.000000000000000000, -1.000000000000000000 ) ) ;
#7199 = ORIENTED_EDGE ( 'NONE', *, *, #4146, .F. ) ;
#7200 = FACE_OUTER_BOUND ( 'NONE', #3252, .T. ) ;
#7201 = AXIS2_PLACEMENT_3D ( 'NONE', #2348, #8526, #8480 ) ;
#7202 = LINE ( 'NONE', #2549, #6720 ) ;
#7203 = DIRECTION ( 'NONE',  ( 0.000000000000000000, 0.000000000000000000, -1.000000000000000000 ) ) ;
#7204 = ADVANCED_FACE ( 'NONE', ( #7104 ), #1040, .T. ) ;
#7205 = EDGE_LOOP ( 'NONE', ( #1700, #4475, #7719, #1930, #5787, #545, #3699, #8678, #4322, #6071 ) ) ;
#7206 = AXIS2_PLACEMENT_3D ( 'NONE', #7700, #5523, #8195 ) ;
#7207 = EDGE_LOOP ( 'NONE', ( #1492, #2205, #1480, #4196, #1994, #5043, #3487, #7849 ) ) ;
#7208 = ORIENTED_EDGE ( 'NONE', *, *, #6377, .T. ) ;
#7209 = FACE_OUTER_BOUND ( 'NONE', #4303, .T. ) ;
#7210 = DIRECTION ( 'NONE',  ( 0.000000000000000000, -1.000000000000000000, 0.000000000000000000 ) ) ;
#7211 = ORIENTED_EDGE ( 'NONE', *, *, #8213, .T. ) ;
#7212 = AXIS2_PLACEMENT_3D ( 'NONE', #4660, #4619, #2003 ) ;
#7213 = DIRECTION ( 'NONE',  ( 0.4999999999999918954, 1.084202172485504187E-16, -0.8660254037844431485 ) ) ;
#7214 = ORIENTED_EDGE ( 'NONE', *, *, #4464, .F. ) ;
#7215 = EDGE_CURVE ( 'NONE', #6563, #2471, #3274, .T. ) ;
#7216 = DIRECTION ( 'NONE',  ( 0.000000000000000000, 0.000000000000000000, 1.000000000000000000 ) ) ;
#7217 = DIRECTION ( 'NONE',  ( 0.000000000000000000, 0.000000000000000000, -1.000000000000000000 ) ) ;
#7218 = CARTESIAN_POINT ( 'NONE',  ( 2.670957612213677113, 15.67005943375638211, 1.542078096405613774 ) ) ;
#7219 = ORIENTED_EDGE ( 'NONE', *, *, #2084, .T. ) ;
#7220 = EDGE_LOOP ( 'NONE', ( #2503, #1621, #6931, #7816 ) ) ;
#7221 = VECTOR ( 'NONE', #155, 39.37007874015748143 ) ;
#7222 = EDGE_CURVE ( 'NONE', #3503, #8423, #4694, .T. ) ;
#7223 = CARTESIAN_POINT ( 'NONE',  ( 4.807352059034628589, 0.2952755905511817991, -0.7294316730800917137 ) ) ;
#7224 = EDGE_LOOP ( 'NONE', ( #7579, #7605, #3062, #1171 ) ) ;
#7225 = AXIS2_PLACEMENT_3D ( 'NONE', #8425, #2334, #7653 ) ;
#7226 = LINE ( 'NONE', #4478, #4557 ) ;
#7227 = ADVANCED_FACE ( 'NONE', ( #7870 ), #536, .F. ) ;
#7228 = FACE_OUTER_BOUND ( 'NONE', #1770, .T. ) ;
#7229 = DIMENSIONAL_EXPONENTS ( 1.000000000000000000, 0.000000000000000000, 0.000000000000000000, 0.000000000000000000, 0.000000000000000000, 0.000000000000000000, 0.000000000000000000 ) ;
#7230 = ORIENTED_EDGE ( 'NONE', *, *, #1522, .F. ) ;
#7231 = DIRECTION ( 'NONE',  ( 0.000000000000000000, -0.000000000000000000, -1.000000000000000000 ) ) ;
#7232 = ORIENTED_EDGE ( 'NONE', *, *, #2458, .T. ) ;
#7233 = FACE_OUTER_BOUND ( 'NONE', #704, .T. ) ;
#7234 = CARTESIAN_POINT ( 'NONE',  ( 2.502873447770335602, 0.5511811023622049666, 5.435570613893726311 ) ) ;
#7235 = AXIS2_PLACEMENT_3D ( 'NONE', #967, #4327, #4753 ) ;
#7236 = EDGE_CURVE ( 'NONE', #5536, #24, #8037, .T. ) ;
#7237 = EDGE_LOOP ( 'NONE', ( #2852, #4829, #4596, #629 ) ) ;
#7238 = DIRECTION ( 'NONE',  ( 0.000000000000000000, 1.000000000000000000, 0.000000000000000000 ) ) ;
#7239 = CARTESIAN_POINT ( 'NONE',  ( 0.3526618401562124916, -7.874015748039371056E-05, -0.3760073576427027664 ) ) ;
#7240 = FACE_OUTER_BOUND ( 'NONE', #1070, .T. ) ;
#7241 = EDGE_CURVE ( 'NONE', #1105, #1553, #5290, .T. ) ;
#7242 = ORIENTED_EDGE ( 'NONE', *, *, #5775, .F. ) ;
#7243 = DIRECTION ( 'NONE',  ( 0.8660254037844431485, -0.000000000000000000, 0.4999999999999918954 ) ) ;
#7244 = ORIENTED_EDGE ( 'NONE', *, *, #2898, .T. ) ;
#7245 = DIRECTION ( 'NONE',  ( -0.4999999999999918954, 0.000000000000000000, 0.8660254037844431485 ) ) ;
#7246 = CIRCLE ( 'NONE', #2985, 0.08070866141732323251 ) ;
#7247 = ORIENTED_EDGE ( 'NONE', *, *, #4593, .F. ) ;
#7248 = CARTESIAN_POINT ( 'NONE',  ( 4.690503309757199091, 0.6791338582677166613, 2.571681395171212525 ) ) ;
#7249 = AXIS2_PLACEMENT_3D ( 'NONE', #5188, #3272, #1785 ) ;
#7250 = CARTESIAN_POINT ( 'NONE',  ( -0.3168295106876288791, 1.082677165354330784, 0.2655313596039481916 ) ) ;
#7251 = ORIENTED_EDGE ( 'NONE', *, *, #4187, .F. ) ;
#7252 = ORIENTED_EDGE ( 'NONE', *, *, #556, .T. ) ;
#7253 = ORIENTED_EDGE ( 'NONE', *, *, #1346, .T. ) ;
#7254 = CARTESIAN_POINT ( 'NONE',  ( -1.099357127482403662, 1.082677165354330784, 1.467068853100238934 ) ) ;
#7255 = CARTESIAN_POINT ( 'NONE',  ( 4.875391200414942006, 1.102362204724409933, 2.723887119729653694 ) ) ;
#7256 = CIRCLE ( 'NONE', #36, 0.3149606299212600047 ) ;
#7257 = CIRCLE ( 'NONE', #3437, 0.08070866141732309373 ) ;
#7258 = AXIS2_PLACEMENT_3D ( 'NONE', #3068, #8530, #8488 ) ;
#7259 = PLANE ( 'NONE',  #1860 ) ;
#7260 = AXIS2_PLACEMENT_3D ( 'NONE', #5000, #1677, #6469 ) ;
#7261 = CARTESIAN_POINT ( 'NONE',  ( -1.035141521082583171, 1.082677165354330784, 1.935639541980657352 ) ) ;
#7262 = CARTESIAN_POINT ( 'NONE',  ( 0.9344809842237028485, 0.5511811023622049666, 4.530058802870120083 ) ) ;
#7263 = CIRCLE ( 'NONE', #7114, 0.08070866141732309373 ) ;
#7264 = AXIS2_PLACEMENT_3D ( 'NONE', #7331, #1306, #8186 ) ;
#7265 = ORIENTED_EDGE ( 'NONE', *, *, #3597, .F. ) ;
#7266 = CARTESIAN_POINT ( 'NONE',  ( -0.3032035753174455173, 1.082677165354330784, -0.7962163832857611645 ) ) ;
#7267 = ORIENTED_EDGE ( 'NONE', *, *, #1479, .F. ) ;
#7268 = CARTESIAN_POINT ( 'NONE',  ( 4.213924796666294270, 1.377952755905512028, -1.604264444650044030 ) ) ;
#7269 = EDGE_CURVE ( 'NONE', #1521, #4545, #7384, .T. ) ;
#7270 = CIRCLE ( 'NONE', #3311, 0.08070866141732323251 ) ;
#7271 = VECTOR ( 'NONE', #358, 39.37007874015748143 ) ;
#7272 = VECTOR ( 'NONE', #1998, 39.37007874015748143 ) ;
#7273 = VERTEX_POINT ( 'NONE', #3817 ) ;
#7274 = CARTESIAN_POINT ( 'NONE',  ( 4.292686312402501869, 1.377952755905512028, 3.410326945916658747 ) ) ;
#7275 = FACE_BOUND ( 'NONE', #5216, .T. ) ;
#7276 = ORIENTED_EDGE ( 'NONE', *, *, #4987, .T. ) ;
#7277 = DIRECTION ( 'NONE',  ( 0.000000000000000000, 0.000000000000000000, -1.000000000000000000 ) ) ;
#7278 = CIRCLE ( 'NONE', #8284, 0.08070866141732323251 ) ;
#7279 = AXIS2_PLACEMENT_3D ( 'NONE', #5741, #7739, #6873 ) ;
#7280 = ORIENTED_EDGE ( 'NONE', *, *, #6506, .T. ) ;
#7281 = DIRECTION ( 'NONE',  ( -0.1590695136534933385, 0.000000000000000000, 0.9872673851728522854 ) ) ;
#7282 = LINE ( 'NONE', #6000, #7272 ) ;
#7283 = EDGE_LOOP ( 'NONE', ( #3940, #2142 ) ) ;
#7284 = AXIS2_PLACEMENT_3D ( 'NONE', #2594, #1890, #1134 ) ;
#7285 = DIRECTION ( 'NONE',  ( 0.000000000000000000, 1.000000000000000000, 0.000000000000000000 ) ) ;
#7286 = CARTESIAN_POINT ( 'NONE',  ( -0.7874015748031525375, 1.377952755905512028, 4.887019995109035619 ) ) ;
#7287 = DIRECTION ( 'NONE',  ( 0.6423330032324084948, 0.000000000000000000, 0.7664256734729302245 ) ) ;
#7288 = ADVANCED_FACE ( 'NONE', ( #8002 ), #1835, .T. ) ;
#7289 = ORIENTED_EDGE ( 'NONE', *, *, #8664, .F. ) ;
#7290 = CARTESIAN_POINT ( 'NONE',  ( 0.4727825021151431661, 1.200787401574803237, 3.341555055281603792 ) ) ;
#7291 = ORIENTED_EDGE ( 'NONE', *, *, #1818, .F. ) ;
#7292 = ADVANCED_FACE ( 'NONE', ( #3202 ), #3162, .F. ) ;
#7293 = CARTESIAN_POINT ( 'NONE',  ( 0.5379418271761134962, 1.082677165354330784, -0.6606901903860566971 ) ) ;
#7294 = ORIENTED_EDGE ( 'NONE', *, *, #4499, .T. ) ;
#7295 = CARTESIAN_POINT ( 'NONE',  ( 3.987568202166285047, 1.358267716535429326, 3.938807015155199043 ) ) ;
#7296 = EDGE_CURVE ( 'NONE', #325, #5072, #6256, .T. ) ;
#7297 = CARTESIAN_POINT ( 'NONE',  ( 3.522982030168329004, 1.377952755905512028, -1.341149641262840086 ) ) ;
#7298 = ORIENTED_EDGE ( 'NONE', *, *, #1061, .T. ) ;
#7299 = VERTEX_POINT ( 'NONE', #1254 ) ;
#7300 = ORIENTED_EDGE ( 'NONE', *, *, #7103, .F. ) ;
#7301 = DIRECTION ( 'NONE',  ( 0.000000000000000000, -0.000000000000000000, 1.000000000000000000 ) ) ;
#7302 = DIRECTION ( 'NONE',  ( -0.000000000000000000, -1.000000000000000000, -0.000000000000000000 ) ) ;
#7303 = ADVANCED_FACE ( 'NONE', ( #449 ), #3950, .F. ) ;
#7304 = EDGE_CURVE ( 'NONE', #4133, #1968, #405, .T. ) ;
#7305 = CARTESIAN_POINT ( 'NONE',  ( -0.2091272646442610683, 1.082677165354330784, 2.947854267880035906 ) ) ;
#7306 = CARTESIAN_POINT ( 'NONE',  ( 4.626053634778662271, 1.377952755905512028, -1.761205371551624044 ) ) ;
#7307 = DIRECTION ( 'NONE',  ( 0.000000000000000000, -1.000000000000000000, 0.000000000000000000 ) ) ;
#7308 = ORIENTED_EDGE ( 'NONE', *, *, #7215, .T. ) ;
#7309 =( NAMED_UNIT ( * ) SI_UNIT ( $, .STERADIAN. ) SOLID_ANGLE_UNIT ( ) );
#7310 = CARTESIAN_POINT ( 'NONE',  ( 0.6889763779527567911, 1.200787401574803237, -0.5054160353309620213 ) ) ;
#7311 = LINE ( 'NONE', #1241, #3173 ) ;
#7312 = ORIENTED_EDGE ( 'NONE', *, *, #6648, .F. ) ;
#7313 = ORIENTED_EDGE ( 'NONE', *, *, #3664, .F. ) ;
#7314 = CARTESIAN_POINT ( 'NONE',  ( 0.6696328958159274425, 1.200787401574803237, 2.919891510484578401 ) ) ;
#7315 = FACE_BOUND ( 'NONE', #506, .T. ) ;
#7316 = EDGE_CURVE ( 'NONE', #3236, #7086, #6957, .T. ) ;
#7317 = EDGE_LOOP ( 'NONE', ( #2207, #1862, #2180, #5098 ) ) ;
#7318 = DIRECTION ( 'NONE',  ( 0.000000000000000000, -1.000000000000000000, 0.000000000000000000 ) ) ;
#7319 = ORIENTED_EDGE ( 'NONE', *, *, #366, .F. ) ;
#7320 = DIRECTION ( 'NONE',  ( -0.000000000000000000, -1.000000000000000000, -0.000000000000000000 ) ) ;
#7321 = CARTESIAN_POINT ( 'NONE',  ( -0.8832170169156220441, 1.200787401574803237, 0.1255919296523553552 ) ) ;
#7322 = ORIENTED_EDGE ( 'NONE', *, *, #2029, .T. ) ;
#7323 = CARTESIAN_POINT ( 'NONE',  ( -0.3004858503013124738, 1.200787401574803237, 1.531288830339360807 ) ) ;
#7324 = CARTESIAN_POINT ( 'NONE',  ( 2.966043853488609994, 0.3937007874015752140, 1.621524915005261969 ) ) ;
#7325 = DIRECTION ( 'NONE',  ( -0.9872673851728518413, 0.000000000000000000, -0.1590695136534966969 ) ) ;
#7326 = ORIENTED_EDGE ( 'NONE', *, *, #3620, .F. ) ;
#7327 = CARTESIAN_POINT ( 'NONE',  ( -0.6941866377028810264, 1.200787401574803237, 2.132489935681441739 ) ) ;
#7328 = VERTEX_POINT ( 'NONE', #2496 ) ;
#7329 = CIRCLE ( 'NONE', #8764, 0.08070866141732323251 ) ;
#7330 = CARTESIAN_POINT ( 'NONE',  ( 1.010587779195629698, 1.200787401574803237, 3.197450565602685923 ) ) ;
#7331 = CARTESIAN_POINT ( 'NONE',  ( 1.312929980940146901, 1.200787401574803237, 1.098975361302606979 ) ) ;
#7332 = ORIENTED_EDGE ( 'NONE', *, *, #4860, .T. ) ;
#7333 = PLANE ( 'NONE',  #917 ) ;
#7334 = FACE_OUTER_BOUND ( 'NONE', #1984, .T. ) ;
#7335 = ORIENTED_EDGE ( 'NONE', *, *, #8769, .F. ) ;
#7336 = ADVANCED_FACE ( 'NONE', ( #4659, #5156 ), #5329, .T. ) ;
#7337 = ORIENTED_EDGE ( 'NONE', *, *, #3700, .T. ) ;
#7338 = EDGE_LOOP ( 'NONE', ( #1512, #153, #8545, #3574 ) ) ;
#7339 = FACE_OUTER_BOUND ( 'NONE', #8564, .T. ) ;
#7340 = AXIS2_PLACEMENT_3D ( 'NONE', #3367, #4744, #4164 ) ;
#7341 = FACE_OUTER_BOUND ( 'NONE', #4725, .T. ) ;
#7342 = ADVANCED_FACE ( 'NONE', ( #7950 ), #1793, .T. ) ;
#7343 = AXIS2_PLACEMENT_3D ( 'NONE', #3254, #4056, #20 ) ;
#7344 = LINE ( 'NONE', #4732, #3925 ) ;
#7345 = PLANE ( 'NONE',  #1310 ) ;
#7346 = DIRECTION ( 'NONE',  ( 0.000000000000000000, 0.000000000000000000, 1.000000000000000000 ) ) ;
#7347 = EDGE_LOOP ( 'NONE', ( #562, #189, #3884, #2509 ) ) ;
#7348 = EDGE_CURVE ( 'NONE', #3086, #5564, #3864, .T. ) ;
#7349 = DIRECTION ( 'NONE',  ( 0.000000000000000000, -0.000000000000000000, -1.000000000000000000 ) ) ;
#7350 = EDGE_CURVE ( 'NONE', #1099, #3325, #499, .T. ) ;
#7351 = DIRECTION ( 'NONE',  ( 0.000000000000000000, 1.000000000000000000, 0.000000000000000000 ) ) ;
#7352 = CIRCLE ( 'NONE', #3672, 0.1161417322834646243 ) ;
#7353 = DIRECTION ( 'NONE',  ( -0.000000000000000000, -1.000000000000000000, -0.000000000000000000 ) ) ;
#7354 = ORIENTED_EDGE ( 'NONE', *, *, #4357, .T. ) ;
#7355 = LINE ( 'NONE', #3326, #1583 ) ;
#7356 = VECTOR ( 'NONE', #4529, 39.37007874015748143 ) ;
#7357 = FACE_BOUND ( 'NONE', #6797, .T. ) ;
#7358 = ORIENTED_EDGE ( 'NONE', *, *, #7348, .F. ) ;
#7359 = VERTEX_POINT ( 'NONE', #1216 ) ;
#7360 = DIRECTION ( 'NONE',  ( 0.000000000000000000, -1.000000000000000000, 0.000000000000000000 ) ) ;
#7361 = ORIENTED_EDGE ( 'NONE', *, *, #8287, .T. ) ;
#7362 = DIRECTION ( 'NONE',  ( -0.1730638617519519584, 0.000000000000000000, -0.9849106049563591814 ) ) ;
#7363 = DIRECTION ( 'NONE',  ( -0.000000000000000000, -1.000000000000000000, -0.000000000000000000 ) ) ;
#7364 = ORIENTED_EDGE ( 'NONE', *, *, #2924, .T. ) ;
#7365 = CARTESIAN_POINT ( 'NONE',  ( -0.3168295106876288791, 1.348031496062992440, 0.2655313596039481916 ) ) ;
#7366 = DIRECTION ( 'NONE',  ( 0.000000000000000000, 0.000000000000000000, -1.000000000000000000 ) ) ;
#7367 = CARTESIAN_POINT ( 'NONE',  ( -1.035141521082583171, 1.082677165354330784, 2.016348203397980487 ) ) ;
#7368 = EDGE_LOOP ( 'NONE', ( #4890, #944, #2106, #1639 ) ) ;
#7369 = CARTESIAN_POINT ( 'NONE',  ( -0.7469325417247473231, 1.200787401574803237, 3.091958757558953330 ) ) ;
#7370 = VERTEX_POINT ( 'NONE', #3907 ) ;
#7371 = AXIS2_PLACEMENT_3D ( 'NONE', #5834, #1232, #8687 ) ;
#7372 = DIRECTION ( 'NONE',  ( 0.000000000000000000, 0.000000000000000000, -1.000000000000000000 ) ) ;
#7373 = PLANE ( 'NONE',  #6141 ) ;
#7374 = VERTEX_POINT ( 'NONE', #6615 ) ;
#7375 = ADVANCED_FACE ( 'NONE', ( #4705 ), #8215, .F. ) ;
#7376 = VECTOR ( 'NONE', #2477, 39.37007874015748143 ) ;
#7377 = CARTESIAN_POINT ( 'NONE',  ( 0.1845735227573075399, 1.200787401574803237, 2.265944501120631394 ) ) ;
#7378 = ORIENTED_EDGE ( 'NONE', *, *, #5245, .T. ) ;
#7379 = DIRECTION ( 'NONE',  ( 0.8660254037844433705, -0.000000000000000000, 0.4999999999999920064 ) ) ;
#7380 = VERTEX_POINT ( 'NONE', #1350 ) ;
#7381 = VERTEX_POINT ( 'NONE', #2799 ) ;
#7382 = LINE ( 'NONE', #3397, #8229 ) ;
#7383 = DIRECTION ( 'NONE',  ( -0.8660254037844431485, 0.000000000000000000, -0.4999999999999918954 ) ) ;
#7384 = CIRCLE ( 'NONE', #875, 0.1161417322834646243 ) ;
#7385 = ADVANCED_FACE ( 'NONE', ( #6709 ), #2131, .F. ) ;
#7386 = VECTOR ( 'NONE', #7052, 39.37007874015748143 ) ;
#7387 = CARTESIAN_POINT ( 'NONE',  ( 0.6453142551084110057, 1.141732283464567121, 0.2271270909598940291 ) ) ;
#7388 = EDGE_CURVE ( 'NONE', #5048, #5112, #4083, .T. ) ;
#7389 = CARTESIAN_POINT ( 'NONE',  ( 2.657480314960631418, 1.200787401574803237, 0.3626942008895100988 ) ) ;
#7390 = CARTESIAN_POINT ( 'NONE',  ( 0.9386741476467745926, 0.000000000000000000, 4.542481070146993538 ) ) ;
#7391 = ORIENTED_EDGE ( 'NONE', *, *, #753, .F. ) ;
#7392 = EDGE_CURVE ( 'NONE', #3098, #8627, #6403, .T. ) ;
#7393 = DIRECTION ( 'NONE',  ( -0.000000000000000000, -1.000000000000000000, -0.000000000000000000 ) ) ;
#7394 = AXIS2_PLACEMENT_3D ( 'NONE', #2214, #836, #7620 ) ;
#7395 = AXIS2_PLACEMENT_3D ( 'NONE', #4770, #5481, #653 ) ;
#7396 = CYLINDRICAL_SURFACE ( 'NONE', #7404, 0.1771653543307086520 ) ;
#7397 = CIRCLE ( 'NONE', #3571, 0.08070866141732313537 ) ;
#7398 = CYLINDRICAL_SURFACE ( 'NONE', #3738, 0.06496062992125996305 ) ;
#7399 = CIRCLE ( 'NONE', #6839, 0.08070866141732323251 ) ;
#7400 = EDGE_CURVE ( 'NONE', #5564, #2217, #2718, .T. ) ;
#7401 = EDGE_CURVE ( 'NONE', #8209, #4361, #1304, .T. ) ;
#7402 = AXIS2_PLACEMENT_3D ( 'NONE', #907, #2191, #4884 ) ;
#7403 = ORIENTED_EDGE ( 'NONE', *, *, #824, .F. ) ;
#7404 = AXIS2_PLACEMENT_3D ( 'NONE', #1330, #6735, #207 ) ;
#7405 = CARTESIAN_POINT ( 'NONE',  ( 2.729251400526234494, 0.000000000000000000, 5.043472498007069760 ) ) ;
#7406 = CARTESIAN_POINT ( 'NONE',  ( 1.312929980940146901, 1.082677165354330784, 1.179684022719930114 ) ) ;
#7407 = ORIENTED_EDGE ( 'NONE', *, *, #6113, .T. ) ;
#7408 = CARTESIAN_POINT ( 'NONE',  ( 1.870078740157481434, 1.082677165354330784, 0.2819855394721875186 ) ) ;
#7409 = ORIENTED_EDGE ( 'NONE', *, *, #4786, .F. ) ;
#7410 = AXIS2_PLACEMENT_3D ( 'NONE', #3074, #1796, #954 ) ;
#7411 = ADVANCED_FACE ( 'NONE', ( #3473 ), #6177, .F. ) ;
#7412 = CIRCLE ( 'NONE', #8267, 0.08070866141732323251 ) ;
#7413 = AXIS2_PLACEMENT_3D ( 'NONE', #5637, #5680, #5018 ) ;
#7414 = DIRECTION ( 'NONE',  ( -0.000000000000000000, -1.000000000000000000, -0.000000000000000000 ) ) ;
#7415 = CARTESIAN_POINT ( 'NONE',  ( 0.4341698204799581684, 1.200787401574803237, 1.126938118698063818 ) ) ;
#7416 = ORIENTED_EDGE ( 'NONE', *, *, #6518, .T. ) ;
#7417 = DIRECTION ( 'NONE',  ( 0.000000000000000000, 0.000000000000000000, -1.000000000000000000 ) ) ;
#7418 = DIRECTION ( 'NONE',  ( -0.000000000000000000, -1.000000000000000000, -0.000000000000000000 ) ) ;
#7419 = AXIS2_PLACEMENT_3D ( 'NONE', #6401, #3690, #7778 ) ;
#7420 = VECTOR ( 'NONE', #8027, 39.37007874015748143 ) ;
#7421 = CARTESIAN_POINT ( 'NONE',  ( -0.1563813606223946606, 1.200787401574803237, 2.149802768837170142 ) ) ;
#7422 = CARTESIAN_POINT ( 'NONE',  ( 1.312929980940146901, 1.200787401574803237, 1.179684022719930114 ) ) ;
#7423 = ORIENTED_EDGE ( 'NONE', *, *, #1818, .T. ) ;
#7424 = DIRECTION ( 'NONE',  ( 0.000000000000000000, 0.000000000000000000, 1.000000000000000000 ) ) ;
#7425 = VERTEX_POINT ( 'NONE', #1474 ) ;
#7426 = LINE ( 'NONE', #3345, #7959 ) ;
#7427 = DIRECTION ( 'NONE',  ( 0.000000000000000000, 0.000000000000000000, -1.000000000000000000 ) ) ;
#7428 = ORIENTED_EDGE ( 'NONE', *, *, #1651, .T. ) ;
#7429 = VECTOR ( 'NONE', #5824, 39.37007874015748854 ) ;
#7430 = CARTESIAN_POINT ( 'NONE',  ( 1.082677165354331672, 1.200787401574803237, -0.1117152479293870848 ) ) ;
#7431 = CARTESIAN_POINT ( 'NONE',  ( 3.188976377952810193, 1.102362204724409489, 5.841693668572168541 ) ) ;
#7432 = ORIENTED_EDGE ( 'NONE', *, *, #1783, .T. ) ;
#7433 = CARTESIAN_POINT ( 'NONE',  ( 0.6329382721209004803, -7.874015748039371056E-05, 0.1766072592311553058 ) ) ;
#7434 = VECTOR ( 'NONE', #6803, 39.37007874015748143 ) ;
#7435 = ORIENTED_EDGE ( 'NONE', *, *, #3879, .T. ) ;
#7436 = ORIENTED_EDGE ( 'NONE', *, *, #7608, .F. ) ;
#7437 = ADVANCED_FACE ( 'NONE', ( #8261 ), #3997, .F. ) ;
#7438 = CARTESIAN_POINT ( 'NONE',  ( -0.7628993185406710564, 0.000000000000000000, -0.6211617174569764588 ) ) ;
#7439 = LINE ( 'NONE', #7022, #7537 ) ;
#7440 = PLANE ( 'NONE',  #1525 ) ;
#7441 = LINE ( 'NONE', #31, #3285 ) ;
#7442 = FACE_OUTER_BOUND ( 'NONE', #4122, .T. ) ;
#7443 = EDGE_LOOP ( 'NONE', ( #6279, #7509 ) ) ;
#7444 = DIRECTION ( 'NONE',  ( 0.000000000000000000, 0.000000000000000000, -1.000000000000000000 ) ) ;
#7445 = ADVANCED_FACE ( 'NONE', ( #3509 ), #2711, .T. ) ;
#7446 = DIRECTION ( 'NONE',  ( -0.7664256734729304466, 0.000000000000000000, 0.6423330032324080507 ) ) ;
#7447 = CARTESIAN_POINT ( 'NONE',  ( 0.3168295106876288791, 1.082677165354330784, -0.3304919895252083628 ) ) ;
#7448 = ORIENTED_EDGE ( 'NONE', *, *, #4317, .T. ) ;
#7449 = DIRECTION ( 'NONE',  ( -0.8660254037844431485, 0.000000000000000000, -0.4999999999999918954 ) ) ;
#7450 = CARTESIAN_POINT ( 'NONE',  ( 0.7642875483748718946, 1.082677165354330784, -0.4763968065778187988 ) ) ;
#7451 = ORIENTED_EDGE ( 'NONE', *, *, #5429, .F. ) ;
#7452 = DIRECTION ( 'NONE',  ( 0.000000000000000000, 0.000000000000000000, -1.000000000000000000 ) ) ;
#7453 = ADVANCED_FACE ( 'NONE', ( #4171 ), #8135, .T. ) ;
#7454 = EDGE_CURVE ( 'NONE', #3277, #5063, #5499, .T. ) ;
#7455 = ORIENTED_EDGE ( 'NONE', *, *, #6093, .T. ) ;
#7456 = EDGE_CURVE ( 'NONE', #4647, #2192, #2150, .T. ) ;
#7457 = DIRECTION ( 'NONE',  ( 0.000000000000000000, -1.000000000000000000, 0.000000000000000000 ) ) ;
#7458 = DIRECTION ( 'NONE',  ( 0.000000000000000000, 0.000000000000000000, -1.000000000000000000 ) ) ;
#7459 = ORIENTED_EDGE ( 'NONE', *, *, #7269, .F. ) ;
#7460 = CARTESIAN_POINT ( 'NONE',  ( 1.653884864319848935, 1.200787401574803237, 1.295825755003391144 ) ) ;
#7461 = CARTESIAN_POINT ( 'NONE',  ( 1.797989353998767026, 1.200787401574803237, 1.833631032083877788 ) ) ;
#7462 = DIRECTION ( 'NONE',  ( 0.000000000000000000, 1.000000000000000000, 0.000000000000000000 ) ) ;
#7463 = FACE_OUTER_BOUND ( 'NONE', #4369, .T. ) ;
#7464 = ORIENTED_EDGE ( 'NONE', *, *, #6105, .T. ) ;
#7465 = DIRECTION ( 'NONE',  ( 0.4999999999999932832, 0.000000000000000000, -0.8660254037844424824 ) ) ;
#7466 = ORIENTED_EDGE ( 'NONE', *, *, #8049, .T. ) ;
#7467 = ADVANCED_FACE ( 'NONE', ( #636 ), #3337, .F. ) ;
#7468 = FACE_OUTER_BOUND ( 'NONE', #4885, .T. ) ;
#7469 = CARTESIAN_POINT ( 'NONE',  ( 0.6329382721209004803, 1.082677165354330784, 0.1116466293098953427 ) ) ;
#7470 = ORIENTED_EDGE ( 'NONE', *, *, #5647, .T. ) ;
#7471 = FACE_OUTER_BOUND ( 'NONE', #5246, .T. ) ;
#7472 = DIRECTION ( 'NONE',  ( 0.000000000000000000, 0.000000000000000000, -1.000000000000000000 ) ) ;
#7473 = EDGE_CURVE ( 'NONE', #3277, #5577, #2091, .T. ) ;
#7474 = ORIENTED_EDGE ( 'NONE', *, *, #233, .F. ) ;
#7475 = DIRECTION ( 'NONE',  ( 0.000000000000000000, -1.000000000000000000, 0.000000000000000000 ) ) ;
#7476 = ORIENTED_EDGE ( 'NONE', *, *, #5987, .T. ) ;
#7477 = EDGE_LOOP ( 'NONE', ( #8173, #8529 ) ) ;
#7478 = DIRECTION ( 'NONE',  ( -0.000000000000000000, -1.000000000000000000, -0.000000000000000000 ) ) ;
#7479 = CARTESIAN_POINT ( 'NONE',  ( 0.4727825021151431661, 1.082677165354330784, 3.341555055281603792 ) ) ;
#7480 = EDGE_CURVE ( 'NONE', #2507, #871, #3565, .T. ) ;
#7481 = LINE ( 'NONE', #6599, #6487 ) ;
#7482 = DIRECTION ( 'NONE',  ( 0.000000000000000000, -1.000000000000000000, 0.000000000000000000 ) ) ;
#7483 = CARTESIAN_POINT ( 'NONE',  ( -0.1563813606223946606, 1.200787401574803237, 2.069094107419847006 ) ) ;
#7484 = ORIENTED_EDGE ( 'NONE', *, *, #1874, .T. ) ;
#7485 = CARTESIAN_POINT ( 'NONE',  ( -0.1036354566005281558, 1.082677165354330784, 1.109625285542335416 ) ) ;
#7486 = CARTESIAN_POINT ( 'NONE',  ( -0.7628631615223531170, 1.377952755905512028, -0.6213861265477605977 ) ) ;
#7487 = CARTESIAN_POINT ( 'NONE',  ( 1.704081350445589393, 1.082677165354330784, 4.279749032404512654 ) ) ;
#7488 = CIRCLE ( 'NONE', #6210, 0.08070866141732378762 ) ;
#7489 = EDGE_CURVE ( 'NONE', #3575, #7140, #159, .T. ) ;
#7490 = ORIENTED_EDGE ( 'NONE', *, *, #8157, .T. ) ;
#7491 = DIRECTION ( 'NONE',  ( 0.000000000000000000, 0.000000000000000000, -1.000000000000000000 ) ) ;
#7492 = DIRECTION ( 'NONE',  ( -0.7754638790607945031, 0.000000000000000000, -0.6313919323779687565 ) ) ;
#7493 = DIRECTION ( 'NONE',  ( -0.000000000000000000, -1.000000000000000000, -0.000000000000000000 ) ) ;
#7494 = AXIS2_PLACEMENT_3D ( 'NONE', #4226, #6159, #74 ) ;
#7495 = EDGE_CURVE ( 'NONE', #4844, #7037, #3725, .T. ) ;
#7496 = VERTEX_POINT ( 'NONE', #4915 ) ;
#7497 = DIRECTION ( 'NONE',  ( 0.000000000000000000, 0.000000000000000000, 1.000000000000000000 ) ) ;
#7498 = CARTESIAN_POINT ( 'NONE',  ( -0.4590086402839362312, 1.200787401574803237, 1.825170460593307453 ) ) ;
#7499 = ORIENTED_EDGE ( 'NONE', *, *, #1648, .F. ) ;
#7500 = EDGE_CURVE ( 'NONE', #6426, #6741, #1024, .T. ) ;
#7501 = CIRCLE ( 'NONE', #4225, 0.1161417322834645549 ) ;
#7502 = DIRECTION ( 'NONE',  ( -0.000000000000000000, -1.000000000000000000, 0.000000000000000000 ) ) ;
#7503 = CARTESIAN_POINT ( 'NONE',  ( 2.926673774748453472, 1.102362204724409933, 1.689715891681201843 ) ) ;
#7504 = FACE_OUTER_BOUND ( 'NONE', #990, .T. ) ;
#7506 = ADVANCED_FACE ( 'NONE', ( #3013 ), #3637, .F. ) ;
#7505 = CYLINDRICAL_SURFACE ( 'NONE', #6140, 0.08070866141732309373 ) ;
#7507 = ORIENTED_EDGE ( 'NONE', *, *, #1522, .T. ) ;
#7508 = CARTESIAN_POINT ( 'NONE',  ( 2.926673774748453472, 4.242870800195554881E-16, 1.689715891681201843 ) ) ;
#7509 = ORIENTED_EDGE ( 'NONE', *, *, #5814, .F. ) ;
#7510 = ADVANCED_FACE ( 'NONE', ( #3548 ), #6959, .F. ) ;
#7511 = DIRECTION ( 'NONE',  ( 0.000000000000000000, 1.000000000000000000, 0.000000000000000000 ) ) ;
#7512 = DIRECTION ( 'NONE',  ( 0.000000000000000000, 0.000000000000000000, -1.000000000000000000 ) ) ;
#7513 = STYLED_ITEM ( 'NONE', ( #6031 ), #4043 ) ;
#7514 = EDGE_LOOP ( 'NONE', ( #8368, #5519 ) ) ;
#7515 = ADVANCED_FACE ( 'NONE', ( #4958 ), #7090, .F. ) ;
#7516 = DIRECTION ( 'NONE',  ( 0.000000000000000000, -0.000000000000000000, -1.000000000000000000 ) ) ;
#7517 = CARTESIAN_POINT ( 'NONE',  ( 22.00356692029119898, 0.8464566929133860995, 12.70376528456179521 ) ) ;
#7518 = AXIS2_PLACEMENT_3D ( 'NONE', #1805, #8555, #7301 ) ;
#7519 = VERTEX_POINT ( 'NONE', #5722 ) ;
#7520 = DIRECTION ( 'NONE',  ( 0.000000000000000000, 0.000000000000000000, -1.000000000000000000 ) ) ;
#7521 = VERTEX_POINT ( 'NONE', #7592 ) ;
#7522 = LINE ( 'NONE', #2646, #1427 ) ;
#7523 = CARTESIAN_POINT ( 'NONE',  ( -0.6464165526627476677, 1.377952755905512472, 0.02550200880387241270 ) ) ;
#7524 = CIRCLE ( 'NONE', #7235, 0.08070866141732323251 ) ;
#7525 = CARTESIAN_POINT ( 'NONE',  ( -0.6941866377028810264, 1.200787401574803237, 2.213198597098764875 ) ) ;
#7526 = LINE ( 'NONE', #7389, #2156 ) ;
#7527 = DIRECTION ( 'NONE',  ( -0.9872673851728521743, 0.000000000000000000, -0.1590695136534942544 ) ) ;
#7528 = VERTEX_POINT ( 'NONE', #6258 ) ;
#7529 = CARTESIAN_POINT ( 'NONE',  ( -1.035141521082583171, 1.200787401574803237, 1.935639541980657352 ) ) ;
#7530 = CARTESIAN_POINT ( 'NONE',  ( -0.0007207492543572252986, 1.348031496062992440, 0.7076699784390518833 ) ) ;
#7531 = AXIS2_PLACEMENT_3D ( 'NONE', #7323, #2540, #2628 ) ;
#7532 = CARTESIAN_POINT ( 'NONE',  ( 0.9301502755622840235, 15.67005943375638211, 4.537559810304474084 ) ) ;
#7533 = VECTOR ( 'NONE', #6798, 39.37007874015748143 ) ;
#7534 = ORIENTED_EDGE ( 'NONE', *, *, #3705, .F. ) ;
#7535 = DIRECTION ( 'NONE',  ( 0.000000000000000000, -1.000000000000000000, 0.000000000000000000 ) ) ;
#7536 = VECTOR ( 'NONE', #2619, 39.37007874015748854 ) ;
#7537 = VECTOR ( 'NONE', #148, 39.37007874015748143 ) ;
#7538 = CARTESIAN_POINT ( 'NONE',  ( 1.116079587239362514, 1.200787401574803237, 1.520638906099632148 ) ) ;
#7539 = CIRCLE ( 'NONE', #5554, 0.06496062992125993529 ) ;
#7540 = FACE_OUTER_BOUND ( 'NONE', #7955, .T. ) ;
#7541 = VERTEX_POINT ( 'NONE', #6386 ) ;
#7542 = ADVANCED_FACE ( 'NONE', ( #6439 ), #7045, .T. ) ;
#7543 = DIRECTION ( 'NONE',  ( 0.000000000000000000, 0.000000000000000000, -1.000000000000000000 ) ) ;
#7544 = AXIS2_PLACEMENT_3D ( 'NONE', #5147, #1737, #7725 ) ;
#7545 = EDGE_LOOP ( 'NONE', ( #2475, #3166, #1268, #2333, #4747, #5013, #3139, #1142, #2414, #7048, #4008, #2232, #4362, #6504, #7361, #3796, #3532, #2096 ) ) ;
#7546 = CIRCLE ( 'NONE', #4847, 0.08070866141732309373 ) ;
#7547 = AXIS2_PLACEMENT_3D ( 'NONE', #7883, #7971, #1233 ) ;
#7548 = AXIS2_PLACEMENT_3D ( 'NONE', #1459, #2824, #6164 ) ;
#7549 = DIRECTION ( 'NONE',  ( 0.000000000000000000, -1.000000000000000000, 0.000000000000000000 ) ) ;
#7550 = DIRECTION ( 'NONE',  ( 0.000000000000000000, 0.000000000000000000, -1.000000000000000000 ) ) ;
#7551 = CARTESIAN_POINT ( 'NONE',  ( 0.3168295106876288791, 1.348031496062992440, -0.2005707296826887698 ) ) ;
#7552 = AXIS2_PLACEMENT_3D ( 'NONE', #6807, #3135, #6673 ) ;
#7553 = VERTEX_POINT ( 'NONE', #2346 ) ;
#7554 = CARTESIAN_POINT ( 'NONE',  ( -0.1563813606223946606, 1.200787401574803237, 1.988385446002523871 ) ) ;
#7555 = VECTOR ( 'NONE', #4682, 39.37007874015748143 ) ;
#7556 = AXIS2_PLACEMENT_3D ( 'NONE', #266, #2892, #4344 ) ;
#7557 = VERTEX_POINT ( 'NONE', #7628 ) ;
#7558 = LINE ( 'NONE', #4714, #7819 ) ;
#7559 = CARTESIAN_POINT ( 'NONE',  ( -1.255245018004456314, 1.082677165354330784, 2.434589445330570534 ) ) ;
#7560 = VERTEX_POINT ( 'NONE', #1642 ) ;
#7561 = AXIS2_PLACEMENT_3D ( 'NONE', #7020, #3167, #5159 ) ;
#7562 = AXIS2_PLACEMENT_3D ( 'NONE', #4443, #443, #4701 ) ;
#7563 = ADVANCED_FACE ( 'NONE', ( #5046 ), #3059, .T. ) ;
#7564 = DIRECTION ( 'NONE',  ( -0.3425776017239511306, 0.000000000000000000, 0.9394895352248826548 ) ) ;
#7565 = CARTESIAN_POINT ( 'NONE',  ( 2.657480314960631418, 1.200787401574803237, 0.2819855394721875186 ) ) ;
#7566 = EDGE_CURVE ( 'NONE', #3098, #8627, #8345, .T. ) ;
#7567 = VERTEX_POINT ( 'NONE', #5760 ) ;
#7568 = LINE ( 'NONE', #1490, #7686 ) ;
#7569 = ORIENTED_EDGE ( 'NONE', *, *, #2468, .F. ) ;
#7570 = LINE ( 'NONE', #8737, #6937 ) ;
#7571 = AXIS2_PLACEMENT_3D ( 'NONE', #168, #7587, #7452 ) ;
#7572 = AXIS2_PLACEMENT_3D ( 'NONE', #6516, #5090, #4513 ) ;
#7573 = CARTESIAN_POINT ( 'NONE',  ( 0.4727825021151431661, 1.082677165354330784, 3.341555055281603792 ) ) ;
#7574 = ADVANCED_FACE ( 'NONE', ( #1684 ), #4206, .F. ) ;
#7575 = AXIS2_PLACEMENT_3D ( 'NONE', #4282, #6243, #7710 ) ;
#7576 = CARTESIAN_POINT ( 'NONE',  ( 2.642243801483783461, 0.5905511811023628210, -0.9685744167203521604 ) ) ;
#7577 = CYLINDRICAL_SURFACE ( 'NONE', #4989, 0.1161417322834646243 ) ;
#7578 = DIRECTION ( 'NONE',  ( 0.000000000000000000, 0.000000000000000000, 1.000000000000000000 ) ) ;
#7579 = ORIENTED_EDGE ( 'NONE', *, *, #4602, .T. ) ;
#7580 = EDGE_CURVE ( 'NONE', #3710, #7166, #5115, .T. ) ;
#7581 = CARTESIAN_POINT ( 'NONE',  ( 0.09321493710025607893, 1.082677165354330784, 0.7686704021626332706 ) ) ;
#7582 = DIRECTION ( 'NONE',  ( 0.000000000000000000, -1.000000000000000000, 0.000000000000000000 ) ) ;
#7583 = ADVANCED_FACE ( 'NONE', ( #2221 ), #2884, .F. ) ;
#7584 = VERTEX_POINT ( 'NONE', #3598 ) ;
#7585 = CARTESIAN_POINT ( 'NONE',  ( 1.207438172896414086, 1.200787401574803237, 2.775787020805660976 ) ) ;
#7586 = FACE_OUTER_BOUND ( 'NONE', #7207, .T. ) ;
#7587 = DIRECTION ( 'NONE',  ( -0.000000000000000000, -1.000000000000000000, -0.000000000000000000 ) ) ;
#7588 = VERTEX_POINT ( 'NONE', #218 ) ;
#7589 = LINE ( 'NONE', #8302, #1899 ) ;
#7590 = ORIENTED_EDGE ( 'NONE', *, *, #2052, .F. ) ;
#7591 = EDGE_CURVE ( 'NONE', #8635, #2944, #2258, .T. ) ;
#7592 = CARTESIAN_POINT ( 'NONE',  ( 2.976075722449892602, 1.082677165354331672, 1.013598027167074811 ) ) ;
#7593 = LINE ( 'NONE', #4755, #128 ) ;
#7594 = CARTESIAN_POINT ( 'NONE',  ( 0.5782743101588760926, 1.082677165354330784, 1.503326072943903968 ) ) ;
#7595 = EDGE_LOOP ( 'NONE', ( #64, #7354, #418, #1868, #6744, #7319 ) ) ;
#7596 = CYLINDRICAL_SURFACE ( 'NONE', #8414, 0.08070866141732269128 ) ;
#7597 = ORIENTED_EDGE ( 'NONE', *, *, #6438, .T. ) ;
#7598 = DIRECTION ( 'NONE',  ( -0.4999999999999918954, 0.000000000000000000, 0.8660254037844431485 ) ) ;
#7599 = CARTESIAN_POINT ( 'NONE',  ( -0.8910370314036653028, 1.082677165354330784, 2.473444819061144440 ) ) ;
#7600 = ORIENTED_EDGE ( 'NONE', *, *, #3961, .F. ) ;
#7601 = FACE_OUTER_BOUND ( 'NONE', #3093, .T. ) ;
#7602 = DIRECTION ( 'NONE',  ( -0.1590695136534932552, 0.000000000000000000, 0.9872673851728522854 ) ) ;
#7603 = EDGE_LOOP ( 'NONE', ( #8382, #7760 ) ) ;
#7604 = CARTESIAN_POINT ( 'NONE',  ( -0.8411454024935602902, 1.082677165354330784, -0.1355261928997041898 ) ) ;
#7605 = ORIENTED_EDGE ( 'NONE', *, *, #2904, .F. ) ;
#7606 = LINE ( 'NONE', #8486, #7948 ) ;
#7607 = CARTESIAN_POINT ( 'NONE',  ( -0.8411454024935588469, 1.082677165354330784, -0.1355261928997038845 ) ) ;
#7608 = EDGE_CURVE ( 'NONE', #8282, #1645, #5687, .T. ) ;
#7609 = PLANE ( 'NONE',  #7494 ) ;
#7610 = CARTESIAN_POINT ( 'NONE',  ( 1.994839747699551191, 1.200787401574803237, 1.492676148704175532 ) ) ;
#7611 = EDGE_LOOP ( 'NONE', ( #852, #650, #2357, #2282 ) ) ;
#7612 = ORIENTED_EDGE ( 'NONE', *, *, #1143, .F. ) ;
#7613 = ORIENTED_EDGE ( 'NONE', *, *, #3331, .F. ) ;
#7614 = DIRECTION ( 'NONE',  ( -0.000000000000000000, -1.000000000000000000, -0.000000000000000000 ) ) ;
#7615 = CARTESIAN_POINT ( 'NONE',  ( -0.8315071245079967976, 1.082677165354331006, -0.1953463135867151423 ) ) ;
#7616 = CYLINDRICAL_SURFACE ( 'NONE', #5866, 0.08070866141732269128 ) ;
#7617 = EDGE_CURVE ( 'NONE', #6781, #5131, #1876, .T. ) ;
#7618 = CIRCLE ( 'NONE', #7755, 0.08070866141732269128 ) ;
#7619 = EDGE_CURVE ( 'NONE', #5472, #4767, #573, .T. ) ;
#7620 = DIRECTION ( 'NONE',  ( 0.000000000000000000, 0.000000000000000000, -1.000000000000000000 ) ) ;
#7621 = EDGE_CURVE ( 'NONE', #7557, #8560, #5093, .T. ) ;
#7622 = DIRECTION ( 'NONE',  ( -0.000000000000000000, -1.000000000000000000, -0.000000000000000000 ) ) ;
#7623 = LINE ( 'NONE', #6877, #1881 ) ;
#7624 = ORIENTED_EDGE ( 'NONE', *, *, #1378, .T. ) ;
#7625 = AXIS2_PLACEMENT_3D ( 'NONE', #6171, #120, #2173 ) ;
#7626 = FACE_OUTER_BOUND ( 'NONE', #3948, .T. ) ;
#7627 = ORIENTED_EDGE ( 'NONE', *, *, #4680, .T. ) ;
#7628 = CARTESIAN_POINT ( 'NONE',  ( 0.6696328958159274425, 1.200787401574803237, 2.919891510484578401 ) ) ;
#7629 = AXIS2_PLACEMENT_3D ( 'NONE', #8504, #1663, #4403 ) ;
#7630 = DIRECTION ( 'NONE',  ( 0.4999999999999918954, 0.000000000000000000, -0.8660254037844432595 ) ) ;
#7631 = DIRECTION ( 'NONE',  ( 0.000000000000000000, 0.000000000000000000, -1.000000000000000000 ) ) ;
#7632 = ORIENTED_EDGE ( 'NONE', *, *, #1226, .T. ) ;
#7633 = CARTESIAN_POINT ( 'NONE',  ( 0.9199564398576680624, 1.377952755905512028, -0.3499031884230101586 ) ) ;
#7634 = ORIENTED_EDGE ( 'NONE', *, *, #2738, .T. ) ;
#7635 = LINE ( 'NONE', #853, #1165 ) ;
#7636 = DIRECTION ( 'NONE',  ( 0.000000000000000000, 0.000000000000000000, -1.000000000000000000 ) ) ;
#7637 = EDGE_LOOP ( 'NONE', ( #3966, #476 ) ) ;
#7638 = CIRCLE ( 'NONE', #8788, 0.1161417322834646243 ) ;
#7639 = FACE_OUTER_BOUND ( 'NONE', #6714, .T. ) ;
#7640 = DIRECTION ( 'NONE',  ( 0.1730638617519519584, 0.000000000000000000, 0.9849106049563591814 ) ) ;
#7641 = ORIENTED_EDGE ( 'NONE', *, *, #1441, .T. ) ;
#7642 = FACE_OUTER_BOUND ( 'NONE', #3032, .T. ) ;
#7643 = VERTEX_POINT ( 'NONE', #1205 ) ;
#7644 = CIRCLE ( 'NONE', #4234, 0.08070866141732323251 ) ;
#7645 = CARTESIAN_POINT ( 'NONE',  ( 1.207438172896414086, 1.200787401574803237, 2.775787020805660976 ) ) ;
#7646 = EDGE_CURVE ( 'NONE', #691, #1468, #5265, .T. ) ;
#7647 = VECTOR ( 'NONE', #3752, 39.37007874015748854 ) ;
#7648 = DIRECTION ( 'NONE',  ( -0.000000000000000000, -1.000000000000000000, -0.000000000000000000 ) ) ;
#7649 = LINE ( 'NONE', #8418, #6843 ) ;
#7650 = ORIENTED_EDGE ( 'NONE', *, *, #6165, .F. ) ;
#7651 = ORIENTED_EDGE ( 'NONE', *, *, #5287, .T. ) ;
#7652 = ORIENTED_EDGE ( 'NONE', *, *, #394, .T. ) ;
#7653 = DIRECTION ( 'NONE',  ( -0.1730638617519519584, 0.000000000000000000, -0.9849106049563591814 ) ) ;
#7654 = DIRECTION ( 'NONE',  ( -0.000000000000000000, -1.000000000000000000, -0.000000000000000000 ) ) ;
#7655 = FACE_OUTER_BOUND ( 'NONE', #7220, .T. ) ;
#7656 = AXIS2_PLACEMENT_3D ( 'NONE', #5751, #8469, #5793 ) ;
#7657 = ADVANCED_FACE ( 'NONE', ( #2566 ), #1245, .F. ) ;
#7658 = CARTESIAN_POINT ( 'NONE',  ( 0.5255284061370095738, 1.200787401574803237, 2.462794894821415781 ) ) ;
#7659 = ORIENTED_EDGE ( 'NONE', *, *, #671, .T. ) ;
#7660 = CIRCLE ( 'NONE', #1573, 0.4330708661417335126 ) ;
#7661 = ADVANCED_FACE ( 'NONE', ( #5855 ), #4566, .F. ) ;
#7662 = DIRECTION ( 'NONE',  ( 0.7754638790607796262, 0.000000000000000000, 0.6313919323779869641 ) ) ;
#7663 = LINE ( 'NONE', #3001, #609 ) ;
#7664 = LINE ( 'NONE', #2957, #1555 ) ;
#7665 = ORIENTED_EDGE ( 'NONE', *, *, #7025, .F. ) ;
#7666 = CARTESIAN_POINT ( 'NONE',  ( -0.5500821480239632688, 1.200787401574803237, 2.751003874179251518 ) ) ;
#7667 = EDGE_CURVE ( 'NONE', #6432, #3021, #6956, .T. ) ;
#7668 = ORIENTED_EDGE ( 'NONE', *, *, #8320, .T. ) ;
#7669 = AXIS2_PLACEMENT_3D ( 'NONE', #393, #2437, #5804 ) ;
#7670 = AXIS2_PLACEMENT_3D ( 'NONE', #1386, #5542, #6792 ) ;
#7671 = VECTOR ( 'NONE', #7511, 39.37007874015748143 ) ;
#7672 = DIRECTION ( 'NONE',  ( 0.000000000000000000, -1.000000000000000000, 0.000000000000000000 ) ) ;
#7673 = DIRECTION ( 'NONE',  ( 0.4999999999999997224, 0.000000000000000000, -0.8660254037844388186 ) ) ;
#7674 = CARTESIAN_POINT ( 'NONE',  ( 0.9719750975604446452, 1.082677165354330784, 0.9828336290191457270 ) ) ;
#7675 = EDGE_CURVE ( 'NONE', #4498, #429, #2487, .T. ) ;
#7676 = ORIENTED_EDGE ( 'NONE', *, *, #6483, .T. ) ;
#7677 = DIRECTION ( 'NONE',  ( 0.000000000000000000, 0.000000000000000000, -1.000000000000000000 ) ) ;
#7678 = ORIENTED_EDGE ( 'NONE', *, *, #3919, .F. ) ;
#7679 = ADVANCED_FACE ( 'NONE', ( #6519 ), #5900, .F. ) ;
#7680 = ADVANCED_FACE ( 'NONE', ( #1074 ), #5275, .T. ) ;
#7681 = AXIS2_PLACEMENT_3D ( 'NONE', #2419, #7210, #1141 ) ;
#7682 = DIRECTION ( 'NONE',  ( 0.000000000000000000, -1.000000000000000000, 0.000000000000000000 ) ) ;
#7683 = LINE ( 'NONE', #4213, #3724 ) ;
#7684 = AXIS2_PLACEMENT_3D ( 'NONE', #6704, #2706, #3470 ) ;
#7685 = ORIENTED_EDGE ( 'NONE', *, *, #2640, .T. ) ;
#7686 = VECTOR ( 'NONE', #819, 39.37007874015748143 ) ;
#7687 = EDGE_CURVE ( 'NONE', #4587, #334, #7226, .T. ) ;
#7688 = DIRECTION ( 'NONE',  ( 0.000000000000000000, 0.000000000000000000, 1.000000000000000000 ) ) ;
#7689 = VECTOR ( 'NONE', #131, 39.37007874015748854 ) ;
#7690 = VECTOR ( 'NONE', #4492, 39.37007874015748143 ) ;
#7691 = DIRECTION ( 'NONE',  ( 0.000000000000000000, -1.000000000000000000, 0.000000000000000000 ) ) ;
#7692 = CIRCLE ( 'NONE', #4005, 0.08070866141732313537 ) ;
#7693 = EDGE_LOOP ( 'NONE', ( #5208, #3120, #923, #5837 ) ) ;
#7694 = DIRECTION ( 'NONE',  ( 0.000000000000000000, 0.000000000000000000, -1.000000000000000000 ) ) ;
#7695 = ORIENTED_EDGE ( 'NONE', *, *, #7770, .F. ) ;
#7696 = CARTESIAN_POINT ( 'NONE',  ( 0.4727825021151431661, 1.200787401574803237, 3.341555055281603792 ) ) ;
#7697 = AXIS2_PLACEMENT_3D ( 'NONE', #503, #4534, #8141 ) ;
#7698 = VECTOR ( 'NONE', #854, 39.37007874015748854 ) ;
#7699 = DIRECTION ( 'NONE',  ( -0.4999999999999918954, 0.000000000000000000, 0.8660254037844431485 ) ) ;
#7700 = CARTESIAN_POINT ( 'NONE',  ( -0.4973362440020967501, 1.200787401574803237, 1.872243713719063063 ) ) ;
#7701 = ADVANCED_FACE ( 'NONE', ( #1912 ), #4609, .F. ) ;
#7702 = CARTESIAN_POINT ( 'NONE',  ( 0.2373194267791739476, 1.082677165354330784, 1.387184340660442716 ) ) ;
#7703 = ORIENTED_EDGE ( 'NONE', *, *, #4350, .F. ) ;
#7704 = VECTOR ( 'NONE', #4520, 39.37007874015748143 ) ;
#7705 = VECTOR ( 'NONE', #8203, 39.37007874015748143 ) ;
#7706 = VERTEX_POINT ( 'NONE', #7990 ) ;
#7707 = VERTEX_POINT ( 'NONE', #7806 ) ;
#7708 = DIRECTION ( 'NONE',  ( -0.000000000000000000, -1.000000000000000000, -0.000000000000000000 ) ) ;
#7709 = CARTESIAN_POINT ( 'NONE',  ( -0.8910370314036653028, 1.200787401574803237, 2.554153480478467131 ) ) ;
#7710 = DIRECTION ( 'NONE',  ( -0.8660254037844433705, 0.000000000000000000, -0.4999999999999918954 ) ) ;
#7711 = AXIS2_PLACEMENT_3D ( 'NONE', #5580, #2336, #2948 ) ;
#7712 = LINE ( 'NONE', #2248, #5532 ) ;
#7713 = ORIENTED_EDGE ( 'NONE', *, *, #3450, .F. ) ;
#7714 = CARTESIAN_POINT ( 'NONE',  ( 2.616652975329385455, 0.3937007874015748254, 5.238498691300260468 ) ) ;
#7715 = PLANE ( 'NONE',  #3006 ) ;
#7716 = LINE ( 'NONE', #8699, #8224 ) ;
#7717 = EDGE_LOOP ( 'NONE', ( #6445, #878 ) ) ;
#7718 = CARTESIAN_POINT ( 'NONE',  ( 4.836021121674786372, 0.000000000000000000, 2.792078096405593790 ) ) ;
#7719 = ORIENTED_EDGE ( 'NONE', *, *, #767, .F. ) ;
#7720 = CARTESIAN_POINT ( 'NONE',  ( 1.476377952755906664, 1.200787401574803237, 0.2819855394721875186 ) ) ;
#7721 = EDGE_CURVE ( 'NONE', #367, #6942, #2717, .T. ) ;
#7722 = CARTESIAN_POINT ( 'NONE',  ( -0.9262958047319170829, 1.200787401574803237, 0.1938422488314968661 ) ) ;
#7723 = CARTESIAN_POINT ( 'NONE',  ( -0.1036354566005281558, 1.200787401574803237, 1.190333946959658551 ) ) ;
#7724 = ORIENTED_EDGE ( 'NONE', *, *, #2176, .T. ) ;
#7725 = DIRECTION ( 'NONE',  ( 0.000000000000000000, 0.000000000000000000, -1.000000000000000000 ) ) ;
#7726 = ORIENTED_EDGE ( 'NONE', *, *, #1378, .F. ) ;
#7727 = DIRECTION ( 'NONE',  ( 0.000000000000000000, -1.000000000000000000, 0.000000000000000000 ) ) ;
#7728 = LINE ( 'NONE', #3643, #7981 ) ;
#7729 = EDGE_CURVE ( 'NONE', #162, #743, #3706, .T. ) ;
#7730 = VERTEX_POINT ( 'NONE', #6477 ) ;
#7731 = LINE ( 'NONE', #950, #4308 ) ;
#7732 = DIRECTION ( 'NONE',  ( 0.000000000000000000, 1.000000000000000000, 0.000000000000000000 ) ) ;
#7733 = ADVANCED_FACE ( 'NONE', ( #6569 ), #490, .F. ) ;
#7734 = EDGE_CURVE ( 'NONE', #7943, #4067, #1865, .T. ) ;
#7735 = EDGE_LOOP ( 'NONE', ( #7289, #6413 ) ) ;
#7736 = CYLINDRICAL_SURFACE ( 'NONE', #5851, 0.08070866141732309373 ) ;
#7737 = ORIENTED_EDGE ( 'NONE', *, *, #7898, .T. ) ;
#7738 = DIRECTION ( 'NONE',  ( 0.000000000000000000, 0.000000000000000000, 1.000000000000000000 ) ) ;
#7739 = DIRECTION ( 'NONE',  ( 0.000000000000000000, -1.000000000000000000, 0.000000000000000000 ) ) ;
#7740 = ADVANCED_FACE ( 'NONE', ( #2081 ), #1376, .T. ) ;
#7741 = CARTESIAN_POINT ( 'NONE',  ( 0.2759321084143591118, 1.200787401574803237, 3.682509938661305604 ) ) ;
#7742 = CYLINDRICAL_SURFACE ( 'NONE', #172, 0.08070866141732323251 ) ;
#7743 = ORIENTED_EDGE ( 'NONE', *, *, #434, .F. ) ;
#7744 = VERTEX_POINT ( 'NONE', #6072 ) ;
#7745 = ORIENTED_EDGE ( 'NONE', *, *, #1543, .T. ) ;
#7746 = CARTESIAN_POINT ( 'NONE',  ( 4.993501436635412460, 0.3937007874015750475, 2.519314189701832074 ) ) ;
#7747 = PLANE ( 'NONE',  #4149 ) ;
#7748 = CARTESIAN_POINT ( 'NONE',  ( 0.9719750975604446452, 1.200787401574803237, 0.9021249676018227026 ) ) ;
#7749 = ORIENTED_EDGE ( 'NONE', *, *, #4658, .T. ) ;
#7750 = CARTESIAN_POINT ( 'NONE',  ( 0.5782743101588760926, 1.200787401574803237, 1.584034734361226882 ) ) ;
#7751 = ORIENTED_EDGE ( 'NONE', *, *, #446, .T. ) ;
#7752 = FACE_OUTER_BOUND ( 'NONE', #6010, .T. ) ;
#7753 = CARTESIAN_POINT ( 'NONE',  ( 2.840604636021325291, 1.181102362204724532, 2.594697524731329974 ) ) ;
#7754 = ORIENTED_EDGE ( 'NONE', *, *, #559, .T. ) ;
#7755 = AXIS2_PLACEMENT_3D ( 'NONE', #7305, #3262, #1235 ) ;
#7756 = CARTESIAN_POINT ( 'NONE',  ( 4.516531998516019719, 0.2952755905511817991, -0.6783301390982159340 ) ) ;
#7757 = VERTEX_POINT ( 'NONE', #84 ) ;
#7758 = CARTESIAN_POINT ( 'NONE',  ( 1.207438172896414086, 1.082677165354330784, 2.775787020805660976 ) ) ;
#7759 = EDGE_CURVE ( 'NONE', #8071, #2716, #1017, .T. ) ;
#7760 = ORIENTED_EDGE ( 'NONE', *, *, #5530, .F. ) ;
#7761 = CARTESIAN_POINT ( 'NONE',  ( 0.2752770484620123415, 1.200787401574803237, -0.8745549836770076801 ) ) ;
#7762 = FACE_BOUND ( 'NONE', #1635, .T. ) ;
#7763 = ORIENTED_EDGE ( 'NONE', *, *, #5185, .T. ) ;
#7764 = CARTESIAN_POINT ( 'NONE',  ( 2.545329045470149154, 1.181102362204724532, 3.106129849800883580 ) ) ;
#7765 = CIRCLE ( 'NONE', #4646, 0.08070866141732323251 ) ;
#7766 = ORIENTED_EDGE ( 'NONE', *, *, #3664, .T. ) ;
#7767 = PLANE ( 'NONE',  #865 ) ;
#7768 = CARTESIAN_POINT ( 'NONE',  ( 4.807352059034628589, 0.8858267716535439540, -0.7294316730800919357 ) ) ;
#7769 = CYLINDRICAL_SURFACE ( 'NONE', #4582, 0.08070866141732378762 ) ;
#7770 = EDGE_CURVE ( 'NONE', #7584, #1833, #2149, .T. ) ;
#7771 = ORIENTED_EDGE ( 'NONE', *, *, #3931, .T. ) ;
#7772 = VECTOR ( 'NONE', #2726, 39.37007874015748854 ) ;
#7773 = DIRECTION ( 'NONE',  ( -0.000000000000000000, -1.000000000000000000, -0.000000000000000000 ) ) ;
#7774 = VECTOR ( 'NONE', #827, 39.37007874015748143 ) ;
#7775 = FACE_OUTER_BOUND ( 'NONE', #8617, .T. ) ;
#7776 = EDGE_CURVE ( 'NONE', #8537, #512, #4115, .T. ) ;
#7777 = VERTEX_POINT ( 'NONE', #1337 ) ;
#7778 = DIRECTION ( 'NONE',  ( 0.000000000000000000, 0.000000000000000000, -1.000000000000000000 ) ) ;
#7779 = ORIENTED_EDGE ( 'NONE', *, *, #7128, .F. ) ;
#7780 = AXIS2_PLACEMENT_3D ( 'NONE', #8003, #8085, #1921 ) ;
#7781 = CARTESIAN_POINT ( 'NONE',  ( 0.8137373854948456442, 1.200787401574803237, 3.619114110399710871 ) ) ;
#7782 = CARTESIAN_POINT ( 'NONE',  ( 1.063333683217495995, 1.200787401574803237, 2.237981743725174333 ) ) ;
#7783 = ADVANCED_FACE ( 'NONE', ( #1419 ), #4163, .T. ) ;
#7784 = ADVANCED_FACE ( 'NONE', ( #4743 ), #5490, .T. ) ;
#7785 = VECTOR ( 'NONE', #5543, 39.37007874015748143 ) ;
#7786 = CARTESIAN_POINT ( 'NONE',  ( -0.3526618401562117144, -7.874015748039371056E-05, 0.3760073576427027109 ) ) ;
#7787 = EDGE_LOOP ( 'NONE', ( #1088, #2443, #8177, #2626 ) ) ;
#7788 = EDGE_LOOP ( 'NONE', ( #6672, #504 ) ) ;
#7789 = ORIENTED_EDGE ( 'NONE', *, *, #6176, .F. ) ;
#7790 = DIRECTION ( 'NONE',  ( 0.000000000000000000, -0.000000000000000000, -1.000000000000000000 ) ) ;
#7791 = DIRECTION ( 'NONE',  ( 0.000000000000000000, 0.000000000000000000, -1.000000000000000000 ) ) ;
#7792 = DIRECTION ( 'NONE',  ( 0.000000000000000000, 0.000000000000000000, -1.000000000000000000 ) ) ;
#7793 = VECTOR ( 'NONE', #390, 39.37007874015748143 ) ;
#7794 = VERTEX_POINT ( 'NONE', #6119 ) ;
#7795 = CARTESIAN_POINT ( 'NONE',  ( 1.056267072024155595, 1.181102362204724532, 3.905733284373022585 ) ) ;
#7796 = ORIENTED_EDGE ( 'NONE', *, *, #4684, .T. ) ;
#7797 = DIRECTION ( 'NONE',  ( -0.000000000000000000, -1.000000000000000000, -0.000000000000000000 ) ) ;
#7798 = LINE ( 'NONE', #2253, #2874 ) ;
#7799 = VERTEX_POINT ( 'NONE', #8072 ) ;
#7800 = VECTOR ( 'NONE', #2556, 39.37007874015748143 ) ;
#7801 = CARTESIAN_POINT ( 'NONE',  ( 0.09321493710025607893, 1.200787401574803237, 0.7686704021626332706 ) ) ;
#7802 = EDGE_LOOP ( 'NONE', ( #1010, #1279, #4835, #7058 ) ) ;
#7803 = DIRECTION ( 'NONE',  ( 0.000000000000000000, 0.000000000000000000, -1.000000000000000000 ) ) ;
#7804 = ORIENTED_EDGE ( 'NONE', *, *, #1227, .T. ) ;
#7805 = CIRCLE ( 'NONE', #2977, 0.06496062992125989366 ) ;
#7806 = CARTESIAN_POINT ( 'NONE',  ( 4.329714436292125157, 0.5905511811023629321, -0.9453028170919502982 ) ) ;
#7807 = CARTESIAN_POINT ( 'NONE',  ( 0.2759321084143591118, 1.082677165354330784, 3.682509938661305604 ) ) ;
#7808 = LINE ( 'NONE', #2923, #3312 ) ;
#7809 = ADVANCED_FACE ( 'NONE', ( #4648 ), #758, .T. ) ;
#7810 = EDGE_LOOP ( 'NONE', ( #3382, #43, #132, #5196 ) ) ;
#7811 = LINE ( 'NONE', #2393, #3875 ) ;
#7812 = ORIENTED_EDGE ( 'NONE', *, *, #6761, .F. ) ;
#7813 = DIRECTION ( 'NONE',  ( 0.000000000000000000, -1.000000000000000000, 0.000000000000000000 ) ) ;
#7814 = DIRECTION ( 'NONE',  ( 0.000000000000000000, 0.000000000000000000, -1.000000000000000000 ) ) ;
#7815 = CARTESIAN_POINT ( 'NONE',  ( 0.04046903307838966429, 1.200787401574803237, 1.808847885457468108 ) ) ;
#7816 = ORIENTED_EDGE ( 'NONE', *, *, #8664, .T. ) ;
#7817 = AXIS2_PLACEMENT_3D ( 'NONE', #6206, #7535, #7491 ) ;
#7818 = VECTOR ( 'NONE', #2666, 39.37007874015748854 ) ;
#7819 = VECTOR ( 'NONE', #98, 39.37007874015748143 ) ;
#7820 = FACE_OUTER_BOUND ( 'NONE', #7150, .T. ) ;
#7821 = CARTESIAN_POINT ( 'NONE',  ( 4.838012979423754523, 0.2952755905511817991, -0.5549396367689257703 ) ) ;
#7822 = ORIENTED_EDGE ( 'NONE', *, *, #5340, .F. ) ;
#7823 = CARTESIAN_POINT ( 'NONE',  ( 0.2373194267791739476, 1.200787401574803237, 1.387184340660442716 ) ) ;
#7824 = VECTOR ( 'NONE', #8160, 39.37007874015748143 ) ;
#7825 = CIRCLE ( 'NONE', #7681, 0.08070866141732296883 ) ;
#7826 = ADVANCED_FACE ( 'NONE', ( #44 ), #6169, .F. ) ;
#7827 = ORIENTED_EDGE ( 'NONE', *, *, #5720, .F. ) ;
#7828 = VECTOR ( 'NONE', #7414, 39.37007874015748143 ) ;
#7829 = EDGE_CURVE ( 'NONE', #7171, #5373, #5358, .T. ) ;
#7830 = CARTESIAN_POINT ( 'NONE',  ( 0.6696328958159274425, 1.200787401574803237, 3.000600171901901980 ) ) ;
#7831 = ORIENTED_EDGE ( 'NONE', *, *, #1819, .F. ) ;
#7832 = DIRECTION ( 'NONE',  ( -0.000000000000000000, 1.000000000000000000, -0.000000000000000000 ) ) ;
#7833 = CLOSED_SHELL ( 'NONE', ( #2246, #492, #6890, #5070, #1273, #161, #8033, #3870, #4477, #6850, #7510, #5899, #4051, #6361, #3890, #2573, #4850, #2848, #7467, #5857, #6645, #4420, #5559, #7733, #8245, #1383, #8436, #5761, #7183, #4974, #89, #7411, #8722, #936, #736, #3010, #1611, #883, #4076, #913, #5390, #4716, #2893, #7385, #4400, #5967, #3283, #5110, #952, #1109, #1108, #7506, #3340, #7679, #1072, #1668, #3524, #1491, #7661, #8376, #7172, #7877, #6909, #7204, #2467, #2585, #3712, #8307, #4081, #136, #2939, #7515, #2760, #7075, #3653, #2460, #6743, #6383, #2753, #2356, #7680, #3442, #1396, #7292, #7897, #7375, #2950, #7583, #5888, #8503, #3555, #4471, #867, #5193, #7303, #6870, #7826, #4624, #3663, #1870, #2770, #6249, #2400, #5360, #5052, #82, #3154, #5608, #3385, #6730, #474, #686, #4629, #2505, #1544, #3498, #7288, #7836, #4381, #66, #7946, #1777, #4788, #5732, #6528, #5114, #276, #3670, #2627, #6212, #7740, #5479, #6864, #2639, #8543, #4399, #2833, #3343, #8220, #710, #8593, #1336, #4326, #8438, #8430, #949, #4879, #7809, #569, #7336, #4637, #947, #4795, #1112, #90, #6360, #630, #997, #2555, #7922, #4396, #7179, #3556, #6193, #2797, #2041, #3602, #6667, #1278, #1846, #3685, #2484, #8013, #8001, #3820, #1407, #6811, #5155, #5396, #1331, #7083, #1016, #363, #3508, #7563, #4750, #257, #2955, #7170, #6818, #291, #5545, #4675, #5460, #3821, #6050, #7011, #522, #1823, #6995, #7161, #7885, #3787, #8107, #8272, #8613, #8386, #2212, #6054, #3505, #2048, #9, #8559, #1368, #7032, #7869, #6118, #8558, #4630, #6812, #8653, #7227, #5996, #8145, #1194, #350, #5508, #3695, #6205, #3766, #7784, #6740, #4302, #4934, #628, #2780, #2974, #4515, #452, #5179, #7542, #1166, #4039, #285, #8058, #2312, #4224, #2873, #618, #7437, #5880, #8211, #7783, #1681, #2691, #7574, #5895, #7657, #2789, #327, #7453, #8400, #4906, #729, #1168, #1585, #2035, #7701, #3042, #958, #844, #3122, #5921, #5611, #3445, #2360, #5881, #3746, #1448, #1882, #4772, #1128, #1593, #3814, #5802, #5498, #3348, #1531, #8441, #1856, #5620, #4159, #4588, #3099, #7445, #7342 ) ) ;
#7834 = DIRECTION ( 'NONE',  ( 0.000000000000000000, 0.000000000000000000, -1.000000000000000000 ) ) ;
#7835 = ORIENTED_EDGE ( 'NONE', *, *, #5885, .F. ) ;
#7836 = ADVANCED_FACE ( 'NONE', ( #2701 ), #3500, .F. ) ;
#7837 = ORIENTED_EDGE ( 'NONE', *, *, #726, .F. ) ;
#7838 = EDGE_LOOP ( 'NONE', ( #5345, #5254, #1667, #4321 ) ) ;
#7839 = AXIS2_PLACEMENT_3D ( 'NONE', #7218, #7379, #6511 ) ;
#7840 = CARTESIAN_POINT ( 'NONE',  ( -0.2091272646442610683, 1.082677165354330784, 2.947854267880035906 ) ) ;
#7841 = EDGE_CURVE ( 'NONE', #2593, #444, #8028, .T. ) ;
#7842 = FACE_OUTER_BOUND ( 'NONE', #1738, .T. ) ;
#7843 = DIRECTION ( 'NONE',  ( 0.000000000000000000, -1.000000000000000000, 0.000000000000000000 ) ) ;
#7844 = VERTEX_POINT ( 'NONE', #705 ) ;
#7845 = EDGE_CURVE ( 'NONE', #1355, #396, #2752, .T. ) ;
#7846 = AXIS2_PLACEMENT_3D ( 'NONE', #2500, #6355, #7911 ) ;
#7847 = VECTOR ( 'NONE', #2298, 39.37007874015748143 ) ;
#7848 = DIRECTION ( 'NONE',  ( 0.000000000000000000, -1.000000000000000000, 0.000000000000000000 ) ) ;
#7849 = ORIENTED_EDGE ( 'NONE', *, *, #7591, .F. ) ;
#7850 = CARTESIAN_POINT ( 'NONE',  ( 2.263779527559056426, 1.082677165354330784, 0.3626942008895106540 ) ) ;
#7851 = CARTESIAN_POINT ( 'NONE',  ( -0.06502277496534306089, 1.200787401574803237, 3.485659544960522105 ) ) ;
#7852 = CARTESIAN_POINT ( 'NONE',  ( 0.1845735227573075399, 1.200787401574803237, 2.265944501120631394 ) ) ;
#7853 = EDGE_LOOP ( 'NONE', ( #2175, #4459, #4697, #6087, #5976, #7490, #2423, #4312, #1965, #8310, #8704, #4098 ) ) ;
#7854 = FACE_OUTER_BOUND ( 'NONE', #7283, .T. ) ;
#7855 = EDGE_CURVE ( 'NONE', #8611, #241, #7355, .T. ) ;
#7856 = VERTEX_POINT ( 'NONE', #1287 ) ;
#7857 = AXIS2_PLACEMENT_3D ( 'NONE', #927, #208, #157 ) ;
#7858 = FACE_OUTER_BOUND ( 'NONE', #8582, .T. ) ;
#7859 = ORIENTED_EDGE ( 'NONE', *, *, #7401, .F. ) ;
#7860 = CARTESIAN_POINT ( 'NONE',  ( 0.8137373854948456442, 1.082677165354330784, 3.538405448982388180 ) ) ;
#7861 = VECTOR ( 'NONE', #1359, 39.37007874015748854 ) ;
#7862 = CARTESIAN_POINT ( 'NONE',  ( 1.476377952755906664, 1.200787401574803237, -0.03100658651206395638 ) ) ;
#7863 = ORIENTED_EDGE ( 'NONE', *, *, #8169, .F. ) ;
#7864 = CARTESIAN_POINT ( 'NONE',  ( 0.4318683767845828414, -7.874015748039371056E-05, -0.2814988661385031676 ) ) ;
#7865 = ORIENTED_EDGE ( 'NONE', *, *, #8745, .T. ) ;
#7866 = CYLINDRICAL_SURFACE ( 'NONE', #1445, 0.08070866141732323251 ) ;
#7867 = DIRECTION ( 'NONE',  ( 0.000000000000000000, -1.000000000000000000, 0.000000000000000000 ) ) ;
#7868 = ORIENTED_EDGE ( 'NONE', *, *, #7103, .T. ) ;
#7869 = ADVANCED_FACE ( 'NONE', ( #3982 ), #6696, .F. ) ;
#7870 = FACE_OUTER_BOUND ( 'NONE', #1029, .T. ) ;
#7871 = DIRECTION ( 'NONE',  ( 0.000000000000000000, -1.000000000000000000, 0.000000000000000000 ) ) ;
#7872 = ORIENTED_EDGE ( 'NONE', *, *, #3391, .F. ) ;
#7873 = CARTESIAN_POINT ( 'NONE',  ( 0.3814239164580918162, 1.200787401574803237, 1.844280956323606446 ) ) ;
#7874 = EDGE_LOOP ( 'NONE', ( #7651, #5213 ) ) ;
#7875 = CARTESIAN_POINT ( 'NONE',  ( 0.09321493710025610668, 1.200787401574803237, 0.9300877249972794303 ) ) ;
#7876 = CARTESIAN_POINT ( 'NONE',  ( -0.3168295106876288791, -7.874015748039371056E-05, 0.1493896273204836367 ) ) ;
#7877 = ADVANCED_FACE ( 'NONE', ( #4908 ), #969, .F. ) ;
#7878 = PLANE ( 'NONE',  #4094 ) ;
#7879 = ORIENTED_EDGE ( 'NONE', *, *, #4345, .F. ) ;
#7880 = VERTEX_POINT ( 'NONE', #4198 ) ;
#7881 = ORIENTED_EDGE ( 'NONE', *, *, #2961, .F. ) ;
#7882 = CARTESIAN_POINT ( 'NONE',  ( 0.6168869917940612568, 1.200787401574803237, 3.960068993779413571 ) ) ;
#7883 = CARTESIAN_POINT ( 'NONE',  ( 4.993501436635412460, 4.628586327486060049E-16, 2.519314189701832074 ) ) ;
#7884 = VERTEX_POINT ( 'NONE', #3668 ) ;
#7885 = ADVANCED_FACE ( 'NONE', ( #1011 ), #7080, .F. ) ;
#7886 = LINE ( 'NONE', #4504, #5672 ) ;
#7887 = ORIENTED_EDGE ( 'NONE', *, *, #1417, .T. ) ;
#7888 = CARTESIAN_POINT ( 'NONE',  ( -0.3168295106876288791, 1.348031496062992440, 0.2655313596039481916 ) ) ;
#7889 = CARTESIAN_POINT ( 'NONE',  ( -7.667949559079076494, 0.2952755905511817991, 1.822428943065792950 ) ) ;
#7890 = PLANE ( 'NONE',  #3577 ) ;
#7891 = ORIENTED_EDGE ( 'NONE', *, *, #745, .T. ) ;
#7892 = EDGE_CURVE ( 'NONE', #4955, #399, #5127, .T. ) ;
#7893 = DIRECTION ( 'NONE',  ( 0.000000000000000000, -1.000000000000000000, 0.000000000000000000 ) ) ;
#7894 = EDGE_LOOP ( 'NONE', ( #8463, #8797 ) ) ;
#7895 = CARTESIAN_POINT ( 'NONE',  ( -0.7469325417247473231, 1.200787401574803237, 3.091958757558953330 ) ) ;
#7896 = ORIENTED_EDGE ( 'NONE', *, *, #6840, .T. ) ;
#7897 = ADVANCED_FACE ( 'NONE', ( #7752 ), #6337, .T. ) ;
#7898 = EDGE_CURVE ( 'NONE', #725, #97, #7256, .T. ) ;
#7899 = CARTESIAN_POINT ( 'NONE',  ( 1.870078740157481434, 1.200787401574803237, 0.2819855394721875186 ) ) ;
#7900 = FACE_BOUND ( 'NONE', #8153, .T. ) ;
#7901 = ORIENTED_EDGE ( 'NONE', *, *, #5398, .T. ) ;
#7902 = DIRECTION ( 'NONE',  ( -0.8660254037844433705, 0.000000000000000000, -0.4999999999999918954 ) ) ;
#7903 = ORIENTED_EDGE ( 'NONE', *, *, #726, .T. ) ;
#7904 = DIRECTION ( 'NONE',  ( 0.000000000000000000, 0.000000000000000000, -1.000000000000000000 ) ) ;
#7905 = FACE_OUTER_BOUND ( 'NONE', #665, .T. ) ;
#7906 = VERTEX_POINT ( 'NONE', #2915 ) ;
#7907 = CARTESIAN_POINT ( 'NONE',  ( -0.7870128868562318303, 0.000000000000000000, 4.887082620901813890 ) ) ;
#7908 = LINE ( 'NONE', #5952, #3956 ) ;
#7909 = CARTESIAN_POINT ( 'NONE',  ( 1.082677165354331672, 1.200787401574803237, -0.03100658651206395638 ) ) ;
#7910 = EDGE_LOOP ( 'NONE', ( #4984, #3130, #2273, #5643 ) ) ;
#7911 = DIRECTION ( 'NONE',  ( 0.000000000000000000, 0.000000000000000000, -1.000000000000000000 ) ) ;
#7912 = VERTEX_POINT ( 'NONE', #7714 ) ;
#7913 = DIRECTION ( 'NONE',  ( 0.000000000000000000, -0.000000000000000000, -1.000000000000000000 ) ) ;
#7914 = ORIENTED_EDGE ( 'NONE', *, *, #2012, .F. ) ;
#7915 = AXIS2_PLACEMENT_3D ( 'NONE', #7, #2712, #1429 ) ;
#7916 = DIRECTION ( 'NONE',  ( 0.000000000000000000, 0.000000000000000000, -1.000000000000000000 ) ) ;
#7917 = LINE ( 'NONE', #3880, #6920 ) ;
#7918 = EDGE_LOOP ( 'NONE', ( #7766, #2914, #7650, #3016 ) ) ;
#7919 = AXIS2_PLACEMENT_3D ( 'NONE', #1091, #6363, #466 ) ;
#7920 = ORIENTED_EDGE ( 'NONE', *, *, #5204, .T. ) ;
#7921 = EDGE_LOOP ( 'NONE', ( #4452, #7459, #5308, #7428 ) ) ;
#7922 = ADVANCED_FACE ( 'NONE', ( #1676 ), #163, .F. ) ;
#7923 = DIRECTION ( 'NONE',  ( 0.000000000000000000, 1.000000000000000000, 0.000000000000000000 ) ) ;
#7924 = CARTESIAN_POINT ( 'NONE',  ( 1.260184076918280160, 1.200787401574803237, 1.897026860345472521 ) ) ;
#7925 = EDGE_LOOP ( 'NONE', ( #7337, #4407 ) ) ;
#7926 = VECTOR ( 'NONE', #7602, 39.37007874015748143 ) ;
#7927 = CARTESIAN_POINT ( 'NONE',  ( -0.4177630610574525893, 1.200787401574803237, 1.858753102767950915 ) ) ;
#7928 = ORIENTED_EDGE ( 'NONE', *, *, #4187, .T. ) ;
#7929 = CARTESIAN_POINT ( 'NONE',  ( -1.035141521082583171, 1.200787401574803237, 1.935639541980657352 ) ) ;
#7930 = CARTESIAN_POINT ( 'NONE',  ( -1.087887425104449246, 1.200787401574803237, 2.895108363858168943 ) ) ;
#7931 = ORIENTED_EDGE ( 'NONE', *, *, #5055, .F. ) ;
#7932 = DIRECTION ( 'NONE',  ( 0.8660254037844432595, 0.000000000000000000, 0.4999999999999919509 ) ) ;
#7933 = ORIENTED_EDGE ( 'NONE', *, *, #6306, .T. ) ;
#7934 = CIRCLE ( 'NONE', #5239, 0.06496062992125993529 ) ;
#7935 = DIRECTION ( 'NONE',  ( -0.1590695136534942267, 0.000000000000000000, 0.9872673851728520633 ) ) ;
#7936 = ORIENTED_EDGE ( 'NONE', *, *, #7954, .F. ) ;
#7937 = EDGE_CURVE ( 'NONE', #4328, #1698, #4370, .T. ) ;
#7938 = EDGE_CURVE ( 'NONE', #4880, #6047, #6550, .T. ) ;
#7939 = CIRCLE ( 'NONE', #2412, 0.08070866141732323251 ) ;
#7940 = DIRECTION ( 'NONE',  ( 0.000000000000000000, 0.000000000000000000, -1.000000000000000000 ) ) ;
#7941 = CARTESIAN_POINT ( 'NONE',  ( -0.3168295106876288791, -7.874015748039371056E-05, 0.2655313596039481916 ) ) ;
#7942 = PRODUCT_CONTEXT ( 'NONE', #8753, 'mechanical' ) ;
#7943 = VERTEX_POINT ( 'NONE', #1587 ) ;
#7944 = CARTESIAN_POINT ( 'NONE',  ( 1.082677165354331672, 1.082677165354330784, -0.1117152479293870848 ) ) ;
#7945 = VERTEX_POINT ( 'NONE', #211 ) ;
#7946 = ADVANCED_FACE ( 'NONE', ( #2340 ), #8336, .F. ) ;
#7947 = DIRECTION ( 'NONE',  ( 0.000000000000000000, -1.000000000000000000, 0.000000000000000000 ) ) ;
#7948 = VECTOR ( 'NONE', #7813, 39.37007874015748143 ) ;
#7949 = ORIENTED_EDGE ( 'NONE', *, *, #3227, .T. ) ;
#7950 = FACE_OUTER_BOUND ( 'NONE', #1500, .T. ) ;
#7951 = CARTESIAN_POINT ( 'NONE',  ( -1.087887425104449246, 1.082677165354330784, 2.895108363858168943 ) ) ;
#7952 = CARTESIAN_POINT ( 'NONE',  ( 0.1108179022399747998, 1.348031496062992440, 0.6750826585220208731 ) ) ;
#7953 = EDGE_CURVE ( 'NONE', #6458, #7906, #931, .T. ) ;
#7954 = EDGE_CURVE ( 'NONE', #8127, #7077, #2827, .T. ) ;
#7955 = EDGE_LOOP ( 'NONE', ( #721, #3109, #2316, #5898 ) ) ;
#7956 = CARTESIAN_POINT ( 'NONE',  ( -1.035141521082583171, 1.200787401574803237, 2.016348203397980487 ) ) ;
#7957 = ORIENTED_EDGE ( 'NONE', *, *, #6043, .F. ) ;
#7958 = CYLINDRICAL_SURFACE ( 'NONE', #2597, 0.08070866141732323251 ) ;
#7959 = VECTOR ( 'NONE', #3430, 39.37007874015748143 ) ;
#7960 = ORIENTED_EDGE ( 'NONE', *, *, #5660, .T. ) ;
#7961 = CARTESIAN_POINT ( 'NONE',  ( -0.4059776583450451226, 1.200787401574803237, 3.208100489842414138 ) ) ;
#7962 = EDGE_CURVE ( 'NONE', #1803, #8030, #4870, .T. ) ;
#7963 = AXIS2_PLACEMENT_3D ( 'NONE', #7144, #3767, #1113 ) ;
#7964 = AXIS2_PLACEMENT_3D ( 'NONE', #1749, #1565, #3611 ) ;
#7965 = DIRECTION ( 'NONE',  ( -0.000000000000000000, -1.000000000000000000, -0.000000000000000000 ) ) ;
#7966 = AXIS2_PLACEMENT_3D ( 'NONE', #3333, #1343, #5365 ) ;
#7967 = EDGE_LOOP ( 'NONE', ( #587, #7703 ) ) ;
#7968 = ORIENTED_EDGE ( 'NONE', *, *, #462, .F. ) ;
#7969 = ORIENTED_EDGE ( 'NONE', *, *, #1496, .F. ) ;
#7970 = DIRECTION ( 'NONE',  ( -0.000000000000000000, -1.000000000000000000, -0.000000000000000000 ) ) ;
#7971 = DIRECTION ( 'NONE',  ( 0.4999999999999920064, 0.000000000000000000, -0.8660254037844433705 ) ) ;
#7972 = AXIS2_PLACEMENT_3D ( 'NONE', #7978, #1775, #3091 ) ;
#7973 = AXIS2_PLACEMENT_3D ( 'NONE', #6283, #3036, #2155 ) ;
#7974 = VECTOR ( 'NONE', #2244, 39.37007874015748143 ) ;
#7975 = EDGE_CURVE ( 'NONE', #5307, #6331, #6376, .T. ) ;
#7976 = CYLINDRICAL_SURFACE ( 'NONE', #3785, 0.08070866141732269128 ) ;
#7977 = AXIS2_PLACEMENT_3D ( 'NONE', #1548, #2381, #8434 ) ;
#7978 = CARTESIAN_POINT ( 'NONE',  ( 1.653884864319848935, 1.200787401574803237, 1.295825755003391144 ) ) ;
#7979 = DIRECTION ( 'NONE',  ( -0.000000000000000000, -1.000000000000000000, -0.000000000000000000 ) ) ;
#7980 = VECTOR ( 'NONE', #8668, 39.37007874015748143 ) ;
#7981 = VECTOR ( 'NONE', #946, 39.37007874015748854 ) ;
#7982 = ORIENTED_EDGE ( 'NONE', *, *, #7608, .T. ) ;
#7983 = VECTOR ( 'NONE', #4324, 39.37007874015748854 ) ;
#7984 = FACE_OUTER_BOUND ( 'NONE', #8440, .T. ) ;
#7985 = DIRECTION ( 'NONE',  ( 0.000000000000000000, -1.000000000000000000, 0.000000000000000000 ) ) ;
#7986 = VECTOR ( 'NONE', #6262, 39.37007874015748143 ) ;
#7987 = AXIS2_PLACEMENT_3D ( 'NONE', #985, #7867, #1791 ) ;
#7988 = VERTEX_POINT ( 'NONE', #2954 ) ;
#7989 = ORIENTED_EDGE ( 'NONE', *, *, #408, .F. ) ;
#7990 = CARTESIAN_POINT ( 'NONE',  ( 2.105220650259831849, 1.102362204724409489, 4.943223100749083443 ) ) ;
#7991 = FACE_BOUND ( 'NONE', #4621, .T. ) ;
#7992 = DIRECTION ( 'NONE',  ( 1.000000000000000000, 0.000000000000000000, 0.000000000000000000 ) ) ;
#7993 = EDGE_LOOP ( 'NONE', ( #3680, #2637, #4668, #5120 ) ) ;
#7994 = CARTESIAN_POINT ( 'NONE',  ( 2.657480314960631418, 1.082677165354330784, 0.2012768780548649661 ) ) ;
#7995 = AXIS2_PLACEMENT_3D ( 'NONE', #2045, #4746, #5668 ) ;
#7996 = VECTOR ( 'NONE', #3721, 39.37007874015748143 ) ;
#7997 = ORIENTED_EDGE ( 'NONE', *, *, #5006, .T. ) ;
#7998 = DIRECTION ( 'NONE',  ( 0.000000000000000000, 0.000000000000000000, 1.000000000000000000 ) ) ;
#7999 = CARTESIAN_POINT ( 'NONE',  ( 0.4727825021151431661, 1.200787401574803237, 3.341555055281603792 ) ) ;
#8000 = EDGE_LOOP ( 'NONE', ( #144, #1627, #5029, #8184 ) ) ;
#8001 = ADVANCED_FACE ( 'NONE', ( #5665 ), #1507, .F. ) ;
#8002 = FACE_OUTER_BOUND ( 'NONE', #8369, .T. ) ;
#8003 = CARTESIAN_POINT ( 'NONE',  ( 2.657480314960631418, 1.200787401574803237, -0.1117152479293870848 ) ) ;
#8004 = CARTESIAN_POINT ( 'NONE',  ( 3.162792775218119523, 0.6791338582677166613, 5.690194605133061856 ) ) ;
#8005 = EDGE_LOOP ( 'NONE', ( #1014, #7903 ) ) ;
#8006 = DIRECTION ( 'NONE',  ( 0.000000000000000000, -1.000000000000000000, 0.000000000000000000 ) ) ;
#8007 = ORIENTED_EDGE ( 'NONE', *, *, #7898, .F. ) ;
#8008 = EDGE_CURVE ( 'NONE', #4054, #8594, #7038, .T. ) ;
#8009 = CYLINDRICAL_SURFACE ( 'NONE', #6421, 0.08070866141732296883 ) ;
#8010 = DIRECTION ( 'NONE',  ( -0.000000000000000000, -1.000000000000000000, -0.000000000000000000 ) ) ;
#8011 = ORIENTED_EDGE ( 'NONE', *, *, #2275, .F. ) ;
#8012 = CARTESIAN_POINT ( 'NONE',  ( 4.345056699702047887, 0.3838977427583866731, -1.654200194118728762 ) ) ;
#8013 = ADVANCED_FACE ( 'NONE', ( #2424 ), #1065, .T. ) ;
#8014 = EDGE_CURVE ( 'NONE', #2996, #3086, #7175, .T. ) ;
#8015 = CYLINDRICAL_SURFACE ( 'NONE', #6634, 0.08070866141732323251 ) ;
#8016 = VERTEX_POINT ( 'NONE', #7929 ) ;
#8017 = EDGE_LOOP ( 'NONE', ( #7837, #4072, #8733, #5367 ) ) ;
#8018 = ORIENTED_EDGE ( 'NONE', *, *, #5328, .F. ) ;
#8019 = DIRECTION ( 'NONE',  ( -0.000000000000000000, -1.000000000000000000, -0.000000000000000000 ) ) ;
#8020 = CARTESIAN_POINT ( 'NONE',  ( -0.01419902979620381832, 1.141732283464567121, 0.7798579866315596965 ) ) ;
#8021 = CARTESIAN_POINT ( 'NONE',  ( -0.8910370314036653028, 1.082677165354330784, 2.554153480478467131 ) ) ;
#8022 = CARTESIAN_POINT ( 'NONE',  ( -7.698610479468201540, 0.2952755905511817991, 1.647936906754626785 ) ) ;
#8023 = DIRECTION ( 'NONE',  ( 0.000000000000000000, 1.000000000000000000, 0.000000000000000000 ) ) ;
#8024 = ORIENTED_EDGE ( 'NONE', *, *, #1095, .F. ) ;
#8025 = DIRECTION ( 'NONE',  ( 0.000000000000000000, 0.000000000000000000, -1.000000000000000000 ) ) ;
#8026 = FACE_OUTER_BOUND ( 'NONE', #8761, .T. ) ;
#8027 = DIRECTION ( 'NONE',  ( 0.000000000000000000, 1.000000000000000000, 0.000000000000000000 ) ) ;
#8028 = LINE ( 'NONE', #6782, #3137 ) ;
#8029 = FACE_BOUND ( 'NONE', #2980, .T. ) ;
#8030 = VERTEX_POINT ( 'NONE', #5795 ) ;
#8031 = CARTESIAN_POINT ( 'NONE',  ( 0.2759321084143591118, 1.082677165354330784, 3.601801277243982025 ) ) ;
#8032 = VERTEX_POINT ( 'NONE', #386 ) ;
#8033 = ADVANCED_FACE ( 'NONE', ( #2380 ), #4553, .F. ) ;
#8034 = FACE_OUTER_BOUND ( 'NONE', #5538, .T. ) ;
#8035 = CARTESIAN_POINT ( 'NONE',  ( 4.875391200414942006, 0.3937007874015752140, 2.723887119729653694 ) ) ;
#8036 = ORIENTED_EDGE ( 'NONE', *, *, #4445, .F. ) ;
#8037 = LINE ( 'NONE', #3288, #5827 ) ;
#8038 = DIRECTION ( 'NONE',  ( -4.550094363217785277E-16, 1.000000000000000000, 7.880994616326129468E-16 ) ) ;
#8039 = CARTESIAN_POINT ( 'NONE',  ( 0.000000000000000000, 1.141732283464567121, 0.000000000000000000 ) ) ;
#8040 = ORIENTED_EDGE ( 'NONE', *, *, #6236, .T. ) ;
#8041 = LINE ( 'NONE', #641, #909 ) ;
#8042 = ORIENTED_EDGE ( 'NONE', *, *, #7621, .F. ) ;
#8043 = AXIS2_PLACEMENT_3D ( 'NONE', #1370, #5525, #4107 ) ;
#8044 = CYLINDRICAL_SURFACE ( 'NONE', #3141, 0.08070866141732269128 ) ;
#8045 = DIRECTION ( 'NONE',  ( -0.2113248654051754494, -0.5773502691896624794, -0.7886751345947891068 ) ) ;
#8046 = ORIENTED_EDGE ( 'NONE', *, *, #6540, .F. ) ;
#8047 = LINE ( 'NONE', #8731, #3035 ) ;
#8048 = EDGE_CURVE ( 'NONE', #1423, #7643, #6265, .T. ) ;
#8049 = EDGE_CURVE ( 'NONE', #2621, #3517, #5132, .T. ) ;
#8050 = CYLINDRICAL_SURFACE ( 'NONE', #117, 0.08070866141732323251 ) ;
#8051 = ORIENTED_EDGE ( 'NONE', *, *, #7776, .F. ) ;
#8052 = CARTESIAN_POINT ( 'NONE',  ( 1.425098971598871778, 1.082677165354331672, 4.290519742101568390 ) ) ;
#8053 = ORIENTED_EDGE ( 'NONE', *, *, #6375, .T. ) ;
#8054 = ORIENTED_EDGE ( 'NONE', *, *, #2440, .F. ) ;
#8055 = DIRECTION ( 'NONE',  ( 0.000000000000000000, 1.000000000000000000, 0.000000000000000000 ) ) ;
#8056 = AXIS2_PLACEMENT_3D ( 'NONE', #2763, #717, #4833 ) ;
#8057 = LINE ( 'NONE', #6863, #4839 ) ;
#8058 = ADVANCED_FACE ( 'NONE', ( #6556 ), #1811, .T. ) ;
#8059 = EDGE_CURVE ( 'NONE', #1316, #3849, #3145, .T. ) ;
#8060 = AXIS2_PLACEMENT_3D ( 'NONE', #6457, #5165, #4318 ) ;
#8061 = CARTESIAN_POINT ( 'NONE',  ( 2.983608909500687023, 1.102362204724409711, 2.063542290436449100 ) ) ;
#8062 = ORIENTED_EDGE ( 'NONE', *, *, #6801, .F. ) ;
#8063 = LINE ( 'NONE', #1410, #7555 ) ;
#8064 = DIRECTION ( 'NONE',  ( 0.000000000000000000, 0.000000000000000000, -1.000000000000000000 ) ) ;
#8065 = ORIENTED_EDGE ( 'NONE', *, *, #6473, .T. ) ;
#8066 = CARTESIAN_POINT ( 'NONE',  ( -0.7469325417247473231, 1.082677165354330784, 3.091958757558953330 ) ) ;
#8067 = CARTESIAN_POINT ( 'NONE',  ( 4.275206133378123496, 0.5905511811023628210, -1.255510881645134802 ) ) ;
#8068 = VECTOR ( 'NONE', #6045, 39.37007874015748143 ) ;
#8069 = PLANE ( 'NONE',  #1476 ) ;
#8070 = ADVANCED_BREP_SHAPE_REPRESENTATION ( 'BasePlate-Thirds Split 1', ( #4043, #4581 ), #1191 ) ;
#8071 = VERTEX_POINT ( 'NONE', #7850 ) ;
#8072 = CARTESIAN_POINT ( 'NONE',  ( -1.518843368882064615, 1.082677165354330784, 4.070616667829704660 ) ) ;
#8073 = FACE_OUTER_BOUND ( 'NONE', #3040, .T. ) ;
#8074 = CIRCLE ( 'NONE', #7076, 0.08070866141732296883 ) ;
#8075 = ORIENTED_EDGE ( 'NONE', *, *, #3619, .F. ) ;
#8076 = CARTESIAN_POINT ( 'NONE',  ( 4.701742222138753036, 0.5905511811023628210, -1.330459798151885753 ) ) ;
#8077 = ORIENTED_EDGE ( 'NONE', *, *, #4812, .T. ) ;
#8078 = LINE ( 'NONE', #1997, #7828 ) ;
#8079 = DIRECTION ( 'NONE',  ( -0.000000000000000000, -1.000000000000000000, -0.000000000000000000 ) ) ;
#8080 = ORIENTED_EDGE ( 'NONE', *, *, #1764, .T. ) ;
#8081 = CIRCLE ( 'NONE', #2972, 0.08070866141732323251 ) ;
#8082 = DIRECTION ( 'NONE',  ( -0.000000000000000000, -1.000000000000000000, 0.000000000000000000 ) ) ;
#8083 = EDGE_CURVE ( 'NONE', #7588, #7880, #4563, .T. ) ;
#8084 = DIRECTION ( 'NONE',  ( 0.000000000000000000, -1.000000000000000000, 0.000000000000000000 ) ) ;
#8085 = DIRECTION ( 'NONE',  ( -0.000000000000000000, -1.000000000000000000, -0.000000000000000000 ) ) ;
#8086 = DIRECTION ( 'NONE',  ( 0.000000000000000000, -1.000000000000000000, 0.000000000000000000 ) ) ;
#8087 = ORIENTED_EDGE ( 'NONE', *, *, #1211, .F. ) ;
#8088 = DIRECTION ( 'NONE',  ( 0.000000000000000000, 1.000000000000000000, 0.000000000000000000 ) ) ;
#8089 = EDGE_LOOP ( 'NONE', ( #5421, #3841, #1804, #8036 ) ) ;
#8090 = CIRCLE ( 'NONE', #149, 0.08070866141732323251 ) ;
#8091 = CARTESIAN_POINT ( 'NONE',  ( 0.6310202141807423892, 1.200787401574803237, 0.7052745739010384263 ) ) ;
#8092 = FACE_OUTER_BOUND ( 'NONE', #5633, .T. ) ;
#8093 = VERTEX_POINT ( 'NONE', #1903 ) ;
#8094 = VECTOR ( 'NONE', #4411, 39.37007874015748854 ) ;
#8095 = CYLINDRICAL_SURFACE ( 'NONE', #8574, 0.08070866141732269128 ) ;
#8096 = DIRECTION ( 'NONE',  ( 0.000000000000000000, 0.000000000000000000, -1.000000000000000000 ) ) ;
#8097 = EDGE_CURVE ( 'NONE', #5912, #3021, #4467, .T. ) ;
#8098 = VERTEX_POINT ( 'NONE', #4506 ) ;
#8099 = CYLINDRICAL_SURFACE ( 'NONE', #5995, 0.08070866141732313537 ) ;
#8100 = ORIENTED_EDGE ( 'NONE', *, *, #3055, .F. ) ;
#8101 = EDGE_CURVE ( 'NONE', #3777, #8600, #4978, .T. ) ;
#8102 = VERTEX_POINT ( 'NONE', #7261 ) ;
#8103 = CARTESIAN_POINT ( 'NONE',  ( 1.207438172896414086, 1.200787401574803237, 2.937204343640307691 ) ) ;
#8104 = LINE ( 'NONE', #3398, #8398 ) ;
#8105 = AXIS2_PLACEMENT_3D ( 'NONE', #4378, #6342, #847 ) ;
#8106 = AXIS2_PLACEMENT_3D ( 'NONE', #673, #7418, #5417 ) ;
#8107 = ADVANCED_FACE ( 'NONE', ( #482 ), #3797, .F. ) ;
#8108 = EDGE_CURVE ( 'NONE', #4059, #1046, #6509, .T. ) ;
#8109 = LINE ( 'NONE', #1275, #389 ) ;
#8110 = DIRECTION ( 'NONE',  ( 0.000000000000000000, 0.000000000000000000, -1.000000000000000000 ) ) ;
#8111 = CARTESIAN_POINT ( 'NONE',  ( 0.5782743101588760926, 1.200787401574803237, 1.664743395778550017 ) ) ;
#8112 = EDGE_CURVE ( 'NONE', #5022, #7186, #6129, .T. ) ;
#8113 = ORIENTED_EDGE ( 'NONE', *, *, #6531, .T. ) ;
#8114 = CYLINDRICAL_SURFACE ( 'NONE', #8511, 0.08070866141732269128 ) ;
#8115 = VECTOR ( 'NONE', #7662, 39.37007874015748854 ) ;
#8116 = CARTESIAN_POINT ( 'NONE',  ( 4.647233919224751375, 0.5905511811023628210, -1.640667862705069924 ) ) ;
#8117 = VECTOR ( 'NONE', #1943, 39.37007874015748143 ) ;
#8118 = LINE ( 'NONE', #2564, #2183 ) ;
#8119 = CIRCLE ( 'NONE', #8404, 0.1771653543307086520 ) ;
#8120 = VECTOR ( 'NONE', #5653, 39.37007874015748143 ) ;
#8121 = CIRCLE ( 'NONE', #1742, 0.08070866141732269128 ) ;
#8122 = ORIENTED_EDGE ( 'NONE', *, *, #4297, .T. ) ;
#8123 = CIRCLE ( 'NONE', #5563, 0.08070866141732255250 ) ;
#8124 = CARTESIAN_POINT ( 'NONE',  ( -0.3168295106876288791, -7.874015748039371056E-05, 0.2655313596039481916 ) ) ;
#8125 = EDGE_CURVE ( 'NONE', #670, #7945, #426, .T. ) ;
#8126 = DIRECTION ( 'NONE',  ( 0.000000000000000000, 0.000000000000000000, -1.000000000000000000 ) ) ;
#8127 = VERTEX_POINT ( 'NONE', #6600 ) ;
#8128 = LINE ( 'NONE', #4782, #3027 ) ;
#8129 = ORIENTED_EDGE ( 'NONE', *, *, #3282, .F. ) ;
#8130 = AXIS2_PLACEMENT_3D ( 'NONE', #3239, #1957, #7458 ) ;
#8131 = CARTESIAN_POINT ( 'NONE',  ( 1.116079587239362514, 1.200787401574803237, 1.359221583264986766 ) ) ;
#8132 = DIRECTION ( 'NONE',  ( 0.9345333927142727148, -0.000000000000000000, -0.3558754527948657653 ) ) ;
#8133 = ORIENTED_EDGE ( 'NONE', *, *, #8772, .F. ) ;
#8134 = DIRECTION ( 'NONE',  ( 0.000000000000000000, 0.000000000000000000, -1.000000000000000000 ) ) ;
#8135 = PLANE ( 'NONE',  #2567 ) ;
#8136 = VECTOR ( 'NONE', #8219, 39.37007874015748854 ) ;
#8137 = AXIS2_PLACEMENT_3D ( 'NONE', #5007, #488, #8384 ) ;
#8138 = CARTESIAN_POINT ( 'NONE',  ( -0.06502277496534306089, 1.200787401574803237, 3.404950883543199414 ) ) ;
#8139 = FACE_OUTER_BOUND ( 'NONE', #2930, .T. ) ;
#8140 = ORIENTED_EDGE ( 'NONE', *, *, #2565, .T. ) ;
#8141 = DIRECTION ( 'NONE',  ( 0.000000000000000000, 0.000000000000000000, 1.000000000000000000 ) ) ;
#8142 = ORIENTED_EDGE ( 'NONE', *, *, #1760, .T. ) ;
#8143 = DIRECTION ( 'NONE',  ( -0.000000000000000000, -1.000000000000000000, -0.000000000000000000 ) ) ;
#8144 = FACE_OUTER_BOUND ( 'NONE', #7802, .T. ) ;
#8145 = ADVANCED_FACE ( 'NONE', ( #6427 ), #347, .F. ) ;
#8146 = VERTEX_POINT ( 'NONE', #5217 ) ;
#8147 = AXIS2_PLACEMENT_3D ( 'NONE', #8770, #815, #2772 ) ;
#8148 = CARTESIAN_POINT ( 'NONE',  ( -0.5500821480239632688, 1.082677165354330784, 2.751003874179251518 ) ) ;
#8149 = CYLINDRICAL_SURFACE ( 'NONE', #839, 0.08070866141732255250 ) ;
#8150 = ORIENTED_EDGE ( 'NONE', *, *, #7136, .T. ) ;
#8151 = FACE_OUTER_BOUND ( 'NONE', #3883, .T. ) ;
#8152 = VECTOR ( 'NONE', #1617, 39.37007874015748143 ) ;
#8153 = EDGE_LOOP ( 'NONE', ( #6501, #4176 ) ) ;
#8154 = EDGE_LOOP ( 'NONE', ( #146, #8200 ) ) ;
#8155 = CARTESIAN_POINT ( 'NONE',  ( -0.8382911273817988951, 1.200787401574803237, 1.756101981435601589 ) ) ;
#8156 = DIRECTION ( 'NONE',  ( 0.000000000000000000, -1.000000000000000000, 0.000000000000000000 ) ) ;
#8157 = EDGE_CURVE ( 'NONE', #3409, #6653, #4733, .T. ) ;
#8158 = EDGE_CURVE ( 'NONE', #5890, #8651, #5273, .T. ) ;
#8159 = CARTESIAN_POINT ( 'NONE',  ( 1.514766852764445559, 1.200787401574803237, -0.5764102631520350295 ) ) ;
#8160 = DIRECTION ( 'NONE',  ( 0.7664256734729302245, 0.000000000000000000, -0.6423330032324084948 ) ) ;
#8161 = CARTESIAN_POINT ( 'NONE',  ( 1.476377952755906664, 1.200787401574803237, 0.2819855394721875186 ) ) ;
#8162 = VERTEX_POINT ( 'NONE', #5483 ) ;
#8163 = CARTESIAN_POINT ( 'NONE',  ( 1.312929980940146901, 1.200787401574803237, 1.018266699885284066 ) ) ;
#8164 = LINE ( 'NONE', #7486, #6410 ) ;
#8165 = EDGE_CURVE ( 'NONE', #1252, #963, #7441, .T. ) ;
#8166 = DIRECTION ( 'NONE',  ( -0.000000000000000000, -1.000000000000000000, -0.000000000000000000 ) ) ;
#8167 = EDGE_CURVE ( 'NONE', #963, #4374, #3972, .T. ) ;
#8168 = ORIENTED_EDGE ( 'NONE', *, *, #6320, .F. ) ;
#8169 = EDGE_CURVE ( 'NONE', #4089, #5966, #560, .T. ) ;
#8170 = DIRECTION ( 'NONE',  ( -0.6423330032324081618, 0.000000000000000000, -0.7664256734729304466 ) ) ;
#8171 = DIRECTION ( 'NONE',  ( -0.4999999999999920064, -9.100188726435716493E-16, 0.8660254037844432595 ) ) ;
#8172 = CYLINDRICAL_SURFACE ( 'NONE', #2607, 0.08070866141732323251 ) ;
#8173 = ORIENTED_EDGE ( 'NONE', *, *, #4786, .T. ) ;
#8174 = DIRECTION ( 'NONE',  ( 0.000000000000000000, -1.000000000000000000, 0.000000000000000000 ) ) ;
#8175 = FACE_OUTER_BOUND ( 'NONE', #2684, .T. ) ;
#8176 = EDGE_CURVE ( 'NONE', #493, #7140, #7526, .T. ) ;
#8177 = ORIENTED_EDGE ( 'NONE', *, *, #3458, .F. ) ;
#8178 = DIRECTION ( 'NONE',  ( 0.000000000000000000, 0.000000000000000000, -1.000000000000000000 ) ) ;
#8179 = DIRECTION ( 'NONE',  ( -0.6313919323779871862, 0.000000000000000000, 0.7754638790607795151 ) ) ;
#8180 = DIRECTION ( 'NONE',  ( -0.000000000000000000, -1.000000000000000000, -0.000000000000000000 ) ) ;
#8181 = CYLINDRICAL_SURFACE ( 'NONE', #2024, 0.3149606299212599492 ) ;
#8182 = VERTEX_POINT ( 'NONE', #8783 ) ;
#8183 = LINE ( 'NONE', #7554, #4864 ) ;
#8184 = ORIENTED_EDGE ( 'NONE', *, *, #8620, .F. ) ;
#8185 = DIRECTION ( 'NONE',  ( 0.000000000000000000, 0.000000000000000000, -1.000000000000000000 ) ) ;
#8186 = DIRECTION ( 'NONE',  ( 0.000000000000000000, 0.000000000000000000, -1.000000000000000000 ) ) ;
#8187 = ORIENTED_EDGE ( 'NONE', *, *, #8671, .T. ) ;
#8188 = DIRECTION ( 'NONE',  ( 0.000000000000000000, -1.000000000000000000, 0.000000000000000000 ) ) ;
#8189 = LINE ( 'NONE', #5474, #1542 ) ;
#8190 = ORIENTED_EDGE ( 'NONE', *, *, #4843, .T. ) ;
#8191 = CARTESIAN_POINT ( 'NONE',  ( 1.994839747699551191, 1.200787401574803237, 1.492676148704175532 ) ) ;
#8192 = VERTEX_POINT ( 'NONE', #6681 ) ;
#8193 = DIRECTION ( 'NONE',  ( 0.000000000000000000, 0.000000000000000000, -1.000000000000000000 ) ) ;
#8194 = CARTESIAN_POINT ( 'NONE',  ( 0.6696328958159274425, 1.200787401574803237, 3.000600171901901980 ) ) ;
#8195 = DIRECTION ( 'NONE',  ( 0.000000000000000000, -0.000000000000000000, -1.000000000000000000 ) ) ;
#8196 = EDGE_CURVE ( 'NONE', #241, #6795, #5352, .T. ) ;
#8197 = DIRECTION ( 'NONE',  ( 0.000000000000000000, 0.000000000000000000, -1.000000000000000000 ) ) ;
#8198 = DIRECTION ( 'NONE',  ( -0.000000000000000000, -1.000000000000000000, -0.000000000000000000 ) ) ;
#8199 = AXIS2_PLACEMENT_3D ( 'NONE', #4877, #848, #4085 ) ;
#8200 = ORIENTED_EDGE ( 'NONE', *, *, #8522, .F. ) ;
#8201 = DIRECTION ( 'NONE',  ( 0.000000000000000000, -1.000000000000000000, 0.000000000000000000 ) ) ;
#8202 = CARTESIAN_POINT ( 'NONE',  ( 0.6329382721209004803, 1.141732283464567121, -0.004495102973569272027 ) ) ;
#8203 = DIRECTION ( 'NONE',  ( -0.000000000000000000, -1.000000000000000000, -0.000000000000000000 ) ) ;
#8204 = ORIENTED_EDGE ( 'NONE', *, *, #246, .F. ) ;
#8205 = DIRECTION ( 'NONE',  ( 0.000000000000000000, -0.000000000000000000, -1.000000000000000000 ) ) ;
#8206 = CARTESIAN_POINT ( 'NONE',  ( 0.7223787998377938502, 1.082677165354330784, 2.041131350024391278 ) ) ;
#8207 = CARTESIAN_POINT ( 'NONE',  ( 2.657480314960631418, 1.200787401574803237, 0.2819855394721875186 ) ) ;
#8208 = AXIS2_PLACEMENT_3D ( 'NONE', #7525, #6866, #789 ) ;
#8209 = VERTEX_POINT ( 'NONE', #6773 ) ;
#8210 = DIRECTION ( 'NONE',  ( 0.000000000000000000, -1.000000000000000000, 0.000000000000000000 ) ) ;
#8211 = ADVANCED_FACE ( 'NONE', ( #5974 ), #2782, .F. ) ;
#8212 = ORIENTED_EDGE ( 'NONE', *, *, #662, .F. ) ;
#8213 = EDGE_CURVE ( 'NONE', #7166, #3710, #7546, .T. ) ;
#8214 = CIRCLE ( 'NONE', #3807, 0.1161417322834646243 ) ;
#8215 = CYLINDRICAL_SURFACE ( 'NONE', #8106, 0.08070866141732323251 ) ;
#8216 = CARTESIAN_POINT ( 'NONE',  ( -0.01227687094347676248, 1.200787401574803237, 2.687608045917656341 ) ) ;
#8217 = DIRECTION ( 'NONE',  ( -0.1730638617519520694, 0.000000000000000000, -0.9849106049563590703 ) ) ;
#8218 = ORIENTED_EDGE ( 'NONE', *, *, #6437, .T. ) ;
#8219 = DIRECTION ( 'NONE',  ( 0.4999999999999918954, 1.224646799147352961E-16, -0.8660254037844431485 ) ) ;
#8220 = ADVANCED_FACE ( 'NONE', ( #5392 ), #3402, .F. ) ;
#8221 = ORIENTED_EDGE ( 'NONE', *, *, #3755, .F. ) ;
#8222 = DIRECTION ( 'NONE',  ( 0.4999999999999932832, 0.000000000000000000, -0.8660254037844424824 ) ) ;
#8223 = CARTESIAN_POINT ( 'NONE',  ( -0.3133775433857656778, 0.000000000000000000, 1.943745035332017368 ) ) ;
#8224 = VECTOR ( 'NONE', #5977, 39.37007874015748143 ) ;
#8225 = VERTEX_POINT ( 'NONE', #6636 ) ;
#8226 = EDGE_CURVE ( 'NONE', #8470, #5727, #4773, .T. ) ;
#8227 = LINE ( 'NONE', #4135, #200 ) ;
#8228 = CARTESIAN_POINT ( 'NONE',  ( 0.4341698204799581684, 1.200787401574803237, 0.9655207958634175469 ) ) ;
#8229 = VECTOR ( 'NONE', #6103, 39.37007874015748143 ) ;
#8230 = EDGE_CURVE ( 'NONE', #1270, #8032, #6731, .T. ) ;
#8231 = EDGE_LOOP ( 'NONE', ( #4633, #3659, #3990, #5944 ) ) ;
#8232 = DIRECTION ( 'NONE',  ( 0.4999999999999932832, 0.000000000000000000, -0.8660254037844424824 ) ) ;
#8233 = ORIENTED_EDGE ( 'NONE', *, *, #3888, .T. ) ;
#8234 = PLANE ( 'NONE',  #4 ) ;
#8235 = CARTESIAN_POINT ( 'NONE',  ( 0.9386741476467745926, 0.5511811023622096295, 4.542481070146993538 ) ) ;
#8236 = CIRCLE ( 'NONE', #6385, 0.08070866141732309373 ) ;
#8237 = CARTESIAN_POINT ( 'NONE',  ( 5.005558297708292415, 1.082677165354331672, 2.104730306342235568 ) ) ;
#8238 = FACE_OUTER_BOUND ( 'NONE', #5263, .T. ) ;
#8239 = DIRECTION ( 'NONE',  ( 0.000000000000000000, -1.000000000000000000, 0.000000000000000000 ) ) ;
#8240 = ORIENTED_EDGE ( 'NONE', *, *, #6345, .T. ) ;
#8241 = DIRECTION ( 'NONE',  ( 0.000000000000000000, -1.000000000000000000, 0.000000000000000000 ) ) ;
#8242 = FACE_OUTER_BOUND ( 'NONE', #3392, .T. ) ;
#8243 = AXIS2_PLACEMENT_3D ( 'NONE', #4780, #6823, #8205 ) ;
#8244 = VECTOR ( 'NONE', #7285, 39.37007874015748143 ) ;
#8245 = ADVANCED_FACE ( 'NONE', ( #6109 ), #3357, .F. ) ;
#8246 = AXIS2_PLACEMENT_3D ( 'NONE', #1393, #3515, #4665 ) ;
#8247 = ORIENTED_EDGE ( 'NONE', *, *, #8108, .F. ) ;
#8248 = DIRECTION ( 'NONE',  ( 0.000000000000000000, -1.000000000000000000, 0.000000000000000000 ) ) ;
#8249 = AXIS2_PLACEMENT_3D ( 'NONE', #8022, #610, #1942 ) ;
#8250 = VECTOR ( 'NONE', #6936, 39.37007874015748143 ) ;
#8251 = CARTESIAN_POINT ( 'NONE',  ( 2.729251400526234494, 1.377952755905512028, 5.043472498007069760 ) ) ;
#8252 = AXIS2_PLACEMENT_3D ( 'NONE', #4936, #2203, #201 ) ;
#8253 = CARTESIAN_POINT ( 'NONE',  ( -0.6941866377028810264, 1.200787401574803237, 2.213198597098764875 ) ) ;
#8254 = ORIENTED_EDGE ( 'NONE', *, *, #7222, .F. ) ;
#8255 = DIRECTION ( 'NONE',  ( 0.000000000000000000, -1.000000000000000000, 0.000000000000000000 ) ) ;
#8256 = VECTOR ( 'NONE', #1954, 39.37007874015748143 ) ;
#8257 = VERTEX_POINT ( 'NONE', #4640 ) ;
#8258 = VECTOR ( 'NONE', #8290, 39.37007874015748143 ) ;
#8259 = AXIS2_PLACEMENT_3D ( 'NONE', #4798, #15, #7512 ) ;
#8260 = VECTOR ( 'NONE', #965, 39.37007874015748143 ) ;
#8261 = FACE_OUTER_BOUND ( 'NONE', #2034, .T. ) ;
#8262 = LINE ( 'NONE', #2184, #7785 ) ;
#8263 = FACE_OUTER_BOUND ( 'NONE', #6209, .T. ) ;
#8264 = VECTOR ( 'NONE', #8299, 39.37007874015748143 ) ;
#8265 = ORIENTED_EDGE ( 'NONE', *, *, #6108, .T. ) ;
#8266 = CARTESIAN_POINT ( 'NONE',  ( -1.087887425104449246, 1.200787401574803237, 2.895108363858168943 ) ) ;
#8267 = AXIS2_PLACEMENT_3D ( 'NONE', #5594, #1604, #7631 ) ;
#8268 = CIRCLE ( 'NONE', #3163, 0.08070866141732323251 ) ;
#8269 = ORIENTED_EDGE ( 'NONE', *, *, #4738, .T. ) ;
#8270 = FACE_BOUND ( 'NONE', #4497, .T. ) ;
#8271 = CARTESIAN_POINT ( 'NONE',  ( 1.601138960297982639, 1.082677165354330784, 2.174585915463580044 ) ) ;
#8272 = ADVANCED_FACE ( 'NONE', ( #2031 ), #7345, .T. ) ;
#8273 = ORIENTED_EDGE ( 'NONE', *, *, #5276, .F. ) ;
#8274 = VECTOR ( 'NONE', #2136, 39.37007874015748143 ) ;
#8275 = VECTOR ( 'NONE', #1687, 39.37007874015748143 ) ;
#8276 = VECTOR ( 'NONE', #1728, 39.37007874015748143 ) ;
#8277 = LINE ( 'NONE', #3483, #7434 ) ;
#8278 = DIRECTION ( 'NONE',  ( 0.7754638790607796262, 0.000000000000000000, 0.6313919323779869641 ) ) ;
#8279 = EDGE_CURVE ( 'NONE', #6646, #4012, #8063, .T. ) ;
#8280 = EDGE_LOOP ( 'NONE', ( #3168, #6535 ) ) ;
#8281 = CARTESIAN_POINT ( 'NONE',  ( 0.7751247038596602579, 1.200787401574803237, 1.162371189564201934 ) ) ;
#8282 = VERTEX_POINT ( 'NONE', #697 ) ;
#8283 = CARTESIAN_POINT ( 'NONE',  ( -1.231991914783367559, 1.082677165354330784, 2.357303086777682744 ) ) ;
#8284 = AXIS2_PLACEMENT_3D ( 'NONE', #4301, #3330, #2533 ) ;
#8285 = CIRCLE ( 'NONE', #8571, 0.08070866141732323251 ) ;
#8286 = CARTESIAN_POINT ( 'NONE',  ( 5.078740157480337913, 4.628586327486060049E-16, 2.568526788127027949 ) ) ;
#8287 = EDGE_CURVE ( 'NONE', #7370, #3472, #4106, .T. ) ;
#8288 = EDGE_CURVE ( 'NONE', #5354, #1105, #75, .T. ) ;
#8289 = LINE ( 'NONE', #740, #4801 ) ;
#8290 = DIRECTION ( 'NONE',  ( -0.000000000000000000, -1.000000000000000000, -0.000000000000000000 ) ) ;
#8291 = ORIENTED_EDGE ( 'NONE', *, *, #5059, .T. ) ;
#8292 = VERTEX_POINT ( 'NONE', #6328 ) ;
#8293 = VERTEX_POINT ( 'NONE', #8367 ) ;
#8294 = DIRECTION ( 'NONE',  ( 0.000000000000000000, 0.000000000000000000, -1.000000000000000000 ) ) ;
#8295 = DIRECTION ( 'NONE',  ( 0.000000000000000000, 0.000000000000000000, -1.000000000000000000 ) ) ;
#8296 = CARTESIAN_POINT ( 'NONE',  ( 0.09321493710025607893, 1.200787401574803237, 0.8493790635799562949 ) ) ;
#8297 = ORIENTED_EDGE ( 'NONE', *, *, #6918, .T. ) ;
#8298 = CARTESIAN_POINT ( 'NONE',  ( 0.7223787998377938502, 1.200787401574803237, 2.121840011441713525 ) ) ;
#8299 = DIRECTION ( 'NONE',  ( 0.000000000000000000, -1.000000000000000000, 0.000000000000000000 ) ) ;
#8300 = CYLINDRICAL_SURFACE ( 'NONE', #6861, 0.1161417322834645827 ) ;
#8301 = ORIENTED_EDGE ( 'NONE', *, *, #2579, .F. ) ;
#8302 = CARTESIAN_POINT ( 'NONE',  ( 2.840604636021324847, 1.358267716535429104, 2.594697524731329974 ) ) ;
#8303 = ORIENTED_EDGE ( 'NONE', *, *, #6093, .F. ) ;
#8304 = DIRECTION ( 'NONE',  ( 0.000000000000000000, 0.000000000000000000, -1.000000000000000000 ) ) ;
#8305 = FACE_OUTER_BOUND ( 'NONE', #8231, .T. ) ;
#8306 = DIRECTION ( 'NONE',  ( 0.8660254037844431485, -0.000000000000000000, 0.4999999999999919509 ) ) ;
#8307 = ADVANCED_FACE ( 'NONE', ( #239 ), #6867, .F. ) ;
#8308 = VERTEX_POINT ( 'NONE', #3573 ) ;
#8309 = DIRECTION ( 'NONE',  ( 0.3558754527948558843, 0.000000000000000000, 0.9345333927142766006 ) ) ;
#8310 = ORIENTED_EDGE ( 'NONE', *, *, #7074, .F. ) ;
#8311 = DIRECTION ( 'NONE',  ( 0.000000000000000000, -1.000000000000000000, 0.000000000000000000 ) ) ;
#8312 = LINE ( 'NONE', #813, #3580 ) ;
#8313 = ORIENTED_EDGE ( 'NONE', *, *, #3053, .F. ) ;
#8314 = CARTESIAN_POINT ( 'NONE',  ( 0.6329382721209004803, -7.874015748039371056E-05, 0.1116466293098953427 ) ) ;
#8315 = CARTESIAN_POINT ( 'NONE',  ( -0.7185039370078636356, 1.377952755905512028, 1.244485324335914633 ) ) ;
#8316 = EDGE_LOOP ( 'NONE', ( #7242, #8541 ) ) ;
#8317 = DIRECTION ( 'NONE',  ( -0.000000000000000000, -1.000000000000000000, -0.000000000000000000 ) ) ;
#8318 = ORIENTED_EDGE ( 'NONE', *, *, #5459, .F. ) ;
#8319 = EDGE_CURVE ( 'NONE', #5407, #3213, #960, .T. ) ;
#8320 = EDGE_CURVE ( 'NONE', #4290, #1219, #2984, .T. ) ;
#8321 = DIRECTION ( 'NONE',  ( 0.000000000000000000, 0.000000000000000000, -1.000000000000000000 ) ) ;
#8322 = EDGE_CURVE ( 'NONE', #1199, #403, #1597, .T. ) ;
#8323 = PLANE ( 'NONE',  #7206 ) ;
#8324 = CARTESIAN_POINT ( 'NONE',  ( -7.834881236753203027, 0.5905511811023628210, 0.8724167453716668019 ) ) ;
#8325 = EDGE_LOOP ( 'NONE', ( #532, #4800 ) ) ;
#8326 = VERTEX_POINT ( 'NONE', #790 ) ;
#8327 = VERTEX_POINT ( 'NONE', #6364 ) ;
#8328 = DIRECTION ( 'NONE',  ( 0.000000000000000000, -1.000000000000000000, 0.000000000000000000 ) ) ;
#8329 = EDGE_CURVE ( 'NONE', #5467, #2962, #151, .T. ) ;
#8330 = CARTESIAN_POINT ( 'NONE',  ( 0.8137373854948456442, 1.200787401574803237, 3.457696787565065488 ) ) ;
#8331 = DIRECTION ( 'NONE',  ( 0.8660254037844431485, -1.232595164407830946E-32, 0.4999999999999919509 ) ) ;
#8332 = VECTOR ( 'NONE', #150, 39.37007874015748143 ) ;
#8333 = EDGE_CURVE ( 'NONE', #5128, #1976, #8548, .T. ) ;
#8334 = CARTESIAN_POINT ( 'NONE',  ( 0.3168295106876288791, 1.348031496062992440, -0.2655313596039485247 ) ) ;
#8335 = ORIENTED_EDGE ( 'NONE', *, *, #671, .F. ) ;
#8337 = EDGE_CURVE ( 'NONE', #8225, #8016, #8697, .T. ) ;
#8336 = PLANE ( 'NONE',  #5985 ) ;
#8338 = DIRECTION ( 'NONE',  ( 0.4999999999999922284, 0.000000000000000000, -0.8660254037844431485 ) ) ;
#8339 = CARTESIAN_POINT ( 'NONE',  ( 0.04046903307838965735, 1.082677165354330784, 1.728139224040145194 ) ) ;
#8340 = ORIENTED_EDGE ( 'NONE', *, *, #3931, .F. ) ;
#8341 = CIRCLE ( 'NONE', #1117, 0.1161417322834645133 ) ;
#8342 = CARTESIAN_POINT ( 'NONE',  ( -1.087887425104449246, 1.082677165354330784, 2.895108363858168943 ) ) ;
#8343 = EDGE_CURVE ( 'NONE', #2263, #5296, #3622, .T. ) ;
#8344 = ORIENTED_EDGE ( 'NONE', *, *, #2851, .F. ) ;
#8345 = LINE ( 'NONE', #7761, #8673 ) ;
#8346 = CIRCLE ( 'NONE', #8208, 0.08070866141732323251 ) ;
#8347 = CARTESIAN_POINT ( 'NONE',  ( 0.3168295106876288791, 1.141732283464567121, -0.2655313596039485247 ) ) ;
#8348 = DIRECTION ( 'NONE',  ( -0.000000000000000000, -1.000000000000000000, -0.000000000000000000 ) ) ;
#8349 = VERTEX_POINT ( 'NONE', #2204 ) ;
#8350 = CARTESIAN_POINT ( 'NONE',  ( -0.2091272646442610683, 1.200787401574803237, 2.867145606462713214 ) ) ;
#8351 = ORIENTED_EDGE ( 'NONE', *, *, #5398, .F. ) ;
#8352 = LINE ( 'NONE', #7097, #1308 ) ;
#8353 = CARTESIAN_POINT ( 'NONE',  ( 2.983608909500687023, 1.082677165354330784, 2.063542290436449544 ) ) ;
#8354 = ORIENTED_EDGE ( 'NONE', *, *, #7480, .T. ) ;
#8355 = VECTOR ( 'NONE', #68, 39.37007874015748143 ) ;
#8356 = EDGE_CURVE ( 'NONE', #5476, #223, #4421, .T. ) ;
#8357 = DIRECTION ( 'NONE',  ( -0.4999999999999918954, -1.067522139062650425E-16, 0.8660254037844431485 ) ) ;
#8358 = FACE_OUTER_BOUND ( 'NONE', #8500, .T. ) ;
#8359 = ORIENTED_EDGE ( 'NONE', *, *, #6648, .T. ) ;
#8360 = DIRECTION ( 'NONE',  ( 0.000000000000000000, -1.000000000000000000, 0.000000000000000000 ) ) ;
#8361 = ORIENTED_EDGE ( 'NONE', *, *, #4602, .F. ) ;
#8362 = CIRCLE ( 'NONE', #4526, 0.1161417322834645549 ) ;
#8363 = FACE_OUTER_BOUND ( 'NONE', #5221, .T. ) ;
#8364 = CARTESIAN_POINT ( 'NONE',  ( -0.6941866377028810264, 1.082677165354330784, 2.132489935681441739 ) ) ;
#8365 = AXIS2_PLACEMENT_3D ( 'NONE', #7071, #7123, #7790 ) ;
#8366 = FACE_OUTER_BOUND ( 'NONE', #5382, .T. ) ;
#8367 = CARTESIAN_POINT ( 'NONE',  ( 0.9192291935385781265, 1.200787401574803237, 1.700176466644688578 ) ) ;
#8368 = ORIENTED_EDGE ( 'NONE', *, *, #191, .F. ) ;
#8369 = EDGE_LOOP ( 'NONE', ( #4759, #2599, #4606, #3521 ) ) ;
#8370 = ORIENTED_EDGE ( 'NONE', *, *, #7687, .F. ) ;
#8371 = CARTESIAN_POINT ( 'NONE',  ( -0.3532317543231789370, 1.200787401574803237, 2.410048990799548818 ) ) ;
#8372 = DIRECTION ( 'NONE',  ( -0.000000000000000000, -1.000000000000000000, -0.000000000000000000 ) ) ;
#8373 = DIRECTION ( 'NONE',  ( 0.000000000000000000, 0.000000000000000000, -1.000000000000000000 ) ) ;
#8374 = VECTOR ( 'NONE', #7132, 39.37007874015748143 ) ;
#8375 = EDGE_CURVE ( 'NONE', #8030, #6765, #7649, .T. ) ;
#8376 = ADVANCED_FACE ( 'NONE', ( #1575 ), #7577, .T. ) ;
#8377 = CARTESIAN_POINT ( 'NONE',  ( 0.6696328958159274425, 1.200787401574803237, 3.081308833319225116 ) ) ;
#8378 = EDGE_LOOP ( 'NONE', ( #4294, #5616, #5302, #8730 ) ) ;
#8379 = DIRECTION ( 'NONE',  ( 0.000000000000000000, 0.000000000000000000, -1.000000000000000000 ) ) ;
#8380 = FACE_OUTER_BOUND ( 'NONE', #4918, .T. ) ;
#8381 = PLANE ( 'NONE',  #1053 ) ;
#8382 = ORIENTED_EDGE ( 'NONE', *, *, #7192, .F. ) ;
#8383 = VECTOR ( 'NONE', #5636, 39.37007874015748854 ) ;
#8384 = DIRECTION ( 'NONE',  ( -0.8660254037844431485, 0.000000000000000000, -0.4999999999999918954 ) ) ;
#8385 = ORIENTED_EDGE ( 'NONE', *, *, #1494, .T. ) ;
#8386 = ADVANCED_FACE ( 'NONE', ( #6195 ), #4319, .T. ) ;
#8387 = EDGE_CURVE ( 'NONE', #6034, #5063, #5524, .T. ) ;
#8388 = AXIS2_PLACEMENT_3D ( 'NONE', #5144, #8654, #8573 ) ;
#8389 = CIRCLE ( 'NONE', #3429, 0.4330708661417335126 ) ;
#8390 = VECTOR ( 'NONE', #4507, 39.37007874015748143 ) ;
#8391 = DIRECTION ( 'NONE',  ( -0.7754638790607796262, 0.000000000000000000, -0.6313919323779869641 ) ) ;
#8392 = CARTESIAN_POINT ( 'NONE',  ( 0.3328427068685647638, 1.200787401574803237, -0.8276843385298137123 ) ) ;
#8393 = LINE ( 'NONE', #220, #3019 ) ;
#8394 = ORIENTED_EDGE ( 'NONE', *, *, #6263, .F. ) ;
#8395 = DIRECTION ( 'NONE',  ( -0.000000000000000000, -1.000000000000000000, -0.000000000000000000 ) ) ;
#8396 = VERTEX_POINT ( 'NONE', #2278 ) ;
#8397 = VECTOR ( 'NONE', #1146, 39.37007874015748143 ) ;
#8398 = VECTOR ( 'NONE', #6104, 39.37007874015748143 ) ;
#8399 = DIRECTION ( 'NONE',  ( 0.000000000000000000, 1.000000000000000000, 0.000000000000000000 ) ) ;
#8400 = ADVANCED_FACE ( 'NONE', ( #8238 ), #1452, .F. ) ;
#8401 = CARTESIAN_POINT ( 'NONE',  ( 0.3814239164580918162, 1.082677165354330784, 1.924989617740929360 ) ) ;
#8402 = AXIS2_PLACEMENT_3D ( 'NONE', #7310, #1907, #1946 ) ;
#8403 = EDGE_LOOP ( 'NONE', ( #5697, #6775, #5314, #4060 ) ) ;
#8404 = AXIS2_PLACEMENT_3D ( 'NONE', #1066, #2215, #6428 ) ;
#8405 = CARTESIAN_POINT ( 'NONE',  ( 2.657480314960631418, 1.082677165354330784, 0.3626942008895100988 ) ) ;
#8406 = VECTOR ( 'NONE', #1498, 39.37007874015748854 ) ;
#8407 = CIRCLE ( 'NONE', #8259, 0.08070866141732323251 ) ;
#8408 = DIRECTION ( 'NONE',  ( -0.000000000000000000, 1.000000000000000000, -0.000000000000000000 ) ) ;
#8409 = VECTOR ( 'NONE', #7582, 39.37007874015748143 ) ;
#8410 = ORIENTED_EDGE ( 'NONE', *, *, #7617, .F. ) ;
#8411 = DIRECTION ( 'NONE',  ( 0.000000000000000000, -1.000000000000000000, 0.000000000000000000 ) ) ;
#8412 = ORIENTED_EDGE ( 'NONE', *, *, #5691, .T. ) ;
#8413 = LINE ( 'NONE', #956, #1174 ) ;
#8414 = AXIS2_PLACEMENT_3D ( 'NONE', #5596, #222, #4919 ) ;
#8415 = CIRCLE ( 'NONE', #763, 0.06496062992125996305 ) ;
#8416 = DIRECTION ( 'NONE',  ( -0.000000000000000000, 1.000000000000000000, -0.000000000000000000 ) ) ;
#8417 = DIRECTION ( 'NONE',  ( 0.6423330032324081618, 0.000000000000000000, 0.7664256734729304466 ) ) ;
#8418 = CARTESIAN_POINT ( 'NONE',  ( -0.7086614173228228397, 1.358267716535429326, 1.227437580166926834 ) ) ;
#8419 = ORIENTED_EDGE ( 'NONE', *, *, #1648, .T. ) ;
#8420 = AXIS2_PLACEMENT_3D ( 'NONE', #5993, #8709, #5535 ) ;
#8421 = AXIS2_PLACEMENT_3D ( 'NONE', #2366, #3497, #332 ) ;
#8422 = ORIENTED_EDGE ( 'NONE', *, *, #3606, .T. ) ;
#8423 = VERTEX_POINT ( 'NONE', #4982 ) ;
#8424 = EDGE_CURVE ( 'NONE', #2085, #6034, #7028, .T. ) ;
#8425 = CARTESIAN_POINT ( 'NONE',  ( 4.361163890062311310, 1.377952755905512028, -0.7663232183196890812 ) ) ;
#8426 = CARTESIAN_POINT ( 'NONE',  ( 0.0001401084459809085424, 1.082677165354330784, 0.0003679265325612142857 ) ) ;
#8427 = CYLINDRICAL_SURFACE ( 'NONE', #7711, 0.08070866141732351007 ) ;
#8428 = EDGE_LOOP ( 'NONE', ( #7827, #3370, #5386, #6527 ) ) ;
#8429 = VECTOR ( 'NONE', #3408, 39.37007874015748143 ) ;
#8430 = ADVANCED_FACE ( 'NONE', ( #4189 ), #6713, .F. ) ;
#8431 = DIRECTION ( 'NONE',  ( 0.000000000000000000, 0.000000000000000000, -1.000000000000000000 ) ) ;
#8432 = EDGE_LOOP ( 'NONE', ( #3800, #5074 ) ) ;
#8433 = CARTESIAN_POINT ( 'NONE',  ( 1.683208289326935780, 1.377952755905512028, 0.2715455639175267111 ) ) ;
#8434 = DIRECTION ( 'NONE',  ( 0.000000000000000000, -0.000000000000000000, -1.000000000000000000 ) ) ;
#8435 = DIRECTION ( 'NONE',  ( 0.000000000000000000, -0.000000000000000000, -1.000000000000000000 ) ) ;
#8436 = ADVANCED_FACE ( 'NONE', ( #6006 ), #7742, .F. ) ;
#8437 = EDGE_LOOP ( 'NONE', ( #5327, #355, #2162, #8596 ) ) ;
#8438 = ADVANCED_FACE ( 'NONE', ( #6660 ), #501, .F. ) ;
#8439 = DIRECTION ( 'NONE',  ( -0.4999999999999998335, 0.000000000000000000, 0.8660254037844388186 ) ) ;
#8440 = EDGE_LOOP ( 'NONE', ( #5192, #4050, #8212, #1290, #6030, #7641 ) ) ;
#8441 = ADVANCED_FACE ( 'NONE', ( #8760 ), #8586, .F. ) ;
#8442 = DIRECTION ( 'NONE',  ( 0.4999999999999932832, 0.000000000000000000, -0.8660254037844424824 ) ) ;
#8443 = CARTESIAN_POINT ( 'NONE',  ( 1.994839747699551191, 1.082677165354330784, 1.492676148704175532 ) ) ;
#8444 = DIRECTION ( 'NONE',  ( 0.000000000000000000, -1.000000000000000000, 0.000000000000000000 ) ) ;
#8445 = EDGE_LOOP ( 'NONE', ( #7695, #3881, #2899, #1859 ) ) ;
#8446 = DIRECTION ( 'NONE',  ( -0.000000000000000000, 1.000000000000000000, -0.000000000000000000 ) ) ;
#8447 = ORIENTED_EDGE ( 'NONE', *, *, #2289, .T. ) ;
#8448 = DIRECTION ( 'NONE',  ( 0.000000000000000000, -1.000000000000000000, 0.000000000000000000 ) ) ;
#8449 = EDGE_CURVE ( 'NONE', #4955, #8518, #584, .T. ) ;
#8450 = DIRECTION ( 'NONE',  ( 0.000000000000000000, -1.000000000000000000, 0.000000000000000000 ) ) ;
#8451 = FACE_OUTER_BOUND ( 'NONE', #5278, .T. ) ;
#8452 = ORIENTED_EDGE ( 'NONE', *, *, #4730, .F. ) ;
#8453 = DIRECTION ( 'NONE',  ( 0.000000000000000000, 0.000000000000000000, -1.000000000000000000 ) ) ;
#8454 = CARTESIAN_POINT ( 'NONE',  ( 2.926673774748453472, 0.3937007874015752140, 1.689715891681201843 ) ) ;
#8455 = VERTEX_POINT ( 'NONE', #2583 ) ;
#8456 = FACE_OUTER_BOUND ( 'NONE', #1313, .T. ) ;
#8457 = ORIENTED_EDGE ( 'NONE', *, *, #2787, .F. ) ;
#8458 = DIRECTION ( 'NONE',  ( 0.7754638790607796262, 0.000000000000000000, 0.6313919323779869641 ) ) ;
#8459 = CARTESIAN_POINT ( 'NONE',  ( 1.870078740157481434, 1.082677165354330784, 0.2012768780548643832 ) ) ;
#8460 = CARTESIAN_POINT ( 'NONE',  ( 0.3168295106876288791, 1.141732283464567121, -0.2655313596039485247 ) ) ;
#8461 = ORIENTED_EDGE ( 'NONE', *, *, #5938, .T. ) ;
#8462 = ORIENTED_EDGE ( 'NONE', *, *, #5166, .T. ) ;
#8463 = ORIENTED_EDGE ( 'NONE', *, *, #5318, .T. ) ;
#8464 = LINE ( 'NONE', #2989, #143 ) ;
#8465 = CARTESIAN_POINT ( 'NONE',  ( 1.312929980940146901, 1.200787401574803237, 1.018266699885284066 ) ) ;
#8466 = CYLINDRICAL_SURFACE ( 'NONE', #3599, 0.1161417322834645549 ) ;
#8467 = VERTEX_POINT ( 'NONE', #7909 ) ;
#8468 = EDGE_CURVE ( 'NONE', #5882, #8349, #3007, .T. ) ;
#8469 = DIRECTION ( 'NONE',  ( 0.000000000000000000, -1.000000000000000000, 0.000000000000000000 ) ) ;
#8470 = VERTEX_POINT ( 'NONE', #8721 ) ;
#8471 = DIRECTION ( 'NONE',  ( -0.000000000000000000, -1.000000000000000000, -0.000000000000000000 ) ) ;
#8472 = PLANE ( 'NONE',  #7977 ) ;
#8473 = VERTEX_POINT ( 'NONE', #7952 ) ;
#8474 = AXIS2_PLACEMENT_3D ( 'NONE', #3316, #696, #2739 ) ;
#8475 = CARTESIAN_POINT ( 'NONE',  ( -0.1561757939954964702, 0.000000000000000000, 0.9717824930888926405 ) ) ;
#8476 = ORIENTED_EDGE ( 'NONE', *, *, #4090, .T. ) ;
#8477 = CARTESIAN_POINT ( 'NONE',  ( -0.4973362440020967501, 1.082677165354330784, 1.872243713719063063 ) ) ;
#8478 = ORIENTED_EDGE ( 'NONE', *, *, #1554, .F. ) ;
#8479 = DIRECTION ( 'NONE',  ( -0.000000000000000000, -1.000000000000000000, -0.000000000000000000 ) ) ;
#8480 = DIRECTION ( 'NONE',  ( -0.1730638617519516254, 0.000000000000000000, -0.9849106049563590703 ) ) ;
#8481 = EDGE_CURVE ( 'NONE', #8102, #1719, #1320, .T. ) ;
#8482 = LINE ( 'NONE', #3015, #612 ) ;
#8483 = ORIENTED_EDGE ( 'NONE', *, *, #6055, .T. ) ;
#8484 = CARTESIAN_POINT ( 'NONE',  ( -0.3128487469928650233, 1.377952755905512028, 1.944175587657359205 ) ) ;
#8485 = ORIENTED_EDGE ( 'NONE', *, *, #4063, .F. ) ;
#8486 = CARTESIAN_POINT ( 'NONE',  ( 2.498542739108915001, 0.000000000000000000, 5.443071621328080312 ) ) ;
#8487 = EDGE_CURVE ( 'NONE', #1843, #7757, #5911, .T. ) ;
#8488 = DIRECTION ( 'NONE',  ( 0.000000000000000000, 0.000000000000000000, -1.000000000000000000 ) ) ;
#8489 = DIRECTION ( 'NONE',  ( 0.000000000000000000, 0.000000000000000000, -1.000000000000000000 ) ) ;
#8490 = ORIENTED_EDGE ( 'NONE', *, *, #8101, .T. ) ;
#8491 = AXIS2_PLACEMENT_3D ( 'NONE', #3490, #4861, #3621 ) ;
#8492 = LINE ( 'NONE', #5020, #8152 ) ;
#8493 = EDGE_CURVE ( 'NONE', #4767, #3347, #6046, .T. ) ;
#8494 = LINE ( 'NONE', #4349, #5512 ) ;
#8495 = ORIENTED_EDGE ( 'NONE', *, *, #5826, .F. ) ;
#8496 = CARTESIAN_POINT ( 'NONE',  ( 0.6329382721209004803, -7.874015748039371056E-05, 0.2277883615933599670 ) ) ;
#8497 = ORIENTED_EDGE ( 'NONE', *, *, #744, .F. ) ;
#8498 = CIRCLE ( 'NONE', #4935, 0.08070866141732269128 ) ;
#8499 = CARTESIAN_POINT ( 'NONE',  ( 1.207438172896414086, 1.082677165354330784, 2.856495682222984112 ) ) ;
#8500 = EDGE_LOOP ( 'NONE', ( #262, #7831, #1302, #2047 ) ) ;
#8501 = DIRECTION ( 'NONE',  ( 0.4999999999999918954, 0.000000000000000000, -0.8660254037844431485 ) ) ;
#8502 = EDGE_CURVE ( 'NONE', #5916, #7060, #6583, .T. ) ;
#8503 = ADVANCED_FACE ( 'NONE', ( #7240 ), #5869, .F. ) ;
#8504 = CARTESIAN_POINT ( 'NONE',  ( -0.7469325417247473231, 1.200787401574803237, 3.091958757558953330 ) ) ;
#8505 = ORIENTED_EDGE ( 'NONE', *, *, #1923, .T. ) ;
#8506 = VERTEX_POINT ( 'NONE', #1962 ) ;
#8507 = ORIENTED_EDGE ( 'NONE', *, *, #8757, .F. ) ;
#8508 = FACE_OUTER_BOUND ( 'NONE', #8089, .T. ) ;
#8509 = DIRECTION ( 'NONE',  ( -0.000000000000000000, -1.000000000000000000, -0.000000000000000000 ) ) ;
#8510 = DIRECTION ( 'NONE',  ( 0.000000000000000000, -1.000000000000000000, 0.000000000000000000 ) ) ;
#8511 = AXIS2_PLACEMENT_3D ( 'NONE', #4193, #6817, #8294 ) ;
#8512 = ORIENTED_EDGE ( 'NONE', *, *, #4156, .T. ) ;
#8513 = DIRECTION ( 'NONE',  ( -0.000000000000000000, -1.000000000000000000, -0.000000000000000000 ) ) ;
#8514 = ORIENTED_EDGE ( 'NONE', *, *, #3103, .F. ) ;
#8515 = DIRECTION ( 'NONE',  ( 0.000000000000000000, -1.000000000000000000, 0.000000000000000000 ) ) ;
#8516 = DIRECTION ( 'NONE',  ( -0.000000000000000000, -1.000000000000000000, -0.000000000000000000 ) ) ;
#8517 = CARTESIAN_POINT ( 'NONE',  ( -2.997491810147775659, -3.503635857238331042, -4.373379055423905371 ) ) ;
#8518 = VERTEX_POINT ( 'NONE', #4584 ) ;
#8519 = VECTOR ( 'NONE', #7970, 39.37007874015748143 ) ;
#8520 = DIRECTION ( 'NONE',  ( 0.000000000000000000, -0.000000000000000000, -1.000000000000000000 ) ) ;
#8521 = ORIENTED_EDGE ( 'NONE', *, *, #3216, .F. ) ;
#8522 = EDGE_CURVE ( 'NONE', #575, #248, #1181, .T. ) ;
#8523 = CARTESIAN_POINT ( 'NONE',  ( 1.514766852764445559, 1.082677165354330784, -0.5764102631520350295 ) ) ;
#8524 = AXIS2_PLACEMENT_3D ( 'NONE', #3758, #6466, #4465 ) ;
#8525 = DIRECTION ( 'NONE',  ( -0.1590695136534966692, 0.000000000000000000, 0.9872673851728517302 ) ) ;
#8526 = DIRECTION ( 'NONE',  ( 0.9849106049563591814, 0.000000000000000000, -0.1730638617519519307 ) ) ;
#8527 = ORIENTED_EDGE ( 'NONE', *, *, #2953, .F. ) ;
#8528 = CARTESIAN_POINT ( 'NONE',  ( 1.870078740157481434, 1.200787401574803237, -0.5054160353309620213 ) ) ;
#8529 = ORIENTED_EDGE ( 'NONE', *, *, #4296, .T. ) ;
#8530 = DIRECTION ( 'NONE',  ( 0.000000000000000000, -1.000000000000000000, 0.000000000000000000 ) ) ;
#8531 = CARTESIAN_POINT ( 'NONE',  ( 0.8664832895167117188, 1.200787401574803237, 2.578936627104876589 ) ) ;
#8532 = ORIENTED_EDGE ( 'NONE', *, *, #6112, .F. ) ;
#8533 = AXIS2_PLACEMENT_3D ( 'NONE', #4124, #129, #2836 ) ;
#8534 = VECTOR ( 'NONE', #1830, 39.37007874015748143 ) ;
#8535 = DIRECTION ( 'NONE',  ( -0.4999999999999918954, 0.000000000000000000, 0.8660254037844431485 ) ) ;
#8536 = CARTESIAN_POINT ( 'NONE',  ( 0.3168295106876288791, 1.348031496062992440, -0.2655313596039485247 ) ) ;
#8537 = VERTEX_POINT ( 'NONE', #3999 ) ;
#8538 = FACE_OUTER_BOUND ( 'NONE', #4938, .T. ) ;
#8539 = AXIS2_PLACEMENT_3D ( 'NONE', #4065, #2740, #2113 ) ;
#8540 = AXIS2_PLACEMENT_3D ( 'NONE', #3969, #6677, #4729 ) ;
#8541 = ORIENTED_EDGE ( 'NONE', *, *, #4803, .F. ) ;
#8542 = VECTOR ( 'NONE', #7281, 39.37007874015748143 ) ;
#8543 = ADVANCED_FACE ( 'NONE', ( #638 ), #3339, .F. ) ;
#8544 = DIRECTION ( 'NONE',  ( 0.000000000000000000, -1.000000000000000000, 0.000000000000000000 ) ) ;
#8545 = ORIENTED_EDGE ( 'NONE', *, *, #6214, .T. ) ;
#8546 = CARTESIAN_POINT ( 'NONE',  ( -0.01419902979620383046, 1.377952755905512028, 0.7798579866315596965 ) ) ;
#8547 = VECTOR ( 'NONE', #598, 39.37007874015748143 ) ;
#8548 = CIRCLE ( 'NONE', #3294, 0.08070866141732351007 ) ;
#8549 = EDGE_CURVE ( 'NONE', #4361, #8209, #4711, .T. ) ;
#8550 = AXIS2_PLACEMENT_3D ( 'NONE', #3268, #3406, #8700 ) ;
#8551 = CYLINDRICAL_SURFACE ( 'NONE', #3665, 0.1161417322834646243 ) ;
#8552 = ORIENTED_EDGE ( 'NONE', *, *, #842, .F. ) ;
#8553 = VERTEX_POINT ( 'NONE', #5294 ) ;
#8554 = ORIENTED_EDGE ( 'NONE', *, *, #1654, .F. ) ;
#8555 = DIRECTION ( 'NONE',  ( 0.000000000000000000, 1.000000000000000000, 0.000000000000000000 ) ) ;
#8556 = AXIS2_PLACEMENT_3D ( 'NONE', #6915, #2882, #2960 ) ;
#8557 = LINE ( 'NONE', #2557, #8094 ) ;
#8558 = ADVANCED_FACE ( 'NONE', ( #3869 ), #2542, .F. ) ;
#8559 = ADVANCED_FACE ( 'NONE', ( #8263 ), #5465, .T. ) ;
#8560 = VERTEX_POINT ( 'NONE', #675 ) ;
#8561 = VECTOR ( 'NONE', #5504, 39.37007874015748143 ) ;
#8562 = AXIS2_PLACEMENT_3D ( 'NONE', #2327, #2119, #278 ) ;
#8563 = DIRECTION ( 'NONE',  ( 0.000000000000000000, -1.000000000000000000, 0.000000000000000000 ) ) ;
#8564 = EDGE_LOOP ( 'NONE', ( #6618, #6498, #2855, #3300, #2890, #5746 ) ) ;
#8565 = DIRECTION ( 'NONE',  ( 0.000000000000000000, -1.000000000000000000, 0.000000000000000000 ) ) ;
#8566 = LINE ( 'NONE', #7889, #8117 ) ;
#8567 = CARTESIAN_POINT ( 'NONE',  ( 1.476377952755906664, 1.200787401574803237, -0.1117152479293870848 ) ) ;
#8568 = VERTEX_POINT ( 'NONE', #6218 ) ;
#8569 = DIRECTION ( 'NONE',  ( 0.000000000000000000, 0.000000000000000000, -1.000000000000000000 ) ) ;
#8570 = ORIENTED_EDGE ( 'NONE', *, *, #4464, .T. ) ;
#8571 = AXIS2_PLACEMENT_3D ( 'NONE', #5078, #3536, #8373 ) ;
#8572 = LINE ( 'NONE', #3765, #3028 ) ;
#8573 = DIRECTION ( 'NONE',  ( 0.000000000000000000, 0.000000000000000000, -1.000000000000000000 ) ) ;
#8574 = AXIS2_PLACEMENT_3D ( 'NONE', #6186, #4886, #2679 ) ;
#8575 = FACE_BOUND ( 'NONE', #5717, .T. ) ;
#8576 = ORIENTED_EDGE ( 'NONE', *, *, #4670, .F. ) ;
#8577 = ORIENTED_EDGE ( 'NONE', *, *, #3317, .T. ) ;
#8578 = CARTESIAN_POINT ( 'NONE',  ( 20.27561416438571484, 0.5511811023622049666, 15.69666725086881875 ) ) ;
#8579 = EDGE_LOOP ( 'NONE', ( #7726, #713, #3124, #7364 ) ) ;
#8580 = CYLINDRICAL_SURFACE ( 'NONE', #6958, 0.1771653543307089018 ) ;
#8581 = CARTESIAN_POINT ( 'NONE',  ( 4.213924796666294270, 0.3412202260186752434, -1.604264444650044030 ) ) ;
#8582 = EDGE_LOOP ( 'NONE', ( #2094, #6806, #3855, #4384 ) ) ;
#8583 = EDGE_CURVE ( 'NONE', #5476, #6781, #58, .T. ) ;
#8584 = CARTESIAN_POINT ( 'NONE',  ( 0.8664832895167117188, 1.082677165354330784, 2.659645288522199724 ) ) ;
#8585 = LINE ( 'NONE', #4706, #123 ) ;
#8586 = PLANE ( 'NONE',  #2869 ) ;
#8587 = VERTEX_POINT ( 'NONE', #5372 ) ;
#8588 = CARTESIAN_POINT ( 'NONE',  ( -0.8315071245079970197, 1.089799148798578088, -0.1953463135867146427 ) ) ;
#8589 = ORIENTED_EDGE ( 'NONE', *, *, #4037, .F. ) ;
#8590 = PLANE ( 'NONE',  #3156 ) ;
#8591 = CARTESIAN_POINT ( 'NONE',  ( 0.2952755905511819101, 1.200787401574803237, -0.8991168227325369022 ) ) ;
#8592 = CARTESIAN_POINT ( 'NONE',  ( 1.400490591934762996, 1.082677165354330784, -0.5328932348858212986 ) ) ;
#8593 = ADVANCED_FACE ( 'NONE', ( #7463 ), #8181, .F. ) ;
#8594 = VERTEX_POINT ( 'NONE', #6260 ) ;
#8595 = ORIENTED_EDGE ( 'NONE', *, *, #5647, .F. ) ;
#8596 = ORIENTED_EDGE ( 'NONE', *, *, #3773, .T. ) ;
#8597 = CARTESIAN_POINT ( 'NONE',  ( 0.9719750975604446452, 1.082677165354330784, 0.9021249676018227026 ) ) ;
#8598 = LINE ( 'NONE', #5212, #5693 ) ;
#8599 = EDGE_CURVE ( 'NONE', #2822, #1231, #6086, .T. ) ;
#8600 = VERTEX_POINT ( 'NONE', #4173 ) ;
#8601 = DIRECTION ( 'NONE',  ( 0.000000000000000000, -0.6083110689156213668, -0.7936987107427692090 ) ) ;
#8602 = ORIENTED_EDGE ( 'NONE', *, *, #4594, .F. ) ;
#8603 = DIRECTION ( 'NONE',  ( 0.000000000000000000, 0.000000000000000000, -1.000000000000000000 ) ) ;
#8604 = FACE_OUTER_BOUND ( 'NONE', #7338, .T. ) ;
#8605 = EDGE_CURVE ( 'NONE', #1208, #3197, #3511, .T. ) ;
#8606 = VERTEX_POINT ( 'NONE', #7551 ) ;
#8607 = DIRECTION ( 'NONE',  ( 0.9345333927142727148, -0.000000000000000000, -0.3558754527948657653 ) ) ;
#8608 = ORIENTED_EDGE ( 'NONE', *, *, #1533, .F. ) ;
#8609 = DIRECTION ( 'NONE',  ( 0.000000000000000000, -1.000000000000000000, 0.000000000000000000 ) ) ;
#8610 = EDGE_CURVE ( 'NONE', #272, #7945, #6179, .T. ) ;
#8611 = VERTEX_POINT ( 'NONE', #6838 ) ;
#8612 = EDGE_CURVE ( 'NONE', #6741, #6042, #2801, .T. ) ;
#8613 = ADVANCED_FACE ( 'NONE', ( #8139 ), #7505, .F. ) ;
#8614 = CARTESIAN_POINT ( 'NONE',  ( 1.870078740157481434, 1.200787401574803237, 0.2819855394721875186 ) ) ;
#8615 = DIRECTION ( 'NONE',  ( 0.000000000000000000, 1.000000000000000000, -0.000000000000000000 ) ) ;
#8616 = SHAPE_DEFINITION_REPRESENTATION ( #1683, #8070 ) ;
#8617 = EDGE_LOOP ( 'NONE', ( #7082, #4685, #8657, #552, #4735, #4141 ) ) ;
#8618 = DIRECTION ( 'NONE',  ( 0.000000000000000000, -1.000000000000000000, 0.000000000000000000 ) ) ;
#8619 = ORIENTED_EDGE ( 'NONE', *, *, #8449, .F. ) ;
#8620 = EDGE_CURVE ( 'NONE', #2297, #6047, #4047, .T. ) ;
#8621 = DIRECTION ( 'NONE',  ( 0.000000000000000000, 0.000000000000000000, -1.000000000000000000 ) ) ;
#8622 = DIRECTION ( 'NONE',  ( 0.000000000000000000, -0.000000000000000000, -1.000000000000000000 ) ) ;
#8623 = ORIENTED_EDGE ( 'NONE', *, *, #2347, .T. ) ;
#8624 = DIRECTION ( 'NONE',  ( -0.000000000000000000, -1.000000000000000000, -0.000000000000000000 ) ) ;
#8625 = PLANE ( 'NONE',  #7212 ) ;
#8626 = DIRECTION ( 'NONE',  ( 0.000000000000000000, 0.000000000000000000, -1.000000000000000000 ) ) ;
#8627 = VERTEX_POINT ( 'NONE', #2764 ) ;
#8628 = CYLINDRICAL_SURFACE ( 'NONE', #2603, 0.08070866141732296883 ) ;
#8629 = ORIENTED_EDGE ( 'NONE', *, *, #6461, .F. ) ;
#8630 = DIRECTION ( 'NONE',  ( 0.000000000000000000, -1.000000000000000000, 0.000000000000000000 ) ) ;
#8631 = EDGE_CURVE ( 'NONE', #3347, #4067, #5419, .T. ) ;
#8632 = VECTOR ( 'NONE', #3102, 39.37007874015748143 ) ;
#8633 = DIRECTION ( 'NONE',  ( 0.000000000000000000, 0.000000000000000000, -1.000000000000000000 ) ) ;
#8634 = PLANE ( 'NONE',  #3235 ) ;
#8635 = VERTEX_POINT ( 'NONE', #4707 ) ;
#8636 = AXIS2_PLACEMENT_3D ( 'NONE', #8460, #2369, #3079 ) ;
#8637 = EDGE_LOOP ( 'NONE', ( #1605, #8490 ) ) ;
#8638 = VERTEX_POINT ( 'NONE', #7422 ) ;
#8639 = CARTESIAN_POINT ( 'NONE',  ( 1.994839747699551191, 1.200787401574803237, 1.411967487286851952 ) ) ;
#8640 = LINE ( 'NONE', #8020, #1154 ) ;
#8641 = VECTOR ( 'NONE', #781, 39.37007874015748143 ) ;
#8642 = CARTESIAN_POINT ( 'NONE',  ( 1.082677165354331672, 1.200787401574803237, -0.03100658651206395638 ) ) ;
#8643 = CARTESIAN_POINT ( 'NONE',  ( 0.7479771382178542760, -7.874015748039371056E-05, 0.09567912277533958954 ) ) ;
#8644 = DIRECTION ( 'NONE',  ( 0.000000000000000000, 0.000000000000000000, -1.000000000000000000 ) ) ;
#8645 = ORIENTED_EDGE ( 'NONE', *, *, #8059, .T. ) ;
#8646 = SURFACE_SIDE_STYLE ('',( #1816 ) ) ;
#8647 = LINE ( 'NONE', #6687, #2303 ) ;
#8648 = CIRCLE ( 'NONE', #4671, 0.08070866141732269128 ) ;
#8649 = EDGE_CURVE ( 'NONE', #2350, #7988, #7263, .T. ) ;
#8650 = CYLINDRICAL_SURFACE ( 'NONE', #1616, 0.08070866141732323251 ) ;
#8651 = VERTEX_POINT ( 'NONE', #7594 ) ;
#8652 = CIRCLE ( 'NONE', #1988, 0.08070866141732323251 ) ;
#8653 = ADVANCED_FACE ( 'NONE', ( #1515 ), #4208, .T. ) ;
#8654 = DIRECTION ( 'NONE',  ( 0.000000000000000000, -1.000000000000000000, 0.000000000000000000 ) ) ;
#8655 = FACE_BOUND ( 'NONE', #7735, .T. ) ;
#8656 = APPLICATION_PROTOCOL_DEFINITION ( 'draft international standard', 'automotive_design', 1998, #756 ) ;
#8657 = ORIENTED_EDGE ( 'NONE', *, *, #5328, .T. ) ;
#8658 = DIRECTION ( 'NONE',  ( 0.1730638617519519307, 0.000000000000000000, 0.9849106049563591814 ) ) ;
#8659 = VERTEX_POINT ( 'NONE', #1388 ) ;
#8660 = DIRECTION ( 'NONE',  ( 0.000000000000000000, 0.000000000000000000, -1.000000000000000000 ) ) ;
#8661 = FACE_OUTER_BOUND ( 'NONE', #2642, .T. ) ;
#8662 = AXIS2_PLACEMENT_3D ( 'NONE', #1196, #3131, #8431 ) ;
#8663 = EDGE_CURVE ( 'NONE', #2593, #7912, #94, .T. ) ;
#8664 = EDGE_CURVE ( 'NONE', #4093, #3213, #6417, .T. ) ;
#8665 = VERTEX_POINT ( 'NONE', #1735 ) ;
#8666 = DIRECTION ( 'NONE',  ( 0.000000000000000000, -1.000000000000000000, 0.000000000000000000 ) ) ;
#8667 = FACE_OUTER_BOUND ( 'NONE', #7477, .T. ) ;
#8668 = DIRECTION ( 'NONE',  ( -0.000000000000000000, -1.000000000000000000, -0.000000000000000000 ) ) ;
#8669 = EDGE_LOOP ( 'NONE', ( #103, #1482 ) ) ;
#8670 = LINE ( 'NONE', #7327, #2177 ) ;
#8671 = EDGE_CURVE ( 'NONE', #8030, #3464, #3769, .T. ) ;
#8672 = ORIENTED_EDGE ( 'NONE', *, *, #6760, .T. ) ;
#8673 = VECTOR ( 'NONE', #8391, 39.37007874015748854 ) ;
#8674 = AXIS2_PLACEMENT_3D ( 'NONE', #3242, #5867, #8535 ) ;
#8675 = LINE ( 'NONE', #5299, #757 ) ;
#8676 = DIRECTION ( 'NONE',  ( 0.4999999999999918954, 0.000000000000000000, -0.8660254037844431485 ) ) ;
#8677 = VECTOR ( 'NONE', #314, 39.37007874015748143 ) ;
#8678 = ORIENTED_EDGE ( 'NONE', *, *, #295, .F. ) ;
#8679 = PLANE ( 'NONE',  #1622 ) ;
#8680 = VECTOR ( 'NONE', #4295, 39.37007874015748143 ) ;
#8681 = CIRCLE ( 'NONE', #2292, 0.08070866141732323251 ) ;
#8682 = LINE ( 'NONE', #4631, #404 ) ;
#8683 = CIRCLE ( 'NONE', #6826, 0.1161417322834645549 ) ;
#8684 = ORIENTED_EDGE ( 'NONE', *, *, #6633, .F. ) ;
#8685 = VERTEX_POINT ( 'NONE', #7092 ) ;
#8686 = EDGE_LOOP ( 'NONE', ( #4406, #6008, #4809, #6917 ) ) ;
#8687 = DIRECTION ( 'NONE',  ( 0.000000000000000000, 0.000000000000000000, -1.000000000000000000 ) ) ;
#8688 = CARTESIAN_POINT ( 'NONE',  ( -0.8910370314036653028, 1.082677165354330784, 2.554153480478467131 ) ) ;
#8689 = VECTOR ( 'NONE', #8658, 39.37007874015748143 ) ;
#8690 = AXIS2_PLACEMENT_3D ( 'NONE', #5930, #8565, #1236 ) ;
#8691 = AXIS2_PLACEMENT_3D ( 'NONE', #8401, #5600, #188 ) ;
#8692 = AXIS2_PLACEMENT_3D ( 'NONE', #617, #701, #1373 ) ;
#8693 = DIRECTION ( 'NONE',  ( -0.000000000000000000, -1.000000000000000000, -0.000000000000000000 ) ) ;
#8694 = EDGE_CURVE ( 'NONE', #6330, #2728, #4430, .T. ) ;
#8695 = CARTESIAN_POINT ( 'NONE',  ( -1.255245018004456314, 1.200787401574803237, 2.434589445330570534 ) ) ;
#8696 = CARTESIAN_POINT ( 'NONE',  ( 1.476377952755906664, 1.200787401574803237, 0.3626942008895100988 ) ) ;
#8697 = CIRCLE ( 'NONE', #6974, 0.08070866141732323251 ) ;
#8698 = ORIENTED_EDGE ( 'NONE', *, *, #6755, .T. ) ;
#8699 = CARTESIAN_POINT ( 'NONE',  ( 4.787699978822939961, 0.000000000000000000, -0.8412721348264398102 ) ) ;
#8700 = DIRECTION ( 'NONE',  ( 0.000000000000000000, 1.095437728245851393E-16, -1.000000000000000000 ) ) ;
#8701 = DIRECTION ( 'NONE',  ( 0.4541980223655572302, 0.7071067811865462405, 0.5419447909881768277 ) ) ;
#8702 = AXIS2_PLACEMENT_3D ( 'NONE', #3513, #8309, #4758 ) ;
#8703 = CIRCLE ( 'NONE', #8130, 0.08070866141732283006 ) ;
#8704 = ORIENTED_EDGE ( 'NONE', *, *, #8167, .F. ) ;
#8705 = DIRECTION ( 'NONE',  ( -0.000000000000000000, -1.000000000000000000, -0.000000000000000000 ) ) ;
#8706 = EDGE_CURVE ( 'NONE', #4642, #8506, #2223, .T. ) ;
#8707 = FACE_BOUND ( 'NONE', #2343, .T. ) ;
#8708 = ORIENTED_EDGE ( 'NONE', *, *, #6026, .T. ) ;
#8709 = DIRECTION ( 'NONE',  ( 0.8660254037844433705, 0.000000000000000000, 0.4999999999999920064 ) ) ;
#8710 = AXIS2_PLACEMENT_3D ( 'NONE', #8475, #3763, #933 ) ;
#8711 = CIRCLE ( 'NONE', #6988, 0.08070866141732269128 ) ;
#8712 = EDGE_CURVE ( 'NONE', #2907, #8349, #8393, .T. ) ;
#8713 = ORIENTED_EDGE ( 'NONE', *, *, #6614, .F. ) ;
#8714 = DIRECTION ( 'NONE',  ( 0.000000000000000000, 0.000000000000000000, -1.000000000000000000 ) ) ;
#8715 = CARTESIAN_POINT ( 'NONE',  ( 3.051181102362205966, 1.082677165354330784, -0.1117152479293870848 ) ) ;
#8716 = EDGE_CURVE ( 'NONE', #6454, #2433, #3303, .T. ) ;
#8717 = ORIENTED_EDGE ( 'NONE', *, *, #122, .T. ) ;
#8718 = VECTOR ( 'NONE', #1624, 39.37007874015748143 ) ;
#8719 = DIRECTION ( 'NONE',  ( 0.4999999999999918954, 0.000000000000000000, -0.8660254037844431485 ) ) ;
#8720 = LINE ( 'NONE', #583, #6230 ) ;
#8721 = CARTESIAN_POINT ( 'NONE',  ( -1.255245018004456314, 1.200787401574803237, 2.434589445330570090 ) ) ;
#8722 = ADVANCED_FACE ( 'NONE', ( #1026 ), #2306, .F. ) ;
#8723 = ORIENTED_EDGE ( 'NONE', *, *, #8356, .F. ) ;
#8724 = DIRECTION ( 'NONE',  ( 0.000000000000000000, 1.095437728245851393E-16, -1.000000000000000000 ) ) ;
#8725 = EDGE_CURVE ( 'NONE', #169, #2756, #1470, .T. ) ;
#8726 = ORIENTED_EDGE ( 'NONE', *, *, #2779, .T. ) ;
#8727 = DIMENSIONAL_EXPONENTS ( 1.000000000000000000, 0.000000000000000000, 0.000000000000000000, 0.000000000000000000, 0.000000000000000000, 0.000000000000000000, 0.000000000000000000 ) ;
#8728 = CARTESIAN_POINT ( 'NONE',  ( -0.1036354566005281280, 1.082677165354330784, 1.271042608376981686 ) ) ;
#8729 = CARTESIAN_POINT ( 'NONE',  ( 3.987568202166285047, 1.181102362204724532, 3.938807015155199043 ) ) ;
#8730 = ORIENTED_EDGE ( 'NONE', *, *, #5775, .T. ) ;
#8731 = CARTESIAN_POINT ( 'NONE',  ( -0.7469325417247473231, 1.200787401574803237, 3.172667418976276466 ) ) ;
#8732 = CARTESIAN_POINT ( 'NONE',  ( 2.670957612213677113, 1.082677165354331672, 1.542078096405613774 ) ) ;
#8733 = ORIENTED_EDGE ( 'NONE', *, *, #3924, .T. ) ;
#8734 = DIRECTION ( 'NONE',  ( -0.8660254037844433705, 0.000000000000000000, -0.4999999999999920064 ) ) ;
#8735 = ORIENTED_EDGE ( 'NONE', *, *, #8049, .F. ) ;
#8736 = ORIENTED_EDGE ( 'NONE', *, *, #679, .F. ) ;
#8737 = CARTESIAN_POINT ( 'NONE',  ( 3.103737657107884740, 1.102362204724409489, 5.792481070146972222 ) ) ;
#8738 = FACE_OUTER_BOUND ( 'NONE', #992, .T. ) ;
#8739 = CARTESIAN_POINT ( 'NONE',  ( 0.2373194267791739476, 1.082677165354330784, 1.467893002077765630 ) ) ;
#8740 = CARTESIAN_POINT ( 'NONE',  ( -0.8411454024935602902, 1.082677165354330784, -0.1355261928997041898 ) ) ;
#8741 = DIRECTION ( 'NONE',  ( 0.000000000000000000, 0.000000000000000000, -1.000000000000000000 ) ) ;
#8742 = ORIENTED_EDGE ( 'NONE', *, *, #4095, .F. ) ;
#8743 = DIRECTION ( 'NONE',  ( -0.1730638617519520417, 0.000000000000000000, -0.9849106049563590703 ) ) ;
#8744 = FACE_OUTER_BOUND ( 'NONE', #3081, .T. ) ;
#8745 = EDGE_CURVE ( 'NONE', #3503, #597, #4380, .T. ) ;
#8746 = ORIENTED_EDGE ( 'NONE', *, *, #1579, .F. ) ;
#8747 = DIRECTION ( 'NONE',  ( -0.000000000000000000, -1.000000000000000000, -0.000000000000000000 ) ) ;
#8748 = FACE_BOUND ( 'NONE', #2061, .T. ) ;
#8749 = ORIENTED_EDGE ( 'NONE', *, *, #2946, .T. ) ;
#8750 = DIRECTION ( 'NONE',  ( 0.000000000000000000, -1.000000000000000000, 0.000000000000000000 ) ) ;
#8751 = EDGE_LOOP ( 'NONE', ( #4244, #2519 ) ) ;
#8752 = DIRECTION ( 'NONE',  ( 0.000000000000000000, 0.000000000000000000, -1.000000000000000000 ) ) ;
#8753 = APPLICATION_CONTEXT ( 'automotive_design' ) ;
#8754 = FACE_OUTER_BOUND ( 'NONE', #778, .T. ) ;
#8755 = ORIENTED_EDGE ( 'NONE', *, *, #6011, .F. ) ;
#8756 = EDGE_CURVE ( 'NONE', #8659, #6952, #7808, .T. ) ;
#8757 = EDGE_CURVE ( 'NONE', #8611, #5536, #1644, .T. ) ;
#8758 = CARTESIAN_POINT ( 'NONE',  ( -1.087887425104449246, 1.200787401574803237, 2.814399702440845807 ) ) ;
#8759 = CARTESIAN_POINT ( 'NONE',  ( -0.3532317543231789370, 1.200787401574803237, 2.410048990799548818 ) ) ;
#8760 = FACE_OUTER_BOUND ( 'NONE', #4262, .T. ) ;
#8761 = EDGE_LOOP ( 'NONE', ( #5740, #4533, #4253, #1363 ) ) ;
#8762 = DIRECTION ( 'NONE',  ( 0.000000000000000000, 0.000000000000000000, -1.000000000000000000 ) ) ;
#8763 = ORIENTED_EDGE ( 'NONE', *, *, #4246, .T. ) ;
#8764 = AXIS2_PLACEMENT_3D ( 'NONE', #2650, #5353, #4066 ) ;
#8765 = DIRECTION ( 'NONE',  ( -0.000000000000000000, -1.000000000000000000, -0.000000000000000000 ) ) ;
#8766 = DIRECTION ( 'NONE',  ( 0.000000000000000000, 0.000000000000000000, -1.000000000000000000 ) ) ;
#8767 = ORIENTED_EDGE ( 'NONE', *, *, #4751, .F. ) ;
#8768 = EDGE_CURVE ( 'NONE', #169, #2217, #4339, .T. ) ;
#8769 = EDGE_CURVE ( 'NONE', #1645, #2470, #4960, .T. ) ;
#8770 = CARTESIAN_POINT ( 'NONE',  ( 0.6696328958159274425, 1.200787401574803237, 3.000600171901901980 ) ) ;
#8771 = CARTESIAN_POINT ( 'NONE',  ( -0.1036354566005281558, 1.082677165354330784, 1.190333946959658551 ) ) ;
#8772 = EDGE_CURVE ( 'NONE', #8651, #5890, #903, .T. ) ;
#8773 = VERTEX_POINT ( 'NONE', #5763 ) ;
#8774 = CARTESIAN_POINT ( 'NONE',  ( 0.3814239164580918162, 1.082677165354330784, 2.005698279158252273 ) ) ;
#8775 = EDGE_LOOP ( 'NONE', ( #1953, #5456, #3895, #8735 ) ) ;
#8776 = EDGE_LOOP ( 'NONE', ( #7214, #5576 ) ) ;
#8777 = DIRECTION ( 'NONE',  ( -0.000000000000000000, -1.000000000000000000, -0.000000000000000000 ) ) ;
#8778 = AXIS2_PLACEMENT_3D ( 'NONE', #3854, #8615, #3149 ) ;
#8779 = DIRECTION ( 'NONE',  ( 0.000000000000000000, 0.000000000000000000, -1.000000000000000000 ) ) ;
#8780 = EDGE_CURVE ( 'NONE', #1094, #8537, #8482, .T. ) ;
#8781 = VECTOR ( 'NONE', #4105, 39.37007874015748143 ) ;
#8782 = DIRECTION ( 'NONE',  ( -0.9872673851727531424, 0.000000000000000000, -0.1590695136541082633 ) ) ;
#8783 = CARTESIAN_POINT ( 'NONE',  ( 1.476377952755906664, 1.082677165354330784, 0.2012768780548649661 ) ) ;
#8784 = CARTESIAN_POINT ( 'NONE',  ( -0.5991355085253331492, 0.000000000000000000, 3.721018780146476246 ) ) ;
#8785 = VERTEX_POINT ( 'NONE', #6310 ) ;
#8786 = DIRECTION ( 'NONE',  ( 0.000000000000000000, 0.000000000000000000, -1.000000000000000000 ) ) ;
#8787 = CARTESIAN_POINT ( 'NONE',  ( 0.1318276187354409656, 1.200787401574803237, 3.063996000163497158 ) ) ;
#8788 = AXIS2_PLACEMENT_3D ( 'NONE', #2066, #4849, #4138 ) ;
#8789 = LINE ( 'NONE', #2698, #1757 ) ;
#8790 = VERTEX_POINT ( 'NONE', #7674 ) ;
#8791 = DIRECTION ( 'NONE',  ( 0.000000000000000000, -0.000000000000000000, -1.000000000000000000 ) ) ;
#8792 = DIRECTION ( 'NONE',  ( 0.000000000000000000, -1.000000000000000000, 0.000000000000000000 ) ) ;
#8793 =( GEOMETRIC_REPRESENTATION_CONTEXT ( 3 ) GLOBAL_UNCERTAINTY_ASSIGNED_CONTEXT ( ( #2699 ) ) GLOBAL_UNIT_ASSIGNED_CONTEXT ( ( #1906, #5934, #7309 ) ) REPRESENTATION_CONTEXT ( 'NONE', 'WORKASPACE' ) );
#8794 = EDGE_CURVE ( 'NONE', #1208, #1694, #7412, .T. ) ;
#8795 = EDGE_LOOP ( 'NONE', ( #6869, #955 ) ) ;
#8796 = CARTESIAN_POINT ( 'NONE',  ( -0.5500821480239632688, 1.200787401574803237, 2.831712535596574210 ) ) ;
#8797 = ORIENTED_EDGE ( 'NONE', *, *, #23, .T. ) ;
ENDSEC;
END-ISO-10303-21;
