ISO-10303-21;
HEADER;
FILE_DESCRIPTION (( 'STEP AP214' ),
    '1' );
FILE_NAME ('BasePlate-Thirds Split 3.STEP',
    '2025-07-27T20:04:38',
    ( '' ),
    ( '' ),
    'SwSTEP 2.0',
    'SolidWorks 2024',
    '' );
FILE_SCHEMA (( 'AUTOMOTIVE_DESIGN' ));
ENDSEC;

DATA;
#1 = LINE ( 'NONE', #669, #1557 ) ;
#2 = FACE_BOUND ( 'NONE', #4470, .T. ) ;
#3 = EDGE_CURVE ( 'NONE', #3270, #6155, #4902, .T. ) ;
#4 = ORIENTED_EDGE ( 'NONE', *, *, #2363, .F. ) ;
#5 = CYLINDRICAL_SURFACE ( 'NONE', #5013, 0.08070866141732309373 ) ;
#6 = DIRECTION ( 'NONE',  ( -0.1590695136534933385, 0.000000000000000000, 0.9872673851728522854 ) ) ;
#7 = ADVANCED_FACE ( 'NONE', ( #6318 ), #391, .F. ) ;
#8 = ORIENTED_EDGE ( 'NONE', *, *, #7190, .F. ) ;
#9 = DIRECTION ( 'NONE',  ( 0.000000000000000000, -1.000000000000000000, 0.000000000000000000 ) ) ;
#10 = EDGE_LOOP ( 'NONE', ( #1621, #5614, #1899, #4259 ) ) ;
#11 = DIRECTION ( 'NONE',  ( 0.000000000000000000, 0.000000000000000000, -1.000000000000000000 ) ) ;
#12 = DIRECTION ( 'NONE',  ( 0.000000000000000000, -1.000000000000000000, 0.000000000000000000 ) ) ;
#13 = ADVANCED_FACE ( 'NONE', ( #5731 ), #4616, .F. ) ;
#14 = CARTESIAN_POINT ( 'NONE',  ( -1.516846985834283901, 1.082677165354330784, -0.7483137398902782733 ) ) ;
#15 = CARTESIAN_POINT ( 'NONE',  ( -3.668068094156238246, 1.200787401574803237, -1.405440360023242796 ) ) ;
#16 = EDGE_LOOP ( 'NONE', ( #7462, #3090, #5239, #1480 ) ) ;
#17 = EDGE_CURVE ( 'NONE', #1893, #6843, #841, .T. ) ;
#18 = LINE ( 'NONE', #2973, #2579 ) ;
#19 = VERTEX_POINT ( 'NONE', #7509 ) ;
#20 = EDGE_CURVE ( 'NONE', #298, #5642, #5063, .T. ) ;
#21 = DIRECTION ( 'NONE',  ( 0.000000000000000000, -1.000000000000000000, 0.000000000000000000 ) ) ;
#22 = LINE ( 'NONE', #537, #1197 ) ;
#23 = CARTESIAN_POINT ( 'NONE',  ( -0.3004858503013124738, 1.200787401574803237, 1.531288830339360807 ) ) ;
#24 = LINE ( 'NONE', #3570, #6239 ) ;
#25 = VERTEX_POINT ( 'NONE', #5592 ) ;
#26 = ORIENTED_EDGE ( 'NONE', *, *, #2035, .F. ) ;
#27 = CARTESIAN_POINT ( 'NONE',  ( -2.290115338250715116, 1.200787401574803237, 1.061952485051975925 ) ) ;
#28 = DIRECTION ( 'NONE',  ( 0.000000000000000000, 0.000000000000000000, -1.000000000000000000 ) ) ;
#29 = ORIENTED_EDGE ( 'NONE', *, *, #4683, .T. ) ;
#30 = DIRECTION ( 'NONE',  ( 0.000000000000000000, -1.000000000000000000, 0.000000000000000000 ) ) ;
#31 = VERTEX_POINT ( 'NONE', #5135 ) ;
#32 = ADVANCED_FACE ( 'NONE', ( #1003 ), #2114, .F. ) ;
#33 = ORIENTED_EDGE ( 'NONE', *, *, #6260, .F. ) ;
#34 = EDGE_LOOP ( 'NONE', ( #5667, #2743, #3628, #5917 ) ) ;
#35 = EDGE_CURVE ( 'NONE', #4569, #5747, #4659, .T. ) ;
#36 = DIRECTION ( 'NONE',  ( 0.000000000000000000, -1.000000000000000000, 0.000000000000000000 ) ) ;
#37 = ORIENTED_EDGE ( 'NONE', *, *, #2162, .T. ) ;
#38 = VECTOR ( 'NONE', #7122, 39.37007874015748143 ) ;
#39 = CYLINDRICAL_SURFACE ( 'NONE', #1552, 0.08070866141732337129 ) ;
#40 = DIRECTION ( 'NONE',  ( 0.000000000000000000, 0.000000000000000000, -1.000000000000000000 ) ) ;
#41 = DIRECTION ( 'NONE',  ( -0.000000000000000000, 1.000000000000000000, -0.000000000000000000 ) ) ;
#42 = EDGE_CURVE ( 'NONE', #1426, #3066, #1588, .T. ) ;
#43 = EDGE_LOOP ( 'NONE', ( #508, #650 ) ) ;
#44 = PLANE ( 'NONE',  #4907 ) ;
#45 = EDGE_CURVE ( 'NONE', #958, #380, #5097, .T. ) ;
#46 = LINE ( 'NONE', #1917, #1067 ) ;
#47 = VECTOR ( 'NONE', #1128, 39.37007874015748854 ) ;
#48 = DIRECTION ( 'NONE',  ( -0.000000000000000000, -1.000000000000000000, -0.000000000000000000 ) ) ;
#49 = ORIENTED_EDGE ( 'NONE', *, *, #45, .T. ) ;
#50 = DIRECTION ( 'NONE',  ( 0.000000000000000000, -1.000000000000000000, 0.000000000000000000 ) ) ;
#51 = EDGE_LOOP ( 'NONE', ( #975, #2884, #2539, #7177 ) ) ;
#52 = CIRCLE ( 'NONE', #2422, 0.08070866141732323251 ) ;
#53 = AXIS2_PLACEMENT_3D ( 'NONE', #5880, #5418, #6462 ) ;
#54 = AXIS2_PLACEMENT_3D ( 'NONE', #6566, #3637, #4837 ) ;
#55 = LINE ( 'NONE', #4804, #2538 ) ;
#56 = CARTESIAN_POINT ( 'NONE',  ( 0.5379418271761126080, 1.082677165354330784, -0.6606901903860561420 ) ) ;
#57 = CYLINDRICAL_SURFACE ( 'NONE', #2912, 0.08070866141732296883 ) ;
#58 = AXIS2_PLACEMENT_3D ( 'NONE', #1458, #2027, #4386 ) ;
#59 = VECTOR ( 'NONE', #5595, 39.37007874015748143 ) ;
#60 = ORIENTED_EDGE ( 'NONE', *, *, #6010, .T. ) ;
#61 = ORIENTED_EDGE ( 'NONE', *, *, #2239, .T. ) ;
#62 = DIRECTION ( 'NONE',  ( 0.000000000000000000, 0.000000000000000000, -1.000000000000000000 ) ) ;
#63 = CIRCLE ( 'NONE', #6882, 0.08070866141732351007 ) ;
#64 = AXIS2_PLACEMENT_3D ( 'NONE', #2398, #4758, #5763 ) ;
#65 = CARTESIAN_POINT ( 'NONE',  ( -0.6414407336810146187, 1.200787401574803237, 1.334438436638576420 ) ) ;
#66 = CLOSED_SHELL ( 'NONE', ( #4941, #2472, #2772, #4574, #3801, #4461, #1517, #3180, #6512, #2188, #7428, #1816, #6309, #1096, #7192, #5810, #1259, #6398, #4892, #4002, #5524, #672, #92, #5698, #4706, #3286, #5176, #4288, #7206, #6562, #1630, #2285, #2613, #3635, #2627, #6648, #1774, #1923, #7308, #7497, #4352, #5700, #4033, #5223, #1379, #4629, #2218, #4958, #4510, #1316, #993, #1792, #1673, #608, #1485, #2921, #2851, #5408, #4882, #1066, #5218, #2420, #5790, #2590, #225, #6840, #7311, #7427, #858, #2869, #2058, #3085, #6542, #3701, #4203, #4131, #3147, #2572, #2261, #6580, #2755, #7654, #7566, #850, #3329, #6277, #1122, #3428, #4881, #1530, #2199, #6820, #4169, #2037, #5238, #1743, #1632, #5740, #4707, #3354, #2513, #842, #5028, #5232, #7225, #5489, #5308, #7103, #3728, #6864, #2610, #5337, #6315, #5771, #1151, #1296, #1955, #5774, #3627, #4772, #5707, #7587, #1107, #6323, #3858, #2333, #7130, #2946, #6581, #6693, #5024, #1115, #3269, #2716, #3868, #7451, #2835, #5447, #6726, #5283, #927, #888, #1482, #1725, #175, #3260, #435, #4851, #2305, #2752, #950, #5211, #4456, #906, #5828, #2960, #89, #5486, #6823, #5098, #7558, #2968, #3301, #7243, #6036, #2346, #6973, #3797, #1021, #1455, #4007, #6483, #4388, #2309, #1248, #7, #1611, #2593, #3436, #3636, #3729, #5603, #336, #1826, #833, #3481, #5356, #3746, #7156, #1655, #3128, #6626, #3475, #3756, #1230, #5372, #3038, #3760, #581, #7284, #2620, #729, #7529, #6198, #3893, #4083, #4801, #6879, #13, #1153, #7179, #6208, #6337, #1101, #6644, #5205, #290, #3676, #1357, #1642, #5984, #3337, #4459, #232, #5186, #7485, #32, #6902, #2997, #3887, #6038, #6713, #4799, #3892, #4377, #1169, #4182, #1030, #3264, #1701, #2238, #2993, #2714, #4100, #3274, #1730, #3195, #6677, #2719, #70, #5730, #2986, #1999, #220, #5785, #2956, #6222, #6533, #3565, #7392, #1340, #6966, #5505, #6202, #7117, #3061 ) ) ;
#67 = ORIENTED_EDGE ( 'NONE', *, *, #69, .T. ) ;
#68 = DIRECTION ( 'NONE',  ( 0.000000000000000000, 0.000000000000000000, -1.000000000000000000 ) ) ;
#69 = EDGE_CURVE ( 'NONE', #5468, #6924, #1628, .T. ) ;
#70 = ADVANCED_FACE ( 'NONE', ( #3985 ), #5555, .F. ) ;
#71 = EDGE_LOOP ( 'NONE', ( #2242, #5936 ) ) ;
#72 = CARTESIAN_POINT ( 'NONE',  ( -1.949160454871015524, 1.200787401574803237, 0.7843934299338640725 ) ) ;
#73 = ORIENTED_EDGE ( 'NONE', *, *, #264, .F. ) ;
#74 = VECTOR ( 'NONE', #3863, 39.37007874015748143 ) ;
#75 = ORIENTED_EDGE ( 'NONE', *, *, #6630, .F. ) ;
#76 = CYLINDRICAL_SURFACE ( 'NONE', #1190, 0.08070866141732316312 ) ;
#77 = CARTESIAN_POINT ( 'NONE',  ( -2.976577355925106971, 1.338582677165354395, -2.049962198577688355 ) ) ;
#78 = VERTEX_POINT ( 'NONE', #242 ) ;
#79 = CIRCLE ( 'NONE', #3678, 0.08070866141732323251 ) ;
#80 = AXIS2_PLACEMENT_3D ( 'NONE', #7058, #7598, #1720 ) ;
#81 = CARTESIAN_POINT ( 'NONE',  ( -0.6068274759728315981, 1.082677165354330784, -1.593536546169215917 ) ) ;
#82 = LINE ( 'NONE', #2468, #4193 ) ;
#83 = CIRCLE ( 'NONE', #6137, 0.08070866141732283006 ) ;
#84 = EDGE_LOOP ( 'NONE', ( #485, #7224, #4263, #2547 ) ) ;
#85 = CIRCLE ( 'NONE', #6523, 0.08070866141732241372 ) ;
#86 = DIRECTION ( 'NONE',  ( 0.000000000000000000, 0.000000000000000000, 1.000000000000000000 ) ) ;
#87 = CARTESIAN_POINT ( 'NONE',  ( -2.146010848571804797, 1.200787401574803237, 0.4434385465541646476 ) ) ;
#88 = FACE_BOUND ( 'NONE', #5876, .T. ) ;
#89 = ADVANCED_FACE ( 'NONE', ( #7351 ), #2705, .F. ) ;
#90 = CARTESIAN_POINT ( 'NONE',  ( -3.274367306754660145, 1.200787401574803237, -0.7235305932638439463 ) ) ;
#91 = DIRECTION ( 'NONE',  ( 0.000000000000000000, 0.000000000000000000, -1.000000000000000000 ) ) ;
#92 = ADVANCED_FACE ( 'NONE', ( #2031 ), #4396, .F. ) ;
#93 = VERTEX_POINT ( 'NONE', #2655 ) ;
#94 = EDGE_CURVE ( 'NONE', #6857, #3095, #5022, .T. ) ;
#95 = DIRECTION ( 'NONE',  ( 0.000000000000000000, -1.000000000000000000, 0.000000000000000000 ) ) ;
#96 = AXIS2_PLACEMENT_3D ( 'NONE', #3742, #880, #238 ) ;
#97 = PLANE ( 'NONE',  #296 ) ;
#98 = CARTESIAN_POINT ( 'NONE',  ( 0.000000000000000000, 1.377952755905512028, 0.000000000000000000 ) ) ;
#99 = DIRECTION ( 'NONE',  ( -0.8660254037844362651, 0.000000000000000000, 0.5000000000000038858 ) ) ;
#100 = VECTOR ( 'NONE', #7104, 39.37007874015748854 ) ;
#101 = ORIENTED_EDGE ( 'NONE', *, *, #4320, .T. ) ;
#102 = VERTEX_POINT ( 'NONE', #2155 ) ;
#103 = DIRECTION ( 'NONE',  ( 0.000000000000000000, 1.000000000000000000, 0.000000000000000000 ) ) ;
#104 = CIRCLE ( 'NONE', #7493, 0.08070866141732323251 ) ;
#105 = FACE_OUTER_BOUND ( 'NONE', #6442, .T. ) ;
#106 = ORIENTED_EDGE ( 'NONE', *, *, #5229, .F. ) ;
#107 = CARTESIAN_POINT ( 'NONE',  ( -1.319996592133495295, 1.082677165354330784, -0.4880675179279020948 ) ) ;
#108 = EDGE_CURVE ( 'NONE', #512, #5956, #4481, .T. ) ;
#109 = EDGE_LOOP ( 'NONE', ( #5652, #6445, #1664, #3999 ) ) ;
#110 = ORIENTED_EDGE ( 'NONE', *, *, #6620, .F. ) ;
#111 = EDGE_CURVE ( 'NONE', #6615, #5929, #6885, .T. ) ;
#112 = ORIENTED_EDGE ( 'NONE', *, *, #2668, .T. ) ;
#113 = DIRECTION ( 'NONE',  ( 0.000000000000000000, 0.000000000000000000, -1.000000000000000000 ) ) ;
#114 = CYLINDRICAL_SURFACE ( 'NONE', #708, 0.08070866141732351007 ) ;
#115 = ORIENTED_EDGE ( 'NONE', *, *, #3104, .T. ) ;
#116 = DIRECTION ( 'NONE',  ( 0.000000000000000000, -1.000000000000000000, 0.000000000000000000 ) ) ;
#117 = CARTESIAN_POINT ( 'NONE',  ( -3.130262817075749826, 1.200787401574803237, -1.342044531761656057 ) ) ;
#118 = CARTESIAN_POINT ( 'NONE',  ( -1.509832702874725818, 0.9842519685039373689, -0.2998563300174523216 ) ) ;
#119 = LINE ( 'NONE', #3662, #5191 ) ;
#120 = ORIENTED_EDGE ( 'NONE', *, *, #786, .T. ) ;
#121 = ORIENTED_EDGE ( 'NONE', *, *, #1945, .T. ) ;
#122 = CARTESIAN_POINT ( 'NONE',  ( -2.789307933696049790, 1.200787401574803237, -1.377477602627798392 ) ) ;
#123 = FACE_BOUND ( 'NONE', #7256, .T. ) ;
#124 = DIRECTION ( 'NONE',  ( 0.000000000000000000, 1.000000000000000000, 0.000000000000000000 ) ) ;
#125 = DIRECTION ( 'NONE',  ( -0.000000000000000000, -1.000000000000000000, -0.000000000000000000 ) ) ;
#126 = EDGE_CURVE ( 'NONE', #3772, #4206, #5295, .T. ) ;
#127 = CYLINDRICAL_SURFACE ( 'NONE', #7043, 0.08070866141732323251 ) ;
#128 = CARTESIAN_POINT ( 'NONE',  ( -3.668068094156238246, 1.082677165354330784, -1.405440360023242796 ) ) ;
#129 = CARTESIAN_POINT ( 'NONE',  ( -1.910547773235862445, 1.200787401574803237, -1.510932168067000481 ) ) ;
#130 = CARTESIAN_POINT ( 'NONE',  ( -6.304676538103634265, 0.6791338582677166613, -0.2241486485422573838 ) ) ;
#131 = CARTESIAN_POINT ( 'NONE',  ( -3.278884500051842288, 1.102362204724409711, 1.552109965366941680 ) ) ;
#132 = EDGE_LOOP ( 'NONE', ( #6908, #2638, #4521, #956 ) ) ;
#133 = DIRECTION ( 'NONE',  ( 0.000000000000000000, -1.000000000000000000, 0.000000000000000000 ) ) ;
#134 = ORIENTED_EDGE ( 'NONE', *, *, #3973, .F. ) ;
#135 = CARTESIAN_POINT ( 'NONE',  ( -2.789307933696049790, 1.082677165354330784, -1.538894925462445329 ) ) ;
#136 = DIRECTION ( 'NONE',  ( -0.000000000000000000, -1.000000000000000000, -0.000000000000000000 ) ) ;
#137 = DIRECTION ( 'NONE',  ( 0.000000000000000000, 0.000000000000000000, -1.000000000000000000 ) ) ;
#138 = EDGE_CURVE ( 'NONE', #1536, #2382, #2919, .T. ) ;
#139 = ORIENTED_EDGE ( 'NONE', *, *, #5118, .T. ) ;
#140 = EDGE_LOOP ( 'NONE', ( #4580, #859, #1018, #3579 ) ) ;
#141 = VERTEX_POINT ( 'NONE', #4088 ) ;
#142 = DIRECTION ( 'NONE',  ( -0.5000000000000041078, -1.264902534566421429E-16, -0.8660254037844363761 ) ) ;
#143 = CARTESIAN_POINT ( 'NONE',  ( -0.9262958047319170829, 1.200787401574803237, 0.1938422488314968661 ) ) ;
#144 = ORIENTED_EDGE ( 'NONE', *, *, #7637, .F. ) ;
#145 = CYLINDRICAL_SURFACE ( 'NONE', #5173, 0.08070866141732323251 ) ;
#146 = CARTESIAN_POINT ( 'NONE',  ( -1.319996592133495295, 1.200787401574803237, -0.4073588565105793480 ) ) ;
#147 = PLANE ( 'NONE',  #3826 ) ;
#148 = DIRECTION ( 'NONE',  ( 0.000000000000000000, 0.000000000000000000, -1.000000000000000000 ) ) ;
#149 = ORIENTED_EDGE ( 'NONE', *, *, #2271, .F. ) ;
#150 = LINE ( 'NONE', #122, #4160 ) ;
#151 = VECTOR ( 'NONE', #6567, 39.37007874015748854 ) ;
#152 = EDGE_CURVE ( 'NONE', #2842, #6761, #3435, .T. ) ;
#153 = EDGE_CURVE ( 'NONE', #2505, #3795, #454, .T. ) ;
#154 = DIRECTION ( 'NONE',  ( 0.000000000000000000, 0.000000000000000000, -1.000000000000000000 ) ) ;
#155 = VERTEX_POINT ( 'NONE', #7581 ) ;
#156 = FACE_OUTER_BOUND ( 'NONE', #7526, .T. ) ;
#157 = DIRECTION ( 'NONE',  ( 0.000000000000000000, -1.000000000000000000, 0.000000000000000000 ) ) ;
#158 = DIRECTION ( 'NONE',  ( 6.324512672832158913E-17, -1.000000000000000000, 1.095437728245841778E-16 ) ) ;
#159 = CARTESIAN_POINT ( 'NONE',  ( -1.228638006476463485, 1.200787401574803237, -1.985341616885901717 ) ) ;
#160 = ORIENTED_EDGE ( 'NONE', *, *, #2730, .T. ) ;
#161 = DIRECTION ( 'NONE',  ( 0.000000000000000000, -1.000000000000000000, 0.000000000000000000 ) ) ;
#162 = AXIS2_PLACEMENT_3D ( 'NONE', #1136, #5124, #2142 ) ;
#163 = VECTOR ( 'NONE', #6671, 39.37007874015748854 ) ;
#164 = AXIS2_PLACEMENT_3D ( 'NONE', #1162, #2831, #5194 ) ;
#165 = DIRECTION ( 'NONE',  ( 0.000000000000000000, -1.000000000000000000, 0.000000000000000000 ) ) ;
#166 = DIRECTION ( 'NONE',  ( 0.000000000000000000, 0.000000000000000000, -1.000000000000000000 ) ) ;
#167 = DIRECTION ( 'NONE',  ( 0.000000000000000000, -1.000000000000000000, 0.000000000000000000 ) ) ;
#168 = AXIS2_PLACEMENT_3D ( 'NONE', #3547, #5791, #5823 ) ;
#169 = AXIS2_PLACEMENT_3D ( 'NONE', #3208, #2624, #5558 ) ;
#170 = CIRCLE ( 'NONE', #2304, 0.08070866141732323251 ) ;
#171 = DIRECTION ( 'NONE',  ( 0.000000000000000000, 0.000000000000000000, -1.000000000000000000 ) ) ;
#172 = DIRECTION ( 'NONE',  ( 0.000000000000000000, -1.000000000000000000, 0.000000000000000000 ) ) ;
#173 = ORIENTED_EDGE ( 'NONE', *, *, #2690, .F. ) ;
#174 = EDGE_CURVE ( 'NONE', #3584, #4569, #1120, .T. ) ;
#175 = ADVANCED_FACE ( 'NONE', ( #4014 ), #2820, .T. ) ;
#176 = EDGE_LOOP ( 'NONE', ( #288, #6103, #524, #487 ) ) ;
#177 = VECTOR ( 'NONE', #2268, 39.37007874015748854 ) ;
#178 = VECTOR ( 'NONE', #1937, 39.37007874015748143 ) ;
#179 = EDGE_LOOP ( 'NONE', ( #6000, #5618, #4777, #4414 ) ) ;
#180 = LINE ( 'NONE', #355, #4780 ) ;
#181 = CARTESIAN_POINT ( 'NONE',  ( -4.540847003094901524, 1.102362204724409489, -1.106114152032292353 ) ) ;
#182 = ORIENTED_EDGE ( 'NONE', *, *, #432, .T. ) ;
#183 = CARTESIAN_POINT ( 'NONE',  ( -2.592457539995261406, 1.200787401574803237, -1.117231380665422380 ) ) ;
#184 = VECTOR ( 'NONE', #528, 39.37007874015748143 ) ;
#185 = CARTESIAN_POINT ( 'NONE',  ( -1.572946798163069593, 1.082677165354330784, 2.241161354494221047 ) ) ;
#186 = AXIS2_PLACEMENT_3D ( 'NONE', #1504, #6333, #374 ) ;
#187 = DIRECTION ( 'NONE',  ( 0.000000000000000000, 0.000000000000000000, -1.000000000000000000 ) ) ;
#188 = VECTOR ( 'NONE', #5705, 39.37007874015747433 ) ;
#189 = CARTESIAN_POINT ( 'NONE',  ( -2.342861242272594069, 1.200787401574803237, 0.1024836631744651533 ) ) ;
#190 = EDGE_CURVE ( 'NONE', #2952, #6233, #5796, .T. ) ;
#191 = CARTESIAN_POINT ( 'NONE',  ( -3.910597780685542979, 0.5807086614173232464, -1.038112524632603284 ) ) ;
#192 = ORIENTED_EDGE ( 'NONE', *, *, #4675, .T. ) ;
#193 = CARTESIAN_POINT ( 'NONE',  ( -5.958778959581309209, 1.377952755905512028, -0.5502333187202393949 ) ) ;
#194 = AXIS2_PLACEMENT_3D ( 'NONE', #5775, #5233, #1170 ) ;
#195 = EDGE_CURVE ( 'NONE', #4949, #5840, #5250, .T. ) ;
#196 = AXIS2_PLACEMENT_3D ( 'NONE', #5252, #5753, #2322 ) ;
#197 = CYLINDRICAL_SURFACE ( 'NONE', #5768, 0.1240157480314960370 ) ;
#198 = EDGE_CURVE ( 'NONE', #3318, #2649, #5395, .T. ) ;
#199 = ORIENTED_EDGE ( 'NONE', *, *, #748, .F. ) ;
#200 = PLANE ( 'NONE',  #583 ) ;
#201 = AXIS2_PLACEMENT_3D ( 'NONE', #4499, #3186, #4426 ) ;
#202 = EDGE_CURVE ( 'NONE', #837, #7347, #4788, .T. ) ;
#203 = CIRCLE ( 'NONE', #1592, 0.08070866141732296883 ) ;
#204 = CARTESIAN_POINT ( 'NONE',  ( -3.838582677165357726, 1.377952755905512028, -3.125419764313915660 ) ) ;
#205 = EDGE_CURVE ( 'NONE', #7399, #2818, #527, .T. ) ;
#206 = DIRECTION ( 'NONE',  ( 0.000000000000000000, 0.000000000000000000, -1.000000000000000000 ) ) ;
#207 = AXIS2_PLACEMENT_3D ( 'NONE', #4019, #7586, #4692 ) ;
#208 = AXIS2_PLACEMENT_3D ( 'NONE', #2748, #6269, #2785 ) ;
#209 = CARTESIAN_POINT ( 'NONE',  ( -0.7636766944345079189, 1.082677165354330784, -0.6212869690425303348 ) ) ;
#210 = VERTEX_POINT ( 'NONE', #4633 ) ;
#211 = CARTESIAN_POINT ( 'NONE',  ( -2.304248560637440324, 1.200787401574803237, -2.273550596243722577 ) ) ;
#212 = CARTESIAN_POINT ( 'NONE',  ( -1.179246010761500818, 1.200787401574803237, 1.478542926317494288 ) ) ;
#213 = LINE ( 'NONE', #1354, #178 ) ;
#214 = DIRECTION ( 'NONE',  ( 0.000000000000000000, 0.000000000000000000, -1.000000000000000000 ) ) ;
#215 = ORIENTED_EDGE ( 'NONE', *, *, #339, .F. ) ;
#216 = DIRECTION ( 'NONE',  ( 0.000000000000000000, 0.000000000000000000, -1.000000000000000000 ) ) ;
#217 = LINE ( 'NONE', #776, #3679 ) ;
#218 = ORIENTED_EDGE ( 'NONE', *, *, #5899, .F. ) ;
#219 = CIRCLE ( 'NONE', #7426, 0.08070866141732241372 ) ;
#220 = ADVANCED_FACE ( 'NONE', ( #5216 ), #4123, .F. ) ;
#221 = DIRECTION ( 'NONE',  ( -0.000000000000000000, -1.000000000000000000, -0.000000000000000000 ) ) ;
#222 = CARTESIAN_POINT ( 'NONE',  ( -2.986158327396839063, 1.200787401574803237, -1.718432486007497539 ) ) ;
#223 = ORIENTED_EDGE ( 'NONE', *, *, #111, .F. ) ;
#224 = CARTESIAN_POINT ( 'NONE',  ( -4.540847003094901524, 0.3937007874015748254, -1.106114152032292353 ) ) ;
#225 = ADVANCED_FACE ( 'NONE', ( #1187 ), #3554, .F. ) ;
#226 = CARTESIAN_POINT ( 'NONE',  ( -1.123146198432706244, 1.082677165354330784, -0.06640397313087940956 ) ) ;
#227 = DIRECTION ( 'NONE',  ( 0.8660254037844362651, 0.000000000000000000, -0.5000000000000041078 ) ) ;
#228 = CARTESIAN_POINT ( 'NONE',  ( -1.766443283556951904, 1.200787401574803237, -2.048737445147489122 ) ) ;
#229 = CARTESIAN_POINT ( 'NONE',  ( -1.509832702874725818, 1.082677165354330784, -0.1758405819859562569 ) ) ;
#230 = EDGE_LOOP ( 'NONE', ( #5321, #5461, #6570, #29 ) ) ;
#231 = LINE ( 'NONE', #2609, #3593 ) ;
#232 = ADVANCED_FACE ( 'NONE', ( #2245 ), #2278, .T. ) ;
#233 = CARTESIAN_POINT ( 'NONE',  ( -0.8839417327586027717, 1.200787401574803237, 0.1251398426505241079 ) ) ;
#234 = EDGE_CURVE ( 'NONE', #5312, #797, #1320, .T. ) ;
#235 = ORIENTED_EDGE ( 'NONE', *, *, #6371, .T. ) ;
#236 = FACE_OUTER_BOUND ( 'NONE', #5025, .T. ) ;
#237 = ORIENTED_EDGE ( 'NONE', *, *, #4205, .T. ) ;
#238 = DIRECTION ( 'NONE',  ( 0.000000000000000000, 0.000000000000000000, -1.000000000000000000 ) ) ;
#239 = ORIENTED_EDGE ( 'NONE', *, *, #3404, .F. ) ;
#240 = ORIENTED_EDGE ( 'NONE', *, *, #5920, .F. ) ;
#241 = CARTESIAN_POINT ( 'NONE',  ( -2.976577355925106971, 0.9842519685039373689, -1.925946450546192290 ) ) ;
#242 = CARTESIAN_POINT ( 'NONE',  ( -0.6074647434206926766, 1.377952755905512028, -1.593293871222202673 ) ) ;
#243 = DIRECTION ( 'NONE',  ( 0.000000000000000000, 0.000000000000000000, -1.000000000000000000 ) ) ;
#244 = ORIENTED_EDGE ( 'NONE', *, *, #2287, .F. ) ;
#245 = FACE_OUTER_BOUND ( 'NONE', #7313, .T. ) ;
#246 = ORIENTED_EDGE ( 'NONE', *, *, #5466, .T. ) ;
#247 = DIRECTION ( 'NONE',  ( 0.5000000000000041078, 0.000000000000000000, 0.8660254037844362651 ) ) ;
#248 = DIRECTION ( 'NONE',  ( -0.000000000000000000, -1.000000000000000000, -0.000000000000000000 ) ) ;
#249 = CARTESIAN_POINT ( 'NONE',  ( -0.4973362440020967501, 1.200787401574803237, 1.872243713719063063 ) ) ;
#250 = DIRECTION ( 'NONE',  ( 0.000000000000000000, 0.000000000000000000, -1.000000000000000000 ) ) ;
#251 = DIRECTION ( 'NONE',  ( 0.6313919323777766879, 0.000000000000000000, -0.7754638790609508225 ) ) ;
#252 = ORIENTED_EDGE ( 'NONE', *, *, #6694, .T. ) ;
#253 = DIRECTION ( 'NONE',  ( 0.000000000000000000, -1.000000000000000000, 0.000000000000000000 ) ) ;
#254 = EDGE_CURVE ( 'NONE', #7283, #6673, #2390, .T. ) ;
#255 = CARTESIAN_POINT ( 'NONE',  ( 4.365008479236233363, 0.1968503937007874127, 7.047056437765839121 ) ) ;
#256 = ORIENTED_EDGE ( 'NONE', *, *, #5427, .F. ) ;
#257 = CYLINDRICAL_SURFACE ( 'NONE', #3440, 0.08070866141732337129 ) ;
#258 = DIRECTION ( 'NONE',  ( 0.000000000000000000, -1.000000000000000000, 0.000000000000000000 ) ) ;
#259 = DIRECTION ( 'NONE',  ( 0.000000000000000000, 0.000000000000000000, -1.000000000000000000 ) ) ;
#260 = ORIENTED_EDGE ( 'NONE', *, *, #3748, .F. ) ;
#261 = CARTESIAN_POINT ( 'NONE',  ( -1.857801869213983714, 1.200787401574803237, -0.7128806690241358268 ) ) ;
#262 = DIRECTION ( 'NONE',  ( 0.000000000000000000, 0.000000000000000000, -1.000000000000000000 ) ) ;
#263 = CARTESIAN_POINT ( 'NONE',  ( -2.976577355925106971, 1.082677165354330784, -2.173977946609184198 ) ) ;
#264 = EDGE_CURVE ( 'NONE', #6926, #7673, #5882, .T. ) ;
#265 = DIRECTION ( 'NONE',  ( 0.000000000000000000, -1.000000000000000000, 0.000000000000000000 ) ) ;
#266 = CARTESIAN_POINT ( 'NONE',  ( -0.4990495988450098230, 1.200787401574803237, 1.791553240657131285 ) ) ;
#267 = EDGE_LOOP ( 'NONE', ( #7449, #4372, #629, #5964 ) ) ;
#268 = CYLINDRICAL_SURFACE ( 'NONE', #1615, 0.08070866141732337129 ) ;
#269 = EDGE_LOOP ( 'NONE', ( #2143, #4591, #115, #4487 ) ) ;
#270 = CARTESIAN_POINT ( 'NONE',  ( -0.4445903399802303424, 1.200787401574803237, 0.9127748918415511392 ) ) ;
#271 = FACE_BOUND ( 'NONE', #5487, .T. ) ;
#272 = ORIENTED_EDGE ( 'NONE', *, *, #5685, .T. ) ;
#273 = EDGE_CURVE ( 'NONE', #2150, #463, #4276, .T. ) ;
#274 = EDGE_LOOP ( 'NONE', ( #6717, #5158, #5649, #5246 ) ) ;
#275 = CARTESIAN_POINT ( 'NONE',  ( -3.667376289564603375, 1.358267716535431102, 1.162687014536634367 ) ) ;
#276 = VERTEX_POINT ( 'NONE', #3078 ) ;
#277 = DIRECTION ( 'NONE',  ( -0.000000000000000000, -1.000000000000000000, -0.000000000000000000 ) ) ;
#278 = EDGE_CURVE ( 'NONE', #885, #6843, #5945, .T. ) ;
#279 = CIRCLE ( 'NONE', #7348, 0.08070866141732287169 ) ;
#280 = EDGE_LOOP ( 'NONE', ( #1507, #545, #382, #5384 ) ) ;
#281 = EDGE_CURVE ( 'NONE', #4879, #2344, #1932, .T. ) ;
#282 = DIRECTION ( 'NONE',  ( 0.7664256734729303355, -0.000000000000000000, -0.6423330032324083838 ) ) ;
#283 = CARTESIAN_POINT ( 'NONE',  ( -1.376096404462285205, 1.200787401574803237, 1.819497809697196322 ) ) ;
#284 = LINE ( 'NONE', #1538, #319 ) ;
#285 = EDGE_CURVE ( 'NONE', #3473, #4290, #150, .T. ) ;
#286 = ORIENTED_EDGE ( 'NONE', *, *, #811, .F. ) ;
#287 = CYLINDRICAL_SURFACE ( 'NONE', #3539, 0.08070866141732323251 ) ;
#288 = ORIENTED_EDGE ( 'NONE', *, *, #5133, .F. ) ;
#289 = DIRECTION ( 'NONE',  ( 0.000000000000000000, -1.000000000000000000, 0.000000000000000000 ) ) ;
#290 = ADVANCED_FACE ( 'NONE', ( #1297 ), #197, .T. ) ;
#291 = CARTESIAN_POINT ( 'NONE',  ( -1.099753997502756153, 1.200787401574803237, 1.464581985953475884 ) ) ;
#292 = LINE ( 'NONE', #972, #7479 ) ;
#293 = DIRECTION ( 'NONE',  ( -0.000000000000000000, -1.000000000000000000, -0.000000000000000000 ) ) ;
#294 = LINE ( 'NONE', #974, #3574 ) ;
#295 = CARTESIAN_POINT ( 'NONE',  ( -6.568304586241691112, 0.000000000000000000, -0.2083248773356932981 ) ) ;
#296 = AXIS2_PLACEMENT_3D ( 'NONE', #4244, #5952, #654 ) ;
#297 = ORIENTED_EDGE ( 'NONE', *, *, #5688, .T. ) ;
#298 = VERTEX_POINT ( 'NONE', #5976 ) ;
#299 = EDGE_CURVE ( 'NONE', #7461, #5610, #680, .T. ) ;
#300 = CARTESIAN_POINT ( 'NONE',  ( -0.6414407336810146187, 1.200787401574803237, 1.334438436638576420 ) ) ;
#301 = VECTOR ( 'NONE', #6473, 39.37007874015748143 ) ;
#302 = EDGE_CURVE ( 'NONE', #5385, #155, #1961, .T. ) ;
#303 = AXIS2_PLACEMENT_3D ( 'NONE', #4200, #6519, #641 ) ;
#304 = AXIS2_PLACEMENT_3D ( 'NONE', #4003, #2265, #6984 ) ;
#305 = CARTESIAN_POINT ( 'NONE',  ( -2.198756752593682862, 1.200787401574803237, -0.4353216139060233636 ) ) ;
#306 = ORIENTED_EDGE ( 'NONE', *, *, #5872, .T. ) ;
#307 = DIRECTION ( 'NONE',  ( -0.7754638790607774057, 0.000000000000000000, -0.6313919323779896287 ) ) ;
#308 = LINE ( 'NONE', #4340, #7523 ) ;
#309 = DIRECTION ( 'NONE',  ( 0.000000000000000000, -1.000000000000000000, 0.000000000000000000 ) ) ;
#310 = VECTOR ( 'NONE', #7334, 39.37007874015748143 ) ;
#311 = LINE ( 'NONE', #6231, #1113 ) ;
#312 = AXIS2_PLACEMENT_3D ( 'NONE', #1508, #7513, #2209 ) ;
#313 = COLOUR_RGB ( '',0.7921568627450980005, 0.8196078431372548767, 0.9333333333333333481 ) ;
#314 = DIRECTION ( 'NONE',  ( -0.000000000000000000, -1.000000000000000000, -0.000000000000000000 ) ) ;
#315 = VERTEX_POINT ( 'NONE', #7309 ) ;
#316 = CARTESIAN_POINT ( 'NONE',  ( -5.732401006825401879, 0.000000000000000000, -0.1581352028335849258 ) ) ;
#317 = DIRECTION ( 'NONE',  ( -0.000000000000000000, -1.000000000000000000, -0.000000000000000000 ) ) ;
#318 = ORIENTED_EDGE ( 'NONE', *, *, #6325, .T. ) ;
#319 = VECTOR ( 'NONE', #1465, 39.37007874015748143 ) ;
#320 = AXIS2_PLACEMENT_3D ( 'NONE', #7218, #1906, #259 ) ;
#321 = AXIS2_PLACEMENT_3D ( 'NONE', #7111, #3509, #6367 ) ;
#322 = ORIENTED_EDGE ( 'NONE', *, *, #6599, .F. ) ;
#323 = DIRECTION ( 'NONE',  ( 0.000000000000000000, 0.000000000000000000, -1.000000000000000000 ) ) ;
#324 = VERTEX_POINT ( 'NONE', #7195 ) ;
#325 = CARTESIAN_POINT ( 'NONE',  ( -4.353839129079152492, 1.082677165354331672, -0.7822070128215785623 ) ) ;
#326 = AXIS2_PLACEMENT_3D ( 'NONE', #2947, #5314, #7676 ) ;
#327 = EDGE_LOOP ( 'NONE', ( #4581, #3544, #767, #7349, #5813, #4820, #706, #3633 ) ) ;
#328 = AXIS2_PLACEMENT_3D ( 'NONE', #6933, #2325, #1237 ) ;
#329 = ORIENTED_EDGE ( 'NONE', *, *, #7207, .F. ) ;
#330 = LINE ( 'NONE', #7434, #3043 ) ;
#331 = CARTESIAN_POINT ( 'NONE',  ( 0.000000000000000000, 0.000000000000000000, 0.000000000000000000 ) ) ;
#332 = CARTESIAN_POINT ( 'NONE',  ( -1.910547773235862445, 1.200787401574803237, -1.510932168067000481 ) ) ;
#333 = EDGE_CURVE ( 'NONE', #1714, #7484, #2471, .T. ) ;
#334 = ORIENTED_EDGE ( 'NONE', *, *, #5619, .T. ) ;
#335 = VECTOR ( 'NONE', #2844, 39.37007874015748143 ) ;
#336 = ADVANCED_FACE ( 'NONE', ( #4238 ), #6593, .F. ) ;
#337 = AXIS2_PLACEMENT_3D ( 'NONE', #6464, #2376, #1837 ) ;
#338 = CARTESIAN_POINT ( 'NONE',  ( -3.327113210776539098, 1.200787401574803237, -1.521582092306708045 ) ) ;
#339 = EDGE_CURVE ( 'NONE', #4631, #4018, #6526, .T. ) ;
#340 = ORIENTED_EDGE ( 'NONE', *, *, #5360, .T. ) ;
#341 = DIRECTION ( 'NONE',  ( -0.000000000000000000, -1.000000000000000000, -0.000000000000000000 ) ) ;
#342 = EDGE_LOOP ( 'NONE', ( #6246, #37 ) ) ;
#343 = EDGE_LOOP ( 'NONE', ( #7658, #75, #1805, #2118 ) ) ;
#344 = CIRCLE ( 'NONE', #7032, 0.08070866141732309373 ) ;
#345 = CIRCLE ( 'NONE', #3192, 0.08070866141732296883 ) ;
#346 = DIRECTION ( 'NONE',  ( 0.000000000000000000, 0.000000000000000000, -1.000000000000000000 ) ) ;
#347 = FACE_OUTER_BOUND ( 'NONE', #5103, .T. ) ;
#348 = DIRECTION ( 'NONE',  ( 0.000000000000000000, 1.000000000000000000, -0.000000000000000000 ) ) ;
#349 = VERTEX_POINT ( 'NONE', #6083 ) ;
#350 = FACE_OUTER_BOUND ( 'NONE', #553, .T. ) ;
#351 = CIRCLE ( 'NONE', #3456, 0.08070866141732323251 ) ;
#352 = ORIENTED_EDGE ( 'NONE', *, *, #7106, .T. ) ;
#353 = ORIENTED_EDGE ( 'NONE', *, *, #2668, .F. ) ;
#354 = VECTOR ( 'NONE', #1411, 39.37007874015748143 ) ;
#355 = CARTESIAN_POINT ( 'NONE',  ( -2.342861242272594069, 1.200787401574803237, 0.02177500175714228506 ) ) ;
#356 = CARTESIAN_POINT ( 'NONE',  ( -1.769797191863853314, 1.200787401574803237, 2.582116237873922859 ) ) ;
#357 = ORIENTED_EDGE ( 'NONE', *, *, #7681, .T. ) ;
#358 = PRODUCT_RELATED_PRODUCT_CATEGORY ( 'part', '', ( #3543 ) ) ;
#359 = DIRECTION ( 'NONE',  ( 0.000000000000000000, 0.000000000000000000, -1.000000000000000000 ) ) ;
#360 = CARTESIAN_POINT ( 'NONE',  ( -2.880666519353082489, 1.200787401574803237, -0.04162082650444507564 ) ) ;
#361 = EDGE_CURVE ( 'NONE', #3620, #6554, #3708, .T. ) ;
#362 = VECTOR ( 'NONE', #227, 39.37007874015748854 ) ;
#363 = LINE ( 'NONE', #5052, #3956 ) ;
#364 = FACE_OUTER_BOUND ( 'NONE', #3948, .T. ) ;
#365 = EDGE_LOOP ( 'NONE', ( #4031, #4477 ) ) ;
#366 = CARTESIAN_POINT ( 'NONE',  ( -0.9823956170607164307, 1.200787401574803237, 1.056879381520470007 ) ) ;
#367 = LINE ( 'NONE', #5089, #2172 ) ;
#368 = VERTEX_POINT ( 'NONE', #1373 ) ;
#369 = ORIENTED_EDGE ( 'NONE', *, *, #7567, .T. ) ;
#370 = CARTESIAN_POINT ( 'NONE',  ( -1.509832702874725818, 0.9842519685039373689, -0.3648169599387122153 ) ) ;
#371 = EDGE_LOOP ( 'NONE', ( #3549, #2826, #737, #3920 ) ) ;
#372 = ORIENTED_EDGE ( 'NONE', *, *, #7190, .T. ) ;
#373 = ORIENTED_EDGE ( 'NONE', *, *, #4406, .T. ) ;
#374 = DIRECTION ( 'NONE',  ( 0.000000000000000000, 0.000000000000000000, -1.000000000000000000 ) ) ;
#375 = DIRECTION ( 'NONE',  ( 0.8660254037844362651, 0.000000000000000000, -0.5000000000000038858 ) ) ;
#376 = CARTESIAN_POINT ( 'NONE',  ( -4.763779527559041327, 1.102362204724409933, 3.114054601534617994 ) ) ;
#377 = ORIENTED_EDGE ( 'NONE', *, *, #1313, .F. ) ;
#378 = FACE_OUTER_BOUND ( 'NONE', #3824, .T. ) ;
#379 = EDGE_CURVE ( 'NONE', #6115, #6857, #4147, .T. ) ;
#380 = VERTEX_POINT ( 'NONE', #5125 ) ;
#381 = CARTESIAN_POINT ( 'NONE',  ( -1.572946798163069593, 1.200787401574803237, 2.160452693076898356 ) ) ;
#382 = ORIENTED_EDGE ( 'NONE', *, *, #7379, .F. ) ;
#383 = CARTESIAN_POINT ( 'NONE',  ( -4.558412059106971448, 1.181102362204724532, -0.6640967766011043327 ) ) ;
#384 = FACE_OUTER_BOUND ( 'NONE', #3319, .T. ) ;
#385 = CYLINDRICAL_SURFACE ( 'NONE', #3661, 0.08070866141732319088 ) ;
#386 = DIRECTION ( 'NONE',  ( 0.000000000000000000, 0.000000000000000000, -1.000000000000000000 ) ) ;
#387 = DIRECTION ( 'NONE',  ( 0.8660254037844362651, 0.000000000000000000, -0.5000000000000038858 ) ) ;
#388 = ORIENTED_EDGE ( 'NONE', *, *, #653, .T. ) ;
#389 = CARTESIAN_POINT ( 'NONE',  ( -1.231991914783367559, 1.200787401574803237, 2.276594425360359608 ) ) ;
#390 = ORIENTED_EDGE ( 'NONE', *, *, #862, .T. ) ;
#391 = CYLINDRICAL_SURFACE ( 'NONE', #2804, 0.08070866141732309373 ) ;
#392 = EDGE_CURVE ( 'NONE', #1521, #1944, #3360, .T. ) ;
#393 = DIRECTION ( 'NONE',  ( -0.000000000000000000, -1.000000000000000000, -0.000000000000000000 ) ) ;
#394 = CARTESIAN_POINT ( 'NONE',  ( -2.592457539995261406, 1.200787401574803237, -1.117231380665422380 ) ) ;
#395 = ORIENTED_EDGE ( 'NONE', *, *, #2222, .T. ) ;
#396 = CARTESIAN_POINT ( 'NONE',  ( -1.076132233853167364, 1.082677165354330784, 1.321685681511897137 ) ) ;
#397 = FACE_OUTER_BOUND ( 'NONE', #5014, .T. ) ;
#398 = CARTESIAN_POINT ( 'NONE',  ( -3.667376289564603375, 1.181102362204724532, 1.162687014536634145 ) ) ;
#399 = CARTESIAN_POINT ( 'NONE',  ( -1.857801869213983714, 1.200787401574803237, -0.6321720076068124694 ) ) ;
#400 = ORIENTED_EDGE ( 'NONE', *, *, #6492, .T. ) ;
#401 = DIRECTION ( 'NONE',  ( 0.000000000000000000, -1.000000000000000000, 0.000000000000000000 ) ) ;
#402 = CARTESIAN_POINT ( 'NONE',  ( -1.766443283556951904, 1.200787401574803237, -1.968028783730165543 ) ) ;
#403 = VERTEX_POINT ( 'NONE', #3939 ) ;
#404 = ORIENTED_EDGE ( 'NONE', *, *, #379, .T. ) ;
#405 = CARTESIAN_POINT ( 'NONE',  ( -2.342861242272594069, 1.082677165354330784, 0.1831923245917879972 ) ) ;
#406 = ORIENTED_EDGE ( 'NONE', *, *, #816, .F. ) ;
#407 = ORIENTED_EDGE ( 'NONE', *, *, #1699, .F. ) ;
#408 = ORIENTED_EDGE ( 'NONE', *, *, #2806, .T. ) ;
#409 = CARTESIAN_POINT ( 'NONE',  ( -1.608205571491315711, 1.200787401574803237, 0.5875430362330750222 ) ) ;
#410 = CARTESIAN_POINT ( 'NONE',  ( -0.9790417087537957030, 1.082677165354330784, -0.6849179116286912006 ) ) ;
#411 = EDGE_CURVE ( 'NONE', #4927, #474, #6199, .T. ) ;
#412 = PLANE ( 'NONE',  #2809 ) ;
#413 = EDGE_CURVE ( 'NONE', #2649, #6876, #2695, .T. ) ;
#414 = EDGE_LOOP ( 'NONE', ( #6214, #1000, #2816, #4744, #357, #4301, #6225, #665 ) ) ;
#415 = CARTESIAN_POINT ( 'NONE',  ( -1.527281074832379737, 1.082677165354330784, -1.243022756266630058 ) ) ;
#416 = CARTESIAN_POINT ( 'NONE',  ( -4.325529062261526114, 1.082677165354331672, 3.282575492768253778 ) ) ;
#417 = ORIENTED_EDGE ( 'NONE', *, *, #602, .T. ) ;
#418 = FACE_OUTER_BOUND ( 'NONE', #6147, .T. ) ;
#419 = ORIENTED_EDGE ( 'NONE', *, *, #6013, .F. ) ;
#420 = DIRECTION ( 'NONE',  ( -0.000000000000000000, -1.000000000000000000, -0.000000000000000000 ) ) ;
#421 = DIRECTION ( 'NONE',  ( -0.000000000000000000, -1.000000000000000000, -0.000000000000000000 ) ) ;
#422 = CARTESIAN_POINT ( 'NONE',  ( -1.516846985834283901, 1.200787401574803237, -0.7483137398902782733 ) ) ;
#423 = AXIS2_PLACEMENT_3D ( 'NONE', #4959, #2044, #346 ) ;
#424 = CARTESIAN_POINT ( 'NONE',  ( -2.670957612213657129, 1.082677165354331672, 1.542078096405652410 ) ) ;
#425 = VERTEX_POINT ( 'NONE', #948 ) ;
#426 = CYLINDRICAL_SURFACE ( 'NONE', #3287, 0.08070866141732323251 ) ;
#427 = ORIENTED_EDGE ( 'NONE', *, *, #4952, .F. ) ;
#428 = ORIENTED_EDGE ( 'NONE', *, *, #4990, .T. ) ;
#429 = LINE ( 'NONE', #5162, #1450 ) ;
#430 = CARTESIAN_POINT ( 'NONE',  ( -0.4445903399802303424, 1.200787401574803237, 0.9934835532588741636 ) ) ;
#431 = ORIENTED_EDGE ( 'NONE', *, *, #521, .T. ) ;
#432 = EDGE_CURVE ( 'NONE', #3114, #5663, #6867, .T. ) ;
#433 = DIRECTION ( 'NONE',  ( 0.000000000000000000, -1.000000000000000000, 0.000000000000000000 ) ) ;
#434 = DIRECTION ( 'NONE',  ( 0.000000000000000000, -1.000000000000000000, 0.000000000000000000 ) ) ;
#435 = ADVANCED_FACE ( 'NONE', ( #5010 ), #6237, .F. ) ;
#436 = CARTESIAN_POINT ( 'NONE',  ( -2.290115338250715116, 1.200787401574803237, 0.9812438236346530118 ) ) ;
#437 = EDGE_LOOP ( 'NONE', ( #7216, #1715 ) ) ;
#438 = CIRCLE ( 'NONE', #1420, 0.08070866141732309373 ) ;
#439 = VECTOR ( 'NONE', #2440, 39.37007874015748143 ) ;
#440 = DIRECTION ( 'NONE',  ( 0.7754638790607795151, 0.000000000000000000, 0.6313919323779871862 ) ) ;
#441 = ORIENTED_EDGE ( 'NONE', *, *, #7140, .F. ) ;
#442 = VECTOR ( 'NONE', #758, 39.37007874015748143 ) ;
#443 = EDGE_CURVE ( 'NONE', #7184, #6641, #4346, .T. ) ;
#444 = AXIS2_PLACEMENT_3D ( 'NONE', #5413, #5474, #2545 ) ;
#445 = AXIS2_PLACEMENT_3D ( 'NONE', #3135, #5081, #933 ) ;
#446 = CARTESIAN_POINT ( 'NONE',  ( -2.107398166936651496, 1.082677165354330784, -1.932595712864022985 ) ) ;
#447 = EDGE_LOOP ( 'NONE', ( #3525, #3289, #2749, #2079 ) ) ;
#448 = EDGE_LOOP ( 'NONE', ( #6891, #7657 ) ) ;
#449 = EDGE_CURVE ( 'NONE', #7184, #5323, #4432, .T. ) ;
#450 = ORIENTED_EDGE ( 'NONE', *, *, #4615, .F. ) ;
#451 = VECTOR ( 'NONE', #3110, 39.37007874015748143 ) ;
#452 = VECTOR ( 'NONE', #2288, 39.37007874015748854 ) ;
#453 = DIRECTION ( 'NONE',  ( 0.000000000000000000, 0.000000000000000000, -1.000000000000000000 ) ) ;
#454 = CIRCLE ( 'NONE', #4536, 0.08070866141732309373 ) ;
#455 = LINE ( 'NONE', #1037, #2924 ) ;
#456 = EDGE_CURVE ( 'NONE', #7143, #5827, #4507, .T. ) ;
#457 = LINE ( 'NONE', #4635, #707 ) ;
#458 = AXIS2_PLACEMENT_3D ( 'NONE', #3388, #393, #3967 ) ;
#459 = CIRCLE ( 'NONE', #3025, 0.08070866141732296883 ) ;
#460 = ORIENTED_EDGE ( 'NONE', *, *, #6055, .F. ) ;
#461 = CIRCLE ( 'NONE', #5280, 0.1240157480314960370 ) ;
#462 = DIRECTION ( 'NONE',  ( 0.000000000000000000, 1.000000000000000000, 0.000000000000000000 ) ) ;
#463 = VERTEX_POINT ( 'NONE', #3317 ) ;
#464 = CARTESIAN_POINT ( 'NONE',  ( -3.668068094156238246, 1.082677165354330784, -1.405440360023242796 ) ) ;
#465 = VECTOR ( 'NONE', #4920, 39.37007874015748143 ) ;
#466 = CIRCLE ( 'NONE', #4174, 0.08070866141732323251 ) ;
#467 = CARTESIAN_POINT ( 'NONE',  ( -1.608205571491315711, 1.082677165354330784, 0.5068343748157518869 ) ) ;
#468 = FACE_OUTER_BOUND ( 'NONE', #4812, .T. ) ;
#469 = EDGE_CURVE ( 'NONE', #463, #2150, #2789, .T. ) ;
#470 = ORIENTED_EDGE ( 'NONE', *, *, #1048, .F. ) ;
#471 = DIRECTION ( 'NONE',  ( 0.000000000000000000, -1.000000000000000000, 0.000000000000000000 ) ) ;
#472 = EDGE_LOOP ( 'NONE', ( #4049, #1150 ) ) ;
#473 = VECTOR ( 'NONE', #6094, 39.37007874015748143 ) ;
#474 = VERTEX_POINT ( 'NONE', #6704 ) ;
#475 = AXIS2_PLACEMENT_3D ( 'NONE', #548, #5778, #479 ) ;
#476 = DIRECTION ( 'NONE',  ( -0.8660254037844362651, -0.000000000000000000, 0.5000000000000038858 ) ) ;
#477 = DIRECTION ( 'NONE',  ( 0.000000000000000000, -1.000000000000000000, 0.000000000000000000 ) ) ;
#478 = EDGE_LOOP ( 'NONE', ( #4162, #3468, #144, #3462, #621, #5095, #6757, #1531 ) ) ;
#479 = DIRECTION ( 'NONE',  ( 0.000000000000000000, 0.000000000000000000, -1.000000000000000000 ) ) ;
#480 = VECTOR ( 'NONE', #462, 39.37007874015748143 ) ;
#481 = AXIS2_PLACEMENT_3D ( 'NONE', #2874, #1140, #5846 ) ;
#482 = DIRECTION ( 'NONE',  ( -0.000000000000000000, -1.000000000000000000, -0.000000000000000000 ) ) ;
#483 = DIRECTION ( 'NONE',  ( 0.000000000000000000, 0.000000000000000000, -1.000000000000000000 ) ) ;
#484 = VECTOR ( 'NONE', #620, 39.37007874015748854 ) ;
#485 = ORIENTED_EDGE ( 'NONE', *, *, #4141, .F. ) ;
#486 = CARTESIAN_POINT ( 'NONE',  ( -0.0002485795009369383803, 1.082677165354330784, 0.0003053007397885963703 ) ) ;
#487 = ORIENTED_EDGE ( 'NONE', *, *, #1723, .T. ) ;
#488 = AXIS2_PLACEMENT_3D ( 'NONE', #3765, #4376, #6737 ) ;
#489 = CARTESIAN_POINT ( 'NONE',  ( -0.1569531698893333882, 1.377952755905512028, 0.9716572415033387644 ) ) ;
#490 = EDGE_CURVE ( 'NONE', #3974, #6616, #1452, .T. ) ;
#491 = ORIENTED_EDGE ( 'NONE', *, *, #3596, .T. ) ;
#492 = ORIENTED_EDGE ( 'NONE', *, *, #5260, .T. ) ;
#493 = CIRCLE ( 'NONE', #7175, 0.06496062992125979652 ) ;
#494 = CARTESIAN_POINT ( 'NONE',  ( -1.428842308484151280, 1.200787401574803237, 2.698257970157384555 ) ) ;
#495 = CARTESIAN_POINT ( 'NONE',  ( -2.645203444017139915, 1.082677165354330784, -1.995991541125609947 ) ) ;
#496 = CARTESIAN_POINT ( 'NONE',  ( -3.605722274364346891, 15.67005943375638211, -2.935314351970567337 ) ) ;
#497 = EDGE_CURVE ( 'NONE', #78, #5385, #2611, .T. ) ;
#498 = DIRECTION ( 'NONE',  ( 0.000000000000000000, 0.000000000000000000, -1.000000000000000000 ) ) ;
#499 = CARTESIAN_POINT ( 'NONE',  ( -2.789307933696049790, 1.200787401574803237, -1.458186264045121971 ) ) ;
#500 = EDGE_CURVE ( 'NONE', #3108, #2112, #5666, .T. ) ;
#501 = EDGE_LOOP ( 'NONE', ( #4334, #6209 ) ) ;
#502 = DIRECTION ( 'NONE',  ( 0.000000000000000000, -1.000000000000000000, 0.000000000000000000 ) ) ;
#503 = DIRECTION ( 'NONE',  ( 0.000000000000000000, -1.000000000000000000, 0.000000000000000000 ) ) ;
#504 = LINE ( 'NONE', #5870, #7227 ) ;
#505 = DIRECTION ( 'NONE',  ( -0.5000000000000039968, -9.100188726435716493E-16, -0.8660254037844363761 ) ) ;
#506 = ORIENTED_EDGE ( 'NONE', *, *, #2185, .T. ) ;
#507 = DIRECTION ( 'NONE',  ( 0.000000000000000000, 0.000000000000000000, -1.000000000000000000 ) ) ;
#508 = ORIENTED_EDGE ( 'NONE', *, *, #2758, .T. ) ;
#509 = DIRECTION ( 'NONE',  ( -0.000000000000000000, -1.000000000000000000, -0.000000000000000000 ) ) ;
#510 = FACE_OUTER_BOUND ( 'NONE', #7036, .T. ) ;
#511 = CARTESIAN_POINT ( 'NONE',  ( -0.3004858503013124738, 1.200787401574803237, 1.611997491756683276 ) ) ;
#512 = VERTEX_POINT ( 'NONE', #832 ) ;
#513 = DIRECTION ( 'NONE',  ( 0.000000000000000000, -1.000000000000000000, 0.000000000000000000 ) ) ;
#514 = EDGE_CURVE ( 'NONE', #93, #3017, #4472, .T. ) ;
#515 = EDGE_CURVE ( 'NONE', #4430, #2112, #438, .T. ) ;
#516 = LINE ( 'NONE', #6322, #719 ) ;
#517 = LINE ( 'NONE', #2877, #177 ) ;
#518 = CARTESIAN_POINT ( 'NONE',  ( -1.805055965192104983, 1.200787401574803237, 0.3272968142706984551 ) ) ;
#519 = DIRECTION ( 'NONE',  ( 0.000000000000000000, 0.000000000000000000, -1.000000000000000000 ) ) ;
#520 = ORIENTED_EDGE ( 'NONE', *, *, #1126, .F. ) ;
#521 = EDGE_CURVE ( 'NONE', #3629, #1408, #1804, .T. ) ;
#522 = FACE_OUTER_BOUND ( 'NONE', #2053, .T. ) ;
#523 = EDGE_CURVE ( 'NONE', #3233, #5076, #4520, .T. ) ;
#524 = ORIENTED_EDGE ( 'NONE', *, *, #3581, .T. ) ;
#525 = ORIENTED_EDGE ( 'NONE', *, *, #1059, .T. ) ;
#526 = CARTESIAN_POINT ( 'NONE',  ( -2.001906358892894033, 1.082677165354330784, -0.1750753919436467965 ) ) ;
#527 = LINE ( 'NONE', #7552, #3297 ) ;
#528 = DIRECTION ( 'NONE',  ( -0.000000000000000000, -1.000000000000000000, -0.000000000000000000 ) ) ;
#529 = DIRECTION ( 'NONE',  ( 0.000000000000000000, -1.000000000000000000, 0.000000000000000000 ) ) ;
#530 = CARTESIAN_POINT ( 'NONE',  ( -1.713697379535073173, 1.200787401574803237, -1.250685946104624024 ) ) ;
#531 = CARTESIAN_POINT ( 'NONE',  ( -2.395607146294472134, 1.200787401574803237, -0.7762764972857227885 ) ) ;
#532 = EDGE_CURVE ( 'NONE', #6546, #2922, #1494, .T. ) ;
#533 = ORIENTED_EDGE ( 'NONE', *, *, #2012, .F. ) ;
#534 = EDGE_CURVE ( 'NONE', #3691, #5978, #367, .T. ) ;
#535 = CARTESIAN_POINT ( 'NONE',  ( -5.116820670744673727, 1.377952755905512028, 2.022254443744998298 ) ) ;
#536 = FACE_OUTER_BOUND ( 'NONE', #1217, .T. ) ;
#537 = CARTESIAN_POINT ( 'NONE',  ( -0.5999128844191700116, 1.377952755905512028, 3.720893528560921482 ) ) ;
#538 = FACE_OUTER_BOUND ( 'NONE', #6773, .T. ) ;
#539 = DIRECTION ( 'NONE',  ( 0.000000000000000000, 0.000000000000000000, -1.000000000000000000 ) ) ;
#540 = EDGE_CURVE ( 'NONE', #2561, #1416, #2144, .T. ) ;
#541 = VERTEX_POINT ( 'NONE', #7651 ) ;
#542 = ORIENTED_EDGE ( 'NONE', *, *, #7450, .F. ) ;
#543 = CARTESIAN_POINT ( 'NONE',  ( -4.325529062261525226, 15.67005943375638211, 3.282575492768253778 ) ) ;
#544 = VECTOR ( 'NONE', #6766, 39.37007874015748143 ) ;
#545 = ORIENTED_EDGE ( 'NONE', *, *, #5664, .T. ) ;
#546 = DIRECTION ( 'NONE',  ( -0.000000000000000000, -1.000000000000000000, -0.000000000000000000 ) ) ;
#547 = EDGE_LOOP ( 'NONE', ( #286, #4883, #3689, #6009 ) ) ;
#548 = CARTESIAN_POINT ( 'NONE',  ( -1.319996592133495295, 1.200787401574803237, -0.4880675179279020948 ) ) ;
#549 = DIRECTION ( 'NONE',  ( -0.8660254037844362651, 0.000000000000000000, 0.5000000000000039968 ) ) ;
#550 = ORIENTED_EDGE ( 'NONE', *, *, #3060, .T. ) ;
#551 = DIRECTION ( 'NONE',  ( 0.000000000000000000, 0.000000000000000000, -1.000000000000000000 ) ) ;
#552 = EDGE_CURVE ( 'NONE', #315, #5941, #3774, .T. ) ;
#553 = EDGE_LOOP ( 'NONE', ( #3896, #856 ) ) ;
#554 = EDGE_CURVE ( 'NONE', #1783, #2504, #7604, .T. ) ;
#555 = LINE ( 'NONE', #7575, #801 ) ;
#556 = FACE_BOUND ( 'NONE', #1404, .T. ) ;
#557 = EDGE_LOOP ( 'NONE', ( #1440, #3876, #5903, #6347 ) ) ;
#558 = DIRECTION ( 'NONE',  ( -0.000000000000000000, -1.000000000000000000, -0.000000000000000000 ) ) ;
#559 = AXIS2_PLACEMENT_3D ( 'NONE', #2368, #1131, #6457 ) ;
#560 = VECTOR ( 'NONE', #1572, 39.37007874015748143 ) ;
#561 = CIRCLE ( 'NONE', #4888, 0.08070866141732283006 ) ;
#562 = ORIENTED_EDGE ( 'NONE', *, *, #3045, .F. ) ;
#563 = EDGE_LOOP ( 'NONE', ( #1874, #6474 ) ) ;
#564 = CARTESIAN_POINT ( 'NONE',  ( -2.670957612213658017, 15.67005943375638211, 1.542078096405651300 ) ) ;
#565 = DIRECTION ( 'NONE',  ( 0.000000000000000000, -1.000000000000000000, 0.000000000000000000 ) ) ;
#566 = VECTOR ( 'NONE', #2881, 39.37007874015747433 ) ;
#567 = AXIS2_PLACEMENT_3D ( 'NONE', #4697, #585, #3491 ) ;
#568 = VECTOR ( 'NONE', #632, 39.37007874015748143 ) ;
#569 = CARTESIAN_POINT ( 'NONE',  ( -2.769193459787799849, 0.3937007874015750475, 1.962479798385002416 ) ) ;
#570 = DIRECTION ( 'NONE',  ( -0.000000000000000000, -1.000000000000000000, -0.000000000000000000 ) ) ;
#571 = ORIENTED_EDGE ( 'NONE', *, *, #3581, .F. ) ;
#572 = LINE ( 'NONE', #2933, #1965 ) ;
#573 = VECTOR ( 'NONE', #4709, 39.37007874015748854 ) ;
#574 = AXIS2_PLACEMENT_3D ( 'NONE', #6467, #7180, #5319 ) ;
#575 = AXIS2_PLACEMENT_3D ( 'NONE', #410, #6298, #2621 ) ;
#576 = EDGE_CURVE ( 'NONE', #4986, #2495, #1108, .T. ) ;
#577 = DIRECTION ( 'NONE',  ( -0.8660254037844362651, -0.000000000000000000, 0.5000000000000041078 ) ) ;
#578 = EDGE_CURVE ( 'NONE', #1408, #2336, #6956, .T. ) ;
#579 = DIRECTION ( 'NONE',  ( -0.000000000000000000, -1.000000000000000000, -0.000000000000000000 ) ) ;
#580 = CARTESIAN_POINT ( 'NONE',  ( -1.769797191863853314, 1.082677165354330784, 2.582116237873922859 ) ) ;
#581 = ADVANCED_FACE ( 'NONE', ( #1764 ), #1176, .F. ) ;
#582 = AXIS2_PLACEMENT_3D ( 'NONE', #1617, #943, #3356 ) ;
#583 = AXIS2_PLACEMENT_3D ( 'NONE', #2474, #2506, #5441 ) ;
#584 = VECTOR ( 'NONE', #4932, 39.37007874015748143 ) ;
#585 = DIRECTION ( 'NONE',  ( 0.000000000000000000, 1.000000000000000000, 0.000000000000000000 ) ) ;
#586 = CIRCLE ( 'NONE', #4908, 0.08070866141732285781 ) ;
#587 = EDGE_CURVE ( 'NONE', #4949, #6615, #3541, .T. ) ;
#588 = ORIENTED_EDGE ( 'NONE', *, *, #4835, .T. ) ;
#589 = ORIENTED_EDGE ( 'NONE', *, *, #5799, .F. ) ;
#590 = EDGE_CURVE ( 'NONE', #992, #1084, #3171, .T. ) ;
#591 = CYLINDRICAL_SURFACE ( 'NONE', #162, 0.08070866141732309373 ) ;
#592 = AXIS2_PLACEMENT_3D ( 'NONE', #3482, #529, #4686 ) ;
#593 = DIRECTION ( 'NONE',  ( 0.000000000000000000, -1.000000000000000000, 0.000000000000000000 ) ) ;
#594 = LINE ( 'NONE', #5315, #1062 ) ;
#595 = VERTEX_POINT ( 'NONE', #2848 ) ;
#596 = DIRECTION ( 'NONE',  ( 0.000000000000000000, 0.000000000000000000, -1.000000000000000000 ) ) ;
#597 = EDGE_CURVE ( 'NONE', #7039, #6340, #2306, .T. ) ;
#598 = AXIS2_PLACEMENT_3D ( 'NONE', #5167, #433, #5119 ) ;
#599 = AXIS2_PLACEMENT_3D ( 'NONE', #5334, #4690, #5948 ) ;
#600 = EDGE_LOOP ( 'NONE', ( #3988, #2689, #1496, #663 ) ) ;
#601 = VERTEX_POINT ( 'NONE', #4008 ) ;
#602 = EDGE_CURVE ( 'NONE', #3954, #2740, #2189, .T. ) ;
#603 = AXIS2_PLACEMENT_3D ( 'NONE', #6312, #6141, #251 ) ;
#604 = CARTESIAN_POINT ( 'NONE',  ( -1.243296648136114291, 1.200787401574803237, 2.355481656774615296 ) ) ;
#605 = CARTESIAN_POINT ( 'NONE',  ( -2.976577355925106971, 0.9842519685039373689, -2.114922828498948082 ) ) ;
#606 = EDGE_LOOP ( 'NONE', ( #1762, #5909 ) ) ;
#607 = CARTESIAN_POINT ( 'NONE',  ( -2.933412423374960998, 1.082677165354330784, -0.9203809869646332187 ) ) ;
#608 = ADVANCED_FACE ( 'NONE', ( #1687 ), #4553, .F. ) ;
#609 = LINE ( 'NONE', #2963, #6248 ) ;
#610 = AXIS2_PLACEMENT_3D ( 'NONE', #4504, #6284, #6162 ) ;
#611 = EDGE_CURVE ( 'NONE', #3904, #5586, #7064, .T. ) ;
#612 = EDGE_LOOP ( 'NONE', ( #7291, #2828 ) ) ;
#613 = DIRECTION ( 'NONE',  ( 0.000000000000000000, -0.000000000000000000, -1.000000000000000000 ) ) ;
#614 = DIRECTION ( 'NONE',  ( 0.000000000000000000, 0.000000000000000000, -1.000000000000000000 ) ) ;
#615 = DIRECTION ( 'NONE',  ( -0.9872673851728522854, 0.000000000000000000, -0.1590695136534932552 ) ) ;
#616 = AXIS2_PLACEMENT_3D ( 'NONE', #2911, #4036, #4548 ) ;
#617 = FACE_OUTER_BOUND ( 'NONE', #5113, .T. ) ;
#618 = LINE ( 'NONE', #5254, #2455 ) ;
#619 = CIRCLE ( 'NONE', #4945, 0.08070866141732276067 ) ;
#620 = DIRECTION ( 'NONE',  ( 0.6313919323777766879, 0.000000000000000000, -0.7754638790609509336 ) ) ;
#621 = ORIENTED_EDGE ( 'NONE', *, *, #3431, .T. ) ;
#622 = DIRECTION ( 'NONE',  ( 0.000000000000000000, 0.000000000000000000, -1.000000000000000000 ) ) ;
#623 = DIRECTION ( 'NONE',  ( -0.000000000000000000, -1.000000000000000000, -0.000000000000000000 ) ) ;
#624 = CARTESIAN_POINT ( 'NONE',  ( -0.4973362440020967501, 1.082677165354330784, 1.872243713719063063 ) ) ;
#625 = EDGE_CURVE ( 'NONE', #1484, #1460, #2807, .T. ) ;
#626 = DIRECTION ( 'NONE',  ( 0.5000000000000041078, 1.224646799147353207E-16, 0.8660254037844363761 ) ) ;
#627 = EDGE_LOOP ( 'NONE', ( #3444, #3610 ) ) ;
#628 = CARTESIAN_POINT ( 'NONE',  ( -3.667376289564603375, 1.358267716535430658, 1.162687014536634145 ) ) ;
#629 = ORIENTED_EDGE ( 'NONE', *, *, #302, .F. ) ;
#630 = DIRECTION ( 'NONE',  ( -0.000000000000000000, -1.000000000000000000, -0.000000000000000000 ) ) ;
#631 = CARTESIAN_POINT ( 'NONE',  ( 0.5379418271761126080, 1.082677165354330784, -0.6606901903860561420 ) ) ;
#632 = DIRECTION ( 'NONE',  ( -0.000000000000000000, -1.000000000000000000, -0.000000000000000000 ) ) ;
#633 = EDGE_LOOP ( 'NONE', ( #3551, #5949, #7139, #1166 ) ) ;
#634 = DIRECTION ( 'NONE',  ( 0.000000000000000000, 1.000000000000000000, 0.000000000000000000 ) ) ;
#635 = VERTEX_POINT ( 'NONE', #1652 ) ;
#636 = EDGE_CURVE ( 'NONE', #769, #5442, #6361, .T. ) ;
#637 = ORIENTED_EDGE ( 'NONE', *, *, #3993, .T. ) ;
#638 = CARTESIAN_POINT ( 'NONE',  ( -0.9790417087537957030, 1.200787401574803237, -0.6042092502113680652 ) ) ;
#639 = FACE_BOUND ( 'NONE', #5712, .T. ) ;
#640 = EDGE_LOOP ( 'NONE', ( #7087, #353 ) ) ;
#641 = DIRECTION ( 'NONE',  ( 0.9345333927142711605, 0.000000000000000000, -0.3558754527948699842 ) ) ;
#642 = PLANE ( 'NONE',  #2802 ) ;
#643 = FACE_OUTER_BOUND ( 'NONE', #1796, .T. ) ;
#644 = VERTEX_POINT ( 'NONE', #7034 ) ;
#645 = ORIENTED_EDGE ( 'NONE', *, *, #5841, .T. ) ;
#646 = DIRECTION ( 'NONE',  ( -0.000000000000000000, -1.000000000000000000, -0.000000000000000000 ) ) ;
#647 = PLANE ( 'NONE',  #4418 ) ;
#648 = DIRECTION ( 'NONE',  ( 0.000000000000000000, -1.000000000000000000, 0.000000000000000000 ) ) ;
#649 = CARTESIAN_POINT ( 'NONE',  ( -0.3004858503013124738, 1.082677165354330784, 1.531288830339360807 ) ) ;
#650 = ORIENTED_EDGE ( 'NONE', *, *, #3454, .T. ) ;
#651 = DIRECTION ( 'NONE',  ( -0.5000000000000041078, 0.000000000000000000, -0.8660254037844363761 ) ) ;
#652 = EDGE_CURVE ( 'NONE', #6522, #5766, #5788, .T. ) ;
#653 = EDGE_CURVE ( 'NONE', #4889, #1060, #555, .T. ) ;
#654 = DIRECTION ( 'NONE',  ( 0.9345333927142741581, 0.000000000000000000, -0.3558754527948617685 ) ) ;
#655 = PLANE ( 'NONE',  #2152 ) ;
#656 = DIRECTION ( 'NONE',  ( 0.5000000000000041078, 0.000000000000000000, 0.8660254037844362651 ) ) ;
#657 = VERTEX_POINT ( 'NONE', #3472 ) ;
#658 = FACE_OUTER_BOUND ( 'NONE', #3965, .T. ) ;
#659 = VERTEX_POINT ( 'NONE', #518 ) ;
#660 = LINE ( 'NONE', #4187, #1239 ) ;
#661 = CYLINDRICAL_SURFACE ( 'NONE', #4797, 0.06496062992125979652 ) ;
#662 = CARTESIAN_POINT ( 'NONE',  ( -2.986158327396839063, 1.200787401574803237, -1.799141147424821119 ) ) ;
#663 = ORIENTED_EDGE ( 'NONE', *, *, #5170, .T. ) ;
#664 = DIRECTION ( 'NONE',  ( 0.000000000000000000, -1.000000000000000000, 0.000000000000000000 ) ) ;
#665 = ORIENTED_EDGE ( 'NONE', *, *, #3592, .T. ) ;
#666 = VERTEX_POINT ( 'NONE', #1732 ) ;
#667 = VECTOR ( 'NONE', #689, 39.37007874015748143 ) ;
#668 = ORIENTED_EDGE ( 'NONE', *, *, #6022, .T. ) ;
#669 = CARTESIAN_POINT ( 'NONE',  ( -1.464101081812405836, 1.200787401574803237, 0.1304464205699096824 ) ) ;
#670 = FACE_BOUND ( 'NONE', #7357, .T. ) ;
#671 = EDGE_LOOP ( 'NONE', ( #5190, #3410, #6331, #5672 ) ) ;
#672 = ADVANCED_FACE ( 'NONE', ( #4079 ), #6440, .F. ) ;
#673 = EDGE_CURVE ( 'NONE', #6155, #3270, #5138, .T. ) ;
#674 = DIRECTION ( 'NONE',  ( -0.7754638790607798482, 0.000000000000000000, -0.6313919323779866311 ) ) ;
#675 = FACE_OUTER_BOUND ( 'NONE', #269, .T. ) ;
#676 = ORIENTED_EDGE ( 'NONE', *, *, #1959, .T. ) ;
#677 = CARTESIAN_POINT ( 'NONE',  ( -2.976577355925106971, 0.9842519685039373689, -2.049962198577688355 ) ) ;
#678 = ORIENTED_EDGE ( 'NONE', *, *, #6993, .T. ) ;
#679 = PLANE ( 'NONE',  #7138 ) ;
#680 = LINE ( 'NONE', #5401, #1434 ) ;
#681 = DIRECTION ( 'NONE',  ( -0.000000000000000000, -1.000000000000000000, -0.000000000000000000 ) ) ;
#682 = DIRECTION ( 'NONE',  ( 0.000000000000000000, -1.000000000000000000, 0.000000000000000000 ) ) ;
#683 = EDGE_LOOP ( 'NONE', ( #2672, #5347, #1604, #26 ) ) ;
#684 = CARTESIAN_POINT ( 'NONE',  ( -2.592457539995261406, 1.200787401574803237, -1.197940042082744849 ) ) ;
#685 = AXIS2_PLACEMENT_3D ( 'NONE', #6707, #955, #323 ) ;
#686 = AXIS2_PLACEMENT_3D ( 'NONE', #6314, #5605, #1017 ) ;
#687 = DIRECTION ( 'NONE',  ( -0.7754638790607795151, 0.000000000000000000, -0.6313919323779871862 ) ) ;
#688 = EDGE_CURVE ( 'NONE', #7203, #6463, #586, .T. ) ;
#689 = DIRECTION ( 'NONE',  ( -0.000000000000000000, -1.000000000000000000, -0.000000000000000000 ) ) ;
#690 = LINE ( 'NONE', #4953, #941 ) ;
#691 = EDGE_CURVE ( 'NONE', #5566, #5450, #1577, .T. ) ;
#692 = AXIS2_PLACEMENT_3D ( 'NONE', #5199, #1782, #539 ) ;
#693 = ORIENTED_EDGE ( 'NONE', *, *, #5051, .F. ) ;
#694 = VECTOR ( 'NONE', #2750, 39.37007874015748143 ) ;
#695 = ORIENTED_EDGE ( 'NONE', *, *, #5466, .F. ) ;
#696 = CARTESIAN_POINT ( 'NONE',  ( -1.805055965192104983, 1.082677165354330784, 0.2465881528533755696 ) ) ;
#697 = EDGE_CURVE ( 'NONE', #4809, #512, #2556, .T. ) ;
#698 = AXIS2_PLACEMENT_3D ( 'NONE', #6357, #2910, #483 ) ;
#699 = VECTOR ( 'NONE', #1223, 39.37007874015748143 ) ;
#700 = PLANE ( 'NONE',  #6113 ) ;
#701 = FACE_OUTER_BOUND ( 'NONE', #4850, .T. ) ;
#702 = VERTEX_POINT ( 'NONE', #6621 ) ;
#703 = CARTESIAN_POINT ( 'NONE',  ( -2.631070221630413819, 3.882804907592494146E-16, 1.178094217335442728 ) ) ;
#704 = ORIENTED_EDGE ( 'NONE', *, *, #4316, .T. ) ;
#705 = AXIS2_PLACEMENT_3D ( 'NONE', #4684, #3986, #7511 ) ;
#706 = ORIENTED_EDGE ( 'NONE', *, *, #7683, .F. ) ;
#707 = VECTOR ( 'NONE', #2824, 39.37007874015747433 ) ;
#708 = AXIS2_PLACEMENT_3D ( 'NONE', #2497, #5573, #864 ) ;
#709 = ORIENTED_EDGE ( 'NONE', *, *, #1056, .T. ) ;
#710 = DIRECTION ( 'NONE',  ( -0.000000000000000000, 1.000000000000000000, -0.000000000000000000 ) ) ;
#711 = LINE ( 'NONE', #6075, #2202 ) ;
#712 = ORIENTED_EDGE ( 'NONE', *, *, #3791, .T. ) ;
#713 = DIRECTION ( 'NONE',  ( 0.000000000000000000, 0.000000000000000000, -1.000000000000000000 ) ) ;
#714 = CIRCLE ( 'NONE', #7636, 0.08070866141732296883 ) ;
#715 = VECTOR ( 'NONE', #4857, 39.37007874015748854 ) ;
#716 = EDGE_CURVE ( 'NONE', #5766, #2210, #1328, .T. ) ;
#717 = CARTESIAN_POINT ( 'NONE',  ( 0.5379418271761126080, 1.082677165354330784, -0.6606901903860561420 ) ) ;
#718 = CARTESIAN_POINT ( 'NONE',  ( -3.077516913053870873, 1.200787401574803237, -0.3825757098841445214 ) ) ;
#719 = VECTOR ( 'NONE', #1057, 39.37007874015748143 ) ;
#720 = EDGE_LOOP ( 'NONE', ( #2696, #73, #6943, #3227 ) ) ;
#721 = CIRCLE ( 'NONE', #7158, 0.08070866141732319088 ) ;
#722 = ORIENTED_EDGE ( 'NONE', *, *, #5970, .T. ) ;
#723 = FACE_OUTER_BOUND ( 'NONE', #365, .T. ) ;
#724 = CIRCLE ( 'NONE', #2829, 0.08070866141732241372 ) ;
#725 = DIRECTION ( 'NONE',  ( -0.1590695136534806542, 0.000000000000000000, 0.9872673851728543948 ) ) ;
#726 = LINE ( 'NONE', #6016, #4425 ) ;
#727 = ORIENTED_EDGE ( 'NONE', *, *, #4090, .T. ) ;
#728 = CARTESIAN_POINT ( 'NONE',  ( -6.509249468131454108, 0.6791338582677166613, -0.1060384123217840147 ) ) ;
#729 = ADVANCED_FACE ( 'NONE', ( #3697 ), #76, .F. ) ;
#730 = AXIS2_PLACEMENT_3D ( 'NONE', #839, #2652, #7390 ) ;
#731 = FACE_OUTER_BOUND ( 'NONE', #1539, .T. ) ;
#732 = CARTESIAN_POINT ( 'NONE',  ( -2.001906358892894033, 1.200787401574803237, -0.09436673052632393865 ) ) ;
#733 = ORIENTED_EDGE ( 'NONE', *, *, #4251, .T. ) ;
#734 = DIRECTION ( 'NONE',  ( -0.000000000000000000, -1.000000000000000000, -0.000000000000000000 ) ) ;
#735 = DIRECTION ( 'NONE',  ( -0.000000000000000000, -1.000000000000000000, -0.000000000000000000 ) ) ;
#736 = VECTOR ( 'NONE', #3140, 39.37007874015748143 ) ;
#737 = ORIENTED_EDGE ( 'NONE', *, *, #4613, .T. ) ;
#738 = ORIENTED_EDGE ( 'NONE', *, *, #2754, .T. ) ;
#739 = CYLINDRICAL_SURFACE ( 'NONE', #6264, 0.08070866141732269128 ) ;
#740 = AXIS2_PLACEMENT_3D ( 'NONE', #316, #1493, #2691 ) ;
#741 = DIRECTION ( 'NONE',  ( -0.000000000000000000, -1.000000000000000000, -0.000000000000000000 ) ) ;
#742 = EDGE_LOOP ( 'NONE', ( #6220, #1516, #5002, #2515 ) ) ;
#743 = CARTESIAN_POINT ( 'NONE',  ( -0.9790417087537957030, 1.200787401574803237, -0.6849179116286912006 ) ) ;
#744 = VERTEX_POINT ( 'NONE', #7257 ) ;
#745 = ORIENTED_EDGE ( 'NONE', *, *, #3351, .F. ) ;
#746 = VERTEX_POINT ( 'NONE', #1797 ) ;
#747 = EDGE_CURVE ( 'NONE', #2581, #3114, #5324, .T. ) ;
#748 = EDGE_CURVE ( 'NONE', #1092, #2100, #1, .T. ) ;
#749 = CARTESIAN_POINT ( 'NONE',  ( -2.107398166936651496, 1.200787401574803237, -1.932595712864022985 ) ) ;
#750 = DIRECTION ( 'NONE',  ( -0.000000000000000000, -1.000000000000000000, -0.000000000000000000 ) ) ;
#751 = ORIENTED_EDGE ( 'NONE', *, *, #2391, .T. ) ;
#752 = DIRECTION ( 'NONE',  ( -0.8660254037844362651, -0.000000000000000000, 0.5000000000000041078 ) ) ;
#753 = CYLINDRICAL_SURFACE ( 'NONE', #1563, 0.1240157480314960370 ) ;
#754 = CARTESIAN_POINT ( 'NONE',  ( -12.30199211714116458, 0.5511811023622049666, 7.102558460400181239 ) ) ;
#755 = CARTESIAN_POINT ( 'NONE',  ( -2.683816125652293216, 1.082677165354330784, 0.2993340568752542175 ) ) ;
#756 = ORIENTED_EDGE ( 'NONE', *, *, #3789, .F. ) ;
#757 = CARTESIAN_POINT ( 'NONE',  ( -3.074311570024022888, -2.687063600325504191E-16, 1.433999729146468782 ) ) ;
#758 = DIRECTION ( 'NONE',  ( -0.000000000000000000, -1.000000000000000000, -0.000000000000000000 ) ) ;
#759 = VERTEX_POINT ( 'NONE', #2415 ) ;
#760 = DIRECTION ( 'NONE',  ( 0.000000000000000000, -1.000000000000000000, 0.000000000000000000 ) ) ;
#761 = ORIENTED_EDGE ( 'NONE', *, *, #5479, .T. ) ;
#762 = CARTESIAN_POINT ( 'NONE',  ( -2.304248560637440324, 1.200787401574803237, -2.192841934826398997 ) ) ;
#763 = PLANE ( 'NONE',  #1285 ) ;
#764 = EDGE_CURVE ( 'NONE', #7071, #3095, #3540, .T. ) ;
#765 = DIRECTION ( 'NONE',  ( 0.000000000000000000, 0.000000000000000000, -1.000000000000000000 ) ) ;
#766 = EDGE_CURVE ( 'NONE', #6115, #7071, #6074, .T. ) ;
#767 = ORIENTED_EDGE ( 'NONE', *, *, #534, .F. ) ;
#768 = CARTESIAN_POINT ( 'NONE',  ( -1.608205571491315711, 1.200787401574803237, 0.5068343748157518869 ) ) ;
#769 = VERTEX_POINT ( 'NONE', #6514 ) ;
#770 = LINE ( 'NONE', #5986, #1088 ) ;
#771 = PLANE ( 'NONE',  #1433 ) ;
#772 = FACE_OUTER_BOUND ( 'NONE', #4068, .T. ) ;
#773 = EDGE_CURVE ( 'NONE', #5963, #1571, #2542, .T. ) ;
#774 = PLANE ( 'NONE',  #6485 ) ;
#775 = DIRECTION ( 'NONE',  ( 0.000000000000000000, 0.000000000000000000, -1.000000000000000000 ) ) ;
#776 = CARTESIAN_POINT ( 'NONE',  ( -2.146010848571804797, 1.200787401574803237, 0.5241472079714878385 ) ) ;
#777 = ORIENTED_EDGE ( 'NONE', *, *, #5824, .F. ) ;
#778 = EDGE_CURVE ( 'NONE', #2987, #7306, #1843, .T. ) ;
#779 = EDGE_LOOP ( 'NONE', ( #4558, #7300 ) ) ;
#780 = DIRECTION ( 'NONE',  ( 0.000000000000000000, -1.000000000000000000, 0.000000000000000000 ) ) ;
#781 = FACE_OUTER_BOUND ( 'NONE', #5569, .T. ) ;
#782 = EDGE_LOOP ( 'NONE', ( #6740, #6190, #1072, #7454, #6029, #2308 ) ) ;
#783 = DIRECTION ( 'NONE',  ( 0.000000000000000000, 0.000000000000000000, -1.000000000000000000 ) ) ;
#784 = FACE_OUTER_BOUND ( 'NONE', #4493, .T. ) ;
#785 = DIRECTION ( 'NONE',  ( 0.4999999999999995559, 0.000000000000000000, 0.8660254037844388186 ) ) ;
#786 = EDGE_CURVE ( 'NONE', #7136, #3304, #3021, .T. ) ;
#787 = ORIENTED_EDGE ( 'NONE', *, *, #2965, .F. ) ;
#788 = DIRECTION ( 'NONE',  ( 0.000000000000000000, 0.000000000000000000, 1.000000000000000000 ) ) ;
#789 = AXIS2_PLACEMENT_3D ( 'NONE', #2667, #1511, #7443 ) ;
#790 = DIRECTION ( 'NONE',  ( 0.000000000000000000, -1.000000000000000000, 0.000000000000000000 ) ) ;
#791 = ORIENTED_EDGE ( 'NONE', *, *, #7661, .F. ) ;
#792 = DIRECTION ( 'NONE',  ( 0.5000000000000042188, 0.000000000000000000, 0.8660254037844362651 ) ) ;
#793 = CARTESIAN_POINT ( 'NONE',  ( -2.976577355925106971, 0.9842519685039373689, -2.049962198577688355 ) ) ;
#794 = DIMENSIONAL_EXPONENTS ( 1.000000000000000000, 0.000000000000000000, 0.000000000000000000, 0.000000000000000000, 0.000000000000000000, 0.000000000000000000, 0.000000000000000000 ) ;
#795 = FACE_OUTER_BOUND ( 'NONE', #7474, .T. ) ;
#796 = CARTESIAN_POINT ( 'NONE',  ( -3.668068094156238246, 1.200787401574803237, -1.486149021440566376 ) ) ;
#797 = VERTEX_POINT ( 'NONE', #1875 ) ;
#798 = EDGE_CURVE ( 'NONE', #7331, #5747, #5934, .T. ) ;
#799 = DIRECTION ( 'NONE',  ( 0.000000000000000000, 0.000000000000000000, -1.000000000000000000 ) ) ;
#800 = CIRCLE ( 'NONE', #4647, 0.08070866141732309373 ) ;
#801 = VECTOR ( 'NONE', #4625, 39.37007874015747433 ) ;
#802 = EDGE_CURVE ( 'NONE', #1783, #2847, #2991, .T. ) ;
#803 = EDGE_CURVE ( 'NONE', #324, #6200, #5389, .T. ) ;
#804 = LINE ( 'NONE', #7208, #465 ) ;
#805 = LINE ( 'NONE', #7178, #2943 ) ;
#806 = VECTOR ( 'NONE', #6170, 39.37007874015748854 ) ;
#807 = VECTOR ( 'NONE', #2929, 39.37007874015748854 ) ;
#808 = CIRCLE ( 'NONE', #6728, 0.08070866141732312149 ) ;
#809 = CARTESIAN_POINT ( 'NONE',  ( -2.054652262914772987, 1.200787401574803237, -0.9731268909865119499 ) ) ;
#810 = DIRECTION ( 'NONE',  ( 0.9394895352248826548, 0.000000000000000000, 0.3425776017239510196 ) ) ;
#811 = EDGE_CURVE ( 'NONE', #5845, #6243, #4270, .T. ) ;
#812 = ORIENTED_EDGE ( 'NONE', *, *, #4124, .T. ) ;
#813 = AXIS2_PLACEMENT_3D ( 'NONE', #6193, #4500, #6700 ) ;
#814 = AXIS2_PLACEMENT_3D ( 'NONE', #1391, #5151, #3248 ) ;
#815 = VECTOR ( 'NONE', #962, 39.37007874015747433 ) ;
#816 = EDGE_CURVE ( 'NONE', #541, #6924, #2913, .T. ) ;
#817 = DIRECTION ( 'NONE',  ( -0.8660254037844362651, 0.000000000000000000, 0.5000000000000041078 ) ) ;
#818 = FACE_OUTER_BOUND ( 'NONE', #7259, .T. ) ;
#819 = ORIENTED_EDGE ( 'NONE', *, *, #7592, .F. ) ;
#820 = CARTESIAN_POINT ( 'NONE',  ( -2.670957612213658017, 0.000000000000000000, 1.542078096405651300 ) ) ;
#821 = AXIS2_PLACEMENT_3D ( 'NONE', #7196, #5977, #1885 ) ;
#822 = PLANE ( 'NONE',  #201 ) ;
#823 = AXIS2_PLACEMENT_3D ( 'NONE', #6622, #1329, #7186 ) ;
#824 = CARTESIAN_POINT ( 'NONE',  ( -1.766443283556951904, 1.200787401574803237, -2.048737445147489122 ) ) ;
#825 = VECTOR ( 'NONE', #6117, 39.37007874015748854 ) ;
#826 = CARTESIAN_POINT ( 'NONE',  ( -2.645203444017139915, 1.200787401574803237, -1.915282879708286368 ) ) ;
#827 = CARTESIAN_POINT ( 'NONE',  ( -0.7399489587990140116, 0.000000000000000000, 4.590029579885126054 ) ) ;
#828 = DIRECTION ( 'NONE',  ( -0.000000000000000000, -1.000000000000000000, -0.000000000000000000 ) ) ;
#829 = ORIENTED_EDGE ( 'NONE', *, *, #653, .F. ) ;
#830 = CARTESIAN_POINT ( 'NONE',  ( -3.605722274364346003, 0.1968503937007874127, -2.935314351970569113 ) ) ;
#831 = AXIS2_PLACEMENT_3D ( 'NONE', #1252, #3496, #1756 ) ;
#832 = CARTESIAN_POINT ( 'NONE',  ( -4.572393073536692221, 0.6791338582677166613, 2.776254325199097206 ) ) ;
#833 = ADVANCED_FACE ( 'NONE', ( #7141 ), #7217, .F. ) ;
#834 = ORIENTED_EDGE ( 'NONE', *, *, #4638, .F. ) ;
#835 = DIRECTION ( 'NONE',  ( -0.000000000000000000, -1.000000000000000000, -0.000000000000000000 ) ) ;
#836 = CIRCLE ( 'NONE', #2936, 0.08070866141732323251 ) ;
#837 = VERTEX_POINT ( 'NONE', #5609 ) ;
#838 = AXIS2_PLACEMENT_3D ( 'NONE', #2435, #7160, #91 ) ;
#839 = CARTESIAN_POINT ( 'NONE',  ( -2.448353050316350643, 1.200787401574803237, -1.655036657745910800 ) ) ;
#840 = ORIENTED_EDGE ( 'NONE', *, *, #1684, .T. ) ;
#841 = LINE ( 'NONE', #2775, #4403 ) ;
#842 = ADVANCED_FACE ( 'NONE', ( #7452 ), #5572, .T. ) ;
#843 = CARTESIAN_POINT ( 'NONE',  ( -3.471217700455449418, 1.082677165354330784, -1.064485476643543427 ) ) ;
#844 = CIRCLE ( 'NONE', #5297, 0.08070866141732378762 ) ;
#845 = PLANE ( 'NONE',  #4527 ) ;
#846 = ORIENTED_EDGE ( 'NONE', *, *, #6351, .F. ) ;
#847 = CIRCLE ( 'NONE', #1848, 0.08070866141732351007 ) ;
#848 = FACE_OUTER_BOUND ( 'NONE', #3768, .T. ) ;
#849 = ORIENTED_EDGE ( 'NONE', *, *, #1883, .T. ) ;
#850 = ADVANCED_FACE ( 'NONE', ( #3303 ), #6278, .T. ) ;
#851 = PLANE ( 'NONE',  #5601 ) ;
#852 = CARTESIAN_POINT ( 'NONE',  ( -0.8306982435935946762, 1.082677165354330340, -0.2053166924711090080 ) ) ;
#853 = EDGE_CURVE ( 'NONE', #2186, #657, #3156, .T. ) ;
#854 = FACE_OUTER_BOUND ( 'NONE', #3054, .T. ) ;
#855 = AXIS2_PLACEMENT_3D ( 'NONE', #3112, #7081, #6590 ) ;
#856 = ORIENTED_EDGE ( 'NONE', *, *, #1481, .T. ) ;
#857 = LINE ( 'NONE', #2384, #6866 ) ;
#858 = ADVANCED_FACE ( 'NONE', ( #3255 ), #6227, .F. ) ;
#859 = ORIENTED_EDGE ( 'NONE', *, *, #2517, .F. ) ;
#860 = CIRCLE ( 'NONE', #4827, 0.08070866141732316312 ) ;
#861 = VERTEX_POINT ( 'NONE', #5000 ) ;
#862 = EDGE_CURVE ( 'NONE', #6463, #7203, #1811, .T. ) ;
#863 = CARTESIAN_POINT ( 'NONE',  ( -2.926673774748431267, 0.3937007874015752140, 1.689715891681243143 ) ) ;
#864 = DIRECTION ( 'NONE',  ( 0.000000000000000000, 0.000000000000000000, -1.000000000000000000 ) ) ;
#865 = VERTEX_POINT ( 'NONE', #3221 ) ;
#866 = DIRECTION ( 'NONE',  ( -0.000000000000000000, -1.000000000000000000, -0.000000000000000000 ) ) ;
#867 = FACE_OUTER_BOUND ( 'NONE', #7408, .T. ) ;
#868 = CARTESIAN_POINT ( 'NONE',  ( -0.9262958047319170829, 1.200787401574803237, 0.1938422488314968661 ) ) ;
#869 = EDGE_CURVE ( 'NONE', #1253, #5673, #4462, .T. ) ;
#870 = CARTESIAN_POINT ( 'NONE',  ( -2.448353050316350643, 1.082677165354330784, -1.655036657745910800 ) ) ;
#871 = DIRECTION ( 'NONE',  ( -0.7754638790607774057, 0.000000000000000000, -0.6313919323779896287 ) ) ;
#872 = EDGE_LOOP ( 'NONE', ( #1737, #7341, #6497, #3763, #6293, #2614, #2010, #4962, #4102, #7384, #2350, #2937 ) ) ;
#873 = CARTESIAN_POINT ( 'NONE',  ( -5.333567106952703973, 0.000000000000000000, -0.6484369866779570168 ) ) ;
#874 = CARTESIAN_POINT ( 'NONE',  ( -1.376096404462285205, 1.200787401574803237, 1.819497809697196322 ) ) ;
#875 = EDGE_LOOP ( 'NONE', ( #4894, #2770, #4354, #6409 ) ) ;
#876 = EDGE_CURVE ( 'NONE', #1171, #31, #170, .T. ) ;
#877 = ORIENTED_EDGE ( 'NONE', *, *, #1870, .T. ) ;
#878 = DIRECTION ( 'NONE',  ( -0.000000000000000000, -1.000000000000000000, -0.000000000000000000 ) ) ;
#879 = ORIENTED_EDGE ( 'NONE', *, *, #2290, .T. ) ;
#880 = DIRECTION ( 'NONE',  ( 0.000000000000000000, -1.000000000000000000, 0.000000000000000000 ) ) ;
#881 = ORIENTED_EDGE ( 'NONE', *, *, #3516, .F. ) ;
#882 = FACE_OUTER_BOUND ( 'NONE', #2451, .T. ) ;
#883 = ORIENTED_EDGE ( 'NONE', *, *, #523, .T. ) ;
#884 = DIRECTION ( 'NONE',  ( 0.000000000000000000, -0.000000000000000000, -1.000000000000000000 ) ) ;
#885 = VERTEX_POINT ( 'NONE', #7415 ) ;
#886 = EDGE_CURVE ( 'NONE', #6435, #6463, #180, .T. ) ;
#887 = LINE ( 'NONE', #211, #473 ) ;
#888 = ADVANCED_FACE ( 'NONE', ( #2564 ), #7371, .T. ) ;
#889 = CARTESIAN_POINT ( 'NONE',  ( 0.000000000000000000, 0.000000000000000000, 0.000000000000000000 ) ) ;
#890 = DIRECTION ( 'NONE',  ( 0.5000000000000041078, 1.264902534566421675E-16, 0.8660254037844363761 ) ) ;
#891 = DIRECTION ( 'NONE',  ( -0.8660254037844362651, -6.162975822039153361E-33, 0.5000000000000038858 ) ) ;
#892 = CARTESIAN_POINT ( 'NONE',  ( -3.668068094156238246, 1.082677165354330784, -1.486149021440566376 ) ) ;
#893 = ORIENTED_EDGE ( 'NONE', *, *, #1761, .F. ) ;
#894 = CARTESIAN_POINT ( 'NONE',  ( -1.230588224977768652, 1.200787401574803237, 2.276606632811564612 ) ) ;
#895 = ORIENTED_EDGE ( 'NONE', *, *, #2012, .T. ) ;
#896 = VERTEX_POINT ( 'NONE', #3878 ) ;
#897 = DIRECTION ( 'NONE',  ( 6.324512672832158913E-17, -1.000000000000000000, 1.095437728245841778E-16 ) ) ;
#898 = VERTEX_POINT ( 'NONE', #4336 ) ;
#899 = LINE ( 'NONE', #261, #7646 ) ;
#900 = CYLINDRICAL_SURFACE ( 'NONE', #1073, 0.08070866141732316312 ) ;
#901 = DIRECTION ( 'NONE',  ( 0.000000000000000000, 0.000000000000000000, -1.000000000000000000 ) ) ;
#902 = CARTESIAN_POINT ( 'NONE',  ( -1.031787612775674434, 1.200787401574803237, -1.482969410671555854 ) ) ;
#903 = EDGE_CURVE ( 'NONE', #6273, #3974, #4420, .T. ) ;
#904 = ORIENTED_EDGE ( 'NONE', *, *, #6716, .F. ) ;
#905 = ORIENTED_EDGE ( 'NONE', *, *, #1959, .F. ) ;
#906 = ADVANCED_FACE ( 'NONE', ( #6777 ), #1437, .F. ) ;
#907 = DIRECTION ( 'NONE',  ( 0.000000000000000000, -1.000000000000000000, 0.000000000000000000 ) ) ;
#908 = ORIENTED_EDGE ( 'NONE', *, *, #5365, .F. ) ;
#909 = EDGE_CURVE ( 'NONE', #1893, #7283, #5534, .T. ) ;
#910 = EDGE_CURVE ( 'NONE', #666, #954, #1686, .T. ) ;
#911 = ORIENTED_EDGE ( 'NONE', *, *, #1728, .T. ) ;
#912 = DIRECTION ( 'NONE',  ( 0.000000000000000000, -1.000000000000000000, 0.000000000000000000 ) ) ;
#913 = ORIENTED_EDGE ( 'NONE', *, *, #1419, .T. ) ;
#914 = DIRECTION ( 'NONE',  ( -0.000000000000000000, -1.000000000000000000, -0.000000000000000000 ) ) ;
#915 = VECTOR ( 'NONE', #2939, 39.37007874015748143 ) ;
#916 = ORIENTED_EDGE ( 'NONE', *, *, #3333, .T. ) ;
#917 = CARTESIAN_POINT ( 'NONE',  ( -2.789307933696049790, 1.200787401574803237, -1.538894925462445329 ) ) ;
#918 = FACE_OUTER_BOUND ( 'NONE', #720, .T. ) ;
#919 = ORIENTED_EDGE ( 'NONE', *, *, #1586, .F. ) ;
#920 = CARTESIAN_POINT ( 'NONE',  ( -0.8360818095227116054, 1.082677165354330784, -0.2008047845444341506 ) ) ;
#921 = ORIENTED_EDGE ( 'NONE', *, *, #6887, .T. ) ;
#922 = DIRECTION ( 'NONE',  ( 0.000000000000000000, 0.000000000000000000, -1.000000000000000000 ) ) ;
#923 = ORIENTED_EDGE ( 'NONE', *, *, #5322, .F. ) ;
#924 = CARTESIAN_POINT ( 'NONE',  ( -6.568304586241691112, 1.102362204724409489, -0.2083248773356932981 ) ) ;
#925 = CARTESIAN_POINT ( 'NONE',  ( -1.769797191863853314, 1.200787401574803237, 2.501407576456600168 ) ) ;
#927 = ADVANCED_FACE ( 'NONE', ( #4370 ), #6729, .T. ) ;
#926 = CARTESIAN_POINT ( 'NONE',  ( -0.5999128844191700116, 0.000000000000000000, 3.720893528560921482 ) ) ;
#928 = CARTESIAN_POINT ( 'NONE',  ( -2.290115338250715116, 1.200787401574803237, 1.061952485051975925 ) ) ;
#929 = CIRCLE ( 'NONE', #2535, 0.1240157480314960647 ) ;
#930 = EDGE_LOOP ( 'NONE', ( #5423, #5777 ) ) ;
#931 = DIRECTION ( 'NONE',  ( 0.000000000000000000, -1.000000000000000000, 0.000000000000000000 ) ) ;
#932 = AXIS2_PLACEMENT_3D ( 'NONE', #3094, #5954, #656 ) ;
#933 = DIRECTION ( 'NONE',  ( 0.000000000000000000, 0.000000000000000000, -1.000000000000000000 ) ) ;
#934 = DIRECTION ( 'NONE',  ( -0.000000000000000000, -1.000000000000000000, -0.000000000000000000 ) ) ;
#935 = ORIENTED_EDGE ( 'NONE', *, *, #7407, .T. ) ;
#936 = DIRECTION ( 'NONE',  ( 0.000000000000000000, 1.000000000000000000, 0.000000000000000000 ) ) ;
#937 = DIRECTION ( 'NONE',  ( 0.1590695136534932552, 0.000000000000000000, -0.9872673851728522854 ) ) ;
#938 = CARTESIAN_POINT ( 'NONE',  ( -4.164008543278784558, 1.082677165354331672, -1.063647013857214718 ) ) ;
#939 = VECTOR ( 'NONE', #5120, 39.37007874015748854 ) ;
#940 = CARTESIAN_POINT ( 'NONE',  ( -6.889763779527556586, 1.377952755905512028, -0.5682581389661683913 ) ) ;
#941 = VECTOR ( 'NONE', #2587, 39.37007874015748143 ) ;
#942 = VECTOR ( 'NONE', #7289, 39.37007874015748143 ) ;
#943 = DIRECTION ( 'NONE',  ( 0.000000000000000000, -1.000000000000000000, 0.000000000000000000 ) ) ;
#944 = AXIS2_PLACEMENT_3D ( 'NONE', #2967, #5332, #6334 ) ;
#945 = CARTESIAN_POINT ( 'NONE',  ( -0.7636766944345079189, 0.000000000000000000, -0.6212869690425303348 ) ) ;
#946 = VERTEX_POINT ( 'NONE', #1022 ) ;
#947 = CARTESIAN_POINT ( 'NONE',  ( -3.077516913053870873, 1.200787401574803237, -0.3018670484668212750 ) ) ;
#948 = CARTESIAN_POINT ( 'NONE',  ( -2.976577355925106971, 1.338582677165354395, -2.114922828498948082 ) ) ;
#949 = ORIENTED_EDGE ( 'NONE', *, *, #138, .T. ) ;
#950 = ADVANCED_FACE ( 'NONE', ( #510 ), #5115, .F. ) ;
#951 = VECTOR ( 'NONE', #314, 39.37007874015748143 ) ;
#952 = AXIS2_PLACEMENT_3D ( 'NONE', #1733, #4080, #6441 ) ;
#953 = VECTOR ( 'NONE', #6405, 39.37007874015748143 ) ;
#954 = VERTEX_POINT ( 'NONE', #4106 ) ;
#955 = DIRECTION ( 'NONE',  ( 0.000000000000000000, -1.000000000000000000, 0.000000000000000000 ) ) ;
#956 = ORIENTED_EDGE ( 'NONE', *, *, #6055, .T. ) ;
#957 = AXIS2_PLACEMENT_3D ( 'NONE', #2449, #1895, #6684 ) ;
#958 = VERTEX_POINT ( 'NONE', #2841 ) ;
#959 = VECTOR ( 'NONE', #6545, 39.37007874015748143 ) ;
#960 = ORIENTED_EDGE ( 'NONE', *, *, #4119, .F. ) ;
#961 = CARTESIAN_POINT ( 'NONE',  ( -2.107398166936651496, 1.200787401574803237, -1.771178390029376493 ) ) ;
#962 = DIRECTION ( 'NONE',  ( 0.5000000000000041078, 1.264902534566421675E-16, 0.8660254037844363761 ) ) ;
#963 = FACE_OUTER_BOUND ( 'NONE', #4852, .T. ) ;
#964 = ORIENTED_EDGE ( 'NONE', *, *, #3607, .T. ) ;
#965 = VECTOR ( 'NONE', #6950, 39.37007874015748143 ) ;
#966 = AXIS2_PLACEMENT_3D ( 'NONE', #499, #7045, #5220 ) ;
#967 = DIRECTION ( 'NONE',  ( 0.000000000000000000, -1.000000000000000000, 0.000000000000000000 ) ) ;
#968 = ORIENTED_EDGE ( 'NONE', *, *, #4126, .F. ) ;
#969 = EDGE_CURVE ( 'NONE', #6294, #3023, #4153, .T. ) ;
#970 = LINE ( 'NONE', #4525, #5662 ) ;
#971 = VERTEX_POINT ( 'NONE', #5694 ) ;
#972 = CARTESIAN_POINT ( 'NONE',  ( -0.0003886879469185648543, 1.082677165354330784, -6.262579277698502754E-05 ) ) ;
#973 = CARTESIAN_POINT ( 'NONE',  ( -3.327113210776539098, 1.200787401574803237, -1.602290753724031847 ) ) ;
#974 = CARTESIAN_POINT ( 'NONE',  ( -0.7185039370078809551, 1.377952755905512028, -1.244485324335904863 ) ) ;
#975 = ORIENTED_EDGE ( 'NONE', *, *, #1132, .F. ) ;
#976 = DIRECTION ( 'NONE',  ( -0.7754638790607760734, 0.000000000000000000, -0.6313919323779914050 ) ) ;
#977 = ORIENTED_EDGE ( 'NONE', *, *, #602, .F. ) ;
#978 = VERTEX_POINT ( 'NONE', #2872 ) ;
#979 = DIRECTION ( 'NONE',  ( 0.000000000000000000, -1.000000000000000000, 0.000000000000000000 ) ) ;
#980 = CARTESIAN_POINT ( 'NONE',  ( -3.222053868091411033, 1.082677165354330784, -0.5191405585356000385 ) ) ;
#981 = VECTOR ( 'NONE', #5971, 39.37007874015748143 ) ;
#982 = DIRECTION ( 'NONE',  ( 0.000000000000000000, 0.000000000000000000, -1.000000000000000000 ) ) ;
#983 = LINE ( 'NONE', #356, #6518 ) ;
#984 = ORIENTED_EDGE ( 'NONE', *, *, #3406, .T. ) ;
#985 = DIRECTION ( 'NONE',  ( -0.5000000000000041078, 0.000000000000000000, -0.8660254037844362651 ) ) ;
#986 = CARTESIAN_POINT ( 'NONE',  ( -0.4445903399802303424, 1.082677165354330784, 1.074192214676197299 ) ) ;
#987 = CARTESIAN_POINT ( 'NONE',  ( -0.7636766944345079189, 1.377952755905512028, -0.6212869690425303348 ) ) ;
#988 = VECTOR ( 'NONE', #1449, 39.37007874015748143 ) ;
#989 = DIRECTION ( 'NONE',  ( -0.8660254037844363761, 0.000000000000000000, 0.5000000000000041078 ) ) ;
#990 = CARTESIAN_POINT ( 'NONE',  ( -3.605722274364346891, 0.000000000000000000, -2.935314351970567337 ) ) ;
#991 = EDGE_CURVE ( 'NONE', #896, #5016, #4384, .T. ) ;
#992 = VERTEX_POINT ( 'NONE', #2178 ) ;
#993 = ADVANCED_FACE ( 'NONE', ( #6430 ), #3424, .F. ) ;
#994 = DIRECTION ( 'NONE',  ( 0.000000000000000000, -1.000000000000000000, 0.000000000000000000 ) ) ;
#995 = CARTESIAN_POINT ( 'NONE',  ( -3.667376289564603375, 1.181102362204724532, 1.162687014536634145 ) ) ;
#996 = ORIENTED_EDGE ( 'NONE', *, *, #2517, .T. ) ;
#997 = EDGE_LOOP ( 'NONE', ( #5930, #4272, #7536, #1692 ) ) ;
#998 = CARTESIAN_POINT ( 'NONE',  ( -1.665286949155805774, 1.377952755905512028, 4.566905874772105633 ) ) ;
#999 = VERTEX_POINT ( 'NONE', #3495 ) ;
#1000 = ORIENTED_EDGE ( 'NONE', *, *, #4654, .T. ) ;
#1001 = ORIENTED_EDGE ( 'NONE', *, *, #4217, .T. ) ;
#1002 = LINE ( 'NONE', #961, #3553 ) ;
#1003 = FACE_OUTER_BOUND ( 'NONE', #2712, .T. ) ;
#1004 = CARTESIAN_POINT ( 'NONE',  ( -0.9823956170607164307, 1.200787401574803237, 1.137588042937792254 ) ) ;
#1005 = ORIENTED_EDGE ( 'NONE', *, *, #7407, .F. ) ;
#1006 = CYLINDRICAL_SURFACE ( 'NONE', #2673, 0.08070866141732323251 ) ;
#1007 = ORIENTED_EDGE ( 'NONE', *, *, #636, .F. ) ;
#1008 = DIRECTION ( 'NONE',  ( 0.8660254037844362651, 0.000000000000000000, -0.5000000000000038858 ) ) ;
#1009 = VERTEX_POINT ( 'NONE', #4543 ) ;
#1010 = LINE ( 'NONE', #3377, #4317 ) ;
#1011 = LINE ( 'NONE', #3290, #1044 ) ;
#1012 = EDGE_CURVE ( 'NONE', #3358, #3253, #808, .T. ) ;
#1013 = LINE ( 'NONE', #6939, #5155 ) ;
#1014 = FACE_OUTER_BOUND ( 'NONE', #6925, .T. ) ;
#1015 = EDGE_CURVE ( 'NONE', #2880, #1815, #3417, .T. ) ;
#1016 = ORIENTED_EDGE ( 'NONE', *, *, #6993, .F. ) ;
#1017 = DIRECTION ( 'NONE',  ( 0.000000000000000000, -0.000000000000000000, -1.000000000000000000 ) ) ;
#1018 = ORIENTED_EDGE ( 'NONE', *, *, #6415, .T. ) ;
#1019 = EDGE_LOOP ( 'NONE', ( #4926, #3696, #6530, #5678, #3011, #2757 ) ) ;
#1020 = ORIENTED_EDGE ( 'NONE', *, *, #2688, .T. ) ;
#1021 = ADVANCED_FACE ( 'NONE', ( #6502 ), #7090, .T. ) ;
#1022 = CARTESIAN_POINT ( 'NONE',  ( -0.9823956170607164307, 1.082677165354330784, 1.056879381520470007 ) ) ;
#1023 = ORIENTED_EDGE ( 'NONE', *, *, #6148, .F. ) ;
#1024 = DIRECTION ( 'NONE',  ( 0.000000000000000000, -1.000000000000000000, 0.000000000000000000 ) ) ;
#1025 = DIRECTION ( 'NONE',  ( 0.000000000000000000, 0.000000000000000000, -1.000000000000000000 ) ) ;
#1026 = CARTESIAN_POINT ( 'NONE',  ( -1.209654025080538098, 1.200787401574803237, -0.9844070268515713318 ) ) ;
#1027 = ORIENTED_EDGE ( 'NONE', *, *, #1665, .F. ) ;
#1028 = DIRECTION ( 'NONE',  ( -0.000000000000000000, -1.000000000000000000, -0.000000000000000000 ) ) ;
#1029 = EDGE_LOOP ( 'NONE', ( #3940, #1241, #6919, #7007 ) ) ;
#1030 = ADVANCED_FACE ( 'NONE', ( #2373 ), #700, .T. ) ;
#1031 = DIRECTION ( 'NONE',  ( 0.000000000000000000, 0.000000000000000000, -1.000000000000000000 ) ) ;
#1032 = EDGE_LOOP ( 'NONE', ( #6575, #4454, #6008, #417 ) ) ;
#1033 = ORIENTED_EDGE ( 'NONE', *, *, #5582, .F. ) ;
#1034 = ORIENTED_EDGE ( 'NONE', *, *, #5799, .T. ) ;
#1035 = CARTESIAN_POINT ( 'NONE',  ( -1.857801869213983714, 1.082677165354330784, -0.5514633461894891120 ) ) ;
#1036 = CARTESIAN_POINT ( 'NONE',  ( -2.880666519353082489, 1.200787401574803237, -0.04162082650444507564 ) ) ;
#1037 = CARTESIAN_POINT ( 'NONE',  ( -2.922400240910253633, 0.000000000000000000, -2.378945408440156672 ) ) ;
#1038 = DIRECTION ( 'NONE',  ( 0.000000000000000000, -1.000000000000000000, 0.000000000000000000 ) ) ;
#1039 = ORIENTED_EDGE ( 'NONE', *, *, #2230, .T. ) ;
#1040 = CARTESIAN_POINT ( 'NONE',  ( -1.713697379535073173, 1.082677165354330784, -1.169977284687301111 ) ) ;
#1041 = ORIENTED_EDGE ( 'NONE', *, *, #2837, .F. ) ;
#1042 = DIRECTION ( 'NONE',  ( 0.000000000000000000, -1.000000000000000000, 0.000000000000000000 ) ) ;
#1043 =( LENGTH_UNIT ( ) NAMED_UNIT ( * ) SI_UNIT ( $, .METRE. ) );
#1044 = VECTOR ( 'NONE', #5599, 39.37007874015748143 ) ;
#1045 = DIRECTION ( 'NONE',  ( 0.000000000000000000, -1.000000000000000000, 0.000000000000000000 ) ) ;
#1046 = ORIENTED_EDGE ( 'NONE', *, *, #278, .F. ) ;
#1047 = CARTESIAN_POINT ( 'NONE',  ( -2.670957612213657129, 0.000000000000000000, 1.542078096405652410 ) ) ;
#1048 = EDGE_CURVE ( 'NONE', #3408, #2122, #2041, .T. ) ;
#1049 = ORIENTED_EDGE ( 'NONE', *, *, #7342, .F. ) ;
#1050 = EDGE_CURVE ( 'NONE', #6697, #3426, #7677, .T. ) ;
#1051 = CARTESIAN_POINT ( 'NONE',  ( -2.198756752593682862, 1.200787401574803237, -0.4353216139060233636 ) ) ;
#1052 = FACE_OUTER_BOUND ( 'NONE', #4315, .T. ) ;
#1053 = CARTESIAN_POINT ( 'NONE',  ( -0.7185039370078811771, 1.377952755905512028, -1.244485324335905085 ) ) ;
#1054 = ORIENTED_EDGE ( 'NONE', *, *, #2239, .F. ) ;
#1055 = CARTESIAN_POINT ( 'NONE',  ( -2.539711635973382453, 1.200787401574803237, -0.2384712202052343133 ) ) ;
#1056 = EDGE_CURVE ( 'NONE', #1084, #992, #594, .T. ) ;
#1057 = DIRECTION ( 'NONE',  ( -0.000000000000000000, -1.000000000000000000, -0.000000000000000000 ) ) ;
#1058 = CARTESIAN_POINT ( 'NONE',  ( -0.7877782243439700460, 1.377952755905512028, 4.886882652763490320 ) ) ;
#1059 = EDGE_CURVE ( 'NONE', #102, #2505, #3577, .T. ) ;
#1060 = VERTEX_POINT ( 'NONE', #2982 ) ;
#1061 = VECTOR ( 'NONE', #2170, 39.37007874015748143 ) ;
#1062 = VECTOR ( 'NONE', #1212, 39.37007874015748854 ) ;
#1063 = VECTOR ( 'NONE', #2586, 39.37007874015748854 ) ;
#1064 = DIRECTION ( 'NONE',  ( -0.000000000000000000, -1.000000000000000000, -0.000000000000000000 ) ) ;
#1065 = ORIENTED_EDGE ( 'NONE', *, *, #6123, .F. ) ;
#1066 = ADVANCED_FACE ( 'NONE', ( #5346 ), #2408, .F. ) ;
#1067 = VECTOR ( 'NONE', #4278, 39.37007874015748143 ) ;
#1068 = CIRCLE ( 'NONE', #5264, 0.07874015748031505668 ) ;
#1069 = CIRCLE ( 'NONE', #574, 0.1240157480314960370 ) ;
#1070 = CARTESIAN_POINT ( 'NONE',  ( -6.568304586241691112, 1.102362204724409489, -0.2083248773356932981 ) ) ;
#1071 = VERTEX_POINT ( 'NONE', #7133 ) ;
#1072 = ORIENTED_EDGE ( 'NONE', *, *, #6419, .T. ) ;
#1074 = LINE ( 'NONE', #2113, #1075 ) ;
#1073 = AXIS2_PLACEMENT_3D ( 'NONE', #5050, #5538, #4341 ) ;
#1075 = VECTOR ( 'NONE', #2819, 39.37007874015747433 ) ;
#1076 = DIRECTION ( 'NONE',  ( 0.000000000000000000, -1.000000000000000000, 0.000000000000000000 ) ) ;
#1077 = VECTOR ( 'NONE', #3327, 39.37007874015748143 ) ;
#1078 = FACE_OUTER_BOUND ( 'NONE', #4800, .T. ) ;
#1079 = FACE_OUTER_BOUND ( 'NONE', #875, .T. ) ;
#1080 = CARTESIAN_POINT ( 'NONE',  ( -1.769797191863853314, 1.200787401574803237, 2.501407576456600168 ) ) ;
#1081 = CIRCLE ( 'NONE', #3167, 0.08070866141732378762 ) ;
#1082 = CARTESIAN_POINT ( 'NONE',  ( -4.836021121674747292, 0.000000000000000000, 2.792078096405661292 ) ) ;
#1083 = CIRCLE ( 'NONE', #1704, 0.06496062992125965774 ) ;
#1084 = VERTEX_POINT ( 'NONE', #3613 ) ;
#1085 = DIRECTION ( 'NONE',  ( 0.000000000000000000, -0.000000000000000000, -1.000000000000000000 ) ) ;
#1086 = EDGE_CURVE ( 'NONE', #3304, #1527, #3014, .T. ) ;
#1087 = DIRECTION ( 'NONE',  ( -0.000000000000000000, -1.000000000000000000, -0.000000000000000000 ) ) ;
#1088 = VECTOR ( 'NONE', #3097, 39.37007874015748143 ) ;
#1089 = VECTOR ( 'NONE', #2633, 39.37007874015748854 ) ;
#1090 = DIRECTION ( 'NONE',  ( -0.000000000000000000, -1.000000000000000000, -0.000000000000000000 ) ) ;
#1091 = PLANE ( 'NONE',  #2310 ) ;
#1092 = VERTEX_POINT ( 'NONE', #4642 ) ;
#1093 = CIRCLE ( 'NONE', #2076, 0.08070866141732323251 ) ;
#1094 = ORIENTED_EDGE ( 'NONE', *, *, #2213, .T. ) ;
#1095 = CIRCLE ( 'NONE', #5411, 0.08070866141732378762 ) ;
#1096 = ADVANCED_FACE ( 'NONE', ( #3379 ), #2125, .F. ) ;
#1097 = FACE_OUTER_BOUND ( 'NONE', #1321, .T. ) ;
#1098 = DIRECTION ( 'NONE',  ( 0.5000000000000067724, 0.000000000000000000, 0.8660254037844348218 ) ) ;
#1099 = EDGE_LOOP ( 'NONE', ( #2412, #3669, #2838, #3118 ) ) ;
#1100 = DIRECTION ( 'NONE',  ( -0.000000000000000000, -1.000000000000000000, -0.000000000000000000 ) ) ;
#1101 = ADVANCED_FACE ( 'NONE', ( #1601 ), #385, .F. ) ;
#1102 = AXIS2_PLACEMENT_3D ( 'NONE', #6806, #1510, #922 ) ;
#1103 = LINE ( 'NONE', #4662, #3450 ) ;
#1104 = CARTESIAN_POINT ( 'NONE',  ( -2.670957612213658017, 1.082677165354331672, 1.542078096405651300 ) ) ;
#1105 = CIRCLE ( 'NONE', #4567, 0.08070866141732316312 ) ;
#1106 = ORIENTED_EDGE ( 'NONE', *, *, #6028, .F. ) ;
#1107 = ADVANCED_FACE ( 'NONE', ( #4254 ), #2488, .T. ) ;
#1108 = LINE ( 'NONE', #604, #2423 ) ;
#1109 = FACE_OUTER_BOUND ( 'NONE', #4704, .T. ) ;
#1110 = ORIENTED_EDGE ( 'NONE', *, *, #4848, .F. ) ;
#1111 = EDGE_CURVE ( 'NONE', #4583, #6941, #3688, .T. ) ;
#1112 = EDGE_CURVE ( 'NONE', #5175, #5285, #213, .T. ) ;
#1113 = VECTOR ( 'NONE', #3933, 39.37007874015748143 ) ;
#1114 = CARTESIAN_POINT ( 'NONE',  ( -2.251502656615562259, 1.200787401574803237, -1.314081774366211430 ) ) ;
#1115 = ADVANCED_FACE ( 'NONE', ( #105 ), #4295, .T. ) ;
#1116 = ORIENTED_EDGE ( 'NONE', *, *, #766, .F. ) ;
#1117 = VERTEX_POINT ( 'NONE', #4876 ) ;
#1118 = VECTOR ( 'NONE', #6262, 39.37007874015748143 ) ;
#1119 = DIRECTION ( 'NONE',  ( 0.7664256734729304466, 0.000000000000000000, -0.6423330032324080507 ) ) ;
#1120 = LINE ( 'NONE', #2927, #7019 ) ;
#1121 = DIRECTION ( 'NONE',  ( 0.000000000000000000, -1.000000000000000000, 0.000000000000000000 ) ) ;
#1122 = ADVANCED_FACE ( 'NONE', ( #5380 ), #5987, .T. ) ;
#1123 = CARTESIAN_POINT ( 'NONE',  ( -0.6000213554741241628, 1.377952755905512028, 3.721566755833274343 ) ) ;
#1124 = FACE_OUTER_BOUND ( 'NONE', #2909, .T. ) ;
#1125 = ORIENTED_EDGE ( 'NONE', *, *, #5661, .T. ) ;
#1126 = EDGE_CURVE ( 'NONE', #1877, #1635, #7508, .T. ) ;
#1127 = LINE ( 'NONE', #4639, #480 ) ;
#1128 = DIRECTION ( 'NONE',  ( -0.7664256734729305576, 0.000000000000000000, 0.6423330032324080507 ) ) ;
#1129 = DIRECTION ( 'NONE',  ( 0.6313919323779871862, 0.000000000000000000, -0.7754638790607795151 ) ) ;
#1130 = DIRECTION ( 'NONE',  ( 0.7754638790609509336, 0.000000000000000000, 0.6313919323777767989 ) ) ;
#1131 = DIRECTION ( 'NONE',  ( 0.000000000000000000, 1.000000000000000000, -0.000000000000000000 ) ) ;
#1132 = EDGE_CURVE ( 'NONE', #1009, #3101, #2519, .T. ) ;
#1133 = EDGE_CURVE ( 'NONE', #2414, #5385, #1422, .T. ) ;
#1134 = EDGE_LOOP ( 'NONE', ( #419, #6710, #2095, #4572 ) ) ;
#1135 = ORIENTED_EDGE ( 'NONE', *, *, #2115, .T. ) ;
#1136 = CARTESIAN_POINT ( 'NONE',  ( -0.4445903399802303424, 1.200787401574803237, 0.9934835532588741636 ) ) ;
#1137 = LINE ( 'NONE', #6392, #7022 ) ;
#1138 = DIRECTION ( 'NONE',  ( 0.000000000000000000, 0.000000000000000000, -1.000000000000000000 ) ) ;
#1139 = EDGE_LOOP ( 'NONE', ( #7432, #5706, #4103, #3871 ) ) ;
#1140 = DIRECTION ( 'NONE',  ( -0.000000000000000000, -1.000000000000000000, -0.000000000000000000 ) ) ;
#1141 = CARTESIAN_POINT ( 'NONE',  ( -4.527559055118109299, 0.000000000000000000, 3.523200461590235477 ) ) ;
#1142 = VERTEX_POINT ( 'NONE', #6067 ) ;
#1143 = LINE ( 'NONE', #1562, #1195 ) ;
#1144 = CYLINDRICAL_SURFACE ( 'NONE', #1350, 0.08070866141732283006 ) ;
#1145 = CARTESIAN_POINT ( 'NONE',  ( -1.569592889856162632, 1.200787401574803237, -1.707782561767789531 ) ) ;
#1146 = FACE_OUTER_BOUND ( 'NONE', #4235, .T. ) ;
#1147 = VERTEX_POINT ( 'NONE', #3126 ) ;
#1148 = CARTESIAN_POINT ( 'NONE',  ( -1.428842308484151280, 1.200787401574803237, 2.698257970157384555 ) ) ;
#1149 = EDGE_CURVE ( 'NONE', #746, #3325, #7254, .T. ) ;
#1150 = ORIENTED_EDGE ( 'NONE', *, *, #876, .T. ) ;
#1151 = ADVANCED_FACE ( 'NONE', ( #1280 ), #771, .T. ) ;
#1152 = EDGE_LOOP ( 'NONE', ( #7466, #1983 ) ) ;
#1153 = ADVANCED_FACE ( 'NONE', ( #701 ), #6033, .F. ) ;
#1154 = DIRECTION ( 'NONE',  ( 0.000000000000000000, -0.000000000000000000, 1.000000000000000000 ) ) ;
#1155 = DIRECTION ( 'NONE',  ( 0.000000000000000000, 0.000000000000000000, -1.000000000000000000 ) ) ;
#1156 = CARTESIAN_POINT ( 'NONE',  ( -0.6414407336810146187, 1.082677165354330784, 1.334438436638576420 ) ) ;
#1157 = DIRECTION ( 'NONE',  ( 0.000000000000000000, -1.000000000000000000, 0.000000000000000000 ) ) ;
#1158 = VERTEX_POINT ( 'NONE', #3098 ) ;
#1159 = FACE_OUTER_BOUND ( 'NONE', #5059, .T. ) ;
#1160 = CARTESIAN_POINT ( 'NONE',  ( -4.796651042934589881, 1.102362204724409933, 2.860269073081600499 ) ) ;
#1161 = ORIENTED_EDGE ( 'NONE', *, *, #3, .T. ) ;
#1162 = CARTESIAN_POINT ( 'NONE',  ( -2.986158327396839063, 1.200787401574803237, -1.799141147424821119 ) ) ;
#1163 = DIRECTION ( 'NONE',  ( -0.8660254037844362651, 0.000000000000000000, 0.5000000000000039968 ) ) ;
#1164 = CARTESIAN_POINT ( 'NONE',  ( -2.887303696008273857, 0.3937007874015752140, 1.757906868357182351 ) ) ;
#1165 = ORIENTED_EDGE ( 'NONE', *, *, #587, .F. ) ;
#1166 = ORIENTED_EDGE ( 'NONE', *, *, #1988, .T. ) ;
#1167 = DIRECTION ( 'NONE',  ( 0.000000000000000000, 0.000000000000000000, -1.000000000000000000 ) ) ;
#1168 = AXIS2_PLACEMENT_3D ( 'NONE', #1670, #7052, #4021 ) ;
#1169 = ADVANCED_FACE ( 'NONE', ( #2555 ), #6685, .T. ) ;
#1170 = DIRECTION ( 'NONE',  ( 0.000000000000000000, 0.000000000000000000, -1.000000000000000000 ) ) ;
#1171 = VERTEX_POINT ( 'NONE', #422 ) ;
#1172 = CYLINDRICAL_SURFACE ( 'NONE', #5292, 0.08070866141732351007 ) ;
#1173 = ORIENTED_EDGE ( 'NONE', *, *, #2944, .T. ) ;
#1174 = VERTEX_POINT ( 'NONE', #5722 ) ;
#1175 = VERTEX_POINT ( 'NONE', #3380 ) ;
#1176 = CYLINDRICAL_SURFACE ( 'NONE', #7119, 0.08070866141732309373 ) ;
#1177 = FACE_BOUND ( 'NONE', #2618, .T. ) ;
#1178 = ORIENTED_EDGE ( 'NONE', *, *, #3854, .F. ) ;
#1179 = DIRECTION ( 'NONE',  ( -0.000000000000000000, 1.000000000000000000, -0.000000000000000000 ) ) ;
#1180 = DIRECTION ( 'NONE',  ( -0.000000000000000000, -1.000000000000000000, -0.000000000000000000 ) ) ;
#1181 = VECTOR ( 'NONE', #1179, 39.37007874015748143 ) ;
#1182 = VECTOR ( 'NONE', #6871, 39.37007874015747433 ) ;
#1183 = VERTEX_POINT ( 'NONE', #2784 ) ;
#1184 = EDGE_CURVE ( 'NONE', #5110, #6682, #3913, .T. ) ;
#1185 = ORIENTED_EDGE ( 'NONE', *, *, #3189, .T. ) ;
#1186 = CARTESIAN_POINT ( 'NONE',  ( -2.683816125652293216, 1.200787401574803237, 0.2186253954579312764 ) ) ;
#1187 = FACE_OUTER_BOUND ( 'NONE', #3250, .T. ) ;
#1188 = VECTOR ( 'NONE', #1691, 39.37007874015747433 ) ;
#1189 = VECTOR ( 'NONE', #7355, 39.37007874015748143 ) ;
#1190 = AXIS2_PLACEMENT_3D ( 'NONE', #6552, #2462, #2496 ) ;
#1191 = DIRECTION ( 'NONE',  ( -0.000000000000000000, -1.000000000000000000, -0.000000000000000000 ) ) ;
#1192 = CARTESIAN_POINT ( 'NONE',  ( -2.448353050316350643, 1.200787401574803237, -1.655036657745910800 ) ) ;
#1193 = ORIENTED_EDGE ( 'NONE', *, *, #2222, .F. ) ;
#1194 = DIRECTION ( 'NONE',  ( 0.000000000000000000, -0.000000000000000000, -1.000000000000000000 ) ) ;
#1195 = VECTOR ( 'NONE', #5782, 39.37007874015748143 ) ;
#1196 = ORIENTED_EDGE ( 'NONE', *, *, #3789, .T. ) ;
#1197 = VECTOR ( 'NONE', #4133, 39.37007874015748854 ) ;
#1198 = AXIS2_PLACEMENT_3D ( 'NONE', #6909, #979, #5692 ) ;
#1199 = CARTESIAN_POINT ( 'NONE',  ( -1.769797191863853314, 1.200787401574803237, 2.501407576456600168 ) ) ;
#1200 = DIRECTION ( 'NONE',  ( -0.7754638790607795151, 0.000000000000000000, -0.6313919323779871862 ) ) ;
#1201 = CARTESIAN_POINT ( 'NONE',  ( -0.8839417327586027717, 1.200787401574803237, 0.1251398426505241079 ) ) ;
#1202 = AXIS2_PLACEMENT_3D ( 'NONE', #4503, #2686, #6862 ) ;
#1203 = AXIS2_PLACEMENT_3D ( 'NONE', #409, #2737, #4598 ) ;
#1204 = DIRECTION ( 'NONE',  ( 0.000000000000000000, 0.000000000000000000, 1.000000000000000000 ) ) ;
#1205 = VECTOR ( 'NONE', #3730, 39.37007874015748143 ) ;
#1206 = EDGE_CURVE ( 'NONE', #1868, #759, #1013, .T. ) ;
#1207 = ORIENTED_EDGE ( 'NONE', *, *, #4898, .T. ) ;
#1208 = VECTOR ( 'NONE', #5836, 39.37007874015748143 ) ;
#1209 = LINE ( 'NONE', #27, #3471 ) ;
#1210 = AXIS2_PLACEMENT_3D ( 'NONE', #4367, #4878, #1939 ) ;
#1211 = FACE_OUTER_BOUND ( 'NONE', #7612, .T. ) ;
#1212 = DIRECTION ( 'NONE',  ( 0.7754638790607798482, 0.000000000000000000, 0.6313919323779866311 ) ) ;
#1213 = ORIENTED_EDGE ( 'NONE', *, *, #1991, .F. ) ;
#1214 = LINE ( 'NONE', #4738, #6645 ) ;
#1215 = AXIS2_PLACEMENT_3D ( 'NONE', #2018, #2723, #2061 ) ;
#1216 = AXIS2_PLACEMENT_3D ( 'NONE', #4339, #4934, #6586 ) ;
#1217 = EDGE_LOOP ( 'NONE', ( #2203, #6541, #2341, #6039 ) ) ;
#1218 = ORIENTED_EDGE ( 'NONE', *, *, #1377, .F. ) ;
#1219 = VERTEX_POINT ( 'NONE', #6268 ) ;
#1220 = AXIS2_PLACEMENT_3D ( 'NONE', #1707, #2744, #2827 ) ;
#1221 = AXIS2_PLACEMENT_3D ( 'NONE', #3646, #4921, #4960 ) ;
#1222 = DIRECTION ( 'NONE',  ( 0.000000000000000000, -1.000000000000000000, 0.000000000000000000 ) ) ;
#1223 = DIRECTION ( 'NONE',  ( -0.000000000000000000, -1.000000000000000000, -0.000000000000000000 ) ) ;
#1224 = ORIENTED_EDGE ( 'NONE', *, *, #94, .T. ) ;
#1225 = DIRECTION ( 'NONE',  ( -0.000000000000000000, -1.000000000000000000, -0.000000000000000000 ) ) ;
#1226 = CARTESIAN_POINT ( 'NONE',  ( -0.9790417087537957030, 1.200787401574803237, -0.6042092502113680652 ) ) ;
#1227 = EDGE_CURVE ( 'NONE', #1310, #2631, #6311, .T. ) ;
#1228 = AXIS2_PLACEMENT_3D ( 'NONE', #5443, #50, #6598 ) ;
#1229 = DIRECTION ( 'NONE',  ( 0.000000000000000000, 1.000000000000000000, 0.000000000000000000 ) ) ;
#1230 = ADVANCED_FACE ( 'NONE', ( #3873 ), #1638, .F. ) ;
#1231 = VERTEX_POINT ( 'NONE', #7478 ) ;
#1232 = ORIENTED_EDGE ( 'NONE', *, *, #4848, .T. ) ;
#1233 = DIRECTION ( 'NONE',  ( -0.000000000000000000, -1.000000000000000000, -0.000000000000000000 ) ) ;
#1234 = DIRECTION ( 'NONE',  ( 0.000000000000000000, -1.000000000000000000, 0.000000000000000000 ) ) ;
#1235 = AXIS2_PLACEMENT_3D ( 'NONE', #1748, #4096, #6453 ) ;
#1236 = PLANE ( 'NONE',  #1809 ) ;
#1237 = DIRECTION ( 'NONE',  ( 0.000000000000000000, 0.000000000000000000, -1.000000000000000000 ) ) ;
#1238 = ORIENTED_EDGE ( 'NONE', *, *, #5262, .F. ) ;
#1239 = VECTOR ( 'NONE', #6868, 39.37007874015748143 ) ;
#1240 = CARTESIAN_POINT ( 'NONE',  ( -1.509832702874725818, 1.338582677165354395, -0.2348957000961926500 ) ) ;
#1241 = ORIENTED_EDGE ( 'NONE', *, *, #2754, .F. ) ;
#1242 = CARTESIAN_POINT ( 'NONE',  ( -1.108161755666076997, 1.200787401574803237, 1.516764866421377755 ) ) ;
#1243 = CARTESIAN_POINT ( 'NONE',  ( -1.108161755666076997, 1.200787401574803237, 1.516764866421377755 ) ) ;
#1244 = DIRECTION ( 'NONE',  ( 0.000000000000000000, 0.000000000000000000, -1.000000000000000000 ) ) ;
#1245 = EDGE_LOOP ( 'NONE', ( #6937, #745, #2219, #5848 ) ) ;
#1246 = DIRECTION ( 'NONE',  ( 0.000000000000000000, -1.000000000000000000, 0.000000000000000000 ) ) ;
#1247 = ORIENTED_EDGE ( 'NONE', *, *, #748, .T. ) ;
#1248 = ADVANCED_FACE ( 'NONE', ( #1512 ), #6846, .F. ) ;
#1249 = LINE ( 'NONE', #4735, #3209 ) ;
#1250 = EDGE_CURVE ( 'NONE', #2266, #4335, #5272, .T. ) ;
#1251 = DIRECTION ( 'NONE',  ( -0.000000000000000000, -1.000000000000000000, -0.000000000000000000 ) ) ;
#1252 = CARTESIAN_POINT ( 'NONE',  ( -2.486965731951503944, 1.082677165354330784, 0.6402889402549535314 ) ) ;
#1253 = VERTEX_POINT ( 'NONE', #852 ) ;
#1254 = FACE_OUTER_BOUND ( 'NONE', #10, .T. ) ;
#1255 = EDGE_CURVE ( 'NONE', #4834, #5610, #2747, .T. ) ;
#1256 = ORIENTED_EDGE ( 'NONE', *, *, #7608, .T. ) ;
#1257 = DIRECTION ( 'NONE',  ( 0.000000000000000000, -1.000000000000000000, 0.000000000000000000 ) ) ;
#1258 = VERTEX_POINT ( 'NONE', #3213 ) ;
#1259 = ADVANCED_FACE ( 'NONE', ( #4992 ), #6900, .F. ) ;
#1260 = DIRECTION ( 'NONE',  ( 0.000000000000000000, 0.000000000000000000, -1.000000000000000000 ) ) ;
#1261 = EDGE_LOOP ( 'NONE', ( #3519, #6041 ) ) ;
#1262 = DIRECTION ( 'NONE',  ( -0.9872673851728522854, 0.000000000000000000, -0.1590695136534933385 ) ) ;
#1263 = DIRECTION ( 'NONE',  ( 0.000000000000000000, 0.000000000000000000, -1.000000000000000000 ) ) ;
#1264 = EDGE_LOOP ( 'NONE', ( #5636, #3694, #2011, #4398, #2394 ) ) ;
#1265 = FACE_OUTER_BOUND ( 'NONE', #1894, .T. ) ;
#1266 = ORIENTED_EDGE ( 'NONE', *, *, #4356, .F. ) ;
#1267 = CARTESIAN_POINT ( 'NONE',  ( -1.516846985834283901, 1.200787401574803237, -0.7483137398902782733 ) ) ;
#1268 = CARTESIAN_POINT ( 'NONE',  ( -2.395607146294472134, 1.082677165354330784, -0.7762764972857227885 ) ) ;
#1269 = CARTESIAN_POINT ( 'NONE',  ( -2.662433740129166448, 15.67005943375638211, 1.537156836563132734 ) ) ;
#1270 = VERTEX_POINT ( 'NONE', #7362 ) ;
#1271 = CARTESIAN_POINT ( 'NONE',  ( -2.976577355925106971, 0.9842519685039373689, -2.173977946609184198 ) ) ;
#1272 = EDGE_CURVE ( 'NONE', #2453, #3804, #2050, .T. ) ;
#1273 = FACE_OUTER_BOUND ( 'NONE', #7167, .T. ) ;
#1274 = FACE_OUTER_BOUND ( 'NONE', #1431, .T. ) ;
#1275 = CARTESIAN_POINT ( 'NONE',  ( -0.7877782243439700460, 1.377952755905512028, 4.886882652763490320 ) ) ;
#1276 = VERTEX_POINT ( 'NONE', #5564 ) ;
#1277 = LINE ( 'NONE', #768, #3692 ) ;
#1278 = ORIENTED_EDGE ( 'NONE', *, *, #6007, .T. ) ;
#1279 = DIRECTION ( 'NONE',  ( 0.000000000000000000, 0.000000000000000000, -1.000000000000000000 ) ) ;
#1280 = FACE_OUTER_BOUND ( 'NONE', #5057, .T. ) ;
#1281 = VERTEX_POINT ( 'NONE', #1473 ) ;
#1282 = PLANE ( 'NONE',  #1221 ) ;
#1283 = ORIENTED_EDGE ( 'NONE', *, *, #554, .T. ) ;
#1284 = ORIENTED_EDGE ( 'NONE', *, *, #4739, .F. ) ;
#1285 = AXIS2_PLACEMENT_3D ( 'NONE', #2034, #6898, #2594 ) ;
#1286 = ORIENTED_EDGE ( 'NONE', *, *, #2213, .F. ) ;
#1287 = DIRECTION ( 'NONE',  ( 0.000000000000000000, 0.000000000000000000, -1.000000000000000000 ) ) ;
#1288 = CARTESIAN_POINT ( 'NONE',  ( -1.031787612775674434, 1.200787401574803237, -1.644386733506202347 ) ) ;
#1289 = EDGE_CURVE ( 'NONE', #3620, #6616, #3836, .T. ) ;
#1290 = ORIENTED_EDGE ( 'NONE', *, *, #7450, .T. ) ;
#1291 = LINE ( 'NONE', #820, #4919 ) ;
#1292 = FACE_OUTER_BOUND ( 'NONE', #437, .T. ) ;
#1293 = EDGE_CURVE ( 'NONE', #3611, #6172, #6884, .T. ) ;
#1294 = CARTESIAN_POINT ( 'NONE',  ( -4.353839129079152492, 1.102362204724409711, -0.7822070128215787843 ) ) ;
#1295 = ORIENTED_EDGE ( 'NONE', *, *, #515, .T. ) ;
#1296 = ADVANCED_FACE ( 'NONE', ( #347 ), #1547, .T. ) ;
#1297 = FACE_OUTER_BOUND ( 'NONE', #4358, .T. ) ;
#1298 = DIRECTION ( 'NONE',  ( 0.000000000000000000, -1.000000000000000000, 0.000000000000000000 ) ) ;
#1299 = FACE_OUTER_BOUND ( 'NONE', #267, .T. ) ;
#1300 = CIRCLE ( 'NONE', #5616, 0.08070866141732309373 ) ;
#1301 = ORIENTED_EDGE ( 'NONE', *, *, #2688, .F. ) ;
#1302 = CARTESIAN_POINT ( 'NONE',  ( -1.123146198432706244, 1.200787401574803237, -0.1471126345482025866 ) ) ;
#1303 = CIRCLE ( 'NONE', #685, 0.08070866141732323251 ) ;
#1304 = VECTOR ( 'NONE', #710, 39.37007874015748143 ) ;
#1305 = CARTESIAN_POINT ( 'NONE',  ( -1.076661030246063522, 0.000000000000000000, 1.321255129186559074 ) ) ;
#1306 = CARTESIAN_POINT ( 'NONE',  ( -2.986158327396839063, 1.082677165354330784, -1.879849808842144476 ) ) ;
#1307 = CARTESIAN_POINT ( 'NONE',  ( -0.4973362440020967501, 1.200787401574803237, 1.872243713719063063 ) ) ;
#1308 = VECTOR ( 'NONE', #3259, 39.37007874015748143 ) ;
#1309 = AXIS2_PLACEMENT_3D ( 'NONE', #4357, #7237, #3639 ) ;
#1310 = VERTEX_POINT ( 'NONE', #4489 ) ;
#1311 = VECTOR ( 'NONE', #4530, 39.37007874015748143 ) ;
#1312 = VECTOR ( 'NONE', #1505, 39.37007874015748143 ) ;
#1313 = EDGE_CURVE ( 'NONE', #3270, #403, #4643, .T. ) ;
#1314 = CARTESIAN_POINT ( 'NONE',  ( -2.539711635973382453, 1.082677165354330784, -0.1577625587879109281 ) ) ;
#1315 = ORIENTED_EDGE ( 'NONE', *, *, #2482, .T. ) ;
#1316 = ADVANCED_FACE ( 'NONE', ( #1711 ), #3458, .F. ) ;
#1317 = DIRECTION ( 'NONE',  ( 0.000000000000000000, -1.000000000000000000, 0.000000000000000000 ) ) ;
#1318 = CIRCLE ( 'NONE', #2679, 0.08070866141732323251 ) ;
#1319 = CARTESIAN_POINT ( 'NONE',  ( -2.765835758967853941, 0.000000000000000000, -3.350665275736257609 ) ) ;
#1320 = CIRCLE ( 'NONE', #5631, 0.08070866141732351007 ) ;
#1321 = EDGE_LOOP ( 'NONE', ( #3983, #5669, #3020, #1594 ) ) ;
#1322 = CARTESIAN_POINT ( 'NONE',  ( -3.130262817075749826, 1.200787401574803237, -1.261335870344332699 ) ) ;
#1323 = ORIENTED_EDGE ( 'NONE', *, *, #7079, .F. ) ;
#1324 = AXIS2_PLACEMENT_3D ( 'NONE', #1755, #593, #2407 ) ;
#1325 = ORIENTED_EDGE ( 'NONE', *, *, #7592, .T. ) ;
#1326 = CIRCLE ( 'NONE', #328, 0.08070866141732323251 ) ;
#1327 = VERTEX_POINT ( 'NONE', #467 ) ;
#1328 = LINE ( 'NONE', #4886, #3555 ) ;
#1329 = DIRECTION ( 'NONE',  ( -0.000000000000000000, -1.000000000000000000, -0.000000000000000000 ) ) ;
#1330 = ORIENTED_EDGE ( 'NONE', *, *, #4999, .F. ) ;
#1331 = AXIS2_PLACEMENT_3D ( 'NONE', #3498, #5884, #7679 ) ;
#1332 = CARTESIAN_POINT ( 'NONE',  ( -2.539711635973382453, 1.082677165354330784, -0.3191798816225576707 ) ) ;
#1333 = CARTESIAN_POINT ( 'NONE',  ( -1.428842308484151280, 1.200787401574803237, 2.617549308740061420 ) ) ;
#1334 = LINE ( 'NONE', #5302, #2226 ) ;
#1335 = ORIENTED_EDGE ( 'NONE', *, *, #4608, .F. ) ;
#1336 = AXIS2_PLACEMENT_3D ( 'NONE', #4621, #30, #4661 ) ;
#1337 = EDGE_LOOP ( 'NONE', ( #5436, #5689, #3738, #7211 ) ) ;
#1338 = EDGE_CURVE ( 'NONE', #2355, #5148, #6455, .T. ) ;
#1339 = DIRECTION ( 'NONE',  ( -0.7754638790607760734, 0.000000000000000000, -0.6313919323779914050 ) ) ;
#1340 = ADVANCED_FACE ( 'NONE', ( #6423 ), #2257, .T. ) ;
#1341 = CARTESIAN_POINT ( 'NONE',  ( -0.9262958047319170829, 1.082677165354330784, 0.1938422488314968661 ) ) ;
#1342 = VECTOR ( 'NONE', #5804, 39.37007874015748143 ) ;
#1343 = LINE ( 'NONE', #4903, #442 ) ;
#1344 = DIRECTION ( 'NONE',  ( -0.000000000000000000, -1.000000000000000000, -0.000000000000000000 ) ) ;
#1345 = CIRCLE ( 'NONE', #4066, 0.08070866141732309373 ) ;
#1346 = EDGE_CURVE ( 'NONE', #2083, #541, #4030, .T. ) ;
#1347 = DIRECTION ( 'NONE',  ( 0.000000000000000000, 0.000000000000000000, -1.000000000000000000 ) ) ;
#1348 = DIRECTION ( 'NONE',  ( 0.7664256734729305576, -0.000000000000000000, -0.6423330032324080507 ) ) ;
#1349 = CARTESIAN_POINT ( 'NONE',  ( -4.533022994796533922, 0.6791338582677166613, 2.844445301875037302 ) ) ;
#1350 = AXIS2_PLACEMENT_3D ( 'NONE', #436, #6359, #551 ) ;
#1351 = VERTEX_POINT ( 'NONE', #6343 ) ;
#1352 = VERTEX_POINT ( 'NONE', #4098 ) ;
#1353 = CARTESIAN_POINT ( 'NONE',  ( -1.376096404462285205, 1.200787401574803237, 1.900206471114519458 ) ) ;
#1354 = CARTESIAN_POINT ( 'NONE',  ( -4.353839129079152492, 0.000000000000000000, -0.7822070128215777851 ) ) ;
#1355 = CARTESIAN_POINT ( 'NONE',  ( -2.448353050316350643, 1.082677165354330784, -1.574327996328588108 ) ) ;
#1356 = EDGE_CURVE ( 'NONE', #6843, #7642, #22, .T. ) ;
#1357 = ADVANCED_FACE ( 'NONE', ( #3567 ), #3994, .F. ) ;
#1358 = DIRECTION ( 'NONE',  ( -0.000000000000000000, -1.000000000000000000, -0.000000000000000000 ) ) ;
#1359 = DIRECTION ( 'NONE',  ( 0.5000000000000067724, 0.000000000000000000, 0.8660254037844348218 ) ) ;
#1360 = EDGE_LOOP ( 'NONE', ( #2959, #1982, #4555, #4630 ) ) ;
#1361 = ORIENTED_EDGE ( 'NONE', *, *, #2516, .T. ) ;
#1362 = EDGE_LOOP ( 'NONE', ( #2410, #2978 ) ) ;
#1363 = CARTESIAN_POINT ( 'NONE',  ( -3.274367306754660145, 1.200787401574803237, -0.8042392546811671927 ) ) ;
#1364 = DIRECTION ( 'NONE',  ( -0.000000000000000000, -1.000000000000000000, -0.000000000000000000 ) ) ;
#1365 = ORIENTED_EDGE ( 'NONE', *, *, #42, .T. ) ;
#1366 = DIRECTION ( 'NONE',  ( -0.000000000000000000, -1.000000000000000000, -0.000000000000000000 ) ) ;
#1367 = DIRECTION ( 'NONE',  ( 0.000000000000000000, 0.000000000000000000, -1.000000000000000000 ) ) ;
#1368 = DIRECTION ( 'NONE',  ( 0.000000000000000000, -1.000000000000000000, 0.000000000000000000 ) ) ;
#1369 = CARTESIAN_POINT ( 'NONE',  ( -0.9790417087537957030, 1.200787401574803237, -0.6849179116286912006 ) ) ;
#1370 = EDGE_LOOP ( 'NONE', ( #2745, #1897, #6948 ) ) ;
#1371 = DIRECTION ( 'NONE',  ( 0.000000000000000000, -1.000000000000000000, 0.000000000000000000 ) ) ;
#1372 = ORIENTED_EDGE ( 'NONE', *, *, #886, .T. ) ;
#1373 = CARTESIAN_POINT ( 'NONE',  ( -2.107398166936651496, 1.200787401574803237, -1.771178390029376493 ) ) ;
#1374 = MANIFOLD_SOLID_BREP ( 'Stock-BasePlateUpdated-1', #66 ) ;
#1375 = FACE_BOUND ( 'NONE', #2661, .T. ) ;
#1376 = EDGE_LOOP ( 'NONE', ( #6196, #3437, #246, #1500 ) ) ;
#1377 = EDGE_CURVE ( 'NONE', #1829, #1948, #6746, .T. ) ;
#1378 = LINE ( 'NONE', #3083, #6611 ) ;
#1379 = ADVANCED_FACE ( 'NONE', ( #2864 ), #5195, .F. ) ;
#1380 = ORIENTED_EDGE ( 'NONE', *, *, #285, .F. ) ;
#1381 = EDGE_CURVE ( 'NONE', #5203, #5606, #1069, .T. ) ;
#1382 = LINE ( 'NONE', #7233, #7386 ) ;
#1383 = DIRECTION ( 'NONE',  ( -0.000000000000000000, -1.000000000000000000, -0.000000000000000000 ) ) ;
#1384 = EDGE_CURVE ( 'NONE', #6216, #5210, #2875, .T. ) ;
#1385 = CARTESIAN_POINT ( 'NONE',  ( -1.527281074832379737, 1.377952755905512028, -1.243022756266630058 ) ) ;
#1386 = CARTESIAN_POINT ( 'NONE',  ( -3.667376289564603375, 1.358267716535430658, 1.162687014536634145 ) ) ;
#1387 = ORIENTED_EDGE ( 'NONE', *, *, #5811, .F. ) ;
#1388 = EDGE_CURVE ( 'NONE', #6243, #2721, #2049, .T. ) ;
#1389 = DIRECTION ( 'NONE',  ( -0.000000000000000000, -1.000000000000000000, -0.000000000000000000 ) ) ;
#1390 = DIRECTION ( 'NONE',  ( 0.000000000000000000, 0.000000000000000000, -1.000000000000000000 ) ) ;
#1391 = CARTESIAN_POINT ( 'NONE',  ( -1.425488400177252757, 1.200787401574803237, -2.245587838848277951 ) ) ;
#1392 = CYLINDRICAL_SURFACE ( 'NONE', #6527, 0.08070866141732323251 ) ;
#1393 = DIRECTION ( 'NONE',  ( 0.000000000000000000, 0.000000000000000000, -1.000000000000000000 ) ) ;
#1394 = EDGE_CURVE ( 'NONE', #2922, #2994, #5021, .T. ) ;
#1395 = ORIENTED_EDGE ( 'NONE', *, *, #4419, .F. ) ;
#1396 = EDGE_CURVE ( 'NONE', #2721, #1147, #1565, .T. ) ;
#1397 = ORIENTED_EDGE ( 'NONE', *, *, #3575, .T. ) ;
#1398 = DIRECTION ( 'NONE',  ( 0.000000000000000000, -1.000000000000000000, -0.000000000000000000 ) ) ;
#1399 = DIRECTION ( 'NONE',  ( -0.000000000000000000, -1.000000000000000000, -0.000000000000000000 ) ) ;
#1400 = EDGE_LOOP ( 'NONE', ( #1365, #6107, #1871, #6073 ) ) ;
#1401 = DIRECTION ( 'NONE',  ( 0.000000000000000000, 0.000000000000000000, -1.000000000000000000 ) ) ;
#1402 = CARTESIAN_POINT ( 'NONE',  ( -2.304248560637440324, 1.082677165354330784, -2.112133273409074974 ) ) ;
#1403 = DIRECTION ( 'NONE',  ( 0.000000000000000000, 1.000000000000000000, 0.000000000000000000 ) ) ;
#1404 = EDGE_LOOP ( 'NONE', ( #5317, #4933 ) ) ;
#1405 = CARTESIAN_POINT ( 'NONE',  ( -1.805055965192104983, 1.082677165354330784, 0.2465881528533755696 ) ) ;
#1406 = FACE_BOUND ( 'NONE', #2805, .T. ) ;
#1407 = VECTOR ( 'NONE', #1860, 39.37007874015748143 ) ;
#1408 = VERTEX_POINT ( 'NONE', #1413 ) ;
#1409 = CARTESIAN_POINT ( 'NONE',  ( -1.608205571491315711, 1.082677165354330784, 0.6682516976503980466 ) ) ;
#1410 = EDGE_CURVE ( 'NONE', #1009, #2464, #5879, .T. ) ;
#1411 = DIRECTION ( 'NONE',  ( 0.000000000000000000, -1.000000000000000000, 0.000000000000000000 ) ) ;
#1412 = ORIENTED_EDGE ( 'NONE', *, *, #2395, .F. ) ;
#1413 = CARTESIAN_POINT ( 'NONE',  ( -1.376096404462285205, 1.200787401574803237, 1.738789148279872965 ) ) ;
#1414 = CYLINDRICAL_SURFACE ( 'NONE', #1823, 0.08070866141732323251 ) ;
#1415 = CARTESIAN_POINT ( 'NONE',  ( -1.076661030246063522, 1.377952755905512028, 1.321255129186559074 ) ) ;
#1416 = VERTEX_POINT ( 'NONE', #5554 ) ;
#1417 = CARTESIAN_POINT ( 'NONE',  ( -1.910547773235862445, 1.200787401574803237, -1.510932168067000481 ) ) ;
#1418 = CIRCLE ( 'NONE', #7369, 0.08070866141732309373 ) ;
#1419 = EDGE_CURVE ( 'NONE', #2575, #6051, #3091, .T. ) ;
#1420 = AXIS2_PLACEMENT_3D ( 'NONE', #4975, #6165, #3856 ) ;
#1421 = LINE ( 'NONE', #7323, #6092 ) ;
#1422 = LINE ( 'NONE', #1319, #2438 ) ;
#1423 = DIRECTION ( 'NONE',  ( 0.000000000000000000, -0.000000000000000000, -1.000000000000000000 ) ) ;
#1424 = EDGE_CURVE ( 'NONE', #6623, #1253, #1970, .T. ) ;
#1425 = VECTOR ( 'NONE', #6204, 39.37007874015748143 ) ;
#1426 = VERTEX_POINT ( 'NONE', #2619 ) ;
#1427 = VECTOR ( 'NONE', #4215, 39.37007874015748854 ) ;
#1428 = VECTOR ( 'NONE', #3927, 39.37007874015748854 ) ;
#1429 = CARTESIAN_POINT ( 'NONE',  ( -2.539711635973382453, 1.082677165354330784, -0.2384712202052343133 ) ) ;
#1430 = CARTESIAN_POINT ( 'NONE',  ( -0.4990495988450098230, 1.082677165354330784, 1.791553240657131285 ) ) ;
#1431 = EDGE_LOOP ( 'NONE', ( #6458, #6330, #4872, #4483 ) ) ;
#1432 = VECTOR ( 'NONE', #674, 39.37007874015748854 ) ;
#1433 = AXIS2_PLACEMENT_3D ( 'NONE', #6608, #5483, #3644 ) ;
#1434 = VECTOR ( 'NONE', #6560, 39.37007874015747433 ) ;
#1435 = ORIENTED_EDGE ( 'NONE', *, *, #2271, .T. ) ;
#1436 = CARTESIAN_POINT ( 'NONE',  ( -3.605722274364346891, 1.082677165354333892, -2.935314351970567337 ) ) ;
#1437 = PLANE ( 'NONE',  #7249 ) ;
#1438 = DIRECTION ( 'NONE',  ( -0.000000000000000000, -1.000000000000000000, -0.000000000000000000 ) ) ;
#1439 = PRODUCT_DEFINITION_SHAPE ( 'NONE', 'NONE',  #6990 ) ;
#1440 = ORIENTED_EDGE ( 'NONE', *, *, #3538, .F. ) ;
#1441 = CARTESIAN_POINT ( 'NONE',  ( -1.228638006476463485, 1.200787401574803237, -1.985341616885901717 ) ) ;
#1442 = AXIS2_PLACEMENT_3D ( 'NONE', #1004, #7001, #1660 ) ;
#1443 = CARTESIAN_POINT ( 'NONE',  ( -2.933412423374960998, 1.200787401574803237, -1.001089648381956465 ) ) ;
#1444 = CARTESIAN_POINT ( 'NONE',  ( -1.228638006476463485, 1.082677165354330784, -1.985341616885901717 ) ) ;
#1445 = DIRECTION ( 'NONE',  ( 0.000000000000000000, -0.000000000000000000, -1.000000000000000000 ) ) ;
#1446 = DIRECTION ( 'NONE',  ( -0.000000000000000000, -1.000000000000000000, -0.000000000000000000 ) ) ;
#1447 = FACE_OUTER_BOUND ( 'NONE', #1376, .T. ) ;
#1448 = ORIENTED_EDGE ( 'NONE', *, *, #1149, .T. ) ;
#1449 = DIRECTION ( 'NONE',  ( -0.000000000000000000, -1.000000000000000000, -0.000000000000000000 ) ) ;
#1450 = VECTOR ( 'NONE', #509, 39.37007874015748143 ) ;
#1451 = CIRCLE ( 'NONE', #196, 0.08070866141732296883 ) ;
#1452 = LINE ( 'NONE', #3770, #825 ) ;
#1453 = FACE_BOUND ( 'NONE', #5532, .T. ) ;
#1454 = VERTEX_POINT ( 'NONE', #4281 ) ;
#1455 = ADVANCED_FACE ( 'NONE', ( #731 ), #6175, .T. ) ;
#1456 = EDGE_CURVE ( 'NONE', #474, #3373, #1382, .T. ) ;
#1457 = VERTEX_POINT ( 'NONE', #3743 ) ;
#1458 = CARTESIAN_POINT ( 'NONE',  ( -2.880666519353082489, 1.200787401574803237, -0.04162082650444507564 ) ) ;
#1459 = AXIS2_PLACEMENT_3D ( 'NONE', #5070, #3164, #247 ) ;
#1460 = VERTEX_POINT ( 'NONE', #3715 ) ;
#1461 = AXIS2_PLACEMENT_3D ( 'NONE', #3484, #2889, #3558 ) ;
#1462 = LINE ( 'NONE', #3201, #4930 ) ;
#1463 = EDGE_LOOP ( 'NONE', ( #1907, #2163 ) ) ;
#1464 = ORIENTED_EDGE ( 'NONE', *, *, #413, .T. ) ;
#1465 = DIRECTION ( 'NONE',  ( -0.7754638790607760734, 0.000000000000000000, -0.6313919323779914050 ) ) ;
#1466 = AXIS2_PLACEMENT_3D ( 'NONE', #4877, #664, #6610 ) ;
#1467 = ORIENTED_EDGE ( 'NONE', *, *, #7031, .F. ) ;
#1468 = DIRECTION ( 'NONE',  ( 0.000000000000000000, -1.000000000000000000, 0.000000000000000000 ) ) ;
#1469 = ORIENTED_EDGE ( 'NONE', *, *, #7075, .F. ) ;
#1470 = CARTESIAN_POINT ( 'NONE',  ( -5.732401006825401879, 1.377952755905512028, -0.1581352028335849258 ) ) ;
#1471 = PLANE ( 'NONE',  #3962 ) ;
#1472 = CARTESIAN_POINT ( 'NONE',  ( -4.027640203060362190, 0.9842519685039370358, -2.966972712505815846 ) ) ;
#1473 = CARTESIAN_POINT ( 'NONE',  ( -2.933412423374960998, 1.200787401574803237, -0.8396723255473099723 ) ) ;
#1474 = LINE ( 'NONE', #3381, #1666 ) ;
#1475 = CIRCLE ( 'NONE', #1610, 0.08070866141732323251 ) ;
#1476 = CARTESIAN_POINT ( 'NONE',  ( -2.486965731951503944, 1.200787401574803237, 0.5595802788376306180 ) ) ;
#1477 = CARTESIAN_POINT ( 'NONE',  ( -2.304248560637440324, 1.200787401574803237, -2.192841934826398997 ) ) ;
#1478 = EDGE_CURVE ( 'NONE', #5285, #5078, #6088, .T. ) ;
#1479 = DIRECTION ( 'NONE',  ( 0.000000000000000000, 0.000000000000000000, -1.000000000000000000 ) ) ;
#1480 = ORIENTED_EDGE ( 'NONE', *, *, #6774, .T. ) ;
#1481 = EDGE_CURVE ( 'NONE', #2521, #6435, #6892, .T. ) ;
#1482 = ADVANCED_FACE ( 'NONE', ( #1537, #5062 ), #3447, .F. ) ;
#1483 = CIRCLE ( 'NONE', #6791, 0.08070866141732296883 ) ;
#1484 = VERTEX_POINT ( 'NONE', #2154 ) ;
#1485 = ADVANCED_FACE ( 'NONE', ( #1658 ), #7469, .F. ) ;
#1486 = CARTESIAN_POINT ( 'NONE',  ( -2.736562029674171725, 1.082677165354330784, -0.5794261035849337382 ) ) ;
#1487 = ORIENTED_EDGE ( 'NONE', *, *, #17, .F. ) ;
#1488 = CARTESIAN_POINT ( 'NONE',  ( -1.123146198432706244, 1.082677165354330784, -0.1471126345482025866 ) ) ;
#1489 = CARTESIAN_POINT ( 'NONE',  ( -6.450194350021217993, 1.102362204724409489, -0.003751947307873986122 ) ) ;
#1490 = DIRECTION ( 'NONE',  ( 0.000000000000000000, -1.000000000000000000, 0.000000000000000000 ) ) ;
#1491 = DIRECTION ( 'NONE',  ( 0.000000000000000000, -1.000000000000000000, 0.000000000000000000 ) ) ;
#1492 = ORIENTED_EDGE ( 'NONE', *, *, #7608, .F. ) ;
#1493 = DIRECTION ( 'NONE',  ( 0.5000000000000041078, 0.000000000000000000, 0.8660254037844362651 ) ) ;
#1494 = LINE ( 'NONE', #1529, #560 ) ;
#1495 = FACE_BOUND ( 'NONE', #1821, .T. ) ;
#1496 = ORIENTED_EDGE ( 'NONE', *, *, #500, .T. ) ;
#1497 = ORIENTED_EDGE ( 'NONE', *, *, #7354, .F. ) ;
#1498 = LINE ( 'NONE', #1579, #4028 ) ;
#1499 = EDGE_CURVE ( 'NONE', #2453, #992, #3402, .T. ) ;
#1500 = ORIENTED_EDGE ( 'NONE', *, *, #7401, .F. ) ;
#1501 = DIRECTION ( 'NONE',  ( 0.000000000000000000, -1.000000000000000000, 0.000000000000000000 ) ) ;
#1502 = EDGE_CURVE ( 'NONE', #1258, #999, #3169, .T. ) ;
#1503 = VERTEX_POINT ( 'NONE', #5748 ) ;
#1504 = CARTESIAN_POINT ( 'NONE',  ( -0.3004858503013124738, 1.200787401574803237, 1.531288830339360807 ) ) ;
#1505 = DIRECTION ( 'NONE',  ( -0.000000000000000000, -1.000000000000000000, -0.000000000000000000 ) ) ;
#1506 = CYLINDRICAL_SURFACE ( 'NONE', #4664, 0.06496062992125996305 ) ;
#1507 = ORIENTED_EDGE ( 'NONE', *, *, #1456, .T. ) ;
#1508 = CARTESIAN_POINT ( 'NONE',  ( -3.122413029667135298, 1.377952755905512028, -3.725633739945664935 ) ) ;
#1509 = ORIENTED_EDGE ( 'NONE', *, *, #5693, .T. ) ;
#1510 = DIRECTION ( 'NONE',  ( -0.000000000000000000, -1.000000000000000000, -0.000000000000000000 ) ) ;
#1511 = DIRECTION ( 'NONE',  ( -0.000000000000000000, -1.000000000000000000, -0.000000000000000000 ) ) ;
#1512 = FACE_OUTER_BOUND ( 'NONE', #2508, .T. ) ;
#1513 = DIRECTION ( 'NONE',  ( 0.000000000000000000, -1.000000000000000000, 0.000000000000000000 ) ) ;
#1514 = EDGE_LOOP ( 'NONE', ( #3366, #4586, #3880, #2972 ) ) ;
#1515 = DIRECTION ( 'NONE',  ( -0.000000000000000000, -1.000000000000000000, -0.000000000000000000 ) ) ;
#1516 = ORIENTED_EDGE ( 'NONE', *, *, #2479, .F. ) ;
#1517 = ADVANCED_FACE ( 'NONE', ( #4516 ), #3367, .F. ) ;
#1518 = LINE ( 'NONE', #6276, #6752 ) ;
#1519 = CARTESIAN_POINT ( 'NONE',  ( -0.9262958047319170829, 1.082677165354330784, 0.1938422488314968661 ) ) ;
#1520 = CARTESIAN_POINT ( 'NONE',  ( -0.9823956170607164307, 1.200787401574803237, 1.218296704355114723 ) ) ;
#1521 = VERTEX_POINT ( 'NONE', #5215 ) ;
#1522 = LINE ( 'NONE', #7302, #6015 ) ;
#1523 = CARTESIAN_POINT ( 'NONE',  ( -3.130262817075749826, 1.200787401574803237, -1.261335870344332699 ) ) ;
#1524 = PLANE ( 'NONE',  #2092 ) ;
#1525 = PLANE ( 'NONE',  #4541 ) ;
#1526 = DIRECTION ( 'NONE',  ( 0.000000000000000000, 0.000000000000000000, -1.000000000000000000 ) ) ;
#1527 = VERTEX_POINT ( 'NONE', #7580 ) ;
#1528 = CARTESIAN_POINT ( 'NONE',  ( -2.736562029674171725, 1.200787401574803237, -0.6601347650022570956 ) ) ;
#1529 = CARTESIAN_POINT ( 'NONE',  ( -3.668068094156238246, 1.200787401574803237, -1.486149021440566376 ) ) ;
#1530 = ADVANCED_FACE ( 'NONE', ( #2204 ), #6210, .T. ) ;
#1531 = ORIENTED_EDGE ( 'NONE', *, *, #2383, .T. ) ;
#1532 = DIRECTION ( 'NONE',  ( 0.000000000000000000, -0.000000000000000000, -1.000000000000000000 ) ) ;
#1533 = ORIENTED_EDGE ( 'NONE', *, *, #6304, .T. ) ;
#1534 = VERTEX_POINT ( 'NONE', #4564 ) ;
#1535 = AXIS2_PLACEMENT_3D ( 'NONE', #6026, #158, #3677 ) ;
#1536 = VERTEX_POINT ( 'NONE', #5096 ) ;
#1537 = FACE_BOUND ( 'NONE', #2229, .T. ) ;
#1538 = CARTESIAN_POINT ( 'NONE',  ( -2.922929037303154232, 0.000000000000000000, -2.379375960765498288 ) ) ;
#1539 = EDGE_LOOP ( 'NONE', ( #4596, #4331, #6031, #5376, #2612, #1784 ) ) ;
#1540 = FACE_OUTER_BOUND ( 'NONE', #779, .T. ) ;
#1541 = ORIENTED_EDGE ( 'NONE', *, *, #6267, .T. ) ;
#1542 = DIRECTION ( 'NONE',  ( 0.000000000000000000, 0.000000000000000000, -1.000000000000000000 ) ) ;
#1543 = EDGE_LOOP ( 'NONE', ( #533, #1178, #1889, #7092 ) ) ;
#1544 = LINE ( 'NONE', #291, #1118 ) ;
#1545 = CIRCLE ( 'NONE', #2908, 0.08070866141732241372 ) ;
#1546 = CARTESIAN_POINT ( 'NONE',  ( -4.540847003094901524, 0.8464566929133860995, -1.106114152032292353 ) ) ;
#1547 = PLANE ( 'NONE',  #6250 ) ;
#1548 = DIRECTION ( 'NONE',  ( -0.5000000000000042188, 0.000000000000000000, -0.8660254037844362651 ) ) ;
#1549 = CARTESIAN_POINT ( 'NONE',  ( -2.251502656615562259, 1.200787401574803237, -1.314081774366211430 ) ) ;
#1550 = EDGE_CURVE ( 'NONE', #6830, #4279, #5628, .T. ) ;
#1551 = EDGE_CURVE ( 'NONE', #3426, #5642, #6883, .T. ) ;
#1552 = AXIS2_PLACEMENT_3D ( 'NONE', #809, #2418, #216 ) ;
#1553 = VECTOR ( 'NONE', #3901, 39.37007874015748143 ) ;
#1554 = ORIENTED_EDGE ( 'NONE', *, *, #3331, .F. ) ;
#1555 = ORIENTED_EDGE ( 'NONE', *, *, #6368, .T. ) ;
#1556 = VECTOR ( 'NONE', #4612, 39.37007874015748854 ) ;
#1557 = VECTOR ( 'NONE', #4303, 39.37007874015748143 ) ;
#1558 = DIRECTION ( 'NONE',  ( 0.000000000000000000, 0.000000000000000000, -1.000000000000000000 ) ) ;
#1559 = CARTESIAN_POINT ( 'NONE',  ( -1.509832702874725818, 0.9842519685039373689, -0.2348957000961923447 ) ) ;
#1560 = ORIENTED_EDGE ( 'NONE', *, *, #3996, .T. ) ;
#1561 = DIRECTION ( 'NONE',  ( 0.000000000000000000, -1.000000000000000000, 0.000000000000000000 ) ) ;
#1562 = CARTESIAN_POINT ( 'NONE',  ( -4.796651042934589881, 0.000000000000000000, 2.860269073081600499 ) ) ;
#1563 = AXIS2_PLACEMENT_3D ( 'NONE', #4787, #7147, #4828 ) ;
#1564 = CARTESIAN_POINT ( 'NONE',  ( -1.910547773235862445, 1.082677165354330784, -1.591640829484323616 ) ) ;
#1565 = CIRCLE ( 'NONE', #7011, 0.08070866141732296883 ) ;
#1566 = LINE ( 'NONE', #3934, #5886 ) ;
#1567 = VECTOR ( 'NONE', #5860, 39.37007874015748854 ) ;
#1568 = LINE ( 'NONE', #945, #5056 ) ;
#1569 = ORIENTED_EDGE ( 'NONE', *, *, #3232, .T. ) ;
#1570 = CARTESIAN_POINT ( 'NONE',  ( -0.9076637332322345930, 1.082677165354330784, 0.2723708037615780730 ) ) ;
#1571 = VERTEX_POINT ( 'NONE', #6297 ) ;
#1572 = DIRECTION ( 'NONE',  ( -0.000000000000000000, -1.000000000000000000, -0.000000000000000000 ) ) ;
#1573 = ORIENTED_EDGE ( 'NONE', *, *, #4652, .F. ) ;
#1574 = AXIS2_PLACEMENT_3D ( 'NONE', #5217, #2821, #7582 ) ;
#1575 = CIRCLE ( 'NONE', #7516, 0.08070866141732289945 ) ;
#1576 = CIRCLE ( 'NONE', #5514, 0.08070866141732323251 ) ;
#1577 = CIRCLE ( 'NONE', #5890, 0.08070866141732296883 ) ;
#1578 = ORIENTED_EDGE ( 'NONE', *, *, #5121, .T. ) ;
#1579 = CARTESIAN_POINT ( 'NONE',  ( -1.569592889856162632, 1.200787401574803237, -1.788491223185113110 ) ) ;
#1580 = ORIENTED_EDGE ( 'NONE', *, *, #4751, .F. ) ;
#1581 = CIRCLE ( 'NONE', #2560, 0.08070866141732283006 ) ;
#1582 = ORIENTED_EDGE ( 'NONE', *, *, #5221, .F. ) ;
#1583 = EDGE_CURVE ( 'NONE', #368, #4816, #1002, .T. ) ;
#1584 = VECTOR ( 'NONE', #2720, 39.37007874015748143 ) ;
#1585 = EDGE_LOOP ( 'NONE', ( #110, #1284, #1934, #7197 ) ) ;
#1586 = EDGE_CURVE ( 'NONE', #3974, #5285, #330, .T. ) ;
#1587 = DIRECTION ( 'NONE',  ( -0.000000000000000000, -1.000000000000000000, -0.000000000000000000 ) ) ;
#1588 = LINE ( 'NONE', #6929, #815 ) ;
#1589 = LINE ( 'NONE', #4634, #4905 ) ;
#1590 = VERTEX_POINT ( 'NONE', #1035 ) ;
#1591 = AXIS2_PLACEMENT_3D ( 'NONE', #7321, #161, #6182 ) ;
#1592 = AXIS2_PLACEMENT_3D ( 'NONE', #7332, #3700, #783 ) ;
#1593 = DIRECTION ( 'NONE',  ( -0.000000000000000000, -1.000000000000000000, -0.000000000000000000 ) ) ;
#1594 = ORIENTED_EDGE ( 'NONE', *, *, #590, .F. ) ;
#1595 = DIRECTION ( 'NONE',  ( -0.1590695136534933385, 0.000000000000000000, 0.9872673851728522854 ) ) ;
#1596 = EDGE_CURVE ( 'NONE', #4861, #2355, #1074, .T. ) ;
#1597 = EDGE_LOOP ( 'NONE', ( #1607, #4382, #2026, #2923, #4513, #2949, #5680, #2558 ) ) ;
#1598 = DIRECTION ( 'NONE',  ( 0.000000000000000000, -9.245012915305573938E-17, -1.000000000000000000 ) ) ;
#1599 = AXIS2_PLACEMENT_3D ( 'NONE', #4817, #6654, #5527 ) ;
#1600 = DIRECTION ( 'NONE',  ( -0.000000000000000000, -1.000000000000000000, -0.000000000000000000 ) ) ;
#1601 = FACE_OUTER_BOUND ( 'NONE', #5735, .T. ) ;
#1602 = DIRECTION ( 'NONE',  ( -0.000000000000000000, -1.000000000000000000, -0.000000000000000000 ) ) ;
#1603 = DIRECTION ( 'NONE',  ( 0.000000000000000000, 0.000000000000000000, 1.000000000000000000 ) ) ;
#1604 = ORIENTED_EDGE ( 'NONE', *, *, #6935, .F. ) ;
#1605 = CYLINDRICAL_SURFACE ( 'NONE', #6612, 0.08070866141732378762 ) ;
#1606 = AXIS2_PLACEMENT_3D ( 'NONE', #4319, #828, #4469 ) ;
#1607 = ORIENTED_EDGE ( 'NONE', *, *, #652, .T. ) ;
#1608 = EDGE_LOOP ( 'NONE', ( #3113, #134, #49, #1256 ) ) ;
#1609 = EDGE_CURVE ( 'NONE', #601, #898, #4410, .T. ) ;
#1610 = AXIS2_PLACEMENT_3D ( 'NONE', #4226, #6146, #507 ) ;
#1611 = ADVANCED_FACE ( 'NONE', ( #4013 ), #7551, .F. ) ;
#1612 = ORIENTED_EDGE ( 'NONE', *, *, #7549, .T. ) ;
#1613 = CYLINDRICAL_SURFACE ( 'NONE', #5787, 0.06496062992125996305 ) ;
#1614 = DIRECTION ( 'NONE',  ( -0.000000000000000000, -1.000000000000000000, -0.000000000000000000 ) ) ;
#1615 = AXIS2_PLACEMENT_3D ( 'NONE', #7381, #2023, #6786 ) ;
#1616 = DIRECTION ( 'NONE',  ( 0.000000000000000000, -0.000000000000000000, -1.000000000000000000 ) ) ;
#1617 = CARTESIAN_POINT ( 'NONE',  ( -0.6908327293959752868, 1.200787401574803237, -1.760528465789668040 ) ) ;
#1618 = ORIENTED_EDGE ( 'NONE', *, *, #5967, .F. ) ;
#1619 = DIRECTION ( 'NONE',  ( -0.7664256734729305576, 0.000000000000000000, 0.6423330032324080507 ) ) ;
#1620 = DIRECTION ( 'NONE',  ( -0.000000000000000000, -1.000000000000000000, -0.000000000000000000 ) ) ;
#1621 = ORIENTED_EDGE ( 'NONE', *, *, #7113, .T. ) ;
#1622 = ORIENTED_EDGE ( 'NONE', *, *, #3454, .F. ) ;
#1623 = DIRECTION ( 'NONE',  ( -0.000000000000000000, -1.000000000000000000, -0.000000000000000000 ) ) ;
#1624 = VERTEX_POINT ( 'NONE', #5363 ) ;
#1625 = ORIENTED_EDGE ( 'NONE', *, *, #490, .F. ) ;
#1626 = EDGE_LOOP ( 'NONE', ( #5341, #1247, #4997, #2190 ) ) ;
#1627 = DIRECTION ( 'NONE',  ( -0.000000000000000000, -1.000000000000000000, -0.000000000000000000 ) ) ;
#1628 = LINE ( 'NONE', #7435, #7627 ) ;
#1629 = CARTESIAN_POINT ( 'NONE',  ( -3.077516913053870873, 1.200787401574803237, -0.4632843713014677678 ) ) ;
#1630 = ADVANCED_FACE ( 'NONE', ( #7073 ), #6999, .F. ) ;
#1631 = DIRECTION ( 'NONE',  ( 0.000000000000000000, 0.000000000000000000, -1.000000000000000000 ) ) ;
#1632 = ADVANCED_FACE ( 'NONE', ( #3630 ), #4165, .T. ) ;
#1633 = ORIENTED_EDGE ( 'NONE', *, *, #5240, .F. ) ;
#1634 = DIRECTION ( 'NONE',  ( 0.000000000000000000, -1.000000000000000000, 0.000000000000000000 ) ) ;
#1635 = VERTEX_POINT ( 'NONE', #1186 ) ;
#1636 = EDGE_CURVE ( 'NONE', #5883, #1624, #4122, .T. ) ;
#1637 = DIRECTION ( 'NONE',  ( 0.000000000000000000, 0.000000000000000000, -1.000000000000000000 ) ) ;
#1638 = CYLINDRICAL_SURFACE ( 'NONE', #5388, 0.08070866141732351007 ) ;
#1639 = CARTESIAN_POINT ( 'NONE',  ( -0.9262958047319170829, 1.200787401574803237, 0.1938422488314968661 ) ) ;
#1640 = VERTEX_POINT ( 'NONE', #2966 ) ;
#1641 = CARTESIAN_POINT ( 'NONE',  ( -0.2581974954904887043, 1.200787401574803237, 1.600031706880642002 ) ) ;
#1642 = ADVANCED_FACE ( 'NONE', ( #4681 ), #679, .F. ) ;
#1643 = VERTEX_POINT ( 'NONE', #5829 ) ;
#1644 = ORIENTED_EDGE ( 'NONE', *, *, #7207, .T. ) ;
#1645 = CARTESIAN_POINT ( 'NONE',  ( -1.228638006476463485, 1.082677165354330784, -1.823924294051255224 ) ) ;
#1646 = CYLINDRICAL_SURFACE ( 'NONE', #6391, 0.07874015748031505668 ) ;
#1647 = VERTEX_POINT ( 'NONE', #526 ) ;
#1648 = DIRECTION ( 'NONE',  ( 0.8660254037844362651, 0.000000000000000000, -0.5000000000000041078 ) ) ;
#1649 = CARTESIAN_POINT ( 'NONE',  ( -1.526643807384524987, 1.377952755905512028, -1.243265431213640859 ) ) ;
#1650 =( CONVERSION_BASED_UNIT ( 'INCH', #7647 ) LENGTH_UNIT ( ) NAMED_UNIT ( #7235 ) );
#1651 = ORIENTED_EDGE ( 'NONE', *, *, #6348, .F. ) ;
#1652 = CARTESIAN_POINT ( 'NONE',  ( -1.123146198432706244, 1.200787401574803237, -0.2278212959655257497 ) ) ;
#1653 = EDGE_LOOP ( 'NONE', ( #2797, #5596 ) ) ;
#1654 = CYLINDRICAL_SURFACE ( 'NONE', #5019, 0.08070866141732312149 ) ;
#1655 = ADVANCED_FACE ( 'NONE', ( #3598 ), #3033, .F. ) ;
#1656 = EDGE_LOOP ( 'NONE', ( #3720, #6811, #2145, #1731, #2223, #6706, #2598, #6169, #6997, #6118, #6818, #2315, #5343, #4712, #4012, #2073, #7272, #911, #6878, #6241, #215, #5789, #2736, #5293, #2369, #3202, #968, #6427, #4732, #1016, #1734, #787, #5633, #6207, #5231, #3396, #2067, #6046, #4183, #3526, #5943, #101, #1283, #3203, #6959, #3952, #819, #6564, #6459, #562, #4849, #7171, #849, #5243, #2692 ) ) ;
#1657 = ORIENTED_EDGE ( 'NONE', *, *, #6935, .T. ) ;
#1658 = FACE_OUTER_BOUND ( 'NONE', #3476, .T. ) ;
#1659 = DIRECTION ( 'NONE',  ( -0.9394895352248826548, 0.000000000000000000, -0.3425776017239510196 ) ) ;
#1660 = DIRECTION ( 'NONE',  ( 0.000000000000000000, 0.000000000000000000, -1.000000000000000000 ) ) ;
#1661 = DIRECTION ( 'NONE',  ( 0.000000000000000000, 0.000000000000000000, -1.000000000000000000 ) ) ;
#1662 = DIRECTION ( 'NONE',  ( 0.000000000000000000, -1.000000000000000000, 0.000000000000000000 ) ) ;
#1663 = FACE_OUTER_BOUND ( 'NONE', #6256, .T. ) ;
#1664 = ORIENTED_EDGE ( 'NONE', *, *, #2552, .T. ) ;
#1665 = EDGE_CURVE ( 'NONE', #1815, #6102, #1695, .T. ) ;
#1666 = VECTOR ( 'NONE', #5687, 39.37007874015748854 ) ;
#1667 = CARTESIAN_POINT ( 'NONE',  ( -2.290115338250715116, 1.200787401574803237, 0.9812438236346530118 ) ) ;
#1668 = FACE_OUTER_BOUND ( 'NONE', #4896, .T. ) ;
#1669 = LENGTH_MEASURE_WITH_UNIT ( LENGTH_MEASURE( 0.02539999999999999897 ), #1043 );
#1670 = CARTESIAN_POINT ( 'NONE',  ( -6.304676538103634265, 0.6791338582677166613, -0.2241486485422573838 ) ) ;
#1671 = CARTESIAN_POINT ( 'NONE',  ( -2.054652262914772987, 1.082677165354330784, -1.053835552403835196 ) ) ;
#1672 = ORIENTED_EDGE ( 'NONE', *, *, #4538, .F. ) ;
#1673 = ADVANCED_FACE ( 'NONE', ( #4050 ), #7110, .F. ) ;
#1674 = ORIENTED_EDGE ( 'NONE', *, *, #4675, .F. ) ;
#1675 = DIRECTION ( 'NONE',  ( -0.000000000000000000, -1.000000000000000000, -0.000000000000000000 ) ) ;
#1676 = EDGE_CURVE ( 'NONE', #2003, #6971, #1697, .T. ) ;
#1677 = DIRECTION ( 'NONE',  ( 0.000000000000000000, -1.000000000000000000, 0.000000000000000000 ) ) ;
#1678 = DIRECTION ( 'NONE',  ( 0.000000000000000000, -1.000000000000000000, 0.000000000000000000 ) ) ;
#1679 = ORIENTED_EDGE ( 'NONE', *, *, #7049, .F. ) ;
#1680 = FACE_OUTER_BOUND ( 'NONE', #1585, .T. ) ;
#1681 = CARTESIAN_POINT ( 'NONE',  ( -2.251502656615562259, 1.082677165354330784, -1.394790435783534566 ) ) ;
#1682 = LINE ( 'NONE', #3353, #1929 ) ;
#1683 = EDGE_LOOP ( 'NONE', ( #520, #6142, #272, #5985 ) ) ;
#1684 = EDGE_CURVE ( 'NONE', #1171, #6803, #4632, .T. ) ;
#1685 = VECTOR ( 'NONE', #2128, 39.37007874015748143 ) ;
#1686 = CIRCLE ( 'NONE', #6738, 0.08070866141732287169 ) ;
#1687 = FACE_OUTER_BOUND ( 'NONE', #2243, .T. ) ;
#1688 = ORIENTED_EDGE ( 'NONE', *, *, #7031, .T. ) ;
#1689 = VECTOR ( 'NONE', #1847, 39.37007874015747433 ) ;
#1690 = AXIS2_PLACEMENT_3D ( 'NONE', #3608, #1928, #7319 ) ;
#1691 = DIRECTION ( 'NONE',  ( 0.8660254037844363761, 0.000000000000000000, -0.5000000000000041078 ) ) ;
#1692 = ORIENTED_EDGE ( 'NONE', *, *, #5737, .T. ) ;
#1693 = EDGE_LOOP ( 'NONE', ( #2677, #7574, #352, #1554 ) ) ;
#1695 = LINE ( 'NONE', #7659, #4542 ) ;
#1694 = AXIS2_PLACEMENT_3D ( 'NONE', #3980, #6329, #1031 ) ;
#1696 = AXIS2_PLACEMENT_3D ( 'NONE', #5253, #1038, #7005 ) ;
#1697 = CIRCLE ( 'NONE', #4037, 0.08070866141732316312 ) ;
#1698 = DIRECTION ( 'NONE',  ( 0.000000000000000000, -1.000000000000000000, 0.000000000000000000 ) ) ;
#1699 = EDGE_CURVE ( 'NONE', #5442, #5230, #1852, .T. ) ;
#1700 = DIRECTION ( 'NONE',  ( 0.000000000000000000, -1.000000000000000000, 0.000000000000000000 ) ) ;
#1701 = ADVANCED_FACE ( 'NONE', ( #3478 ), #44, .F. ) ;
#1702 = PLANE ( 'NONE',  #4794 ) ;
#1703 = CARTESIAN_POINT ( 'NONE',  ( -4.558412059106971448, 1.181102362204724532, -0.6640967766011043327 ) ) ;
#1704 = AXIS2_PLACEMENT_3D ( 'NONE', #5907, #5754, #7554 ) ;
#1705 = ORIENTED_EDGE ( 'NONE', *, *, #6548, .F. ) ;
#1706 = CIRCLE ( 'NONE', #592, 0.08070866141732309373 ) ;
#1707 = CARTESIAN_POINT ( 'NONE',  ( -1.569592889856162632, 1.200787401574803237, -1.707782561767789531 ) ) ;
#1708 = CYLINDRICAL_SURFACE ( 'NONE', #2529, 0.08070866141732296883 ) ;
#1709 = CIRCLE ( 'NONE', #7397, 0.08070866141732241372 ) ;
#1710 = CIRCLE ( 'NONE', #5042, 0.08070866141732351007 ) ;
#1711 = FACE_OUTER_BOUND ( 'NONE', #3862, .T. ) ;
#1712 = DIRECTION ( 'NONE',  ( 0.6313919323777766879, 0.000000000000000000, -0.7754638790609508225 ) ) ;
#1713 = DIRECTION ( 'NONE',  ( 0.000000000000000000, 0.000000000000000000, -1.000000000000000000 ) ) ;
#1714 = VERTEX_POINT ( 'NONE', #5294 ) ;
#1715 = ORIENTED_EDGE ( 'NONE', *, *, #3252, .T. ) ;
#1716 = AXIS2_PLACEMENT_3D ( 'NONE', #7600, #5276, #1758 ) ;
#1717 = EDGE_LOOP ( 'NONE', ( #1218, #5255 ) ) ;
#1718 = CARTESIAN_POINT ( 'NONE',  ( -1.179246010761500818, 1.200787401574803237, 1.478542926317494288 ) ) ;
#1719 = DIRECTION ( 'NONE',  ( -0.000000000000000000, -1.000000000000000000, -0.000000000000000000 ) ) ;
#1720 = DIRECTION ( 'NONE',  ( 0.000000000000000000, 0.000000000000000000, -1.000000000000000000 ) ) ;
#1721 = ORIENTED_EDGE ( 'NONE', *, *, #5336, .F. ) ;
#1722 = DIRECTION ( 'NONE',  ( 0.000000000000000000, 0.000000000000000000, -1.000000000000000000 ) ) ;
#1723 = EDGE_CURVE ( 'NONE', #4978, #4211, #1576, .T. ) ;
#1724 = AXIS2_PLACEMENT_3D ( 'NONE', #1040, #2211, #4570 ) ;
#1725 = ADVANCED_FACE ( 'NONE', ( #2317, #7040 ), #1740, .F. ) ;
#1726 = LINE ( 'NONE', #6434, #5522 ) ;
#1727 = DIRECTION ( 'NONE',  ( 0.000000000000000000, 0.000000000000000000, -1.000000000000000000 ) ) ;
#1728 = EDGE_CURVE ( 'NONE', #141, #865, #3508, .T. ) ;
#1729 = AXIS2_PLACEMENT_3D ( 'NONE', #2436, #1857, #4756 ) ;
#1730 = ADVANCED_FACE ( 'NONE', ( #2156, #6930, #6964, #88, #123, #6012, #2072, #6789, #271, #4863, #6705, #6672, #1994, #3079, #4347, #1962, #3709, #1406, #1375, #3771, #5546, #7340, #2025, #6743, #5011, #1453, #3818, #6166, #3231, #5584, #2648, #7383, #1495, #4433, #3978, #1798, #5354, #7098, #1177, #556, #639, #3623, #2463, #670, #4743, #4113, #1844, #5242, #4155, #2, #7142, #4824, #6470, #1765 ), #4041, .F. ) ;
#1731 = ORIENTED_EDGE ( 'NONE', *, *, #3847, .F. ) ;
#1732 = CARTESIAN_POINT ( 'NONE',  ( -0.9262958047319170829, 1.082677165354330784, 0.2745509102488197239 ) ) ;
#1733 = CARTESIAN_POINT ( 'NONE',  ( -2.198756752593682862, 1.200787401574803237, -0.4353216139060233636 ) ) ;
#1734 = ORIENTED_EDGE ( 'NONE', *, *, #6247, .F. ) ;
#1735 = VECTOR ( 'NONE', #4727, 39.37007874015747433 ) ;
#1736 = LINE ( 'NONE', #4084, #566 ) ;
#1737 = ORIENTED_EDGE ( 'NONE', *, *, #4126, .T. ) ;
#1738 = EDGE_LOOP ( 'NONE', ( #6851, #5793 ) ) ;
#1739 = AXIS2_PLACEMENT_3D ( 'NONE', #4471, #1371, #2068 ) ;
#1740 = PLANE ( 'NONE',  #7631 ) ;
#1741 = CARTESIAN_POINT ( 'NONE',  ( -3.122413029667137074, 0.1968503937007874127, -3.725633739945667600 ) ) ;
#1742 = LINE ( 'NONE', #6369, #2678 ) ;
#1743 = ADVANCED_FACE ( 'NONE', ( #1146 ), #2879, .T. ) ;
#1744 = LINE ( 'NONE', #2859, #3155 ) ;
#1745 = CARTESIAN_POINT ( 'NONE',  ( -2.395607146294472134, 1.082677165354330784, -0.6955678358684000973 ) ) ;
#1746 = EDGE_CURVE ( 'NONE', #425, #3981, #5637, .T. ) ;
#1747 = DIRECTION ( 'NONE',  ( 0.000000000000000000, 0.000000000000000000, -1.000000000000000000 ) ) ;
#1748 = CARTESIAN_POINT ( 'NONE',  ( -1.805055965192104983, 1.200787401574803237, 0.2465881528533755696 ) ) ;
#1749 = DIRECTION ( 'NONE',  ( 0.7754638790607795151, 0.000000000000000000, 0.6313919323779871862 ) ) ;
#1750 = DIRECTION ( 'NONE',  ( -0.8660254037844379305, 0.000000000000000000, 0.5000000000000014433 ) ) ;
#1751 = CARTESIAN_POINT ( 'NONE',  ( -3.274367306754660145, 1.082677165354330784, -0.6428219318465206999 ) ) ;
#1752 = FACE_OUTER_BOUND ( 'NONE', #5988, .T. ) ;
#1753 = ORIENTED_EDGE ( 'NONE', *, *, #5449, .F. ) ;
#1754 = DIRECTION ( 'NONE',  ( 0.000000000000000000, 0.000000000000000000, -1.000000000000000000 ) ) ;
#1755 = CARTESIAN_POINT ( 'NONE',  ( -1.372742496155374026, 1.082677165354330784, -1.366827678388090161 ) ) ;
#1756 = DIRECTION ( 'NONE',  ( 0.000000000000000000, 0.000000000000000000, -1.000000000000000000 ) ) ;
#1757 = EDGE_LOOP ( 'NONE', ( #3210, #3346 ) ) ;
#1758 = DIRECTION ( 'NONE',  ( 0.9394895352248825438, 0.000000000000000000, 0.3425776017239510751 ) ) ;
#1759 = CARTESIAN_POINT ( 'NONE',  ( -0.9262958047319170829, 1.200787401574803237, 0.1938422488314968661 ) ) ;
#1760 = SHAPE_DEFINITION_REPRESENTATION ( #1439, #3065 ) ;
#1761 = EDGE_CURVE ( 'NONE', #644, #1647, #6406, .T. ) ;
#1762 = ORIENTED_EDGE ( 'NONE', *, *, #697, .T. ) ;
#1763 = PRODUCT_DEFINITION_CONTEXT ( 'detailed design', #6356, 'design' ) ;
#1764 = FACE_OUTER_BOUND ( 'NONE', #671, .T. ) ;
#1765 = FACE_BOUND ( 'NONE', #7653, .T. ) ;
#1766 = ORIENTED_EDGE ( 'NONE', *, *, #361, .F. ) ;
#1767 = APPLICATION_CONTEXT ( 'automotive_design' ) ;
#1768 = CARTESIAN_POINT ( 'NONE',  ( -3.077516913053870873, 1.082677165354330784, -0.3825757098841445214 ) ) ;
#1769 = CARTESIAN_POINT ( 'NONE',  ( -2.683816125652293216, 1.200787401574803237, 0.2993340568752542175 ) ) ;
#1770 = ORIENTED_EDGE ( 'NONE', *, *, #234, .F. ) ;
#1771 = ORIENTED_EDGE ( 'NONE', *, *, #1394, .F. ) ;
#1772 = DIRECTION ( 'NONE',  ( 0.8660254037844362651, 0.000000000000000000, -0.5000000000000041078 ) ) ;
#1773 = DIRECTION ( 'NONE',  ( 0.000000000000000000, 0.000000000000000000, -1.000000000000000000 ) ) ;
#1774 = ADVANCED_FACE ( 'NONE', ( #1109 ), #5821, .F. ) ;
#1775 = DIRECTION ( 'NONE',  ( 0.5000000000000067724, 0.000000000000000000, 0.8660254037844348218 ) ) ;
#1776 = CARTESIAN_POINT ( 'NONE',  ( -5.099772926575686149, 1.377952755905512028, 2.012411924059957169 ) ) ;
#1777 = ORIENTED_EDGE ( 'NONE', *, *, #6953, .F. ) ;
#1778 = DIRECTION ( 'NONE',  ( 0.000000000000000000, -1.000000000000000000, 0.000000000000000000 ) ) ;
#1779 = CARTESIAN_POINT ( 'NONE',  ( -0.6414407336810146187, 1.200787401574803237, 1.415147098055899555 ) ) ;
#1780 = ORIENTED_EDGE ( 'NONE', *, *, #6897, .T. ) ;
#1781 = LINE ( 'NONE', #5914, #1902 ) ;
#1782 = DIRECTION ( 'NONE',  ( 0.000000000000000000, -1.000000000000000000, 0.000000000000000000 ) ) ;
#1783 = VERTEX_POINT ( 'NONE', #3589 ) ;
#1784 = ORIENTED_EDGE ( 'NONE', *, *, #1112, .F. ) ;
#1785 = DIRECTION ( 'NONE',  ( 0.000000000000000000, -1.000000000000000000, 0.000000000000000000 ) ) ;
#1786 = AXIS2_PLACEMENT_3D ( 'NONE', #23, #734, #4911 ) ;
#1787 = CARTESIAN_POINT ( 'NONE',  ( -2.789307933696049790, 1.200787401574803237, -1.458186264045121971 ) ) ;
#1788 = DIRECTION ( 'NONE',  ( 0.8660254037844362651, -0.000000000000000000, -0.5000000000000038858 ) ) ;
#1789 = LINE ( 'NONE', #2248, #7270 ) ;
#1790 = ORIENTED_EDGE ( 'NONE', *, *, #6905, .T. ) ;
#1791 = DIRECTION ( 'NONE',  ( 0.000000000000000000, -1.000000000000000000, 0.000000000000000000 ) ) ;
#1792 = ADVANCED_FACE ( 'NONE', ( #4671 ), #7035, .F. ) ;
#1793 = EDGE_CURVE ( 'NONE', #3772, #5883, #1318, .T. ) ;
#1794 = ORIENTED_EDGE ( 'NONE', *, *, #4437, .T. ) ;
#1795 = ORIENTED_EDGE ( 'NONE', *, *, #5841, .F. ) ;
#1796 = EDGE_LOOP ( 'NONE', ( #589, #4000, #1372, #390 ) ) ;
#1797 = CARTESIAN_POINT ( 'NONE',  ( -1.179246010761500818, 1.200787401574803237, 1.559251587734817646 ) ) ;
#1798 = FACE_BOUND ( 'NONE', #5825, .T. ) ;
#1799 = ORIENTED_EDGE ( 'NONE', *, *, #5562, .F. ) ;
#1800 = CARTESIAN_POINT ( 'NONE',  ( -0.9790417087537957030, 1.200787401574803237, -0.6849179116286912006 ) ) ;
#1801 = DIRECTION ( 'NONE',  ( 0.000000000000000000, 0.000000000000000000, -1.000000000000000000 ) ) ;
#1802 = LINE ( 'NONE', #5361, #4443 ) ;
#1803 = AXIS2_PLACEMENT_3D ( 'NONE', #607, #5567, #7146 ) ;
#1804 = CIRCLE ( 'NONE', #5491, 0.08070866141732323251 ) ;
#1805 = ORIENTED_EDGE ( 'NONE', *, *, #5843, .T. ) ;
#1806 = CYLINDRICAL_SURFACE ( 'NONE', #2233, 0.06496062992125979652 ) ;
#1807 = DIRECTION ( 'NONE',  ( 0.000000000000000000, 0.000000000000000000, -1.000000000000000000 ) ) ;
#1808 = CARTESIAN_POINT ( 'NONE',  ( 6.247911664444032454, 0.1968503937007874127, 5.087631837483057140 ) ) ;
#1809 = AXIS2_PLACEMENT_3D ( 'NONE', #1269, #6053, #4866 ) ;
#1810 = CIRCLE ( 'NONE', #567, 0.1240157480314960647 ) ;
#1811 = CIRCLE ( 'NONE', #6240, 0.08070866141732285781 ) ;
#1812 = DIRECTION ( 'NONE',  ( -0.9872673851728543948, 0.000000000000000000, -0.1590695136534806542 ) ) ;
#1813 = DIRECTION ( 'NONE',  ( 0.000000000000000000, -1.000000000000000000, 0.000000000000000000 ) ) ;
#1814 = EDGE_CURVE ( 'NONE', #5076, #425, #3542, .T. ) ;
#1815 = VERTEX_POINT ( 'NONE', #2381 ) ;
#1816 = ADVANCED_FACE ( 'NONE', ( #2992 ), #5493, .F. ) ;
#1817 = CARTESIAN_POINT ( 'NONE',  ( -2.001906358892894033, 1.200787401574803237, -0.09436673052632393865 ) ) ;
#1818 = CIRCLE ( 'NONE', #6119, 0.08070866141732309373 ) ;
#1819 = VECTOR ( 'NONE', #2167, 39.37007874015748854 ) ;
#1820 = LINE ( 'NONE', #6679, #5383 ) ;
#1821 = EDGE_LOOP ( 'NONE', ( #3997, #5193 ) ) ;
#1822 = CARTESIAN_POINT ( 'NONE',  ( -5.447346634511760044, 1.377952755905512028, -0.8455089092714229704 ) ) ;
#1823 = AXIS2_PLACEMENT_3D ( 'NONE', #6131, #3206, #243 ) ;
#1824 = LINE ( 'NONE', #5228, #6112 ) ;
#1825 = AXIS2_PLACEMENT_3D ( 'NONE', #2024, #6828, #2071 ) ;
#1826 = ADVANCED_FACE ( 'NONE', ( #3107 ), #3652, .F. ) ;
#1827 = EDGE_LOOP ( 'NONE', ( #1960, #1836, #7115, #3453 ) ) ;
#1828 = CARTESIAN_POINT ( 'NONE',  ( -1.509832702874725818, 1.338582677165354395, -0.2998563300174523216 ) ) ;
#1829 = VERTEX_POINT ( 'NONE', #7330 ) ;
#1830 = CIRCLE ( 'NONE', #2693, 0.08070866141732337129 ) ;
#1831 = CARTESIAN_POINT ( 'NONE',  ( -2.736562029674171725, 1.082677165354330784, -0.5794261035849337382 ) ) ;
#1832 = AXIS2_PLACEMENT_3D ( 'NONE', #4091, #3510, #1854 ) ;
#1833 = EDGE_CURVE ( 'NONE', #1281, #3191, #3672, .T. ) ;
#1834 = CARTESIAN_POINT ( 'NONE',  ( -3.668068094156238246, 1.200787401574803237, -1.405440360023242796 ) ) ;
#1835 = DIRECTION ( 'NONE',  ( -0.000000000000000000, -1.000000000000000000, -0.000000000000000000 ) ) ;
#1836 = ORIENTED_EDGE ( 'NONE', *, *, #4176, .F. ) ;
#1837 = DIRECTION ( 'NONE',  ( 0.000000000000000000, 0.000000000000000000, -1.000000000000000000 ) ) ;
#1838 = CIRCLE ( 'NONE', #598, 0.08070866141732323251 ) ;
#1839 = ORIENTED_EDGE ( 'NONE', *, *, #3619, .T. ) ;
#1840 = EDGE_LOOP ( 'NONE', ( #5105, #2478, #1487, #4313 ) ) ;
#1841 = AXIS2_PLACEMENT_3D ( 'NONE', #1667, #5835, #7047 ) ;
#1842 = AXIS2_PLACEMENT_3D ( 'NONE', #4364, #348, #1603 ) ;
#1843 = LINE ( 'NONE', #749, #3288 ) ;
#1844 = FACE_BOUND ( 'NONE', #4128, .T. ) ;
#1845 = ORIENTED_EDGE ( 'NONE', *, *, #5455, .F. ) ;
#1846 = DIRECTION ( 'NONE',  ( 0.000000000000000000, -1.000000000000000000, 0.000000000000000000 ) ) ;
#1847 = DIRECTION ( 'NONE',  ( 0.5000000000000042188, 0.000000000000000000, 0.8660254037844362651 ) ) ;
#1848 = AXIS2_PLACEMENT_3D ( 'NONE', #6079, #3111, #4829 ) ;
#1849 = CARTESIAN_POINT ( 'NONE',  ( 6.247911664444032454, 0.9842519685039370358, 5.087631837483057140 ) ) ;
#1850 = VERTEX_POINT ( 'NONE', #2015 ) ;
#1851 = DIRECTION ( 'NONE',  ( 0.6313919323779896287, 0.000000000000000000, -0.7754638790607775167 ) ) ;
#1852 = LINE ( 'NONE', #5944, #6753 ) ;
#1853 = DIRECTION ( 'NONE',  ( -0.000000000000000000, -1.000000000000000000, -0.000000000000000000 ) ) ;
#1854 = DIRECTION ( 'NONE',  ( 0.000000000000000000, 0.000000000000000000, -1.000000000000000000 ) ) ;
#1855 = DIRECTION ( 'NONE',  ( 0.000000000000000000, -1.000000000000000000, 0.000000000000000000 ) ) ;
#1856 = AXIS2_PLACEMENT_3D ( 'NONE', #5704, #1619, #3976 ) ;
#1857 = DIRECTION ( 'NONE',  ( -0.000000000000000000, -1.000000000000000000, -0.000000000000000000 ) ) ;
#1858 = EDGE_LOOP ( 'NONE', ( #3086, #1335, #2180, #5018 ) ) ;
#1859 = DIRECTION ( 'NONE',  ( 0.000000000000000000, -1.000000000000000000, 0.000000000000000000 ) ) ;
#1860 = DIRECTION ( 'NONE',  ( -0.000000000000000000, -1.000000000000000000, -0.000000000000000000 ) ) ;
#1861 = LINE ( 'NONE', #4914, #6380 ) ;
#1862 = EDGE_LOOP ( 'NONE', ( #6178, #3018, #3151, #5425 ) ) ;
#1863 = CARTESIAN_POINT ( 'NONE',  ( -2.922400240910253633, 1.082677165354330784, -2.378945408440156672 ) ) ;
#1864 = ORIENTED_EDGE ( 'NONE', *, *, #6010, .F. ) ;
#1865 = EDGE_CURVE ( 'NONE', #5606, #5203, #461, .T. ) ;
#1866 = CARTESIAN_POINT ( 'NONE',  ( -2.486965731951503944, 1.200787401574803237, 0.6402889402549535314 ) ) ;
#1867 = DIRECTION ( 'NONE',  ( -0.000000000000000000, 1.000000000000000000, -0.000000000000000000 ) ) ;
#1868 = VERTEX_POINT ( 'NONE', #5999 ) ;
#1869 = DIRECTION ( 'NONE',  ( 0.7664256734729304466, 0.000000000000000000, -0.6423330032324080507 ) ) ;
#1870 = EDGE_CURVE ( 'NONE', #3408, #4185, #3222, .T. ) ;
#1871 = ORIENTED_EDGE ( 'NONE', *, *, #299, .T. ) ;
#1872 = APPLICATION_PROTOCOL_DEFINITION ( 'draft international standard', 'automotive_design', 1998, #1767 ) ;
#1873 = ORIENTED_EDGE ( 'NONE', *, *, #2792, .T. ) ;
#1874 = ORIENTED_EDGE ( 'NONE', *, *, #4176, .T. ) ;
#1875 = CARTESIAN_POINT ( 'NONE',  ( -2.645203444017139915, 1.082677165354330784, -2.076700202542933305 ) ) ;
#1876 = CARTESIAN_POINT ( 'NONE',  ( -1.509832702874725818, 1.082677165354330784, -0.2998563300174523216 ) ) ;
#1877 = VERTEX_POINT ( 'NONE', #2526 ) ;
#1878 = DIRECTION ( 'NONE',  ( 0.000000000000000000, -1.000000000000000000, 0.000000000000000000 ) ) ;
#1879 = LINE ( 'NONE', #81, #7385 ) ;
#1880 = FACE_OUTER_BOUND ( 'NONE', #2173, .T. ) ;
#1881 = ORIENTED_EDGE ( 'NONE', *, *, #4821, .F. ) ;
#1882 = CARTESIAN_POINT ( 'NONE',  ( -2.765727287912899790, 1.377952755905512028, -3.351338503008610026 ) ) ;
#1883 = EDGE_CURVE ( 'NONE', #3177, #7347, #2600, .T. ) ;
#1884 = EDGE_CURVE ( 'NONE', #5941, #4769, #6106, .T. ) ;
#1885 = DIRECTION ( 'NONE',  ( 0.000000000000000000, 0.000000000000000000, -1.000000000000000000 ) ) ;
#1886 = VERTEX_POINT ( 'NONE', #4887 ) ;
#1887 = CARTESIAN_POINT ( 'NONE',  ( -3.274367306754660145, 1.200787401574803237, -0.7235305932638439463 ) ) ;
#1888 = CYLINDRICAL_SURFACE ( 'NONE', #5868, 0.08070866141732296883 ) ;
#1889 = ORIENTED_EDGE ( 'NONE', *, *, #5899, .T. ) ;
#1890 = DIRECTION ( 'NONE',  ( -0.000000000000000000, -1.000000000000000000, -0.000000000000000000 ) ) ;
#1891 = DIRECTION ( 'NONE',  ( 0.000000000000000000, -1.000000000000000000, 0.000000000000000000 ) ) ;
#1892 = EDGE_CURVE ( 'NONE', #1868, #1886, #6154, .T. ) ;
#1893 = VERTEX_POINT ( 'NONE', #1947 ) ;
#1894 = EDGE_LOOP ( 'NONE', ( #7593, #252, #2147, #3663, #4874, #4965, #977, #6916 ) ) ;
#1895 = DIRECTION ( 'NONE',  ( 0.000000000000000000, -1.000000000000000000, 0.000000000000000000 ) ) ;
#1896 = DIRECTION ( 'NONE',  ( 0.000000000000000000, -0.000000000000000000, -1.000000000000000000 ) ) ;
#1897 = ORIENTED_EDGE ( 'NONE', *, *, #869, .T. ) ;
#1898 = CARTESIAN_POINT ( 'NONE',  ( -1.949160454871015524, 1.200787401574803237, 0.7843934299338640725 ) ) ;
#1899 = ORIENTED_EDGE ( 'NONE', *, *, #6028, .T. ) ;
#1900 = ORIENTED_EDGE ( 'NONE', *, *, #281, .F. ) ;
#1901 = EDGE_CURVE ( 'NONE', #896, #898, #6696, .T. ) ;
#1902 = VECTOR ( 'NONE', #6424, 39.37007874015748143 ) ;
#1903 = EDGE_CURVE ( 'NONE', #3465, #4434, #6730, .T. ) ;
#1904 = ORIENTED_EDGE ( 'NONE', *, *, #2098, .T. ) ;
#1905 = CARTESIAN_POINT ( 'NONE',  ( -4.230826203675783326, 0.3937007874015752140, 2.442668647586762276 ) ) ;
#1906 = DIRECTION ( 'NONE',  ( -0.000000000000000000, -1.000000000000000000, -0.000000000000000000 ) ) ;
#1907 = ORIENTED_EDGE ( 'NONE', *, *, #5688, .F. ) ;
#1908 = CARTESIAN_POINT ( 'NONE',  ( -4.678540806714116762, 1.102362204724409933, 3.064842003109420787 ) ) ;
#1909 = DIRECTION ( 'NONE',  ( -0.000000000000000000, -1.000000000000000000, -0.000000000000000000 ) ) ;
#1910 = CARTESIAN_POINT ( 'NONE',  ( -4.665543679984905268, 0.000000000000000000, 2.693652899555251778 ) ) ;
#1911 = EDGE_CURVE ( 'NONE', #5819, #4593, #711, .T. ) ;
#1912 = DIRECTION ( 'NONE',  ( -0.000000000000000000, -1.000000000000000000, -0.000000000000000000 ) ) ;
#1913 = ORIENTED_EDGE ( 'NONE', *, *, #7317, .T. ) ;
#1914 = CARTESIAN_POINT ( 'NONE',  ( -2.933412423374960998, 1.200787401574803237, -0.9203809869646332187 ) ) ;
#1915 = FACE_OUTER_BOUND ( 'NONE', #3786, .T. ) ;
#1916 = AXIS2_PLACEMENT_3D ( 'NONE', #3751, #2351, #6724 ) ;
#1917 = CARTESIAN_POINT ( 'NONE',  ( -2.304248560637440324, 1.200787401574803237, -2.112133273409074974 ) ) ;
#1918 = VERTEX_POINT ( 'NONE', #1288 ) ;
#1919 = CYLINDRICAL_SURFACE ( 'NONE', #3074, 0.08070866141732276067 ) ;
#1920 = ORIENTED_EDGE ( 'NONE', *, *, #4437, .F. ) ;
#1921 = EDGE_CURVE ( 'NONE', #5770, #3017, #5168, .T. ) ;
#1922 = VECTOR ( 'NONE', #1180, 39.37007874015748143 ) ;
#1923 = ADVANCED_FACE ( 'NONE', ( #781 ), #114, .F. ) ;
#1924 = AXIS2_PLACEMENT_3D ( 'NONE', #5448, #2443, #4807 ) ;
#1925 = AXIS2_PLACEMENT_3D ( 'NONE', #1486, #2131, #6191 ) ;
#1926 = DIRECTION ( 'NONE',  ( -0.1590695136534932552, 0.000000000000000000, 0.9872673851728522854 ) ) ;
#1927 = CARTESIAN_POINT ( 'NONE',  ( -2.933412423374960998, 1.200787401574803237, -1.001089648381956465 ) ) ;
#1928 = DIRECTION ( 'NONE',  ( 0.000000000000000000, -1.000000000000000000, 0.000000000000000000 ) ) ;
#1929 = VECTOR ( 'NONE', #5699, 39.37007874015748143 ) ;
#1930 = ORIENTED_EDGE ( 'NONE', *, *, #205, .T. ) ;
#1931 = AXIS2_PLACEMENT_3D ( 'NONE', #2045, #4411, #5600 ) ;
#1932 = CIRCLE ( 'NONE', #2549, 0.08070866141732269128 ) ;
#1933 = CARTESIAN_POINT ( 'NONE',  ( -2.769193459787799849, 4.628587467361328904E-16, 1.962479798385002416 ) ) ;
#1934 = ORIENTED_EDGE ( 'NONE', *, *, #7049, .T. ) ;
#1935 = CARTESIAN_POINT ( 'NONE',  ( -0.8419227783873970417, 1.082677165354330784, -0.1356514444852581214 ) ) ;
#1936 = AXIS2_PLACEMENT_3D ( 'NONE', #399, #6283, #2606 ) ;
#1937 = DIRECTION ( 'NONE',  ( 0.000000000000000000, 1.000000000000000000, -0.000000000000000000 ) ) ;
#1938 = CARTESIAN_POINT ( 'NONE',  ( -1.910547773235862445, 1.082677165354330784, -1.510932168067000481 ) ) ;
#1939 = DIRECTION ( 'NONE',  ( 0.000000000000000000, 0.000000000000000000, -1.000000000000000000 ) ) ;
#1940 = ORIENTED_EDGE ( 'NONE', *, *, #7228, .F. ) ;
#1941 = AXIS2_PLACEMENT_3D ( 'NONE', #1834, #3752, #3056 ) ;
#1942 = ORIENTED_EDGE ( 'NONE', *, *, #636, .T. ) ;
#1943 = CIRCLE ( 'NONE', #80, 0.08070866141732337129 ) ;
#1944 = VERTEX_POINT ( 'NONE', #4855 ) ;
#1945 = EDGE_CURVE ( 'NONE', #3064, #4085, #1985, .T. ) ;
#1946 = DIRECTION ( 'NONE',  ( 0.000000000000000000, 0.000000000000000000, -1.000000000000000000 ) ) ;
#1947 = CARTESIAN_POINT ( 'NONE',  ( -0.6000213554741241628, 1.082677165354330784, 3.721566755833274343 ) ) ;
#1948 = VERTEX_POINT ( 'NONE', #3732 ) ;
#1949 = CARTESIAN_POINT ( 'NONE',  ( -2.818595407489249194, 1.082677165354331672, 1.286361933870876939 ) ) ;
#1950 = AXIS2_PLACEMENT_3D ( 'NONE', #4457, #6770, #775 ) ;
#1951 = EDGE_CURVE ( 'NONE', #4927, #7565, #3136, .T. ) ;
#1952 = AXIS2_PLACEMENT_3D ( 'NONE', #5003, #3846, #4005 ) ;
#1953 = EDGE_CURVE ( 'NONE', #4978, #6839, #2565, .T. ) ;
#1954 = FACE_OUTER_BOUND ( 'NONE', #606, .T. ) ;
#1955 = ADVANCED_FACE ( 'NONE', ( #818 ), #4964, .T. ) ;
#1956 = FACE_OUTER_BOUND ( 'NONE', #7481, .T. ) ;
#1957 = ORIENTED_EDGE ( 'NONE', *, *, #2920, .T. ) ;
#1958 = CIRCLE ( 'NONE', #7537, 0.08070866141732378762 ) ;
#1959 = EDGE_CURVE ( 'NONE', #4335, #3023, #983, .T. ) ;
#1960 = ORIENTED_EDGE ( 'NONE', *, *, #6396, .F. ) ;
#1961 = LINE ( 'NONE', #1882, #163 ) ;
#1962 = FACE_BOUND ( 'NONE', #4401, .T. ) ;
#1963 = ORIENTED_EDGE ( 'NONE', *, *, #4323, .T. ) ;
#1964 = DIRECTION ( 'NONE',  ( 0.000000000000000000, 0.000000000000000000, 1.000000000000000000 ) ) ;
#1965 = VECTOR ( 'NONE', #651, 39.37007874015747433 ) ;
#1966 = CARTESIAN_POINT ( 'NONE',  ( -2.662433740129166004, 0.5511811023622049666, 1.537156836563132734 ) ) ;
#1967 = EDGE_LOOP ( 'NONE', ( #2634, #4385 ) ) ;
#1968 = LINE ( 'NONE', #6087, #354 ) ;
#1969 = CIRCLE ( 'NONE', #3464, 0.08070866141732351007 ) ;
#1970 = LINE ( 'NONE', #2654, #3546 ) ;
#1971 = CARTESIAN_POINT ( 'NONE',  ( -0.6908327293959752868, 1.082677165354330784, -1.760528465789668040 ) ) ;
#1972 = EDGE_CURVE ( 'NONE', #1281, #5060, #5001, .T. ) ;
#1973 = DIRECTION ( 'NONE',  ( 0.000000000000000000, 0.000000000000000000, -1.000000000000000000 ) ) ;
#1974 = PLANE ( 'NONE',  #2048 ) ;
#1975 = EDGE_CURVE ( 'NONE', #6790, #1647, #2327, .T. ) ;
#1976 = CIRCLE ( 'NONE', #1739, 0.08070866141732323251 ) ;
#1977 = ORIENTED_EDGE ( 'NONE', *, *, #7153, .F. ) ;
#1978 = DIRECTION ( 'NONE',  ( 0.000000000000000000, 0.000000000000000000, -1.000000000000000000 ) ) ;
#1979 = CARTESIAN_POINT ( 'NONE',  ( -2.448353050316350643, 1.200787401574803237, -1.574327996328588108 ) ) ;
#1980 = DIRECTION ( 'NONE',  ( -0.000000000000000000, -1.000000000000000000, -0.000000000000000000 ) ) ;
#1981 = CARTESIAN_POINT ( 'NONE',  ( -1.766443283556951904, 1.082677165354330784, -2.048737445147489122 ) ) ;
#1982 = ORIENTED_EDGE ( 'NONE', *, *, #7287, .F. ) ;
#1983 = ORIENTED_EDGE ( 'NONE', *, *, #5229, .T. ) ;
#1984 = CARTESIAN_POINT ( 'NONE',  ( 0.000000000000000000, 1.338582677165354395, 0.000000000000000000 ) ) ;
#1985 = LINE ( 'NONE', #6584, #5646 ) ;
#1986 = VERTEX_POINT ( 'NONE', #6817 ) ;
#1987 = DIRECTION ( 'NONE',  ( -0.5000000000000037748, 0.000000000000000000, -0.8660254037844362651 ) ) ;
#1988 = EDGE_CURVE ( 'NONE', #4380, #5956, #6132, .T. ) ;
#1989 = DIRECTION ( 'NONE',  ( 0.000000000000000000, -1.000000000000000000, 0.000000000000000000 ) ) ;
#1990 = FACE_OUTER_BOUND ( 'NONE', #5931, .T. ) ;
#1991 = EDGE_CURVE ( 'NONE', #3725, #2022, #4044, .T. ) ;
#1992 = ORIENTED_EDGE ( 'NONE', *, *, #7067, .F. ) ;
#1993 = DIRECTION ( 'NONE',  ( -0.8660254037844362651, 0.000000000000000000, 0.5000000000000041078 ) ) ;
#1994 = FACE_BOUND ( 'NONE', #1653, .T. ) ;
#1995 = PLANE ( 'NONE',  #6874 ) ;
#1996 = EDGE_LOOP ( 'NONE', ( #6961, #3888, #7431, #7505 ) ) ;
#1997 = DIRECTION ( 'NONE',  ( 0.000000000000000000, 0.000000000000000000, -1.000000000000000000 ) ) ;
#1998 = ORIENTED_EDGE ( 'NONE', *, *, #6245, .F. ) ;
#1999 = ADVANCED_FACE ( 'NONE', ( #6228 ), #7372, .F. ) ;
#2000 = DIRECTION ( 'NONE',  ( 0.000000000000000000, -1.000000000000000000, 0.000000000000000000 ) ) ;
#2001 = CARTESIAN_POINT ( 'NONE',  ( -2.054652262914772987, 1.200787401574803237, -0.8924182295691885924 ) ) ;
#2002 = FACE_OUTER_BOUND ( 'NONE', #6744, .T. ) ;
#2003 = VERTEX_POINT ( 'NONE', #5695 ) ;
#2004 = CYLINDRICAL_SURFACE ( 'NONE', #6763, 0.08070866141732351007 ) ;
#2005 = DIRECTION ( 'NONE',  ( 0.7664256734729305576, 0.000000000000000000, -0.6423330032324080507 ) ) ;
#2006 = DIRECTION ( 'NONE',  ( 0.000000000000000000, -1.000000000000000000, 0.000000000000000000 ) ) ;
#2007 = LINE ( 'NONE', #2452, #6025 ) ;
#2008 = CARTESIAN_POINT ( 'NONE',  ( -1.963293677257741177, 1.200787401574803237, -2.308983667109865134 ) ) ;
#2009 = CARTESIAN_POINT ( 'NONE',  ( -0.5999128844191700116, 0.000000000000000000, 3.720893528560921482 ) ) ;
#2010 = ORIENTED_EDGE ( 'NONE', *, *, #1056, .F. ) ;
#2011 = ORIENTED_EDGE ( 'NONE', *, *, #6978, .T. ) ;
#2012 = EDGE_CURVE ( 'NONE', #1071, #971, #4421, .T. ) ;
#2013 = EDGE_CURVE ( 'NONE', #3254, #4980, #7453, .T. ) ;
#2014 = DIRECTION ( 'NONE',  ( 0.000000000000000000, 0.000000000000000000, -1.000000000000000000 ) ) ;
#2015 = CARTESIAN_POINT ( 'NONE',  ( -3.471217700455449418, 1.200787401574803237, -1.145194138060866340 ) ) ;
#2016 = ORIENTED_EDGE ( 'NONE', *, *, #153, .T. ) ;
#2017 = CARTESIAN_POINT ( 'NONE',  ( -2.765835758967853941, 1.082677165354330784, -3.350665275736257609 ) ) ;
#2018 = CARTESIAN_POINT ( 'NONE',  ( -0.6908327293959752868, 1.200787401574803237, -1.760528465789668040 ) ) ;
#2019 = CARTESIAN_POINT ( 'NONE',  ( -1.857801869213983714, 1.082677165354330784, -0.6321720076068124694 ) ) ;
#2020 = CARTESIAN_POINT ( 'NONE',  ( -2.662433740129166448, 1.082677165354331672, 1.537156836563132734 ) ) ;
#2021 = LINE ( 'NONE', #6161, #4164 ) ;
#2022 = VERTEX_POINT ( 'NONE', #7487 ) ;
#2023 = DIRECTION ( 'NONE',  ( -0.000000000000000000, -1.000000000000000000, -0.000000000000000000 ) ) ;
#2024 = CARTESIAN_POINT ( 'NONE',  ( -2.976577355925106971, 0.9842519685039373689, -2.049962198577688355 ) ) ;
#2025 = FACE_BOUND ( 'NONE', #3145, .T. ) ;
#2026 = ORIENTED_EDGE ( 'NONE', *, *, #5502, .F. ) ;
#2027 = DIRECTION ( 'NONE',  ( -0.000000000000000000, -1.000000000000000000, -0.000000000000000000 ) ) ;
#2028 = DIRECTION ( 'NONE',  ( 0.000000000000000000, 0.000000000000000000, -1.000000000000000000 ) ) ;
#2029 = ORIENTED_EDGE ( 'NONE', *, *, #5479, .F. ) ;
#2030 = DIRECTION ( 'NONE',  ( 0.8660254037844362651, 0.000000000000000000, -0.5000000000000038858 ) ) ;
#2031 = FACE_OUTER_BOUND ( 'NONE', #3684, .T. ) ;
#2032 = LINE ( 'NONE', #6801, #6890 ) ;
#2033 = VERTEX_POINT ( 'NONE', #2179 ) ;
#2034 = CARTESIAN_POINT ( 'NONE',  ( 5.270235652629458478, 0.1968503937007874127, 6.288395410325986923 ) ) ;
#2035 = EDGE_CURVE ( 'NONE', #6673, #6697, #4544, .T. ) ;
#2036 = CARTESIAN_POINT ( 'NONE',  ( -4.360425569748676011, 1.082677165354331672, 3.222132968793801400 ) ) ;
#2037 = ADVANCED_FACE ( 'NONE', ( #3390 ), #5734, .T. ) ;
#2038 = ORIENTED_EDGE ( 'NONE', *, *, #6173, .T. ) ;
#2039 = CARTESIAN_POINT ( 'NONE',  ( -1.372742496155374026, 1.082677165354330784, -1.447536339805413297 ) ) ;
#2040 = VERTEX_POINT ( 'NONE', #7535 ) ;
#2041 = CIRCLE ( 'NONE', #7126, 0.08070866141732351007 ) ;
#2042 = AXIS2_PLACEMENT_3D ( 'NONE', #5677, #6886, #3744 ) ;
#2043 = CARTESIAN_POINT ( 'NONE',  ( -3.471217700455449418, 1.200787401574803237, -1.064485476643543427 ) ) ;
#2044 = DIRECTION ( 'NONE',  ( -0.000000000000000000, -1.000000000000000000, -0.000000000000000000 ) ) ;
#2045 = CARTESIAN_POINT ( 'NONE',  ( -1.425488400177252757, 1.082677165354330784, -2.245587838848277951 ) ) ;
#2046 = CARTESIAN_POINT ( 'NONE',  ( -1.267250688111616563, 1.200787401574803237, 0.4714013039496090518 ) ) ;
#2047 = AXIS2_PLACEMENT_3D ( 'NONE', #7344, #7430, #6877 ) ;
#2049 = LINE ( 'NONE', #1476, #6501 ) ;
#2048 = AXIS2_PLACEMENT_3D ( 'NONE', #7169, #3159, #6603 ) ;
#2050 = CIRCLE ( 'NONE', #1931, 0.08070866141732323251 ) ;
#2051 = DIRECTION ( 'NONE',  ( 0.9345333927142741581, -0.000000000000000000, -0.3558754527948617685 ) ) ;
#2052 = LINE ( 'NONE', #3840, #4674 ) ;
#2053 = EDGE_LOOP ( 'NONE', ( #2953, #1930, #112, #5552 ) ) ;
#2054 = VECTOR ( 'NONE', #3073, 39.37007874015748143 ) ;
#2055 = AXIS2_PLACEMENT_3D ( 'NONE', #6982, #1675, #2081 ) ;
#2056 = DIRECTION ( 'NONE',  ( 0.000000000000000000, -0.000000000000000000, -1.000000000000000000 ) ) ;
#2057 = EDGE_LOOP ( 'NONE', ( #4057, #2402, #2578, #4976 ) ) ;
#2058 = ADVANCED_FACE ( 'NONE', ( #2228 ), #1646, .F. ) ;
#2059 = CIRCLE ( 'NONE', #1442, 0.08070866141732241372 ) ;
#2060 = CIRCLE ( 'NONE', #3922, 0.08070866141732296883 ) ;
#2061 = DIRECTION ( 'NONE',  ( 0.000000000000000000, 0.000000000000000000, -1.000000000000000000 ) ) ;
#2062 = VECTOR ( 'NONE', #6947, 39.37007874015748143 ) ;
#2063 = PLANE ( 'NONE',  #5270 ) ;
#2064 = EDGE_CURVE ( 'NONE', #4211, #837, #466, .T. ) ;
#2065 = CYLINDRICAL_SURFACE ( 'NONE', #7662, 0.08070866141732296883 ) ;
#2066 = CARTESIAN_POINT ( 'NONE',  ( -1.963293677257741177, 1.200787401574803237, -2.389692328527188270 ) ) ;
#2067 = ORIENTED_EDGE ( 'NONE', *, *, #5693, .F. ) ;
#2068 = DIRECTION ( 'NONE',  ( 0.000000000000000000, 0.000000000000000000, -1.000000000000000000 ) ) ;
#2069 = VECTOR ( 'NONE', #4294, 39.37007874015748143 ) ;
#2070 = VECTOR ( 'NONE', #1399, 39.37007874015748143 ) ;
#2071 = DIRECTION ( 'NONE',  ( 0.000000000000000000, 0.000000000000000000, 1.000000000000000000 ) ) ;
#2072 = FACE_BOUND ( 'NONE', #6506, .T. ) ;
#2073 = ORIENTED_EDGE ( 'NONE', *, *, #333, .T. ) ;
#2074 = ORIENTED_EDGE ( 'NONE', *, *, #2768, .T. ) ;
#2075 = CARTESIAN_POINT ( 'NONE',  ( -3.274367306754660145, 1.082677165354330784, -0.8042392546811671927 ) ) ;
#2076 = AXIS2_PLACEMENT_3D ( 'NONE', #4486, #4360, #5597 ) ;
#2077 = CIRCLE ( 'NONE', #1216, 0.08070866141732351007 ) ;
#2078 = CARTESIAN_POINT ( 'NONE',  ( -5.404891036811910965, 1.358267716535431768, 1.483931854821420870 ) ) ;
#2079 = ORIENTED_EDGE ( 'NONE', *, *, #6086, .T. ) ;
#2080 = ORIENTED_EDGE ( 'NONE', *, *, #2501, .T. ) ;
#2081 = DIRECTION ( 'NONE',  ( 0.000000000000000000, 0.000000000000000000, -1.000000000000000000 ) ) ;
#2082 = DIRECTION ( 'NONE',  ( 0.000000000000000000, -1.000000000000000000, 0.000000000000000000 ) ) ;
#2083 = VERTEX_POINT ( 'NONE', #511 ) ;
#2084 = DIRECTION ( 'NONE',  ( 0.000000000000000000, -1.000000000000000000, 0.000000000000000000 ) ) ;
#2085 = EDGE_CURVE ( 'NONE', #3108, #6934, #7639, .T. ) ;
#2086 = ORIENTED_EDGE ( 'NONE', *, *, #6022, .F. ) ;
#2087 = VECTOR ( 'NONE', #7314, 39.37007874015748143 ) ;
#2088 = CARTESIAN_POINT ( 'NONE',  ( -3.278884500051843176, 1.181102362204724754, 1.552109965366941013 ) ) ;
#2089 = CARTESIAN_POINT ( 'NONE',  ( -1.963293677257741177, 1.200787401574803237, -2.470400989944511405 ) ) ;
#2090 = CARTESIAN_POINT ( 'NONE',  ( -2.887303696008273857, 1.102362204724409933, 1.757906868357182351 ) ) ;
#2091 = CARTESIAN_POINT ( 'NONE',  ( -1.949160454871015524, 1.200787401574803237, 0.7843934299338640725 ) ) ;
#2092 = AXIS2_PLACEMENT_3D ( 'NONE', #5659, #4665, #1616 ) ;
#2093 = ORIENTED_EDGE ( 'NONE', *, *, #5811, .T. ) ;
#2094 = PLANE ( 'NONE',  #6727 ) ;
#2095 = ORIENTED_EDGE ( 'NONE', *, *, #4935, .T. ) ;
#2096 = ORIENTED_EDGE ( 'NONE', *, *, #2731, .T. ) ;
#2097 = VECTOR ( 'NONE', #4431, 39.37007874015748143 ) ;
#2098 = EDGE_CURVE ( 'NONE', #5390, #5865, #1943, .T. ) ;
#2099 = DIRECTION ( 'NONE',  ( 0.000000000000000000, -1.000000000000000000, 0.000000000000000000 ) ) ;
#2100 = VERTEX_POINT ( 'NONE', #4072 ) ;
#2101 = CARTESIAN_POINT ( 'NONE',  ( -1.509832702874725818, 0.9842519685039373689, -0.2998563300174523216 ) ) ;
#2102 = DIRECTION ( 'NONE',  ( 0.000000000000000000, -1.000000000000000000, 0.000000000000000000 ) ) ;
#2103 = DIRECTION ( 'NONE',  ( 0.000000000000000000, 0.000000000000000000, -1.000000000000000000 ) ) ;
#2104 = CARTESIAN_POINT ( 'NONE',  ( -2.054652262914772987, 1.200787401574803237, -0.9731268909865119499 ) ) ;
#2105 = ORIENTED_EDGE ( 'NONE', *, *, #2252, .T. ) ;
#2106 = DIRECTION ( 'NONE',  ( 0.000000000000000000, -1.000000000000000000, 0.000000000000000000 ) ) ;
#2107 = CARTESIAN_POINT ( 'NONE',  ( -5.963109668242727146, 1.102362204724409489, -0.5577343261545927300 ) ) ;
#2108 = ORIENTED_EDGE ( 'NONE', *, *, #2162, .F. ) ;
#2109 = DIRECTION ( 'NONE',  ( -0.000000000000000000, -1.000000000000000000, -0.000000000000000000 ) ) ;
#2110 = ORIENTED_EDGE ( 'NONE', *, *, #299, .F. ) ;
#2111 = ORIENTED_EDGE ( 'NONE', *, *, #4219, .T. ) ;
#2112 = VERTEX_POINT ( 'NONE', #2374 ) ;
#2113 = CARTESIAN_POINT ( 'NONE',  ( -5.421938780980898542, 1.377952755905512028, 1.493774374506461333 ) ) ;
#2114 = CYLINDRICAL_SURFACE ( 'NONE', #5508, 0.08070866141732287169 ) ;
#2115 = EDGE_CURVE ( 'NONE', #1060, #7565, #5926, .T. ) ;
#2116 = DIRECTION ( 'NONE',  ( 0.000000000000000000, 1.000000000000000000, 0.000000000000000000 ) ) ;
#2117 = EDGE_CURVE ( 'NONE', #5673, #5559, #5316, .T. ) ;
#2118 = ORIENTED_EDGE ( 'NONE', *, *, #853, .T. ) ;
#2119 = CARTESIAN_POINT ( 'NONE',  ( -2.736562029674171725, 1.200787401574803237, -0.5794261035849337382 ) ) ;
#2120 = EDGE_LOOP ( 'NONE', ( #5745, #1913, #1873, #4094 ) ) ;
#2121 = CARTESIAN_POINT ( 'NONE',  ( -1.267250688111616563, 1.200787401574803237, 0.4714013039496090518 ) ) ;
#2122 = VERTEX_POINT ( 'NONE', #7091 ) ;
#2123 = CARTESIAN_POINT ( 'NONE',  ( -3.782022027088570493, -3.503635857238331042, -3.715872831642700547 ) ) ;
#2124 = DIRECTION ( 'NONE',  ( -0.1590695136534932552, 0.000000000000000000, 0.9872673851728522854 ) ) ;
#2125 = CYLINDRICAL_SURFACE ( 'NONE', #5990, 0.08070866141732319088 ) ;
#2126 = DIRECTION ( 'NONE',  ( 0.000000000000000000, -0.000000000000000000, -1.000000000000000000 ) ) ;
#2127 = DIRECTION ( 'NONE',  ( -0.1590695136534942267, 0.000000000000000000, 0.9872673851728520633 ) ) ;
#2128 = DIRECTION ( 'NONE',  ( -0.000000000000000000, 1.000000000000000000, -0.000000000000000000 ) ) ;
#2129 = ORIENTED_EDGE ( 'NONE', *, *, #4124, .F. ) ;
#2130 = ORIENTED_EDGE ( 'NONE', *, *, #2427, .T. ) ;
#2131 = DIRECTION ( 'NONE',  ( 0.000000000000000000, -1.000000000000000000, 0.000000000000000000 ) ) ;
#2132 = CARTESIAN_POINT ( 'NONE',  ( -1.076769501301017229, 0.000000000000000000, 1.321928356458911491 ) ) ;
#2133 = ORIENTED_EDGE ( 'NONE', *, *, #7464, .T. ) ;
#2134 = EDGE_CURVE ( 'NONE', #3304, #5078, #3578, .T. ) ;
#2135 = FACE_OUTER_BOUND ( 'NONE', #5724, .T. ) ;
#2136 = CYLINDRICAL_SURFACE ( 'NONE', #2671, 0.08070866141732351007 ) ;
#2137 = EDGE_CURVE ( 'NONE', #1147, #2721, #5287, .T. ) ;
#2138 = LINE ( 'NONE', #7378, #5424 ) ;
#2139 = LINE ( 'NONE', #902, #7514 ) ;
#2140 = DIRECTION ( 'NONE',  ( -0.000000000000000000, -1.000000000000000000, -0.000000000000000000 ) ) ;
#2141 = ORIENTED_EDGE ( 'NONE', *, *, #4478, .F. ) ;
#2142 = DIRECTION ( 'NONE',  ( 0.000000000000000000, 0.000000000000000000, -1.000000000000000000 ) ) ;
#2143 = ORIENTED_EDGE ( 'NONE', *, *, #6771, .F. ) ;
#2144 = LINE ( 'NONE', #4112, #5751 ) ;
#2145 = ORIENTED_EDGE ( 'NONE', *, *, #6577, .F. ) ;
#2146 = EDGE_CURVE ( 'NONE', #4809, #4380, #1789, .T. ) ;
#2147 = ORIENTED_EDGE ( 'NONE', *, *, #3562, .F. ) ;
#2148 = CARTESIAN_POINT ( 'NONE',  ( -0.4585114812820637042, 1.200787401574803237, 1.824559859113731974 ) ) ;
#2149 = VERTEX_POINT ( 'NONE', #415 ) ;
#2150 = VERTEX_POINT ( 'NONE', #7512 ) ;
#2151 = EDGE_CURVE ( 'NONE', #954, #93, #5036, .T. ) ;
#2152 = AXIS2_PLACEMENT_3D ( 'NONE', #2441, #4806, #4214 ) ;
#2153 = ORIENTED_EDGE ( 'NONE', *, *, #4082, .F. ) ;
#2154 = CARTESIAN_POINT ( 'NONE',  ( -3.130262817075749826, 1.200787401574803237, -1.180627208927009342 ) ) ;
#2155 = CARTESIAN_POINT ( 'NONE',  ( -2.198756752593682862, 1.200787401574803237, -0.3546129524887002837 ) ) ;
#2156 = FACE_BOUND ( 'NONE', #7666, .T. ) ;
#2157 = DIRECTION ( 'NONE',  ( 0.000000000000000000, 1.000000000000000000, 0.000000000000000000 ) ) ;
#2158 = ORIENTED_EDGE ( 'NONE', *, *, #2731, .F. ) ;
#2159 = DIRECTION ( 'NONE',  ( 0.000000000000000000, -1.000000000000000000, 0.000000000000000000 ) ) ;
#2160 = EDGE_LOOP ( 'NONE', ( #1790, #6187 ) ) ;
#2161 = DIRECTION ( 'NONE',  ( 0.000000000000000000, 0.000000000000000000, -1.000000000000000000 ) ) ;
#2162 = EDGE_CURVE ( 'NONE', #6934, #3108, #1706, .T. ) ;
#2163 = ORIENTED_EDGE ( 'NONE', *, *, #6448, .F. ) ;
#2164 = PLANE ( 'NONE',  #6168 ) ;
#2165 = AXIS2_PLACEMENT_3D ( 'NONE', #5150, #5762, #1637 ) ;
#2166 = FACE_OUTER_BOUND ( 'NONE', #5093, .T. ) ;
#2167 = DIRECTION ( 'NONE',  ( -0.8660254037844362651, -0.000000000000000000, 0.5000000000000041078 ) ) ;
#2168 = PLANE ( 'NONE',  #4993 ) ;
#2169 = ORIENTED_EDGE ( 'NONE', *, *, #5639, .T. ) ;
#2170 = DIRECTION ( 'NONE',  ( 0.000000000000000000, 1.000000000000000000, 0.000000000000000000 ) ) ;
#2171 = AXIS2_PLACEMENT_3D ( 'NONE', #1768, #6555, #6472 ) ;
#2172 = VECTOR ( 'NONE', #7460, 39.37007874015747433 ) ;
#2173 = EDGE_LOOP ( 'NONE', ( #6407, #6985 ) ) ;
#2174 = DIRECTION ( 'NONE',  ( 0.000000000000000000, 0.000000000000000000, -1.000000000000000000 ) ) ;
#2175 = VECTOR ( 'NONE', #835, 39.37007874015748143 ) ;
#2176 = VECTOR ( 'NONE', #2708, 39.37007874015748143 ) ;
#2177 = VECTOR ( 'NONE', #7097, 39.37007874015748143 ) ;
#2178 = CARTESIAN_POINT ( 'NONE',  ( -1.356717777258265478, 1.200787401574803237, -2.203344621036295692 ) ) ;
#2179 = CARTESIAN_POINT ( 'NONE',  ( -1.301433454106092569, 1.200787401574803237, -1.329026771655712258 ) ) ;
#2180 = ORIENTED_EDGE ( 'NONE', *, *, #578, .T. ) ;
#2181 = CARTESIAN_POINT ( 'NONE',  ( -2.448353050316350643, 1.200787401574803237, -1.735745319163233491 ) ) ;
#2182 = DIRECTION ( 'NONE',  ( 0.000000000000000000, 0.000000000000000000, -1.000000000000000000 ) ) ;
#2183 = CIRCLE ( 'NONE', #7009, 0.08070866141732323251 ) ;
#2184 = DIRECTION ( 'NONE',  ( 0.000000000000000000, -0.000000000000000000, -1.000000000000000000 ) ) ;
#2185 = EDGE_CURVE ( 'NONE', #5883, #3772, #3931, .T. ) ;
#2186 = VERTEX_POINT ( 'NONE', #7273 ) ;
#2187 = CARTESIAN_POINT ( 'NONE',  ( -1.175892102454584753, 1.200787401574803237, -1.025872795008390570 ) ) ;
#2188 = ADVANCED_FACE ( 'NONE', ( #1915 ), #5402, .T. ) ;
#2189 = LINE ( 'NONE', #5820, #7633 ) ;
#2190 = ORIENTED_EDGE ( 'NONE', *, *, #4537, .F. ) ;
#2191 = EDGE_CURVE ( 'NONE', #7238, #6785, #4913, .T. ) ;
#2192 = AXIS2_PLACEMENT_3D ( 'NONE', #228, #3811, #4971 ) ;
#2193 = AXIS2_PLACEMENT_3D ( 'NONE', #6449, #5800, #1775 ) ;
#2194 = AXIS2_PLACEMENT_3D ( 'NONE', #6962, #7507, #6249 ) ;
#2195 = VECTOR ( 'NONE', #3194, 39.37007874015748143 ) ;
#2196 = ORIENTED_EDGE ( 'NONE', *, *, #1865, .F. ) ;
#2197 = LINE ( 'NONE', #4628, #6238 ) ;
#2198 = EDGE_LOOP ( 'NONE', ( #5131, #7423 ) ) ;
#2199 = ADVANCED_FACE ( 'NONE', ( #723 ), #647, .T. ) ;
#2200 = AXIS2_PLACEMENT_3D ( 'NONE', #3258, #5575, #5049 ) ;
#2201 = VERTEX_POINT ( 'NONE', #4277 ) ;
#2202 = VECTOR ( 'NONE', #750, 39.37007874015748143 ) ;
#2203 = ORIENTED_EDGE ( 'NONE', *, *, #1583, .F. ) ;
#2204 = FACE_OUTER_BOUND ( 'NONE', #2446, .T. ) ;
#2205 = DIRECTION ( 'NONE',  ( 0.000000000000000000, -0.000000000000000000, -1.000000000000000000 ) ) ;
#2206 = EDGE_CURVE ( 'NONE', #6034, #666, #7145, .T. ) ;
#2207 = CIRCLE ( 'NONE', #1950, 0.08070866141732296883 ) ;
#2208 = AXIS2_PLACEMENT_3D ( 'NONE', #6858, #1648, #985 ) ;
#2209 = DIRECTION ( 'NONE',  ( -0.7664256734729304466, 0.000000000000000000, 0.6423330032324080507 ) ) ;
#2210 = VERTEX_POINT ( 'NONE', #2432 ) ;
#2211 = DIRECTION ( 'NONE',  ( 0.000000000000000000, -1.000000000000000000, 0.000000000000000000 ) ) ;
#2212 = ORIENTED_EDGE ( 'NONE', *, *, #4654, .F. ) ;
#2213 = EDGE_CURVE ( 'NONE', #7024, #6895, #1451, .T. ) ;
#2214 = AXIS2_PLACEMENT_3D ( 'NONE', #5928, #3532, #596 ) ;
#2215 = FACE_OUTER_BOUND ( 'NONE', #1152, .T. ) ;
#2216 = CARTESIAN_POINT ( 'NONE',  ( -2.645203444017139915, 1.200787401574803237, -1.995991541125609947 ) ) ;
#2218 = ADVANCED_FACE ( 'NONE', ( #1079 ), #7515, .F. ) ;
#2217 = LINE ( 'NONE', #6344, #2771 ) ;
#2219 = ORIENTED_EDGE ( 'NONE', *, *, #5128, .T. ) ;
#2220 = CARTESIAN_POINT ( 'NONE',  ( -0.6068274759728315981, 1.082677165354330784, -1.593536546169215917 ) ) ;
#2221 = CIRCLE ( 'NONE', #610, 0.08070866141732296883 ) ;
#2222 = EDGE_CURVE ( 'NONE', #2003, #6172, #217, .T. ) ;
#2223 = ORIENTED_EDGE ( 'NONE', *, *, #1184, .T. ) ;
#2224 = VERTEX_POINT ( 'NONE', #4297 ) ;
#2225 = FACE_OUTER_BOUND ( 'NONE', #3583, .T. ) ;
#2226 = VECTOR ( 'NONE', #1403, 39.37007874015748143 ) ;
#2227 = DIRECTION ( 'NONE',  ( 0.000000000000000000, -1.000000000000000000, 0.000000000000000000 ) ) ;
#2228 = FACE_OUTER_BOUND ( 'NONE', #633, .T. ) ;
#2229 = EDGE_LOOP ( 'NONE', ( #6691, #6313 ) ) ;
#2230 = EDGE_CURVE ( 'NONE', #3641, #5840, #3131, .T. ) ;
#2231 = ORIENTED_EDGE ( 'NONE', *, *, #3837, .F. ) ;
#2232 = CARTESIAN_POINT ( 'NONE',  ( -3.327113210776539098, 1.082677165354330784, -1.602290753724031847 ) ) ;
#2233 = AXIS2_PLACEMENT_3D ( 'NONE', #677, #3032, #86 ) ;
#2234 = CARTESIAN_POINT ( 'NONE',  ( -1.516846985834283901, 1.082677165354330784, -0.8290224013076015197 ) ) ;
#2235 = ORIENTED_EDGE ( 'NONE', *, *, #1609, .F. ) ;
#2236 = CARTESIAN_POINT ( 'NONE',  ( -1.376096404462285205, 1.200787401574803237, 1.738789148279872965 ) ) ;
#2237 = VERTEX_POINT ( 'NONE', #5568 ) ;
#2238 = ADVANCED_FACE ( 'NONE', ( #4924 ), #7293, .F. ) ;
#2239 = EDGE_CURVE ( 'NONE', #3947, #5142, #3175, .T. ) ;
#2240 = DIRECTION ( 'NONE',  ( 0.000000000000000000, -0.000000000000000000, -1.000000000000000000 ) ) ;
#2241 = ORIENTED_EDGE ( 'NONE', *, *, #3621, .T. ) ;
#2242 = ORIENTED_EDGE ( 'NONE', *, *, #6665, .F. ) ;
#2243 = EDGE_LOOP ( 'NONE', ( #2108, #5053, #1295, #7483 ) ) ;
#2244 = CARTESIAN_POINT ( 'NONE',  ( -2.001906358892894033, 1.200787401574803237, -0.09436673052632393865 ) ) ;
#2245 = FACE_OUTER_BOUND ( 'NONE', #6960, .T. ) ;
#2246 = LINE ( 'NONE', #5185, #184 ) ;
#2247 = EDGE_CURVE ( 'NONE', #5845, #1147, #2052, .T. ) ;
#2248 = CARTESIAN_POINT ( 'NONE',  ( -4.493652916056375624, 0.6791338582677166613, 2.912636278550976954 ) ) ;
#2249 = DIRECTION ( 'NONE',  ( 0.000000000000000000, -1.000000000000000000, 0.000000000000000000 ) ) ;
#2250 = CARTESIAN_POINT ( 'NONE',  ( -0.4133858267716566393, 1.358267716535431102, -0.7160052550973684538 ) ) ;
#2251 = ORIENTED_EDGE ( 'NONE', *, *, #1975, .F. ) ;
#2252 = EDGE_CURVE ( 'NONE', #2237, #2336, #1326, .T. ) ;
#2253 = CYLINDRICAL_SURFACE ( 'NONE', #7157, 0.08070866141732241372 ) ;
#2254 = EDGE_LOOP ( 'NONE', ( #2778, #2251 ) ) ;
#2255 = DIRECTION ( 'NONE',  ( 0.000000000000000000, 0.000000000000000000, -1.000000000000000000 ) ) ;
#2256 = DIRECTION ( 'NONE',  ( 0.5000000000000041078, 0.000000000000000000, 0.8660254037844362651 ) ) ;
#2257 = PLANE ( 'NONE',  #6381 ) ;
#2258 = DIRECTION ( 'NONE',  ( 0.4999999999999995559, 0.000000000000000000, 0.8660254037844388186 ) ) ;
#2259 = EDGE_LOOP ( 'NONE', ( #4348, #2129, #4491, #1766, #6906, #4368, #3124, #1041 ) ) ;
#2260 = CARTESIAN_POINT ( 'NONE',  ( -2.926673774748431267, 4.242870800195554881E-16, 1.689715891681243143 ) ) ;
#2261 = ADVANCED_FACE ( 'NONE', ( #2971, #7114 ), #2281, .F. ) ;
#2262 = VERTEX_POINT ( 'NONE', #4172 ) ;
#2263 = DIRECTION ( 'NONE',  ( -0.000000000000000000, -1.000000000000000000, -0.000000000000000000 ) ) ;
#2264 = CARTESIAN_POINT ( 'NONE',  ( -2.683816125652293216, 1.200787401574803237, 0.2993340568752542175 ) ) ;
#2265 = DIRECTION ( 'NONE',  ( 0.000000000000000000, -1.000000000000000000, 0.000000000000000000 ) ) ;
#2266 = VERTEX_POINT ( 'NONE', #3601 ) ;
#2267 = DIRECTION ( 'NONE',  ( -0.5000000000000038858, 0.000000000000000000, -0.8660254037844362651 ) ) ;
#2268 = DIRECTION ( 'NONE',  ( -0.8660254037844362651, -0.000000000000000000, 0.5000000000000041078 ) ) ;
#2269 = EDGE_CURVE ( 'NONE', #1117, #7039, #5653, .T. ) ;
#2270 = ORIENTED_EDGE ( 'NONE', *, *, #2115, .F. ) ;
#2271 = EDGE_CURVE ( 'NONE', #4790, #6273, #7077, .T. ) ;
#2272 = DIRECTION ( 'NONE',  ( 0.000000000000000000, 0.000000000000000000, -1.000000000000000000 ) ) ;
#2273 = EDGE_LOOP ( 'NONE', ( #5520, #7496 ) ) ;
#2274 = DIRECTION ( 'NONE',  ( 0.000000000000000000, -1.000000000000000000, 0.000000000000000000 ) ) ;
#2275 = EDGE_LOOP ( 'NONE', ( #7472, #427, #4691, #4783 ) ) ;
#2276 = ORIENTED_EDGE ( 'NONE', *, *, #4952, .T. ) ;
#2277 = DIRECTION ( 'NONE',  ( 0.000000000000000000, 1.000000000000000000, 0.000000000000000000 ) ) ;
#2278 = PLANE ( 'NONE',  #944 ) ;
#2279 = DIRECTION ( 'NONE',  ( 0.000000000000000000, 0.000000000000000000, -1.000000000000000000 ) ) ;
#2280 = CARTESIAN_POINT ( 'NONE',  ( -2.395607146294472134, 1.200787401574803237, -0.8569851587030454798 ) ) ;
#2281 = PLANE ( 'NONE',  #3316 ) ;
#2282 = ORIENTED_EDGE ( 'NONE', *, *, #1991, .T. ) ;
#2283 = AXIS2_PLACEMENT_3D ( 'NONE', #2289, #2865, #3568 ) ;
#2284 = CARTESIAN_POINT ( 'NONE',  ( -3.838831256666276115, 0.000000000000000000, -3.125114463574150125 ) ) ;
#2285 = ADVANCED_FACE ( 'NONE', ( #6529 ), #2825, .F. ) ;
#2286 = DIRECTION ( 'NONE',  ( 0.000000000000000000, 0.000000000000000000, -1.000000000000000000 ) ) ;
#2287 = EDGE_CURVE ( 'NONE', #4928, #4861, #4056, .T. ) ;
#2288 = DIRECTION ( 'NONE',  ( 0.7886751345948143088, -0.5773502691896160721, 0.2113248654052077569 ) ) ;
#2289 = CARTESIAN_POINT ( 'NONE',  ( -2.986158327396839063, 1.200787401574803237, -1.799141147424821119 ) ) ;
#2290 = EDGE_CURVE ( 'NONE', #6649, #885, #5189, .T. ) ;
#2291 = DIRECTION ( 'NONE',  ( 0.000000000000000000, -1.000000000000000000, 0.000000000000000000 ) ) ;
#2292 = EDGE_CURVE ( 'NONE', #4120, #6546, #4552, .T. ) ;
#2293 = EDGE_LOOP ( 'NONE', ( #5992, #4714 ) ) ;
#2294 = ORIENTED_EDGE ( 'NONE', *, *, #5047, .F. ) ;
#2295 = CARTESIAN_POINT ( 'NONE',  ( -1.963293677257741177, 1.082677165354330784, -2.389692328527188270 ) ) ;
#2296 = UNCERTAINTY_MEASURE_WITH_UNIT (LENGTH_MEASURE( 1.000000000000000082E-05 ), #5806, 'distance_accuracy_value', 'NONE');
#2297 = VERTEX_POINT ( 'NONE', #3452 ) ;
#2298 = CYLINDRICAL_SURFACE ( 'NONE', #1331, 0.08070866141732323251 ) ;
#2299 = CIRCLE ( 'NONE', #164, 0.08070866141732351007 ) ;
#2300 = DIRECTION ( 'NONE',  ( 0.7664256734729304466, 0.000000000000000000, -0.6423330032324080507 ) ) ;
#2301 = DIRECTION ( 'NONE',  ( 0.4999999999999995559, 0.000000000000000000, 0.8660254037844388186 ) ) ;
#2302 = EDGE_LOOP ( 'NONE', ( #6597, #3385, #2964, #5574 ) ) ;
#2303 = CIRCLE ( 'NONE', #5490, 0.07874015748031472361 ) ;
#2304 = AXIS2_PLACEMENT_3D ( 'NONE', #2680, #258, #5043 ) ;
#2305 = ADVANCED_FACE ( 'NONE', ( #5299 ), #4093, .T. ) ;
#2306 = LINE ( 'NONE', #6918, #3299 ) ;
#2307 = DIRECTION ( 'NONE',  ( 0.000000000000000000, -1.000000000000000000, 0.000000000000000000 ) ) ;
#2308 = ORIENTED_EDGE ( 'NONE', *, *, #7528, .T. ) ;
#2309 = ADVANCED_FACE ( 'NONE', ( #4604 ), #4723, .F. ) ;
#2310 = AXIS2_PLACEMENT_3D ( 'NONE', #3460, #505, #2866 ) ;
#2311 = AXIS2_PLACEMENT_3D ( 'NONE', #65, #7245, #2450 ) ;
#2312 = CYLINDRICAL_SURFACE ( 'NONE', #4151, 0.08070866141732323251 ) ;
#2313 = VECTOR ( 'NONE', #1659, 39.37007874015748854 ) ;
#2314 = EDGE_LOOP ( 'NONE', ( #6849, #506 ) ) ;
#2315 = ORIENTED_EDGE ( 'NONE', *, *, #4909, .T. ) ;
#2317 = FACE_BOUND ( 'NONE', #3382, .T. ) ;
#2316 = CIRCLE ( 'NONE', #7260, 0.08070866141732241372 ) ;
#2318 = AXIS2_PLACEMENT_3D ( 'NONE', #2637, #4371, #3698 ) ;
#2319 = DIRECTION ( 'NONE',  ( -0.000000000000000000, -1.000000000000000000, -0.000000000000000000 ) ) ;
#2320 = VECTOR ( 'NONE', #1339, 39.37007874015748143 ) ;
#2321 = DIRECTION ( 'NONE',  ( 0.000000000000000000, 0.000000000000000000, -1.000000000000000000 ) ) ;
#2322 = DIRECTION ( 'NONE',  ( 0.000000000000000000, 0.000000000000000000, -1.000000000000000000 ) ) ;
#2323 = CARTESIAN_POINT ( 'NONE',  ( -2.198756752593682862, 1.082677165354330784, -0.4353216139060233636 ) ) ;
#2324 = AXIS2_PLACEMENT_3D ( 'NONE', #4142, #3529, #7025 ) ;
#2325 = DIRECTION ( 'NONE',  ( 0.000000000000000000, -1.000000000000000000, 0.000000000000000000 ) ) ;
#2326 = ORIENTED_EDGE ( 'NONE', *, *, #3562, .T. ) ;
#2327 = CIRCLE ( 'NONE', #6635, 0.08070866141732285781 ) ;
#2328 = CARTESIAN_POINT ( 'NONE',  ( -6.568304586241691112, 0.3937007874015748254, -0.2083248773356934924 ) ) ;
#2329 = LINE ( 'NONE', #4694, #7242 ) ;
#2330 = AXIS2_PLACEMENT_3D ( 'NONE', #5847, #549, #1359 ) ;
#2331 = CIRCLE ( 'NONE', #966, 0.08070866141732351007 ) ;
#2332 = LINE ( 'NONE', #3413, #915 ) ;
#2333 = ADVANCED_FACE ( 'NONE', ( #1663 ), #7006, .T. ) ;
#2334 = CARTESIAN_POINT ( 'NONE',  ( -5.109615446260727722, 1.358267716535431102, 1.995364179890969591 ) ) ;
#2335 = CIRCLE ( 'NONE', #1220, 0.08070866141732351007 ) ;
#2336 = VERTEX_POINT ( 'NONE', #4017 ) ;
#2337 = CIRCLE ( 'NONE', #1336, 0.08070866141732309373 ) ;
#2338 = DIRECTION ( 'NONE',  ( 0.000000000000000000, 0.000000000000000000, -1.000000000000000000 ) ) ;
#2339 = DIRECTION ( 'NONE',  ( 0.000000000000000000, -1.000000000000000000, 0.000000000000000000 ) ) ;
#2340 = CARTESIAN_POINT ( 'NONE',  ( -4.540847003094901524, 0.000000000000000000, -1.106114152032292353 ) ) ;
#2341 = ORIENTED_EDGE ( 'NONE', *, *, #778, .T. ) ;
#2342 = CARTESIAN_POINT ( 'NONE',  ( -2.926673774748431267, 1.082677165354331672, 1.689715891681242699 ) ) ;
#2343 = PLANE ( 'NONE',  #7149 ) ;
#2344 = VERTEX_POINT ( 'NONE', #1745 ) ;
#2345 = LINE ( 'NONE', #1104, #573 ) ;
#2346 = ADVANCED_FACE ( 'NONE', ( #1124 ), #2359, .F. ) ;
#2347 = AXIS2_PLACEMENT_3D ( 'NONE', #7080, #1778, #4130 ) ;
#2348 = ORIENTED_EDGE ( 'NONE', *, *, #4865, .F. ) ;
#2349 = DIRECTION ( 'NONE',  ( -0.000000000000000000, -1.000000000000000000, -0.000000000000000000 ) ) ;
#2350 = ORIENTED_EDGE ( 'NONE', *, *, #497, .F. ) ;
#2351 = DIRECTION ( 'NONE',  ( 0.000000000000000000, -1.000000000000000000, 0.000000000000000000 ) ) ;
#2352 = CIRCLE ( 'NONE', #6921, 0.08070866141732323251 ) ;
#2353 = LINE ( 'NONE', #4594, #1188 ) ;
#2354 = ORIENTED_EDGE ( 'NONE', *, *, #6099, .F. ) ;
#2355 = VERTEX_POINT ( 'NONE', #2860 ) ;
#2356 = CARTESIAN_POINT ( 'NONE',  ( -1.179246010761500818, 1.082677165354330784, 1.478542926317494288 ) ) ;
#2357 = DIRECTION ( 'NONE',  ( 0.000000000000000000, -1.000000000000000000, 0.000000000000000000 ) ) ;
#2358 = CARTESIAN_POINT ( 'NONE',  ( -1.319996592133495295, 1.082677165354330784, -0.5687761793452248416 ) ) ;
#2359 = PLANE ( 'NONE',  #4179 ) ;
#2360 = ORIENTED_EDGE ( 'NONE', *, *, #6260, .T. ) ;
#2361 = DIRECTION ( 'NONE',  ( -0.000000000000000000, -1.000000000000000000, -0.000000000000000000 ) ) ;
#2362 = DIRECTION ( 'NONE',  ( 0.000000000000000000, 0.000000000000000000, -1.000000000000000000 ) ) ;
#2363 = EDGE_CURVE ( 'NONE', #6830, #3473, #2331, .T. ) ;
#2364 = EDGE_CURVE ( 'NONE', #2336, #2237, #2569, .T. ) ;
#2365 = CARTESIAN_POINT ( 'NONE',  ( -2.539711635973382453, 1.200787401574803237, -0.3191798816225576707 ) ) ;
#2366 = SURFACE_STYLE_FILL_AREA ( #2895 ) ;
#2367 = CARTESIAN_POINT ( 'NONE',  ( -2.001906358892894033, 1.200787401574803237, -0.09436673052632393865 ) ) ;
#2368 = CARTESIAN_POINT ( 'NONE',  ( -2.976577355925106971, 1.082677165354330784, -2.049962198577688355 ) ) ;
#2369 = ORIENTED_EDGE ( 'NONE', *, *, #3178, .F. ) ;
#2370 = DIRECTION ( 'NONE',  ( 0.000000000000000000, 0.000000000000000000, -1.000000000000000000 ) ) ;
#2371 = VERTEX_POINT ( 'NONE', #5908 ) ;
#2372 = FACE_OUTER_BOUND ( 'NONE', #3778, .T. ) ;
#2373 = FACE_OUTER_BOUND ( 'NONE', #3829, .T. ) ;
#2374 = CARTESIAN_POINT ( 'NONE',  ( -0.4445903399802303424, 1.082677165354330784, 0.9127748918415511392 ) ) ;
#2375 = ORIENTED_EDGE ( 'NONE', *, *, #1676, .F. ) ;
#2376 = DIRECTION ( 'NONE',  ( -0.000000000000000000, -1.000000000000000000, -0.000000000000000000 ) ) ;
#2377 = ORIENTED_EDGE ( 'NONE', *, *, #1951, .F. ) ;
#2378 = ORIENTED_EDGE ( 'NONE', *, *, #1050, .F. ) ;
#2379 = ORIENTED_EDGE ( 'NONE', *, *, #469, .F. ) ;
#2380 = DIRECTION ( 'NONE',  ( 0.000000000000000000, 1.000000000000000000, 0.000000000000000000 ) ) ;
#2381 = CARTESIAN_POINT ( 'NONE',  ( -1.267250688111616563, 1.200787401574803237, 0.3099839811149628366 ) ) ;
#2382 = VERTEX_POINT ( 'NONE', #5833 ) ;
#2383 = EDGE_CURVE ( 'NONE', #5978, #3979, #618, .T. ) ;
#2384 = CARTESIAN_POINT ( 'NONE',  ( -2.592457539995261406, 1.200787401574803237, -1.197940042082744849 ) ) ;
#2385 = EDGE_CURVE ( 'NONE', #5840, #3272, #726, .T. ) ;
#2386 = CARTESIAN_POINT ( 'NONE',  ( -1.769797191863853314, 1.082677165354330784, 2.501407576456600168 ) ) ;
#2387 = VERTEX_POINT ( 'NONE', #6596 ) ;
#2388 = PLANE ( 'NONE',  #5808 ) ;
#2389 = CARTESIAN_POINT ( 'NONE',  ( -3.668068094156238246, 1.200787401574803237, -1.405440360023242796 ) ) ;
#2390 = LINE ( 'NONE', #6963, #2313 ) ;
#2391 = EDGE_CURVE ( 'NONE', #2486, #5468, #85, .T. ) ;
#2392 = DIRECTION ( 'NONE',  ( 0.000000000000000000, -0.000000000000000000, -1.000000000000000000 ) ) ;
#2393 = DIRECTION ( 'NONE',  ( 0.000000000000000000, -0.000000000000000000, -1.000000000000000000 ) ) ;
#2394 = ORIENTED_EDGE ( 'NONE', *, *, #3592, .F. ) ;
#2395 = EDGE_CURVE ( 'NONE', #349, #7128, #4833, .T. ) ;
#2396 = CARTESIAN_POINT ( 'NONE',  ( -6.344046616843791675, 0.6791338582677166613, -0.2923396252181970634 ) ) ;
#2397 = CARTESIAN_POINT ( 'NONE',  ( -2.662433740129166004, 0.8464566929133860995, 1.537156836563132734 ) ) ;
#2398 = CARTESIAN_POINT ( 'NONE',  ( -1.949160454871015524, 1.082677165354330784, 0.7843934299338640725 ) ) ;
#2399 = DIRECTION ( 'NONE',  ( 0.000000000000000000, 0.000000000000000000, -1.000000000000000000 ) ) ;
#2400 = DIRECTION ( 'NONE',  ( -0.000000000000000000, -1.000000000000000000, -0.000000000000000000 ) ) ;
#2401 = EDGE_CURVE ( 'NONE', #1416, #2735, #7403, .T. ) ;
#2402 = ORIENTED_EDGE ( 'NONE', *, *, #6569, .T. ) ;
#2403 = DIRECTION ( 'NONE',  ( 0.000000000000000000, 0.000000000000000000, -1.000000000000000000 ) ) ;
#2404 = ORIENTED_EDGE ( 'NONE', *, *, #456, .T. ) ;
#2405 = DIRECTION ( 'NONE',  ( 0.000000000000000000, 1.000000000000000000, 0.000000000000000000 ) ) ;
#2406 = VECTOR ( 'NONE', #4529, 39.37007874015748143 ) ;
#2407 = DIRECTION ( 'NONE',  ( 0.000000000000000000, 0.000000000000000000, -1.000000000000000000 ) ) ;
#2408 = CYLINDRICAL_SURFACE ( 'NONE', #3029, 0.08070866141732296883 ) ;
#2409 = DIRECTION ( 'NONE',  ( 0.000000000000000000, 0.000000000000000000, -1.000000000000000000 ) ) ;
#2410 = ORIENTED_EDGE ( 'NONE', *, *, #6072, .F. ) ;
#2411 = CARTESIAN_POINT ( 'NONE',  ( -2.290115338250715116, 1.082677165354330784, 0.9005351622173302095 ) ) ;
#2412 = ORIENTED_EDGE ( 'NONE', *, *, #716, .F. ) ;
#2413 = ORIENTED_EDGE ( 'NONE', *, *, #4865, .T. ) ;
#2414 = VERTEX_POINT ( 'NONE', #2017 ) ;
#2415 = CARTESIAN_POINT ( 'NONE',  ( -5.958778959581309209, 1.377952755905512028, -0.5502333187202393949 ) ) ;
#2416 = CARTESIAN_POINT ( 'NONE',  ( -12.30199211714116458, 0.8464566929133860995, 7.102558460400181239 ) ) ;
#2417 = ORIENTED_EDGE ( 'NONE', *, *, #3431, .F. ) ;
#2418 = DIRECTION ( 'NONE',  ( -0.000000000000000000, -1.000000000000000000, -0.000000000000000000 ) ) ;
#2419 = DIRECTION ( 'NONE',  ( 0.5000000000000041078, 0.000000000000000000, 0.8660254037844362651 ) ) ;
#2420 = ADVANCED_FACE ( 'NONE', ( #6156 ), #145, .F. ) ;
#2421 = LINE ( 'NONE', #1849, #981 ) ;
#2422 = AXIS2_PLACEMENT_3D ( 'NONE', #4415, #4535, #5650 ) ;
#2423 = VECTOR ( 'NONE', #7495, 39.37007874015748143 ) ;
#2424 = CIRCLE ( 'NONE', #6731, 0.08070866141732323251 ) ;
#2425 = ORIENTED_EDGE ( 'NONE', *, *, #6905, .F. ) ;
#2426 = ORIENTED_EDGE ( 'NONE', *, *, #4413, .T. ) ;
#2427 = EDGE_CURVE ( 'NONE', #4216, #1886, #7301, .T. ) ;
#2428 = CARTESIAN_POINT ( 'NONE',  ( -2.932747772807172026, 15.67005943375638211, -3.499326946597358212 ) ) ;
#2429 = VECTOR ( 'NONE', #681, 39.37007874015748143 ) ;
#2430 = CIRCLE ( 'NONE', #2541, 0.08070866141732337129 ) ;
#2431 = VECTOR ( 'NONE', #4963, 39.37007874015748854 ) ;
#2432 = CARTESIAN_POINT ( 'NONE',  ( -1.162774615562771174, 1.200787401574803237, -0.9462372529092806239 ) ) ;
#2433 = FACE_OUTER_BOUND ( 'NONE', #4515, .T. ) ;
#2434 = EDGE_CURVE ( 'NONE', #6572, #7446, #4373, .T. ) ;
#2435 = CARTESIAN_POINT ( 'NONE',  ( -2.448353050316350643, 1.082677165354330784, -1.655036657745910800 ) ) ;
#2436 = CARTESIAN_POINT ( 'NONE',  ( -1.179246010761500818, 1.200787401574803237, 1.478542926317494288 ) ) ;
#2437 = VERTEX_POINT ( 'NONE', #1949 ) ;
#2438 = VECTOR ( 'NONE', #1867, 39.37007874015748143 ) ;
#2439 = EDGE_CURVE ( 'NONE', #4287, #5442, #1291, .T. ) ;
#2440 = DIRECTION ( 'NONE',  ( -0.000000000000000000, -1.000000000000000000, -0.000000000000000000 ) ) ;
#2441 = CARTESIAN_POINT ( 'NONE',  ( -4.678540806714116762, 4.628586327486060049E-16, 3.064842003109420787 ) ) ;
#2442 = AXIS2_PLACEMENT_3D ( 'NONE', #3022, #5851, #7605 ) ;
#2443 = DIRECTION ( 'NONE',  ( 0.000000000000000000, -1.000000000000000000, 0.000000000000000000 ) ) ;
#2444 = ORIENTED_EDGE ( 'NONE', *, *, #2484, .F. ) ;
#2445 = DIRECTION ( 'NONE',  ( -0.000000000000000000, -1.000000000000000000, -0.000000000000000000 ) ) ;
#2446 = EDGE_LOOP ( 'NONE', ( #5457, #1612 ) ) ;
#2447 = AXIS2_PLACEMENT_3D ( 'NONE', #4701, #7641, #7057 ) ;
#2448 = AXIS2_PLACEMENT_3D ( 'NONE', #5776, #3348, #5044 ) ;
#2449 = CARTESIAN_POINT ( 'NONE',  ( -3.471217700455449418, 1.200787401574803237, -1.064485476643543427 ) ) ;
#2450 = DIRECTION ( 'NONE',  ( 0.000000000000000000, -0.000000000000000000, -1.000000000000000000 ) ) ;
#2451 = EDGE_LOOP ( 'NONE', ( #4009, #1065, #5352, #6903 ) ) ;
#2452 = CARTESIAN_POINT ( 'NONE',  ( -0.7086614173228401592, 1.358267716535431768, -1.227437580166917286 ) ) ;
#2453 = VERTEX_POINT ( 'NONE', #4966 ) ;
#2454 = AXIS2_PLACEMENT_3D ( 'NONE', #3683, #133, #5451 ) ;
#2455 = VECTOR ( 'NONE', #682, 39.37007874015748143 ) ;
#2456 = ORIENTED_EDGE ( 'NONE', *, *, #590, .T. ) ;
#2457 = DIRECTION ( 'NONE',  ( 0.000000000000000000, 0.000000000000000000, -1.000000000000000000 ) ) ;
#2458 = VERTEX_POINT ( 'NONE', #3805 ) ;
#2459 = ORIENTED_EDGE ( 'NONE', *, *, #532, .T. ) ;
#2460 = EDGE_CURVE ( 'NONE', #1270, #2458, #203, .T. ) ;
#2461 = CIRCLE ( 'NONE', #4060, 0.08070866141732323251 ) ;
#2462 = DIRECTION ( 'NONE',  ( -0.000000000000000000, -1.000000000000000000, -0.000000000000000000 ) ) ;
#2463 = FACE_BOUND ( 'NONE', #1967, .T. ) ;
#2464 = VERTEX_POINT ( 'NONE', #2528 ) ;
#2465 = DIRECTION ( 'NONE',  ( 0.000000000000000000, -1.000000000000000000, 0.000000000000000000 ) ) ;
#2466 = CARTESIAN_POINT ( 'NONE',  ( -6.304676538103634265, 0.6791338582677166613, -0.2241486485422573838 ) ) ;
#2467 = AXIS2_PLACEMENT_3D ( 'NONE', #5511, #3273, #1997 ) ;
#2468 = CARTESIAN_POINT ( 'NONE',  ( -1.400845875831453036, 1.200787401574803237, -1.291169975022482541 ) ) ;
#2469 = EDGE_LOOP ( 'NONE', ( #4717, #3507, #2551, #588 ) ) ;
#2470 = CARTESIAN_POINT ( 'NONE',  ( -0.3128803843838932619, 0.000000000000000000, 1.943134433852441889 ) ) ;
#2471 = LINE ( 'NONE', #5438, #5867 ) ;
#2472 = ADVANCED_FACE ( 'NONE', ( #5431 ), #6624, .F. ) ;
#2473 = CIRCLE ( 'NONE', #6539, 0.08070866141732241372 ) ;
#2474 = CARTESIAN_POINT ( 'NONE',  ( -2.997491810147775659, -3.503635857238331042, -4.373379055423905371 ) ) ;
#2475 = EDGE_LOOP ( 'NONE', ( #2833, #244, #5437, #322 ) ) ;
#2476 = VECTOR ( 'NONE', #5581, 39.37007874015748143 ) ;
#2477 = DIRECTION ( 'NONE',  ( 0.000000000000000000, -0.000000000000000000, -1.000000000000000000 ) ) ;
#2478 = ORIENTED_EDGE ( 'NONE', *, *, #278, .T. ) ;
#2479 = EDGE_CURVE ( 'NONE', #5016, #896, #2823, .T. ) ;
#2480 = CARTESIAN_POINT ( 'NONE',  ( -3.838831256666276115, 0.000000000000000000, -3.125114463574150125 ) ) ;
#2481 = CYLINDRICAL_SURFACE ( 'NONE', #1786, 0.08070866141732241372 ) ;
#2482 = EDGE_CURVE ( 'NONE', #5101, #6996, #1095, .T. ) ;
#2483 = CARTESIAN_POINT ( 'NONE',  ( -3.838831256666276115, 0.1968503937007874127, -3.125114463574150125 ) ) ;
#2484 = EDGE_CURVE ( 'NONE', #5470, #7137, #2077, .T. ) ;
#2485 = VERTEX_POINT ( 'NONE', #3654 ) ;
#2486 = VERTEX_POINT ( 'NONE', #6001 ) ;
#2487 = DIRECTION ( 'NONE',  ( -0.000000000000000000, -1.000000000000000000, -0.000000000000000000 ) ) ;
#2488 = PLANE ( 'NONE',  #2666 ) ;
#2489 = ORIENTED_EDGE ( 'NONE', *, *, #7287, .T. ) ;
#2490 = DIRECTION ( 'NONE',  ( 0.000000000000000000, 0.000000000000000000, -1.000000000000000000 ) ) ;
#2491 = EDGE_CURVE ( 'NONE', #7461, #3691, #6698, .T. ) ;
#2492 = ORIENTED_EDGE ( 'NONE', *, *, #773, .T. ) ;
#2493 = DIRECTION ( 'NONE',  ( 0.000000000000000000, 0.000000000000000000, 1.000000000000000000 ) ) ;
#2494 = ORIENTED_EDGE ( 'NONE', *, *, #449, .T. ) ;
#2495 = VERTEX_POINT ( 'NONE', #3185 ) ;
#2496 = DIRECTION ( 'NONE',  ( 0.000000000000000000, 0.000000000000000000, -1.000000000000000000 ) ) ;
#2497 = CARTESIAN_POINT ( 'NONE',  ( -3.668068094156238246, 1.200787401574803237, -1.405440360023242796 ) ) ;
#2498 = VERTEX_POINT ( 'NONE', #6047 ) ;
#2499 = DIRECTION ( 'NONE',  ( 0.000000000000000000, 0.000000000000000000, -1.000000000000000000 ) ) ;
#2500 = DIRECTION ( 'NONE',  ( 0.000000000000000000, -1.000000000000000000, 0.000000000000000000 ) ) ;
#2501 = EDGE_CURVE ( 'NONE', #1571, #5963, #1710, .T. ) ;
#2502 = LINE ( 'NONE', #3659, #7539 ) ;
#2503 = EDGE_CURVE ( 'NONE', #324, #1060, #4306, .T. ) ;
#2504 = VERTEX_POINT ( 'NONE', #7220 ) ;
#2505 = VERTEX_POINT ( 'NONE', #4264 ) ;
#2506 = DIRECTION ( 'NONE',  ( -0.4541980223655557314, 0.7071067811865489050, -0.5419447909881747183 ) ) ;
#2507 = LINE ( 'NONE', #1271, #2710 ) ;
#2508 = EDGE_LOOP ( 'NONE', ( #5282, #6722, #2589, #5506 ) ) ;
#2509 = DIRECTION ( 'NONE',  ( -0.000000000000000000, -1.000000000000000000, -0.000000000000000000 ) ) ;
#2510 = CARTESIAN_POINT ( 'NONE',  ( -4.428248577898052929, 15.67005943375638211, -0.9110879587391023104 ) ) ;
#2511 = DIRECTION ( 'NONE',  ( -0.000000000000000000, -1.000000000000000000, -0.000000000000000000 ) ) ;
#2512 = ORIENTED_EDGE ( 'NONE', *, *, #7075, .T. ) ;
#2513 = ADVANCED_FACE ( 'NONE', ( #3109 ), #5462, .T. ) ;
#2514 = DIRECTION ( 'NONE',  ( 0.000000000000000000, 0.000000000000000000, 1.000000000000000000 ) ) ;
#2515 = ORIENTED_EDGE ( 'NONE', *, *, #1609, .T. ) ;
#2516 = EDGE_CURVE ( 'NONE', #6295, #4434, #5523, .T. ) ;
#2517 = EDGE_CURVE ( 'NONE', #2657, #3695, #7533, .T. ) ;
#2518 = CARTESIAN_POINT ( 'NONE',  ( -2.448353050316350643, 1.200787401574803237, -1.655036657745910800 ) ) ;
#2519 = LINE ( 'NONE', #4815, #942 ) ;
#2520 = CARTESIAN_POINT ( 'NONE',  ( -1.464101081812405836, 1.200787401574803237, 0.04973775915258649150 ) ) ;
#2521 = VERTEX_POINT ( 'NONE', #2722 ) ;
#2522 = ORIENTED_EDGE ( 'NONE', *, *, #886, .F. ) ;
#2523 = CIRCLE ( 'NONE', #5244, 0.08070866141732285781 ) ;
#2524 = ORIENTED_EDGE ( 'NONE', *, *, #6348, .T. ) ;
#2525 = DIRECTION ( 'NONE',  ( -0.8660254037844362651, 0.000000000000000000, 0.5000000000000039968 ) ) ;
#2526 = CARTESIAN_POINT ( 'NONE',  ( -2.683816125652293216, 1.200787401574803237, 0.3800427182925771863 ) ) ;
#2527 = EDGE_LOOP ( 'NONE', ( #846, #1435, #1001, #5071 ) ) ;
#2528 = CARTESIAN_POINT ( 'NONE',  ( -1.428842308484151280, 1.200787401574803237, 2.617549308740061420 ) ) ;
#2529 = AXIS2_PLACEMENT_3D ( 'NONE', #4729, #4020, #3488 ) ;
#2530 = LINE ( 'NONE', #717, #1432 ) ;
#2531 = DIRECTION ( 'NONE',  ( 0.000000000000000000, -1.000000000000000000, 0.000000000000000000 ) ) ;
#2532 = CYLINDRICAL_SURFACE ( 'NONE', #5432, 0.08070866141732309373 ) ;
#2533 = EDGE_LOOP ( 'NONE', ( #5551, #4653 ) ) ;
#2534 = EDGE_CURVE ( 'NONE', #2563, #3954, #2798, .T. ) ;
#2535 = AXIS2_PLACEMENT_3D ( 'NONE', #5309, #4645, #1204 ) ;
#2536 = AXIS2_PLACEMENT_3D ( 'NONE', #1914, #4273, #4167 ) ;
#2537 = PLANE ( 'NONE',  #2664 ) ;
#2538 = VECTOR ( 'NONE', #1383, 39.37007874015748143 ) ;
#2539 = ORIENTED_EDGE ( 'NONE', *, *, #5336, .T. ) ;
#2540 = CYLINDRICAL_SURFACE ( 'NONE', #1606, 0.08070866141732241372 ) ;
#2541 = AXIS2_PLACEMENT_3D ( 'NONE', #2119, #2159, #5634 ) ;
#2542 = CIRCLE ( 'NONE', #5759, 0.08070866141732351007 ) ;
#2543 = DIRECTION ( 'NONE',  ( -0.000000000000000000, 1.000000000000000000, -0.000000000000000000 ) ) ;
#2544 = DIRECTION ( 'NONE',  ( 0.000000000000000000, 0.000000000000000000, 1.000000000000000000 ) ) ;
#2545 = DIRECTION ( 'NONE',  ( 0.000000000000000000, 0.000000000000000000, -1.000000000000000000 ) ) ;
#2546 = CIRCLE ( 'NONE', #4400, 0.08070866141732337129 ) ;
#2547 = ORIENTED_EDGE ( 'NONE', *, *, #3658, .F. ) ;
#2548 = VECTOR ( 'NONE', #6021, 39.37007874015748143 ) ;
#2549 = AXIS2_PLACEMENT_3D ( 'NONE', #1268, #3144, #3664 ) ;
#2550 = DIRECTION ( 'NONE',  ( 0.000000000000000000, 0.000000000000000000, -1.000000000000000000 ) ) ;
#2551 = ORIENTED_EDGE ( 'NONE', *, *, #126, .T. ) ;
#2552 = EDGE_CURVE ( 'NONE', #5865, #5641, #899, .T. ) ;
#2553 = CARTESIAN_POINT ( 'NONE',  ( -4.403241076780600949, 0.000000000000000000, -1.458324877335703373 ) ) ;
#2554 = AXIS2_PLACEMENT_3D ( 'NONE', #3949, #2856, #5713 ) ;
#2555 = FACE_OUTER_BOUND ( 'NONE', #4445, .T. ) ;
#2556 = CIRCLE ( 'NONE', #6893, 0.07874015748031505668 ) ;
#2557 = DIRECTION ( 'NONE',  ( 0.000000000000000000, 0.000000000000000000, -1.000000000000000000 ) ) ;
#2558 = ORIENTED_EDGE ( 'NONE', *, *, #5221, .T. ) ;
#2559 = CARTESIAN_POINT ( 'NONE',  ( -5.963109668242728034, 0.3937007874015748254, -0.5577343261545919528 ) ) ;
#2560 = AXIS2_PLACEMENT_3D ( 'NONE', #3687, #6032, #5453 ) ;
#2561 = VERTEX_POINT ( 'NONE', #2181 ) ;
#2562 = AXIS2_PLACEMENT_3D ( 'NONE', #6778, #5082, #3844 ) ;
#2563 = VERTEX_POINT ( 'NONE', #2639 ) ;
#2564 = FACE_OUTER_BOUND ( 'NONE', #43, .T. ) ;
#2565 = LINE ( 'NONE', #4337, #6759 ) ;
#2566 = EDGE_LOOP ( 'NONE', ( #2861, #6388, #2093, #2782 ) ) ;
#2567 = DIRECTION ( 'NONE',  ( 0.000000000000000000, 0.000000000000000000, -1.000000000000000000 ) ) ;
#2568 = AXIS2_PLACEMENT_3D ( 'NONE', #3881, #1561, #3930 ) ;
#2569 = CIRCLE ( 'NONE', #1461, 0.08070866141732323251 ) ;
#2570 = LINE ( 'NONE', #5537, #5786 ) ;
#2571 = CARTESIAN_POINT ( 'NONE',  ( -1.608205571491315711, 1.200787401574803237, 0.5875430362330750222 ) ) ;
#2572 = ADVANCED_FACE ( 'NONE', ( #6949, #4423 ), #6913, .F. ) ;
#2573 = CARTESIAN_POINT ( 'NONE',  ( -5.109615446260727722, 1.181102362204724532, 1.995364179890969591 ) ) ;
#2574 = DIRECTION ( 'NONE',  ( 0.000000000000000000, -1.000000000000000000, -0.000000000000000000 ) ) ;
#2575 = VERTEX_POINT ( 'NONE', #3257 ) ;
#2576 = CARTESIAN_POINT ( 'NONE',  ( -1.516846985834283901, 1.200787401574803237, -0.9097310627249247661 ) ) ;
#2577 = CARTESIAN_POINT ( 'NONE',  ( -3.274367306754660145, 1.200787401574803237, -0.7235305932638439463 ) ) ;
#2578 = ORIENTED_EDGE ( 'NONE', *, *, #1381, .F. ) ;
#2579 = VECTOR ( 'NONE', #6531, 39.37007874015747433 ) ;
#2580 = CARTESIAN_POINT ( 'NONE',  ( -4.816507268482790316, 0.9842519685039370358, -1.924350890728158348 ) ) ;
#2581 = VERTEX_POINT ( 'NONE', #7418 ) ;
#2582 = CARTESIAN_POINT ( 'NONE',  ( -3.471217700455449418, 1.200787401574803237, -1.145194138060866340 ) ) ;
#2583 = ORIENTED_EDGE ( 'NONE', *, *, #443, .F. ) ;
#2584 = VECTOR ( 'NONE', #2574, 39.37007874015748143 ) ;
#2585 = DIRECTION ( 'NONE',  ( -0.000000000000000000, -1.000000000000000000, -0.000000000000000000 ) ) ;
#2586 = DIRECTION ( 'NONE',  ( 0.7664256734729305576, 0.000000000000000000, -0.6423330032324080507 ) ) ;
#2587 = DIRECTION ( 'NONE',  ( 0.000000000000000000, 1.000000000000000000, 0.000000000000000000 ) ) ;
#2588 = AXIS2_PLACEMENT_3D ( 'NONE', #3991, #5072, #2713 ) ;
#2589 = ORIENTED_EDGE ( 'NONE', *, *, #4977, .T. ) ;
#2590 = ADVANCED_FACE ( 'NONE', ( #3350 ), #1613, .F. ) ;
#2591 = CARTESIAN_POINT ( 'NONE',  ( -2.001906358892894033, 1.082677165354330784, -0.09436673052632393865 ) ) ;
#2592 = EDGE_LOOP ( 'NONE', ( #4485, #3492 ) ) ;
#2593 = ADVANCED_FACE ( 'NONE', ( #4465 ), #6819, .F. ) ;
#2594 = DIRECTION ( 'NONE',  ( 0.000000000000000000, -0.000000000000000000, -1.000000000000000000 ) ) ;
#2595 = CARTESIAN_POINT ( 'NONE',  ( -1.569592889856162632, 1.200787401574803237, -1.707782561767789531 ) ) ;
#2596 = CARTESIAN_POINT ( 'NONE',  ( -4.527559055118109299, 1.377952755905512028, 3.523200461590235477 ) ) ;
#2597 = CARTESIAN_POINT ( 'NONE',  ( -1.351139664968772802, 1.200787401574803237, -1.310098373339097400 ) ) ;
#2598 = ORIENTED_EDGE ( 'NONE', *, *, #909, .T. ) ;
#2599 = DIRECTION ( 'NONE',  ( 0.000000000000000000, -0.000000000000000000, -1.000000000000000000 ) ) ;
#2600 = LINE ( 'NONE', #3803, #584 ) ;
#2601 = ORIENTED_EDGE ( 'NONE', *, *, #515, .F. ) ;
#2602 = DIRECTION ( 'NONE',  ( 0.000000000000000000, 0.000000000000000000, -1.000000000000000000 ) ) ;
#2603 = CARTESIAN_POINT ( 'NONE',  ( -1.516846985834283901, 1.082677165354330784, -0.9097310627249247661 ) ) ;
#2604 = CARTESIAN_POINT ( 'NONE',  ( -0.7086614173228401592, 0.000000000000000000, -1.227437580166917286 ) ) ;
#2605 = FACE_OUTER_BOUND ( 'NONE', #4762, .T. ) ;
#2606 = DIRECTION ( 'NONE',  ( 0.000000000000000000, 0.000000000000000000, -1.000000000000000000 ) ) ;
#2607 = CARTESIAN_POINT ( 'NONE',  ( -1.031787612775674434, 1.200787401574803237, -1.563678072088878990 ) ) ;
#2608 = ORIENTED_EDGE ( 'NONE', *, *, #5737, .F. ) ;
#2609 = CARTESIAN_POINT ( 'NONE',  ( -3.278884500051842288, 3.882804907592494146E-16, 1.552109965366941680 ) ) ;
#2610 = ADVANCED_FACE ( 'NONE', ( #5235 ), #4192, .T. ) ;
#2611 = LINE ( 'NONE', #5545, #5161 ) ;
#2612 = ORIENTED_EDGE ( 'NONE', *, *, #1586, .T. ) ;
#2613 = ADVANCED_FACE ( 'NONE', ( #2843 ), #1172, .F. ) ;
#2614 = ORIENTED_EDGE ( 'NONE', *, *, #1499, .T. ) ;
#2615 = DIRECTION ( 'NONE',  ( -0.000000000000000000, -1.000000000000000000, -0.000000000000000000 ) ) ;
#2616 = ORIENTED_EDGE ( 'NONE', *, *, #3569, .T. ) ;
#2617 = CARTESIAN_POINT ( 'NONE',  ( -2.976577355925106971, 0.9842519685039373689, -2.114922828498948082 ) ) ;
#2618 = EDGE_LOOP ( 'NONE', ( #3506, #6779 ) ) ;
#2619 = CARTESIAN_POINT ( 'NONE',  ( -4.796651042934589881, 0.3937007874015752140, 2.860269073081600499 ) ) ;
#2620 = ADVANCED_FACE ( 'NONE', ( #3427 ), #3580, .F. ) ;
#2621 = DIRECTION ( 'NONE',  ( 0.000000000000000000, 0.000000000000000000, -1.000000000000000000 ) ) ;
#2622 = DIRECTION ( 'NONE',  ( -0.000000000000000000, -1.000000000000000000, -0.000000000000000000 ) ) ;
#2623 = ORIENTED_EDGE ( 'NONE', *, *, #3714, .T. ) ;
#2624 = DIRECTION ( 'NONE',  ( 0.000000000000000000, -1.000000000000000000, 0.000000000000000000 ) ) ;
#2625 = ORIENTED_EDGE ( 'NONE', *, *, #7595, .F. ) ;
#2626 = DIRECTION ( 'NONE',  ( -0.000000000000000000, -1.000000000000000000, -0.000000000000000000 ) ) ;
#2627 = ADVANCED_FACE ( 'NONE', ( #4705 ), #2298, .F. ) ;
#2628 = CARTESIAN_POINT ( 'NONE',  ( -4.540847003094901524, 0.000000000000000000, -1.106114152032292353 ) ) ;
#2629 = CARTESIAN_POINT ( 'NONE',  ( -0.8419227783873955984, 1.082677165354330784, -0.1356514444852577883 ) ) ;
#2630 = FACE_OUTER_BOUND ( 'NONE', #6291, .T. ) ;
#2631 = VERTEX_POINT ( 'NONE', #2411 ) ;
#2632 = FACE_OUTER_BOUND ( 'NONE', #557, .T. ) ;
#2633 = DIRECTION ( 'NONE',  ( -0.1590695136534942267, 0.000000000000000000, 0.9872673851728520633 ) ) ;
#2634 = ORIENTED_EDGE ( 'NONE', *, *, #6809, .F. ) ;
#2635 = FACE_OUTER_BOUND ( 'NONE', #84, .T. ) ;
#2636 = DIRECTION ( 'NONE',  ( 0.000000000000000000, 1.000000000000000000, -0.000000000000000000 ) ) ;
#2637 = CARTESIAN_POINT ( 'NONE',  ( -2.933412423374960998, 1.200787401574803237, -0.9203809869646332187 ) ) ;
#2638 = ORIENTED_EDGE ( 'NONE', *, *, #5426, .F. ) ;
#2639 = CARTESIAN_POINT ( 'NONE',  ( -0.3134091807767939164, 1.082677165354330784, 1.942703881527100274 ) ) ;
#2640 = CYLINDRICAL_SURFACE ( 'NONE', #1215, 0.08070866141732323251 ) ;
#2641 = FACE_OUTER_BOUND ( 'NONE', #1608, .T. ) ;
#2642 = AXIS2_PLACEMENT_3D ( 'NONE', #4730, #1163, #5227 ) ;
#2643 = DIRECTION ( 'NONE',  ( 0.000000000000000000, -1.000000000000000000, 0.000000000000000000 ) ) ;
#2644 = CARTESIAN_POINT ( 'NONE',  ( -2.976577355925106971, 1.338582677165354395, -1.985001568656428406 ) ) ;
#2645 = ORIENTED_EDGE ( 'NONE', *, *, #3302, .F. ) ;
#2646 = CARTESIAN_POINT ( 'NONE',  ( -6.889763779527556586, 0.000000000000000000, -0.5682581389661683913 ) ) ;
#2647 = DIRECTION ( 'NONE',  ( 0.000000000000000000, 0.000000000000000000, -1.000000000000000000 ) ) ;
#2648 = FACE_BOUND ( 'NONE', #6145, .T. ) ;
#2649 = VERTEX_POINT ( 'NONE', #5204 ) ;
#2650 = CARTESIAN_POINT ( 'NONE',  ( -1.949160454871015524, 1.200787401574803237, 0.8651020913511870969 ) ) ;
#2651 = ORIENTED_EDGE ( 'NONE', *, *, #1410, .F. ) ;
#2652 = DIRECTION ( 'NONE',  ( 0.000000000000000000, -1.000000000000000000, 0.000000000000000000 ) ) ;
#2653 = ORIENTED_EDGE ( 'NONE', *, *, #6842, .F. ) ;
#2654 = CARTESIAN_POINT ( 'NONE',  ( -0.05155159258191569643, 1.082677165354330562, -0.8583110083256410006 ) ) ;
#2655 = CARTESIAN_POINT ( 'NONE',  ( -0.8839417327586027717, 1.082677165354330784, 0.1251398426505241079 ) ) ;
#2656 = DIRECTION ( 'NONE',  ( -0.8660254037844362651, -0.000000000000000000, 0.5000000000000041078 ) ) ;
#2657 = VERTEX_POINT ( 'NONE', #7571 ) ;
#2658 = EDGE_CURVE ( 'NONE', #3233, #3981, #2950, .T. ) ;
#2659 = AXIS2_PLACEMENT_3D ( 'NONE', #464, #2894, #5259 ) ;
#2660 = LINE ( 'NONE', #338, #2176 ) ;
#2661 = EDGE_LOOP ( 'NONE', ( #4325, #5728 ) ) ;
#2662 = EDGE_CURVE ( 'NONE', #5175, #1714, #6986, .T. ) ;
#2663 = DIRECTION ( 'NONE',  ( 0.000000000000000000, -1.000000000000000000, 0.000000000000000000 ) ) ;
#2664 = AXIS2_PLACEMENT_3D ( 'NONE', #3668, #1812, #725 ) ;
#2665 = VECTOR ( 'NONE', #2675, 39.37007874015748854 ) ;
#2666 = AXIS2_PLACEMENT_3D ( 'NONE', #7324, #7210, #3753 ) ;
#2667 = CARTESIAN_POINT ( 'NONE',  ( -1.123146198432706244, 1.200787401574803237, -0.1471126345482025866 ) ) ;
#2668 = EDGE_CURVE ( 'NONE', #2818, #1352, #2337, .T. ) ;
#2669 = DIRECTION ( 'NONE',  ( 0.000000000000000000, -1.000000000000000000, 0.000000000000000000 ) ) ;
#2670 = PLANE ( 'NONE',  #3946 ) ;
#2671 = AXIS2_PLACEMENT_3D ( 'NONE', #824, #5004, #187 ) ;
#2672 = ORIENTED_EDGE ( 'NONE', *, *, #6052, .T. ) ;
#2673 = AXIS2_PLACEMENT_3D ( 'NONE', #7438, #4446, #3371 ) ;
#2674 = AXIS2_PLACEMENT_3D ( 'NONE', #925, #6808, #6140 ) ;
#2675 = DIRECTION ( 'NONE',  ( -0.8660254037844362651, -0.000000000000000000, 0.5000000000000041078 ) ) ;
#2676 = VERTEX_POINT ( 'NONE', #4108 ) ;
#2677 = ORIENTED_EDGE ( 'NONE', *, *, #6466, .F. ) ;
#2678 = VECTOR ( 'NONE', #4089, 39.37007874015748143 ) ;
#2679 = AXIS2_PLACEMENT_3D ( 'NONE', #4198, #5935, #7065 ) ;
#2680 = CARTESIAN_POINT ( 'NONE',  ( -1.516846985834283901, 1.200787401574803237, -0.8290224013076015197 ) ) ;
#2681 = DIRECTION ( 'NONE',  ( 0.000000000000000000, 0.000000000000000000, -1.000000000000000000 ) ) ;
#2682 = ORIENTED_EDGE ( 'NONE', *, *, #379, .F. ) ;
#2683 = VECTOR ( 'NONE', #7352, 39.37007874015748143 ) ;
#2684 = FACE_OUTER_BOUND ( 'NONE', #2800, .T. ) ;
#2685 = LINE ( 'NONE', #2020, #3342 ) ;
#2686 = DIRECTION ( 'NONE',  ( 0.000000000000000000, -1.000000000000000000, 0.000000000000000000 ) ) ;
#2687 = CYLINDRICAL_SURFACE ( 'NONE', #5911, 0.08070866141732323251 ) ;
#2688 = EDGE_CURVE ( 'NONE', #4949, #4194, #1214, .T. ) ;
#2689 = ORIENTED_EDGE ( 'NONE', *, *, #2085, .F. ) ;
#2690 = EDGE_CURVE ( 'NONE', #3066, #7461, #7093, .T. ) ;
#2691 = DIRECTION ( 'NONE',  ( 0.8660254037844362651, 0.000000000000000000, -0.5000000000000041078 ) ) ;
#2692 = ORIENTED_EDGE ( 'NONE', *, *, #2064, .F. ) ;
#2693 = AXIS2_PLACEMENT_3D ( 'NONE', #6983, #1677, #28 ) ;
#2694 = VECTOR ( 'NONE', #307, 39.37007874015748143 ) ;
#2695 = LINE ( 'NONE', #2764, #2195 ) ;
#2696 = ORIENTED_EDGE ( 'NONE', *, *, #3376, .F. ) ;
#2697 = EDGE_LOOP ( 'NONE', ( #2074, #1315 ) ) ;
#2698 = DIRECTION ( 'NONE',  ( 0.000000000000000000, -1.000000000000000000, 0.000000000000000000 ) ) ;
#2699 = VECTOR ( 'NONE', #3123, 39.37007874015748143 ) ;
#2700 = EDGE_LOOP ( 'NONE', ( #7161, #2133, #2426, #7029 ) ) ;
#2701 = AXIS2_PLACEMENT_3D ( 'NONE', #4224, #6098, #2557 ) ;
#2702 = FACE_OUTER_BOUND ( 'NONE', #2120, .T. ) ;
#2703 = ORIENTED_EDGE ( 'NONE', *, *, #5262, .T. ) ;
#2704 = CARTESIAN_POINT ( 'NONE',  ( -2.365839501977433645, 15.67005943375638211, 2.070558165644185156 ) ) ;
#2705 = CYLINDRICAL_SURFACE ( 'NONE', #6005, 0.08070866141732323251 ) ;
#2706 = FACE_OUTER_BOUND ( 'NONE', #501, .T. ) ;
#2707 = EDGE_LOOP ( 'NONE', ( #1920, #2425, #3819, #182 ) ) ;
#2708 = DIRECTION ( 'NONE',  ( -0.000000000000000000, -1.000000000000000000, -0.000000000000000000 ) ) ;
#2709 = ORIENTED_EDGE ( 'NONE', *, *, #4119, .T. ) ;
#2710 = VECTOR ( 'NONE', #4867, 39.37007874015748143 ) ;
#2711 = LINE ( 'NONE', #1470, #3806 ) ;
#2712 = EDGE_LOOP ( 'NONE', ( #2153, #1266, #3604, #4942 ) ) ;
#2713 = DIRECTION ( 'NONE',  ( 0.000000000000000000, -0.000000000000000000, -1.000000000000000000 ) ) ;
#2714 = ADVANCED_FACE ( 'NONE', ( #1680 ), #7027, .F. ) ;
#2715 = DIRECTION ( 'NONE',  ( 0.000000000000000000, -1.000000000000000000, 0.000000000000000000 ) ) ;
#2716 = ADVANCED_FACE ( 'NONE', ( #7643 ), #2906, .T. ) ;
#2717 = LINE ( 'NONE', #5077, #1685 ) ;
#2718 = CYLINDRICAL_SURFACE ( 'NONE', #458, 0.08070866141732296883 ) ;
#2719 = ADVANCED_FACE ( 'NONE', ( #3466 ), #5817, .T. ) ;
#2720 = DIRECTION ( 'NONE',  ( -0.000000000000000000, -1.000000000000000000, -0.000000000000000000 ) ) ;
#2721 = VERTEX_POINT ( 'NONE', #4144 ) ;
#2722 = CARTESIAN_POINT ( 'NONE',  ( -2.342861242272594069, 1.200787401574803237, 0.1831923245917879972 ) ) ;
#2723 = DIRECTION ( 'NONE',  ( -0.000000000000000000, -1.000000000000000000, -0.000000000000000000 ) ) ;
#2724 = FACE_OUTER_BOUND ( 'NONE', #7556, .T. ) ;
#2725 = CARTESIAN_POINT ( 'NONE',  ( -2.395607146294472134, 1.200787401574803237, -0.7762764972857227885 ) ) ;
#2726 = ORIENTED_EDGE ( 'NONE', *, *, #909, .F. ) ;
#2727 = DIRECTION ( 'NONE',  ( -0.000000000000000000, -1.000000000000000000, -0.000000000000000000 ) ) ;
#2728 = CARTESIAN_POINT ( 'NONE',  ( -1.509832702874725818, 0.9842519685039373689, -0.3648169599387122153 ) ) ;
#2729 = ORIENTED_EDGE ( 'NONE', *, *, #4967, .T. ) ;
#2730 = EDGE_CURVE ( 'NONE', #2464, #1009, #5906, .T. ) ;
#2731 = EDGE_CURVE ( 'NONE', #3101, #1534, #6915, .T. ) ;
#2732 = ORIENTED_EDGE ( 'NONE', *, *, #5942, .F. ) ;
#2733 = FACE_OUTER_BOUND ( 'NONE', #2160, .T. ) ;
#2734 = ORIENTED_EDGE ( 'NONE', *, *, #7405, .F. ) ;
#2735 = VERTEX_POINT ( 'NONE', #1355 ) ;
#2736 = ORIENTED_EDGE ( 'NONE', *, *, #7322, .F. ) ;
#2737 = DIRECTION ( 'NONE',  ( 0.000000000000000000, -1.000000000000000000, 0.000000000000000000 ) ) ;
#2738 = DIRECTION ( 'NONE',  ( 0.000000000000000000, 0.000000000000000000, 1.000000000000000000 ) ) ;
#2739 = CARTESIAN_POINT ( 'NONE',  ( -1.769797191863853314, 1.200787401574803237, 2.420698915039277477 ) ) ;
#2740 = VERTEX_POINT ( 'NONE', #3016 ) ;
#2741 = AXIS2_PLACEMENT_3D ( 'NONE', #2232, #434, #4075 ) ;
#2742 = CARTESIAN_POINT ( 'NONE',  ( -0.9790417087537957030, 1.200787401574803237, -0.6849179116286912006 ) ) ;
#2743 = ORIENTED_EDGE ( 'NONE', *, *, #4082, .T. ) ;
#2744 = DIRECTION ( 'NONE',  ( 0.000000000000000000, -1.000000000000000000, 0.000000000000000000 ) ) ;
#2745 = ORIENTED_EDGE ( 'NONE', *, *, #1424, .T. ) ;
#2746 = LINE ( 'NONE', #6765, #6358 ) ;
#2747 = LINE ( 'NONE', #2090, #1819 ) ;
#2748 = CARTESIAN_POINT ( 'NONE',  ( -0.9823956170607164307, 1.200787401574803237, 1.137588042937792254 ) ) ;
#2749 = ORIENTED_EDGE ( 'NONE', *, *, #4390, .T. ) ;
#2750 = DIRECTION ( 'NONE',  ( 0.000000000000000000, 1.000000000000000000, 0.000000000000000000 ) ) ;
#2751 = CARTESIAN_POINT ( 'NONE',  ( -5.333567106952703973, 1.102362204724409489, -0.6484369866779570168 ) ) ;
#2752 = ADVANCED_FACE ( 'NONE', ( #1254 ), #3615, .T. ) ;
#2753 = ORIENTED_EDGE ( 'NONE', *, *, #7050, .F. ) ;
#2754 = EDGE_CURVE ( 'NONE', #3740, #1484, #7650, .T. ) ;
#2755 = ADVANCED_FACE ( 'NONE', ( #772 ), #7325, .F. ) ;
#2756 = CARTESIAN_POINT ( 'NONE',  ( -2.539711635973382453, 1.200787401574803237, -0.2384712202052343133 ) ) ;
#2757 = ORIENTED_EDGE ( 'NONE', *, *, #5922, .T. ) ;
#2758 = EDGE_CURVE ( 'NONE', #1918, #4243, #5656, .T. ) ;
#2759 = CARTESIAN_POINT ( 'NONE',  ( -4.921259842519685179, 1.377952755905512028, 2.841290694830832742 ) ) ;
#2760 = CARTESIAN_POINT ( 'NONE',  ( -1.175892102454584753, 1.200787401574803237, -1.025872795008390570 ) ) ;
#2761 = EDGE_CURVE ( 'NONE', #6941, #5148, #2007, .T. ) ;
#2762 = ORIENTED_EDGE ( 'NONE', *, *, #333, .F. ) ;
#2763 = CARTESIAN_POINT ( 'NONE',  ( -1.372742496155374026, 1.200787401574803237, -1.447536339805413297 ) ) ;
#2764 = CARTESIAN_POINT ( 'NONE',  ( -1.319996592133495295, 1.200787401574803237, -0.5687761793452248416 ) ) ;
#2765 = ORIENTED_EDGE ( 'NONE', *, *, #1227, .F. ) ;
#2766 = ORIENTED_EDGE ( 'NONE', *, *, #4059, .T. ) ;
#2767 = CARTESIAN_POINT ( 'NONE',  ( -1.713697379535073173, 1.200787401574803237, -1.169977284687301111 ) ) ;
#2768 = EDGE_CURVE ( 'NONE', #6996, #5101, #1958, .T. ) ;
#2769 = VERTEX_POINT ( 'NONE', #3690 ) ;
#2770 = ORIENTED_EDGE ( 'NONE', *, *, #1636, .T. ) ;
#2771 = VECTOR ( 'NONE', #1045, 39.37007874015748143 ) ;
#2772 = ADVANCED_FACE ( 'NONE', ( #5454 ), #1392, .F. ) ;
#2773 = ORIENTED_EDGE ( 'NONE', *, *, #273, .F. ) ;
#2774 = DIRECTION ( 'NONE',  ( -0.5000000000000041078, -1.084202172485504311E-16, -0.8660254037844363761 ) ) ;
#2775 = CARTESIAN_POINT ( 'NONE',  ( -0.6000213554741241628, 0.000000000000000000, 3.721566755833274343 ) ) ;
#2776 = CARTESIAN_POINT ( 'NONE',  ( -14.02994487304668958, 0.8464566929133860995, 4.109656494093179901 ) ) ;
#2777 = EDGE_CURVE ( 'NONE', #1454, #1092, #721, .T. ) ;
#2778 = ORIENTED_EDGE ( 'NONE', *, *, #4683, .F. ) ;
#2779 = PLANE ( 'NONE',  #312 ) ;
#2780 = ORIENTED_EDGE ( 'NONE', *, *, #2491, .T. ) ;
#2781 = CARTESIAN_POINT ( 'NONE',  ( -3.640486025710574225, 1.377952755905512028, 1.169892239020581037 ) ) ;
#2782 = ORIENTED_EDGE ( 'NONE', *, *, #7358, .T. ) ;
#2783 = CARTESIAN_POINT ( 'NONE',  ( -1.572946798163069593, 1.200787401574803237, 2.241161354494221047 ) ) ;
#2784 = CARTESIAN_POINT ( 'NONE',  ( -4.394717204696109825, 0.5511811023622096295, -1.463246137178221939 ) ) ;
#2785 = DIRECTION ( 'NONE',  ( 0.000000000000000000, 0.000000000000000000, -1.000000000000000000 ) ) ;
#2786 = ORIENTED_EDGE ( 'NONE', *, *, #443, .T. ) ;
#2787 = LINE ( 'NONE', #1047, #4024 ) ;
#2788 = CIRCLE ( 'NONE', #1803, 0.08070866141732323251 ) ;
#2789 = CIRCLE ( 'NONE', #3534, 0.1240157480314960370 ) ;
#2790 = CIRCLE ( 'NONE', #2659, 0.08070866141732351007 ) ;
#2791 = EDGE_LOOP ( 'NONE', ( #6229, #6792, #1753, #2354 ) ) ;
#2792 = EDGE_CURVE ( 'NONE', #2769, #6876, #5048, .T. ) ;
#2793 = CARTESIAN_POINT ( 'NONE',  ( -0.9262958047319170829, 1.200787401574803237, 0.1131335874141739806 ) ) ;
#2794 = AXIS2_PLACEMENT_3D ( 'NONE', #6027, #735, #4246 ) ;
#2795 = AXIS2_PLACEMENT_3D ( 'NONE', #863, #897, #3843 ) ;
#2796 = DIRECTION ( 'NONE',  ( 0.000000000000000000, -1.000000000000000000, 0.000000000000000000 ) ) ;
#2797 = ORIENTED_EDGE ( 'NONE', *, *, #773, .F. ) ;
#2798 = LINE ( 'NONE', #396, #2694 ) ;
#2799 = FACE_OUTER_BOUND ( 'NONE', #1019, .T. ) ;
#2800 = EDGE_LOOP ( 'NONE', ( #904, #3207, #5154, #3535 ) ) ;
#2801 = LINE ( 'NONE', #2759, #4728 ) ;
#2802 = AXIS2_PLACEMENT_3D ( 'NONE', #5463, #1262, #6 ) ;
#2803 = AXIS2_PLACEMENT_3D ( 'NONE', #3057, #741, #166 ) ;
#2804 = AXIS2_PLACEMENT_3D ( 'NONE', #1051, #2263, #2174 ) ;
#2805 = EDGE_LOOP ( 'NONE', ( #5422, #4257 ) ) ;
#2806 = EDGE_CURVE ( 'NONE', #6503, #1142, #805, .T. ) ;
#2807 = LINE ( 'NONE', #4670, #6258 ) ;
#2808 = VERTEX_POINT ( 'NONE', #2596 ) ;
#2809 = AXIS2_PLACEMENT_3D ( 'NONE', #5750, #1121, #2205 ) ;
#2810 = VECTOR ( 'NONE', #6928, 39.37007874015748143 ) ;
#2811 = AXIS2_PLACEMENT_3D ( 'NONE', #3438, #2914, #2272 ) ;
#2812 = EDGE_CURVE ( 'NONE', #1815, #2880, #4298, .T. ) ;
#2813 = FACE_OUTER_BOUND ( 'NONE', #3642, .T. ) ;
#2814 = ORIENTED_EDGE ( 'NONE', *, *, #7640, .T. ) ;
#2815 = AXIS2_PLACEMENT_3D ( 'NONE', #5814, #1251, #1279 ) ;
#2816 = ORIENTED_EDGE ( 'NONE', *, *, #1456, .F. ) ;
#2817 = AXIS2_PLACEMENT_3D ( 'NONE', #2969, #124, #1964 ) ;
#2818 = VERTEX_POINT ( 'NONE', #5420 ) ;
#2819 = DIRECTION ( 'NONE',  ( -0.5000000000000042188, 0.000000000000000000, -0.8660254037844362651 ) ) ;
#2820 = PLANE ( 'NONE',  #6747 ) ;
#2821 = DIRECTION ( 'NONE',  ( -0.000000000000000000, -1.000000000000000000, -0.000000000000000000 ) ) ;
#2822 = AXIS2_PLACEMENT_3D ( 'NONE', #1759, #3429, #5780 ) ;
#2823 = CIRCLE ( 'NONE', #5902, 0.08070866141732255250 ) ;
#2824 = DIRECTION ( 'NONE',  ( -0.5000000000000041078, -1.067522139062650671E-16, -0.8660254037844363761 ) ) ;
#2825 = CYLINDRICAL_SURFACE ( 'NONE', #6764, 0.08070866141732269128 ) ;
#2826 = ORIENTED_EDGE ( 'NONE', *, *, #7067, .T. ) ;
#2827 = DIRECTION ( 'NONE',  ( 0.000000000000000000, 0.000000000000000000, -1.000000000000000000 ) ) ;
#2828 = ORIENTED_EDGE ( 'NONE', *, *, #3116, .T. ) ;
#2829 = AXIS2_PLACEMENT_3D ( 'NONE', #3908, #1634, #6378 ) ;
#2830 = VECTOR ( 'NONE', #2267, 39.37007874015748854 ) ;
#2831 = DIRECTION ( 'NONE',  ( 0.000000000000000000, -1.000000000000000000, 0.000000000000000000 ) ) ;
#2832 = CARTESIAN_POINT ( 'NONE',  ( -3.838831256666276115, 0.000000000000000000, -3.125114463574150125 ) ) ;
#2833 = ORIENTED_EDGE ( 'NONE', *, *, #4349, .T. ) ;
#2834 = DIRECTION ( 'NONE',  ( 0.000000000000000000, 0.000000000000000000, -1.000000000000000000 ) ) ;
#2835 = ADVANCED_FACE ( 'NONE', ( #6576 ), #1282, .T. ) ;
#2836 = AXIS2_PLACEMENT_3D ( 'NONE', #3075, #4859, #6588 ) ;
#2837 = EDGE_CURVE ( 'NONE', #3904, #1175, #4330, .T. ) ;
#2838 = ORIENTED_EDGE ( 'NONE', *, *, #6955, .F. ) ;
#2839 = LINE ( 'NONE', #4001, #2930 ) ;
#2840 = AXIS2_PLACEMENT_3D ( 'NONE', #2725, #6701, #6111 ) ;
#2841 = CARTESIAN_POINT ( 'NONE',  ( -1.766443283556951904, 1.200787401574803237, -2.129446106564812702 ) ) ;
#2842 = VERTEX_POINT ( 'NONE', #7246 ) ;
#2843 = FACE_OUTER_BOUND ( 'NONE', #4156, .T. ) ;
#2844 = DIRECTION ( 'NONE',  ( -0.000000000000000000, -1.000000000000000000, -0.000000000000000000 ) ) ;
#2845 = CIRCLE ( 'NONE', #3831, 0.08070866141732309373 ) ;
#2846 = CARTESIAN_POINT ( 'NONE',  ( -0.6074647434206926766, 1.082677165354330784, -1.593293871222202673 ) ) ;
#2847 = VERTEX_POINT ( 'NONE', #4847 ) ;
#2848 = CARTESIAN_POINT ( 'NONE',  ( -0.9262958047319170829, 1.200787401574803237, 0.2745509102488197239 ) ) ;
#2849 = EDGE_LOOP ( 'NONE', ( #5419, #3799 ) ) ;
#2850 = LINE ( 'NONE', #7577, #7617 ) ;
#2851 = ADVANCED_FACE ( 'NONE', ( #7290 ), #7212, .F. ) ;
#2852 = ORIENTED_EDGE ( 'NONE', *, *, #4563, .T. ) ;
#2853 = EDGE_CURVE ( 'NONE', #3584, #7331, #3693, .T. ) ;
#2854 = ORIENTED_EDGE ( 'NONE', *, *, #521, .F. ) ;
#2855 = EDGE_CURVE ( 'NONE', #5450, #5566, #345, .T. ) ;
#2856 = DIRECTION ( 'NONE',  ( 0.000000000000000000, -1.000000000000000000, 0.000000000000000000 ) ) ;
#2857 = CARTESIAN_POINT ( 'NONE',  ( -2.926673774748431267, 0.000000000000000000, 1.689715891681243143 ) ) ;
#2858 = CARTESIAN_POINT ( 'NONE',  ( -1.228638006476463485, 1.082677165354330784, -1.904632955468578581 ) ) ;
#2859 = CARTESIAN_POINT ( 'NONE',  ( -2.395607146294472134, 1.200787401574803237, -0.6955678358684000973 ) ) ;
#2860 = CARTESIAN_POINT ( 'NONE',  ( -5.431781300665939227, 1.377952755905512028, 1.476726630337473756 ) ) ;
#2861 = ORIENTED_EDGE ( 'NONE', *, *, #1684, .F. ) ;
#2862 = CARTESIAN_POINT ( 'NONE',  ( -3.077516913053870873, 1.082677165354330784, -0.3825757098841445214 ) ) ;
#2863 = DIRECTION ( 'NONE',  ( 0.000000000000000000, 0.000000000000000000, -1.000000000000000000 ) ) ;
#2864 = FACE_OUTER_BOUND ( 'NONE', #274, .T. ) ;
#2865 = DIRECTION ( 'NONE',  ( -0.000000000000000000, -1.000000000000000000, -0.000000000000000000 ) ) ;
#2866 = DIRECTION ( 'NONE',  ( -0.8660254037844362651, 0.000000000000000000, 0.5000000000000038858 ) ) ;
#2867 = EDGE_LOOP ( 'NONE', ( #7294, #3300, #5123, #5458 ) ) ;
#2868 = ORIENTED_EDGE ( 'NONE', *, *, #174, .F. ) ;
#2869 = ADVANCED_FACE ( 'NONE', ( #3341 ), #6810, .F. ) ;
#2870 = ORIENTED_EDGE ( 'NONE', *, *, #234, .T. ) ;
#2871 = DIRECTION ( 'NONE',  ( 0.5000000000000041078, -0.000000000000000000, 0.8660254037844362651 ) ) ;
#2872 = CARTESIAN_POINT ( 'NONE',  ( -1.099753997502756153, 1.200787401574803237, 1.464581985953475884 ) ) ;
#2873 = EDGE_LOOP ( 'NONE', ( #5536, #4680, #913, #1651 ) ) ;
#2874 = CARTESIAN_POINT ( 'NONE',  ( -1.231991914783367559, 1.200787401574803237, 2.357303086777682744 ) ) ;
#2875 = LINE ( 'NONE', #5277, #694 ) ;
#2876 = FACE_OUTER_BOUND ( 'NONE', #1683, .T. ) ;
#2877 = CARTESIAN_POINT ( 'NONE',  ( -4.678540806714116762, 4.628586327486060049E-16, 3.064842003109420787 ) ) ;
#2878 = CARTESIAN_POINT ( 'NONE',  ( -4.816507268482790316, 0.1968503937007874127, -1.924350890728158348 ) ) ;
#2879 = PLANE ( 'NONE',  #6257 ) ;
#2880 = VERTEX_POINT ( 'NONE', #2046 ) ;
#2881 = DIRECTION ( 'NONE',  ( -0.5000000000000041078, 0.000000000000000000, -0.8660254037844363761 ) ) ;
#2882 = ORIENTED_EDGE ( 'NONE', *, *, #2761, .F. ) ;
#2883 = EDGE_CURVE ( 'NONE', #3426, #2437, #5602, .T. ) ;
#2884 = ORIENTED_EDGE ( 'NONE', *, *, #2730, .F. ) ;
#2885 = DIRECTION ( 'NONE',  ( -0.6423330032324080507, 0.000000000000000000, -0.7664256734729305576 ) ) ;
#2886 = DIRECTION ( 'NONE',  ( 0.000000000000000000, -1.000000000000000000, 0.000000000000000000 ) ) ;
#2887 = LINE ( 'NONE', #496, #6127 ) ;
#2888 = DIRECTION ( 'NONE',  ( -0.000000000000000000, -1.000000000000000000, -0.000000000000000000 ) ) ;
#2889 = DIRECTION ( 'NONE',  ( 0.000000000000000000, -1.000000000000000000, 0.000000000000000000 ) ) ;
#2890 = EDGE_LOOP ( 'NONE', ( #761, #3814, #2583, #2494 ) ) ;
#2891 = CIRCLE ( 'NONE', #3883, 0.08070866141732296883 ) ;
#2892 = LINE ( 'NONE', #5756, #3572 ) ;
#2893 = CARTESIAN_POINT ( 'NONE',  ( -2.365839501977433645, 0.000000000000000000, 2.070558165644185156 ) ) ;
#2894 = DIRECTION ( 'NONE',  ( 0.000000000000000000, -1.000000000000000000, 0.000000000000000000 ) ) ;
#2895 = FILL_AREA_STYLE ('',( #4610 ) ) ;
#2896 = CIRCLE ( 'NONE', #7602, 0.08070866141732351007 ) ;
#2897 = CARTESIAN_POINT ( 'NONE',  ( -2.922929037303154232, 1.377952755905512028, -2.379375960765498288 ) ) ;
#2898 = DIRECTION ( 'NONE',  ( 0.8660254037844362651, 0.000000000000000000, -0.5000000000000038858 ) ) ;
#2899 = EDGE_CURVE ( 'NONE', #2355, #7054, #294, .T. ) ;
#2900 = ORIENTED_EDGE ( 'NONE', *, *, #3655, .F. ) ;
#2901 = DIRECTION ( 'NONE',  ( -0.000000000000000000, -1.000000000000000000, -0.000000000000000000 ) ) ;
#2902 = DIRECTION ( 'NONE',  ( 0.000000000000000000, -0.000000000000000000, -1.000000000000000000 ) ) ;
#2903 = DIRECTION ( 'NONE',  ( 0.000000000000000000, -0.000000000000000000, -1.000000000000000000 ) ) ;
#2904 = DIRECTION ( 'NONE',  ( 0.000000000000000000, 0.000000000000000000, -1.000000000000000000 ) ) ;
#2905 = EDGE_LOOP ( 'NONE', ( #6516, #5320, #3531, #1533 ) ) ;
#2906 = PLANE ( 'NONE',  #5179 ) ;
#2907 = VECTOR ( 'NONE', #5690, 39.37007874015748143 ) ;
#2908 = AXIS2_PLACEMENT_3D ( 'NONE', #6972, #1042, #3411 ) ;
#2909 = EDGE_LOOP ( 'NONE', ( #5452, #5326, #4524, #6426 ) ) ;
#2910 = DIRECTION ( 'NONE',  ( 0.000000000000000000, -1.000000000000000000, 0.000000000000000000 ) ) ;
#2911 = CARTESIAN_POINT ( 'NONE',  ( -0.9200649109126225467, 0.000000000000000000, 0.3505764156953647404 ) ) ;
#2912 = AXIS2_PLACEMENT_3D ( 'NONE', #1307, #2511, #765 ) ;
#2913 = CIRCLE ( 'NONE', #6875, 0.08070866141732241372 ) ;
#2914 = DIRECTION ( 'NONE',  ( 0.000000000000000000, -1.000000000000000000, 0.000000000000000000 ) ) ;
#2915 = ORIENTED_EDGE ( 'NONE', *, *, #2812, .T. ) ;
#2916 = CIRCLE ( 'NONE', #4656, 0.08070866141732337129 ) ;
#2917 = PRESENTATION_LAYER_ASSIGNMENT (  '', '', ( #4786 ) ) ;
#2918 = CYLINDRICAL_SURFACE ( 'NONE', #168, 0.08070866141732255250 ) ;
#2919 = CIRCLE ( 'NONE', #3548, 0.08070866141732312149 ) ;
#2920 = EDGE_CURVE ( 'NONE', #5470, #5312, #3214, .T. ) ;
#2921 = ADVANCED_FACE ( 'NONE', ( #854 ), #3794, .F. ) ;
#2922 = VERTEX_POINT ( 'NONE', #892 ) ;
#2923 = ORIENTED_EDGE ( 'NONE', *, *, #6955, .T. ) ;
#2925 = DIRECTION ( 'NONE',  ( 0.5000000000000037748, 0.000000000000000000, 0.8660254037844362651 ) ) ;
#2924 = VECTOR ( 'NONE', #7553, 39.37007874015748143 ) ;
#2926 = AXIS2_PLACEMENT_3D ( 'NONE', #2389, #4793, #614 ) ;
#2927 = CARTESIAN_POINT ( 'NONE',  ( -0.9790417087537957030, 1.200787401574803237, -0.7656265730460143359 ) ) ;
#2928 = VECTOR ( 'NONE', #1064, 39.37007874015748143 ) ;
#2929 = DIRECTION ( 'NONE',  ( -0.8660254037844362651, -0.000000000000000000, 0.5000000000000041078 ) ) ;
#2930 = VECTOR ( 'NONE', #5923, 39.37007874015748143 ) ;
#2931 = DIRECTION ( 'NONE',  ( -0.5000000000000041078, -1.067522139062650671E-16, -0.8660254037844363761 ) ) ;
#2932 = VECTOR ( 'NONE', #5535, 39.37007874015748854 ) ;
#2933 = CARTESIAN_POINT ( 'NONE',  ( -5.220968681755852714, 1.377952755905512028, -0.4534107933847684735 ) ) ;
#2934 = CARTESIAN_POINT ( 'NONE',  ( -1.805055965192104983, 1.082677165354330784, 0.3272968142706984551 ) ) ;
#2935 = DIRECTION ( 'NONE',  ( -0.000000000000000000, -1.000000000000000000, -0.000000000000000000 ) ) ;
#2936 = AXIS2_PLACEMENT_3D ( 'NONE', #4811, #5918, #2370 ) ;
#2937 = ORIENTED_EDGE ( 'NONE', *, *, #6325, .F. ) ;
#2938 = DIRECTION ( 'NONE',  ( 0.000000000000000000, -1.000000000000000000, 0.000000000000000000 ) ) ;
#2939 = DIRECTION ( 'NONE',  ( 0.1590695136534932552, 0.000000000000000000, -0.9872673851728522854 ) ) ;
#2940 = LINE ( 'NONE', #5839, #5387 ) ;
#2941 = ORIENTED_EDGE ( 'NONE', *, *, #5826, .F. ) ;
#2942 = ORIENTED_EDGE ( 'NONE', *, *, #4145, .F. ) ;
#2943 = VECTOR ( 'NONE', #1869, 39.37007874015748854 ) ;
#2944 = EDGE_CURVE ( 'NONE', #6181, #5375, #844, .T. ) ;
#2945 = DIRECTION ( 'NONE',  ( -0.000000000000000000, -1.000000000000000000, -0.000000000000000000 ) ) ;
#2946 = ADVANCED_FACE ( 'NONE', ( #5565 ), #2670, .T. ) ;
#2947 = CARTESIAN_POINT ( 'NONE',  ( -1.428842308484151280, 1.200787401574803237, 2.698257970157384555 ) ) ;
#2948 = DIRECTION ( 'NONE',  ( 0.000000000000000000, -0.000000000000000000, -1.000000000000000000 ) ) ;
#2949 = ORIENTED_EDGE ( 'NONE', *, *, #5240, .T. ) ;
#2950 = LINE ( 'NONE', #7060, #3686 ) ;
#2951 = VECTOR ( 'NONE', #6126, 39.37007874015748143 ) ;
#2952 = VERTEX_POINT ( 'NONE', #5037 ) ;
#2953 = ORIENTED_EDGE ( 'NONE', *, *, #4983, .F. ) ;
#2954 = CIRCLE ( 'NONE', #488, 0.08070866141732337129 ) ;
#2955 = ORIENTED_EDGE ( 'NONE', *, *, #138, .F. ) ;
#2956 = ADVANCED_FACE ( 'NONE', ( #3249 ), #6219, .T. ) ;
#2957 = DIRECTION ( 'NONE',  ( 0.000000000000000000, -1.000000000000000000, 0.000000000000000000 ) ) ;
#2958 = DIRECTION ( 'NONE',  ( 0.000000000000000000, 1.000000000000000000, 0.000000000000000000 ) ) ;
#2959 = ORIENTED_EDGE ( 'NONE', *, *, #2920, .F. ) ;
#2960 = ADVANCED_FACE ( 'NONE', ( #5109 ), #5075, .F. ) ;
#2961 = LINE ( 'NONE', #2597, #7118 ) ;
#2962 = VECTOR ( 'NONE', #2727, 39.37007874015748143 ) ;
#2963 = CARTESIAN_POINT ( 'NONE',  ( -1.031787612775674434, 1.200787401574803237, -1.644386733506202347 ) ) ;
#2964 = ORIENTED_EDGE ( 'NONE', *, *, #6465, .F. ) ;
#2965 = EDGE_CURVE ( 'NONE', #5041, #2149, #5723, .T. ) ;
#2966 = CARTESIAN_POINT ( 'NONE',  ( -3.605722274364346003, 0.9842519685039370358, -2.935314351970569113 ) ) ;
#2967 = CARTESIAN_POINT ( 'NONE',  ( -0.3004858503013124738, 1.200787401574803237, 1.531288830339360807 ) ) ;
#2968 = ADVANCED_FACE ( 'NONE', ( #2630 ), #7445, .F. ) ;
#2969 = CARTESIAN_POINT ( 'NONE',  ( -2.976577355925106971, 0.9842519685039373689, -2.049962198577688355 ) ) ;
#2970 = DIRECTION ( 'NONE',  ( 0.000000000000000000, -1.000000000000000000, 0.000000000000000000 ) ) ;
#2971 = FACE_BOUND ( 'NONE', #4737, .T. ) ;
#2972 = ORIENTED_EDGE ( 'NONE', *, *, #540, .F. ) ;
#2973 = CARTESIAN_POINT ( 'NONE',  ( -2.926673774748431267, 1.102362204724409933, 1.689715891681243143 ) ) ;
#2974 = DIRECTION ( 'NONE',  ( 0.000000000000000000, -1.000000000000000000, 0.000000000000000000 ) ) ;
#2975 =( NAMED_UNIT ( * ) SI_UNIT ( $, .STERADIAN. ) SOLID_ANGLE_UNIT ( ) );
#2976 = LINE ( 'NONE', #6456, #5853 ) ;
#2977 = LINE ( 'NONE', #5263, #3036 ) ;
#2978 = ORIENTED_EDGE ( 'NONE', *, *, #3146, .F. ) ;
#2979 = EDGE_LOOP ( 'NONE', ( #2276, #400 ) ) ;
#2980 = CARTESIAN_POINT ( 'NONE',  ( -2.933412423374960998, 1.082677165354330784, -0.9203809869646332187 ) ) ;
#2981 = DIRECTION ( 'NONE',  ( 0.000000000000000000, 0.000000000000000000, -1.000000000000000000 ) ) ;
#2982 = CARTESIAN_POINT ( 'NONE',  ( -6.450194350021217993, 0.3937007874015748254, -0.003751947307873986122 ) ) ;
#2983 = DIRECTION ( 'NONE',  ( 0.000000000000000000, 1.000000000000000000, 0.000000000000000000 ) ) ;
#2984 = ORIENTED_EDGE ( 'NONE', *, *, #7170, .T. ) ;
#2985 = CARTESIAN_POINT ( 'NONE',  ( -1.428842308484151280, 1.082677165354330784, 2.698257970157384555 ) ) ;
#2986 = ADVANCED_FACE ( 'NONE', ( #1014 ), #2168, .F. ) ;
#2987 = VERTEX_POINT ( 'NONE', #3914 ) ;
#2988 = EDGE_CURVE ( 'NONE', #5955, #4194, #1474, .T. ) ;
#2989 = EDGE_LOOP ( 'NONE', ( #3200, #3682, #5045, #4672 ) ) ;
#2990 = ORIENTED_EDGE ( 'NONE', *, *, #4898, .F. ) ;
#2991 = LINE ( 'NONE', #5353, #1304 ) ;
#2992 = FACE_OUTER_BOUND ( 'NONE', #5720, .T. ) ;
#2993 = ADVANCED_FACE ( 'NONE', ( #4531 ), #4453, .T. ) ;
#2994 = VERTEX_POINT ( 'NONE', #5648 ) ;
#2995 = CARTESIAN_POINT ( 'NONE',  ( -1.519837686885809669, 0.000000000000000000, 4.071837870788855618 ) ) ;
#2996 = DIRECTION ( 'NONE',  ( 0.000000000000000000, -1.000000000000000000, 0.000000000000000000 ) ) ;
#2997 = ADVANCED_FACE ( 'NONE', ( #4135 ), #5261, .F. ) ;
#2998 = LINE ( 'NONE', #2573, #100 ) ;
#2999 = ORIENTED_EDGE ( 'NONE', *, *, #853, .F. ) ;
#3000 = CARTESIAN_POINT ( 'NONE',  ( -3.327113210776539098, 1.200787401574803237, -1.602290753724031847 ) ) ;
#3001 = DIRECTION ( 'NONE',  ( 0.000000000000000000, -1.000000000000000000, 0.000000000000000000 ) ) ;
#3002 = DIRECTION ( 'NONE',  ( 0.000000000000000000, 0.000000000000000000, -1.000000000000000000 ) ) ;
#3003 = ORIENTED_EDGE ( 'NONE', *, *, #497, .T. ) ;
#3004 = DIRECTION ( 'NONE',  ( 0.000000000000000000, -1.000000000000000000, 0.000000000000000000 ) ) ;
#3005 = ORIENTED_EDGE ( 'NONE', *, *, #4808, .F. ) ;
#3006 = CARTESIAN_POINT ( 'NONE',  ( -3.130262817075749826, 1.082677165354330784, -1.342044531761656057 ) ) ;
#3007 = CARTESIAN_POINT ( 'NONE',  ( -1.509832702874725818, 0.9842519685039373689, -0.2348957000961923447 ) ) ;
#3008 = LINE ( 'NONE', #3718, #7248 ) ;
#3009 = ORIENTED_EDGE ( 'NONE', *, *, #1313, .T. ) ;
#3010 = EDGE_CURVE ( 'NONE', #6633, #3173, #1781, .T. ) ;
#3011 = ORIENTED_EDGE ( 'NONE', *, *, #3010, .T. ) ;
#3012 = CARTESIAN_POINT ( 'NONE',  ( -6.653543307086615677, 1.102362204724409489, -0.1591122789104960356 ) ) ;
#3013 = CARTESIAN_POINT ( 'NONE',  ( -1.179246010761500818, 1.082677165354330784, 1.559251587734817646 ) ) ;
#3014 = LINE ( 'NONE', #5379, #6373 ) ;
#3015 = ORIENTED_EDGE ( 'NONE', *, *, #4983, .T. ) ;
#3016 = CARTESIAN_POINT ( 'NONE',  ( -0.4179733637191175855, 1.200787401574803237, 1.857566477570332664 ) ) ;
#3017 = VERTEX_POINT ( 'NONE', #1201 ) ;
#3018 = ORIENTED_EDGE ( 'NONE', *, *, #1111, .T. ) ;
#3019 = EDGE_CURVE ( 'NONE', #595, #5770, #279, .T. ) ;
#3020 = ORIENTED_EDGE ( 'NONE', *, *, #5761, .F. ) ;
#3021 = LINE ( 'NONE', #3588, #4025 ) ;
#3022 = CARTESIAN_POINT ( 'NONE',  ( 0.000000000000000000, 1.082677165354330784, 0.000000000000000000 ) ) ;
#3023 = VERTEX_POINT ( 'NONE', #580 ) ;
#3024 = FACE_OUTER_BOUND ( 'NONE', #3925, .T. ) ;
#3025 = AXIS2_PLACEMENT_3D ( 'NONE', #1156, #2970, #498 ) ;
#3026 = FACE_OUTER_BOUND ( 'NONE', #2314, .T. ) ;
#3027 = AXIS2_PLACEMENT_3D ( 'NONE', #2187, #2945, #6917 ) ;
#3028 = EDGE_CURVE ( 'NONE', #7315, #6200, #2217, .T. ) ;
#3029 = AXIS2_PLACEMENT_3D ( 'NONE', #7176, #1835, #4767 ) ;
#3030 = AXIS2_PLACEMENT_3D ( 'NONE', #3783, #2082, #4951 ) ;
#3031 = ORIENTED_EDGE ( 'NONE', *, *, #3104, .F. ) ;
#3032 = DIRECTION ( 'NONE',  ( 0.000000000000000000, 1.000000000000000000, 0.000000000000000000 ) ) ;
#3033 = CYLINDRICAL_SURFACE ( 'NONE', #2926, 0.08070866141732351007 ) ;
#3034 = EDGE_CURVE ( 'NONE', #5834, #3979, #2976, .T. ) ;
#3035 = CIRCLE ( 'NONE', #6491, 0.08070866141732351007 ) ;
#3036 = VECTOR ( 'NONE', #4181, 39.37007874015748143 ) ;
#3037 = AXIS2_PLACEMENT_3D ( 'NONE', #6488, #579, #7013 ) ;
#3038 = ADVANCED_FACE ( 'NONE', ( #538 ), #7590, .F. ) ;
#3039 = CARTESIAN_POINT ( 'NONE',  ( -0.9790417087537957030, 1.082677165354330784, -0.6849179116286912006 ) ) ;
#3040 = DIRECTION ( 'NONE',  ( 0.000000000000000000, 0.000000000000000000, -1.000000000000000000 ) ) ;
#3041 = EDGE_LOOP ( 'NONE', ( #4440, #3897 ) ) ;
#3042 = PLANE ( 'NONE',  #7656 ) ;
#3043 = VECTOR ( 'NONE', #3984, 39.37007874015748854 ) ;
#3044 = AXIS2_PLACEMENT_3D ( 'NONE', #4051, #565, #1773 ) ;
#3045 = EDGE_CURVE ( 'NONE', #2297, #3954, #2891, .T. ) ;
#3046 = LINE ( 'NONE', #4757, #3776 ) ;
#3047 = LINE ( 'NONE', #7168, #667 ) ;
#3048 = AXIS2_PLACEMENT_3D ( 'NONE', #332, #7436, #4482 ) ;
#3049 = AXIS2_PLACEMENT_3D ( 'NONE', #1080, #3451, #1631 ) ;
#3050 = AXIS2_PLACEMENT_3D ( 'NONE', #4768, #1678, #2904 ) ;
#3051 = CYLINDRICAL_SURFACE ( 'NONE', #2794, 0.08070866141732351007 ) ;
#3052 = EDGE_CURVE ( 'NONE', #3242, #978, #2332, .T. ) ;
#3053 = EDGE_LOOP ( 'NONE', ( #1657, #4111, #4539, #2378 ) ) ;
#3054 = EDGE_LOOP ( 'NONE', ( #3223, #895, #3536, #218 ) ) ;
#3055 = AXIS2_PLACEMENT_3D ( 'NONE', #6968, #4127, #7665 ) ;
#3056 = DIRECTION ( 'NONE',  ( 0.000000000000000000, 0.000000000000000000, -1.000000000000000000 ) ) ;
#3057 = CARTESIAN_POINT ( 'NONE',  ( -1.228638006476463485, 1.200787401574803237, -1.904632955468578581 ) ) ;
#3058 = ORIENTED_EDGE ( 'NONE', *, *, #4935, .F. ) ;
#3059 = DIRECTION ( 'NONE',  ( 0.000000000000000000, 1.000000000000000000, 0.000000000000000000 ) ) ;
#3060 = EDGE_CURVE ( 'NONE', #155, #4305, #5764, .T. ) ;
#3061 = ADVANCED_FACE ( 'NONE', ( #468 ), #7014, .T. ) ;
#3062 = AXIS2_PLACEMENT_3D ( 'NONE', #6605, #1246, #2403 ) ;
#3063 = VECTOR ( 'NONE', #4753, 39.37007874015748143 ) ;
#3064 = VERTEX_POINT ( 'NONE', #3490 ) ;
#3065 = ADVANCED_BREP_SHAPE_REPRESENTATION ( 'BasePlate-Thirds Split 3', ( #1374, #6180 ), #6940 ) ;
#3066 = VERTEX_POINT ( 'NONE', #5196 ) ;
#3067 = ORIENTED_EDGE ( 'NONE', *, *, #7204, .T. ) ;
#3068 = AXIS2_PLACEMENT_3D ( 'NONE', #5478, #289, #1542 ) ;
#3069 = CARTESIAN_POINT ( 'NONE',  ( -1.963293677257741177, 1.200787401574803237, -2.389692328527188270 ) ) ;
#3070 = DIRECTION ( 'NONE',  ( 0.000000000000000000, 0.000000000000000000, -1.000000000000000000 ) ) ;
#3071 = ORIENTED_EDGE ( 'NONE', *, *, #7354, .T. ) ;
#3072 = CARTESIAN_POINT ( 'NONE',  ( -1.569592889856162632, 1.082677165354330784, -1.707782561767789531 ) ) ;
#3073 = DIRECTION ( 'NONE',  ( 0.000000000000000000, 1.000000000000000000, -0.000000000000000000 ) ) ;
#3074 = AXIS2_PLACEMENT_3D ( 'NONE', #4280, #1344, #6676 ) ;
#3075 = CARTESIAN_POINT ( 'NONE',  ( -1.464101081812405836, 1.200787401574803237, 0.04973775915258649150 ) ) ;
#3076 = LINE ( 'NONE', #3141, #5916 ) ;
#3077 = ORIENTED_EDGE ( 'NONE', *, *, #302, .T. ) ;
#3078 = CARTESIAN_POINT ( 'NONE',  ( -1.031787612775674434, 1.082677165354330784, -1.482969410671555854 ) ) ;
#3079 = FACE_BOUND ( 'NONE', #5557, .T. ) ;
#3080 = VECTOR ( 'NONE', #4268, 39.37007874015748854 ) ;
#3081 = CARTESIAN_POINT ( 'NONE',  ( -1.949160454871015524, 1.200787401574803237, 0.7843934299338640725 ) ) ;
#3082 = EDGE_CURVE ( 'NONE', #4856, #4995, #4247, .T. ) ;
#3083 = CARTESIAN_POINT ( 'NONE',  ( -1.256533434598305021, 1.200787401574803237, -1.022576800793862262 ) ) ;
#3084 = CARTESIAN_POINT ( 'NONE',  ( -1.608205571491315711, 1.200787401574803237, 0.6682516976503980466 ) ) ;
#3085 = ADVANCED_FACE ( 'NONE', ( #4611 ), #6975, .F. ) ;
#3086 = ORIENTED_EDGE ( 'NONE', *, *, #4323, .F. ) ;
#3087 = EDGE_CURVE ( 'NONE', #6155, #4988, #7083, .T. ) ;
#3088 = VECTOR ( 'NONE', #6116, 39.37007874015748143 ) ;
#3089 = DIRECTION ( 'NONE',  ( 0.5000000000000018874, 0.000000000000000000, 0.8660254037844375974 ) ) ;
#3090 = ORIENTED_EDGE ( 'NONE', *, *, #2269, .F. ) ;
#3091 = LINE ( 'NONE', #241, #2548 ) ;
#3092 = DIRECTION ( 'NONE',  ( -0.000000000000000000, -1.000000000000000000, -0.000000000000000000 ) ) ;
#3093 = PLANE ( 'NONE',  #5739 ) ;
#3094 = CARTESIAN_POINT ( 'NONE',  ( -5.109615446260727722, 1.181102362204724532, 1.995364179890969591 ) ) ;
#3095 = VERTEX_POINT ( 'NONE', #1751 ) ;
#3096 = EDGE_LOOP ( 'NONE', ( #4648, #695 ) ) ;
#3097 = DIRECTION ( 'NONE',  ( -0.000000000000000000, -1.000000000000000000, -0.000000000000000000 ) ) ;
#3098 = CARTESIAN_POINT ( 'NONE',  ( -1.572946798163069593, 1.200787401574803237, 2.079744031659576109 ) ) ;
#3099 = DIRECTION ( 'NONE',  ( 0.000000000000000000, -1.000000000000000000, 0.000000000000000000 ) ) ;
#3100 = EDGE_CURVE ( 'NONE', #6876, #2769, #4871, .T. ) ;
#3101 = VERTEX_POINT ( 'NONE', #4064 ) ;
#3102 = APPLICATION_PROTOCOL_DEFINITION ( 'draft international standard', 'automotive_design', 1998, #6356 ) ;
#3103 = ORIENTED_EDGE ( 'NONE', *, *, #1346, .T. ) ;
#3104 = EDGE_CURVE ( 'NONE', #6785, #4879, #504, .T. ) ;
#3105 = ORIENTED_EDGE ( 'NONE', *, *, #3387, .F. ) ;
#3106 = DIRECTION ( 'NONE',  ( 0.8660254037844363761, 0.000000000000000000, -0.5000000000000041078 ) ) ;
#3107 = FACE_OUTER_BOUND ( 'NONE', #1029, .T. ) ;
#3108 = VERTEX_POINT ( 'NONE', #5838 ) ;
#3109 = FACE_OUTER_BOUND ( 'NONE', #2697, .T. ) ;
#3110 = DIRECTION ( 'NONE',  ( -0.000000000000000000, -1.000000000000000000, -0.000000000000000000 ) ) ;
#3111 = DIRECTION ( 'NONE',  ( 0.000000000000000000, -1.000000000000000000, 0.000000000000000000 ) ) ;
#3112 = CARTESIAN_POINT ( 'NONE',  ( -1.031787612775674434, 1.082677165354330784, -1.563678072088878990 ) ) ;
#3113 = ORIENTED_EDGE ( 'NONE', *, *, #392, .F. ) ;
#3114 = VERTEX_POINT ( 'NONE', #5307 ) ;
#3115 = LINE ( 'NONE', #3631, #2429 ) ;
#3116 = EDGE_CURVE ( 'NONE', #6663, #644, #2523, .T. ) ;
#3117 = DIRECTION ( 'NONE',  ( 0.000000000000000000, 0.000000000000000000, -1.000000000000000000 ) ) ;
#3118 = ORIENTED_EDGE ( 'NONE', *, *, #4669, .F. ) ;
#3119 = CARTESIAN_POINT ( 'NONE',  ( -0.9790417087537957030, 1.200787401574803237, -0.7656265730460143359 ) ) ;
#3120 = CYLINDRICAL_SURFACE ( 'NONE', #6847, 0.08070866141732309373 ) ;
#3121 = DIRECTION ( 'NONE',  ( -0.8660254037844362651, 0.000000000000000000, 0.5000000000000039968 ) ) ;
#3122 = ORIENTED_EDGE ( 'NONE', *, *, #576, .T. ) ;
#3123 = DIRECTION ( 'NONE',  ( -0.000000000000000000, -1.000000000000000000, -0.000000000000000000 ) ) ;
#3124 = ORIENTED_EDGE ( 'NONE', *, *, #6351, .T. ) ;
#3125 = LINE ( 'NONE', #1979, #1208 ) ;
#3126 = CARTESIAN_POINT ( 'NONE',  ( -2.486965731951503944, 1.082677165354330784, 0.7209976016722765557 ) ) ;
#3127 = DIRECTION ( 'NONE',  ( 0.000000000000000000, -1.000000000000000000, 0.000000000000000000 ) ) ;
#3128 = ADVANCED_FACE ( 'NONE', ( #5473 ), #3120, .F. ) ;
#3129 = FACE_OUTER_BOUND ( 'NONE', #1840, .T. ) ;
#3130 = CARTESIAN_POINT ( 'NONE',  ( -0.9790417087537957030, 1.082677165354330784, -0.7656265730460143359 ) ) ;
#3131 = LINE ( 'NONE', #255, #4547 ) ;
#3132 = VERTEX_POINT ( 'NONE', #1385 ) ;
#3133 = AXIS2_PLACEMENT_3D ( 'NONE', #3959, #1600, #7360 ) ;
#3134 = ORIENTED_EDGE ( 'NONE', *, *, #1227, .T. ) ;
#3135 = CARTESIAN_POINT ( 'NONE',  ( -2.539711635973382453, 1.200787401574803237, -0.2384712202052343133 ) ) ;
#3136 = LINE ( 'NONE', #181, #7023 ) ;
#3137 = ORIENTED_EDGE ( 'NONE', *, *, #1901, .T. ) ;
#3138 = DIRECTION ( 'NONE',  ( -0.000000000000000000, -1.000000000000000000, -0.000000000000000000 ) ) ;
#3139 = LINE ( 'NONE', #3849, #310 ) ;
#3140 = DIRECTION ( 'NONE',  ( -0.000000000000000000, -1.000000000000000000, -0.000000000000000000 ) ) ;
#3141 = CARTESIAN_POINT ( 'NONE',  ( -1.564132145497158843, 0.000000000000000000, 4.289497547441923686 ) ) ;
#3142 = ORIENTED_EDGE ( 'NONE', *, *, #802, .T. ) ;
#3143 = DIRECTION ( 'NONE',  ( -0.000000000000000000, -1.000000000000000000, -0.000000000000000000 ) ) ;
#3144 = DIRECTION ( 'NONE',  ( 0.000000000000000000, -1.000000000000000000, 0.000000000000000000 ) ) ;
#3145 = EDGE_LOOP ( 'NONE', ( #1900, #256 ) ) ;
#3146 = EDGE_CURVE ( 'NONE', #3461, #6102, #4129, .T. ) ;
#3147 = ADVANCED_FACE ( 'NONE', ( #1274 ), #3745, .T. ) ;
#3148 = VECTOR ( 'NONE', #2051, 39.37007874015748854 ) ;
#3149 = VECTOR ( 'NONE', #5241, 39.37007874015748854 ) ;
#3150 = DIRECTION ( 'NONE',  ( 0.5000000000000041078, 0.000000000000000000, 0.8660254037844363761 ) ) ;
#3151 = ORIENTED_EDGE ( 'NONE', *, *, #5579, .T. ) ;
#3152 = CARTESIAN_POINT ( 'NONE',  ( -4.540847003094901524, 1.102362204724409489, -1.106114152032292353 ) ) ;
#3153 = ORIENTED_EDGE ( 'NONE', *, *, #4291, .F. ) ;
#3154 = CIRCLE ( 'NONE', #5144, 0.08070866141732255250 ) ;
#3155 = VECTOR ( 'NONE', #5188, 39.37007874015748143 ) ;
#3156 = CIRCLE ( 'NONE', #1925, 0.08070866141732337129 ) ;
#3157 = FACE_OUTER_BOUND ( 'NONE', #6507, .T. ) ;
#3158 = LINE ( 'NONE', #4283, #38 ) ;
#3159 = DIRECTION ( 'NONE',  ( 0.000000000000000000, -1.000000000000000000, 0.000000000000000000 ) ) ;
#3160 = AXIS2_PLACEMENT_3D ( 'NONE', #6923, #1623, #6958 ) ;
#3161 = ORIENTED_EDGE ( 'NONE', *, *, #6401, .F. ) ;
#3162 = AXIS2_PLACEMENT_3D ( 'NONE', #2595, #2006, #1896 ) ;
#3163 = VECTOR ( 'NONE', #5749, 39.37007874015748143 ) ;
#3164 = DIRECTION ( 'NONE',  ( -0.8660254037844362651, -0.000000000000000000, 0.5000000000000041078 ) ) ;
#3165 = ORIENTED_EDGE ( 'NONE', *, *, #4359, .F. ) ;
#3166 = CARTESIAN_POINT ( 'NONE',  ( -3.077516913053870873, 1.082677165354330784, -0.4632843713014677678 ) ) ;
#3167 = AXIS2_PLACEMENT_3D ( 'NONE', #5006, #931, #6150 ) ;
#3168 = AXIS2_PLACEMENT_3D ( 'NONE', #3987, #5298, #7664 ) ;
#3169 = CIRCLE ( 'NONE', #2554, 0.08070866141732283006 ) ;
#3170 = CARTESIAN_POINT ( 'NONE',  ( -1.464101081812405836, 1.200787401574803237, 0.04973775915258649150 ) ) ;
#3171 = CIRCLE ( 'NONE', #7241, 0.08070866141732323251 ) ;
#3172 = DIRECTION ( 'NONE',  ( 0.5000000000000041078, 0.000000000000000000, 0.8660254037844362651 ) ) ;
#3173 = VERTEX_POINT ( 'NONE', #1822 ) ;
#3174 = CARTESIAN_POINT ( 'NONE',  ( -2.922929037303154232, 0.000000000000000000, -2.379375960765498288 ) ) ;
#3175 = LINE ( 'NONE', #2009, #1089 ) ;
#3176 = AXIS2_PLACEMENT_3D ( 'NONE', #6780, #7375, #6108 ) ;
#3177 = VERTEX_POINT ( 'NONE', #4838 ) ;
#3178 = EDGE_CURVE ( 'NONE', #1231, #2453, #6090, .T. ) ;
#3179 = AXIS2_PLACEMENT_3D ( 'NONE', #2132, #5116, #7416 ) ;
#3180 = ADVANCED_FACE ( 'NONE', ( #795 ), #2481, .F. ) ;
#3181 = EDGE_LOOP ( 'NONE', ( #2732, #3361 ) ) ;
#3182 = DIRECTION ( 'NONE',  ( 0.5000000000000041078, 0.000000000000000000, 0.8660254037844362651 ) ) ;
#3183 = CARTESIAN_POINT ( 'NONE',  ( -2.592457539995261406, 1.200787401574803237, -1.036522719248099689 ) ) ;
#3184 = ORIENTED_EDGE ( 'NONE', *, *, #2292, .T. ) ;
#3185 = CARTESIAN_POINT ( 'NONE',  ( -1.230588224977768652, 1.200787401574803237, 2.276606632811564612 ) ) ;
#3186 = DIRECTION ( 'NONE',  ( -0.8660254037844362651, 0.000000000000000000, 0.5000000000000041078 ) ) ;
#3187 = DIRECTION ( 'NONE',  ( 0.000000000000000000, -1.000000000000000000, 0.000000000000000000 ) ) ;
#3188 = CARTESIAN_POINT ( 'NONE',  ( -13.80356692029078403, 0.8464566929133860995, 4.501754609979833788 ) ) ;
#3189 = EDGE_CURVE ( 'NONE', #541, #2486, #3047, .T. ) ;
#3190 = CARTESIAN_POINT ( 'NONE',  ( -2.631070221630413819, 1.082677165354330784, 1.178094217335442728 ) ) ;
#3191 = VERTEX_POINT ( 'NONE', #1927 ) ;
#3192 = AXIS2_PLACEMENT_3D ( 'NONE', #1938, #4296, #7525 ) ;
#3193 = CARTESIAN_POINT ( 'NONE',  ( -2.486965731951503944, 1.200787401574803237, 0.7209976016722765557 ) ) ;
#3194 = DIRECTION ( 'NONE',  ( -0.000000000000000000, -1.000000000000000000, -0.000000000000000000 ) ) ;
#3195 = ADVANCED_FACE ( 'NONE', ( #5412, #4180, #3638 ), #3093, .T. ) ;
#3196 = ORIENTED_EDGE ( 'NONE', *, *, #4571, .T. ) ;
#3197 = AXIS2_PLACEMENT_3D ( 'NONE', #754, #5434, #6667 ) ;
#3198 = EDGE_LOOP ( 'NONE', ( #5951, #5083, #6578, #7468 ) ) ;
#3199 = CARTESIAN_POINT ( 'NONE',  ( -5.333567106952703973, 0.8464566929133860995, -0.6484369866779571279 ) ) ;
#3200 = ORIENTED_EDGE ( 'NONE', *, *, #2247, .F. ) ;
#3201 = CARTESIAN_POINT ( 'NONE',  ( -4.394717204696109825, 15.67005943375638211, -1.463246137178221939 ) ) ;
#3202 = ORIENTED_EDGE ( 'NONE', *, *, #3616, .F. ) ;
#3203 = ORIENTED_EDGE ( 'NONE', *, *, #3587, .T. ) ;
#3204 = CIRCLE ( 'NONE', #7543, 0.08070866141732296883 ) ;
#3205 = CARTESIAN_POINT ( 'NONE',  ( -1.766443283556951904, 1.200787401574803237, -2.129446106564812702 ) ) ;
#3206 = DIRECTION ( 'NONE',  ( -0.000000000000000000, -1.000000000000000000, -0.000000000000000000 ) ) ;
#3207 = ORIENTED_EDGE ( 'NONE', *, *, #4356, .T. ) ;
#3208 = CARTESIAN_POINT ( 'NONE',  ( -1.123146198432706244, 1.082677165354330784, -0.1471126345482025866 ) ) ;
#3209 = VECTOR ( 'NONE', #994, 39.37007874015748143 ) ;
#3210 = ORIENTED_EDGE ( 'NONE', *, *, #5920, .T. ) ;
#3211 = FACE_OUTER_BOUND ( 'NONE', #1139, .T. ) ;
#3212 = CYLINDRICAL_SURFACE ( 'NONE', #423, 0.08070866141732241372 ) ;
#3213 = CARTESIAN_POINT ( 'NONE',  ( -3.471217700455449418, 1.082677165354330784, -0.9837768152262206245 ) ) ;
#3214 = LINE ( 'NONE', #6901, #4688 ) ;
#3215 = ORIENTED_EDGE ( 'NONE', *, *, #2658, .F. ) ;
#3216 = CARTESIAN_POINT ( 'NONE',  ( -2.146010848571804797, 1.082677165354330784, 0.5241472079714878385 ) ) ;
#3217 = ORIENTED_EDGE ( 'NONE', *, *, #3955, .T. ) ;
#3218 = PRODUCT_DEFINITION_FORMATION_WITH_SPECIFIED_SOURCE ( 'ANY', '', #3543, .NOT_KNOWN. ) ;
#3219 = ORIENTED_EDGE ( 'NONE', *, *, #747, .F. ) ;
#3220 = EDGE_CURVE ( 'NONE', #7465, #2297, #6646, .T. ) ;
#3221 = CARTESIAN_POINT ( 'NONE',  ( -4.403241076780600949, 1.082677165354331672, -1.458324877335703373 ) ) ;
#3222 = LINE ( 'NONE', #222, #5889 ) ;
#3223 = ORIENTED_EDGE ( 'NONE', *, *, #3827, .F. ) ;
#3224 = FACE_OUTER_BOUND ( 'NONE', #3504, .T. ) ;
#3225 = DIRECTION ( 'NONE',  ( 0.000000000000000000, -1.000000000000000000, 0.000000000000000000 ) ) ;
#3226 = CARTESIAN_POINT ( 'NONE',  ( -6.653543307086615677, 0.000000000000000000, -0.1591122789104960356 ) ) ;
#3227 = ORIENTED_EDGE ( 'NONE', *, *, #2855, .T. ) ;
#3228 = DIRECTION ( 'NONE',  ( 0.8660254037844362651, 0.000000000000000000, -0.5000000000000038858 ) ) ;
#3229 = EDGE_CURVE ( 'NONE', #635, #4047, #3158, .T. ) ;
#3230 = DIRECTION ( 'NONE',  ( 0.000000000000000000, 0.000000000000000000, -1.000000000000000000 ) ) ;
#3231 = FACE_BOUND ( 'NONE', #5117, .T. ) ;
#3232 = EDGE_CURVE ( 'NONE', #1714, #1527, #6680, .T. ) ;
#3233 = VERTEX_POINT ( 'NONE', #4245 ) ;
#3234 = LINE ( 'NONE', #6408, #1922 ) ;
#3235 = ORIENTED_EDGE ( 'NONE', *, *, #3656, .T. ) ;
#3236 = LINE ( 'NONE', #7232, #3820 ) ;
#3237 = EDGE_CURVE ( 'NONE', #769, #4018, #3606, .T. ) ;
#3238 = VERTEX_POINT ( 'NONE', #1306 ) ;
#3239 = CARTESIAN_POINT ( 'NONE',  ( -1.428842308484151280, 1.200787401574803237, 2.698257970157384555 ) ) ;
#3240 = DIRECTION ( 'NONE',  ( 0.000000000000000000, 0.000000000000000000, -1.000000000000000000 ) ) ;
#3241 = CARTESIAN_POINT ( 'NONE',  ( -2.933412423374960998, 1.200787401574803237, -0.9203809869646332187 ) ) ;
#3242 = VERTEX_POINT ( 'NONE', #1243 ) ;
#3243 = PLANE ( 'NONE',  #5498 ) ;
#3244 = ORIENTED_EDGE ( 'NONE', *, *, #7317, .F. ) ;
#3245 = LINE ( 'NONE', #3869, #6404 ) ;
#3246 = DIRECTION ( 'NONE',  ( 0.000000000000000000, 1.000000000000000000, -0.000000000000000000 ) ) ;
#3247 = CYLINDRICAL_SURFACE ( 'NONE', #3133, 0.08070866141732323251 ) ;
#3248 = DIRECTION ( 'NONE',  ( 0.000000000000000000, -0.000000000000000000, -1.000000000000000000 ) ) ;
#3249 = FACE_OUTER_BOUND ( 'NONE', #5165, .T. ) ;
#3250 = EDGE_LOOP ( 'NONE', ( #4150, #5549, #2729, #4830 ) ) ;
#3251 = PLANE ( 'NONE',  #686 ) ;
#3252 = EDGE_CURVE ( 'NONE', #4995, #4856, #5475, .T. ) ;
#3253 = VERTEX_POINT ( 'NONE', #5373 ) ;
#3254 = VERTEX_POINT ( 'NONE', #3007 ) ;
#3255 = FACE_OUTER_BOUND ( 'NONE', #3298, .T. ) ;
#3256 = EDGE_LOOP ( 'NONE', ( #388, #1135, #5065, #5303 ) ) ;
#3257 = CARTESIAN_POINT ( 'NONE',  ( -2.976577355925106971, 0.9842519685039373689, -1.925946450546192290 ) ) ;
#3258 = CARTESIAN_POINT ( 'NONE',  ( -2.342861242272594069, 1.200787401574803237, 0.1024836631744651533 ) ) ;
#3259 = DIRECTION ( 'NONE',  ( -0.000000000000000000, -1.000000000000000000, -0.000000000000000000 ) ) ;
#3260 = ADVANCED_FACE ( 'NONE', ( #3717 ), #655, .F. ) ;
#3261 = VECTOR ( 'NONE', #4696, 39.37007874015748143 ) ;
#3262 = CARTESIAN_POINT ( 'NONE',  ( -1.608205571491315711, 1.200787401574803237, 0.5875430362330750222 ) ) ;
#3263 = DIRECTION ( 'NONE',  ( 0.000000000000000000, -1.000000000000000000, 0.000000000000000000 ) ) ;
#3264 = ADVANCED_FACE ( 'NONE', ( #6060 ), #763, .F. ) ;
#3265 = ORIENTED_EDGE ( 'NONE', *, *, #6099, .T. ) ;
#3266 = LINE ( 'NONE', #5009, #5068 ) ;
#3267 = DIRECTION ( 'NONE',  ( 0.000000000000000000, 1.000000000000000000, 0.000000000000000000 ) ) ;
#3268 = ORIENTED_EDGE ( 'NONE', *, *, #7549, .F. ) ;
#3269 = ADVANCED_FACE ( 'NONE', ( #2166 ), #851, .T. ) ;
#3270 = VERTEX_POINT ( 'NONE', #2089 ) ;
#3271 = CARTESIAN_POINT ( 'NONE',  ( -2.395607146294472134, 1.200787401574803237, -0.7762764972857227885 ) ) ;
#3272 = VERTEX_POINT ( 'NONE', #1472 ) ;
#3273 = DIRECTION ( 'NONE',  ( 0.000000000000000000, -1.000000000000000000, 0.000000000000000000 ) ) ;
#3274 = ADVANCED_FACE ( 'NONE', ( #5107 ), #3247, .F. ) ;
#3275 = VERTEX_POINT ( 'NONE', #5684 ) ;
#3276 = EDGE_CURVE ( 'NONE', #6439, #2563, #292, .T. ) ;
#3277 = DIRECTION ( 'NONE',  ( 0.000000000000000000, -0.000000000000000000, 1.000000000000000000 ) ) ;
#3278 = CARTESIAN_POINT ( 'NONE',  ( -1.509832702874725818, 0.9842519685039373689, -0.2998563300174523216 ) ) ;
#3279 = ORIENTED_EDGE ( 'NONE', *, *, #6122, .T. ) ;
#3280 = CIRCLE ( 'NONE', #7611, 0.08070866141732289945 ) ;
#3281 = LINE ( 'NONE', #3866, #1189 ) ;
#3282 = EDGE_LOOP ( 'NONE', ( #6609, #7433, #1509 ) ) ;
#3283 = CARTESIAN_POINT ( 'NONE',  ( -1.910547773235862445, 1.200787401574803237, -1.591640829484323616 ) ) ;
#3284 = CIRCLE ( 'NONE', #7377, 0.08070866141732269128 ) ;
#3285 = ORIENTED_EDGE ( 'NONE', *, *, #6247, .T. ) ;
#3286 = ADVANCED_FACE ( 'NONE', ( #3835 ), #6719, .F. ) ;
#3287 = AXIS2_PLACEMENT_3D ( 'NONE', #1549, #3919, #6271 ) ;
#3288 = VECTOR ( 'NONE', #5998, 39.37007874015748143 ) ;
#3289 = ORIENTED_EDGE ( 'NONE', *, *, #4725, .F. ) ;
#3290 = CARTESIAN_POINT ( 'NONE',  ( -2.251502656615562259, 1.200787401574803237, -1.394790435783534566 ) ) ;
#3291 = CARTESIAN_POINT ( 'NONE',  ( -2.592457539995261406, 1.200787401574803237, -1.117231380665422380 ) ) ;
#3292 = DIRECTION ( 'NONE',  ( 0.000000000000000000, -0.000000000000000000, -1.000000000000000000 ) ) ;
#3293 = AXIS2_PLACEMENT_3D ( 'NONE', #6400, #6281, #1025 ) ;
#3294 = AXIS2_PLACEMENT_3D ( 'NONE', #5767, #471, #2834 ) ;
#3295 = AXIS2_PLACEMENT_3D ( 'NONE', #973, #6218, #386 ) ;
#3296 = LINE ( 'NONE', #2220, #3148 ) ;
#3297 = VECTOR ( 'NONE', #4720, 39.37007874015748143 ) ;
#3298 = EDGE_LOOP ( 'NONE', ( #7599, #921 ) ) ;
#3299 = VECTOR ( 'NONE', #1620, 39.37007874015748143 ) ;
#3300 = ORIENTED_EDGE ( 'NONE', *, *, #3376, .T. ) ;
#3301 = ADVANCED_FACE ( 'NONE', ( #6310 ), #3212, .F. ) ;
#3302 = EDGE_CURVE ( 'NONE', #3641, #5929, #1421, .T. ) ;
#3303 = FACE_OUTER_BOUND ( 'NONE', #4842, .T. ) ;
#3304 = VERTEX_POINT ( 'NONE', #1546 ) ;
#3305 = DIRECTION ( 'NONE',  ( 0.000000000000000000, -1.000000000000000000, 0.000000000000000000 ) ) ;
#3306 = AXIS2_PLACEMENT_3D ( 'NONE', #2264, #4617, #4027 ) ;
#3307 = CARTESIAN_POINT ( 'NONE',  ( -1.572946798163069593, 1.082677165354330784, 2.160452693076898356 ) ) ;
#3308 = AXIS2_PLACEMENT_3D ( 'NONE', #430, #2796, #5164 ) ;
#3309 = FACE_OUTER_BOUND ( 'NONE', #6017, .T. ) ;
#3310 = DIRECTION ( 'NONE',  ( -0.000000000000000000, -1.000000000000000000, -0.000000000000000000 ) ) ;
#3311 = CYLINDRICAL_SURFACE ( 'NONE', #5279, 0.08070866141732323251 ) ;
#3312 = CYLINDRICAL_SURFACE ( 'NONE', #3582, 0.08070866141732351007 ) ;
#3313 = ORIENTED_EDGE ( 'NONE', *, *, #6245, .T. ) ;
#3314 = LINE ( 'NONE', #5503, #3088 ) ;
#3315 = AXIS2_PLACEMENT_3D ( 'NONE', #5236, #482, #7572 ) ;
#3316 = AXIS2_PLACEMENT_3D ( 'NONE', #1082, #6376, #7621 ) ;
#3317 = CARTESIAN_POINT ( 'NONE',  ( -1.509832702874725818, 0.9842519685039373689, -0.4238720780489483864 ) ) ;
#3318 = VERTEX_POINT ( 'NONE', #5563 ) ;
#3319 = EDGE_LOOP ( 'NONE', ( #2377, #3573, #7205, #3990, #329, #6853, #919, #5822, #4917, #5214, #7678, #2110, #2780, #6444, #260, #4899 ) ) ;
#3320 = FACE_OUTER_BOUND ( 'NONE', #1757, .T. ) ;
#3321 = VECTOR ( 'NONE', #2626, 39.37007874015748143 ) ;
#3322 = ORIENTED_EDGE ( 'NONE', *, *, #4239, .F. ) ;
#3323 = AXIS2_PLACEMENT_3D ( 'NONE', #5989, #6686, #3172 ) ;
#3324 = EDGE_LOOP ( 'NONE', ( #7353, #4560, #3649, #5607 ) ) ;
#3325 = VERTEX_POINT ( 'NONE', #4362 ) ;
#3326 = DIRECTION ( 'NONE',  ( 0.000000000000000000, -1.000000000000000000, 0.000000000000000000 ) ) ;
#3327 = DIRECTION ( 'NONE',  ( -0.000000000000000000, -1.000000000000000000, -0.000000000000000000 ) ) ;
#3328 = CYLINDRICAL_SURFACE ( 'NONE', #4043, 0.08070866141732351007 ) ;
#3329 = ADVANCED_FACE ( 'NONE', ( #5034 ), #4451, .T. ) ;
#3330 = ORIENTED_EDGE ( 'NONE', *, *, #5824, .T. ) ;
#3331 = EDGE_CURVE ( 'NONE', #1117, #4448, #1011, .T. ) ;
#3332 = DIRECTION ( 'NONE',  ( -0.5000000000000041078, -1.084202172485504311E-16, -0.8660254037844363761 ) ) ;
#3333 = EDGE_CURVE ( 'NONE', #4120, #2994, #6139, .T. ) ;
#3334 = ORIENTED_EDGE ( 'NONE', *, *, #2439, .T. ) ;
#3335 = AXIS2_PLACEMENT_3D ( 'NONE', #870, #1490, #5612 ) ;
#3336 = DIRECTION ( 'NONE',  ( -0.000000000000000000, -1.000000000000000000, -0.000000000000000000 ) ) ;
#3337 = ADVANCED_FACE ( 'NONE', ( #3872 ), #6217, .T. ) ;
#3338 = ORIENTED_EDGE ( 'NONE', *, *, #4638, .T. ) ;
#3339 = DIRECTION ( 'NONE',  ( 0.000000000000000000, 9.389466242107218061E-17, 1.000000000000000000 ) ) ;
#3340 = DIRECTION ( 'NONE',  ( -0.000000000000000000, -1.000000000000000000, -0.000000000000000000 ) ) ;
#3341 = FACE_OUTER_BOUND ( 'NONE', #3841, .T. ) ;
#3342 = VECTOR ( 'NONE', #7456, 39.37007874015748854 ) ;
#3343 = ORIENTED_EDGE ( 'NONE', *, *, #3837, .T. ) ;
#3344 = CARTESIAN_POINT ( 'NONE',  ( -1.769797191863853314, 1.082677165354330784, 2.420698915039277477 ) ) ;
#3345 = ORIENTED_EDGE ( 'NONE', *, *, #3516, .T. ) ;
#3346 = ORIENTED_EDGE ( 'NONE', *, *, #198, .T. ) ;
#3347 = DIRECTION ( 'NONE',  ( -0.1590695136534806542, 0.000000000000000000, 0.9872673851728543948 ) ) ;
#3348 = DIRECTION ( 'NONE',  ( -0.8660254037844362651, 0.000000000000000000, 0.5000000000000039968 ) ) ;
#3349 = VERTEX_POINT ( 'NONE', #6845 ) ;
#3350 = FACE_OUTER_BOUND ( 'NONE', #5510, .T. ) ;
#3351 = EDGE_CURVE ( 'NONE', #1351, #102, #3400, .T. ) ;
#3352 = CARTESIAN_POINT ( 'NONE',  ( -1.179246010761500818, 1.200787401574803237, 1.478542926317494288 ) ) ;
#3353 = CARTESIAN_POINT ( 'NONE',  ( -2.880666519353082489, 1.200787401574803237, -0.1223294879217681902 ) ) ;
#3354 = ADVANCED_FACE ( 'NONE', ( #384 ), #3912, .F. ) ;
#3355 = LINE ( 'NONE', #3188, #362 ) ;
#3356 = DIRECTION ( 'NONE',  ( 0.000000000000000000, -0.000000000000000000, -1.000000000000000000 ) ) ;
#3357 = DIRECTION ( 'NONE',  ( -0.000000000000000000, -1.000000000000000000, -0.000000000000000000 ) ) ;
#3358 = VERTEX_POINT ( 'NONE', #4407 ) ;
#3359 = PLANE ( 'NONE',  #1856 ) ;
#3360 = LINE ( 'NONE', #402, #5638 ) ;
#3361 = ORIENTED_EDGE ( 'NONE', *, *, #3499, .F. ) ;
#3362 = ORIENTED_EDGE ( 'NONE', *, *, #3607, .F. ) ;
#3363 = LINE ( 'NONE', #6831, #3537 ) ;
#3364 = EDGE_LOOP ( 'NONE', ( #1005, #6969, #5888, #3384 ) ) ;
#3365 = ORIENTED_EDGE ( 'NONE', *, *, #6058, .F. ) ;
#3366 = ORIENTED_EDGE ( 'NONE', *, *, #5145, .F. ) ;
#3367 = CYLINDRICAL_SURFACE ( 'NONE', #186, 0.08070866141732241372 ) ;
#3368 = DIRECTION ( 'NONE',  ( 0.000000000000000000, 1.000000000000000000, 0.000000000000000000 ) ) ;
#3369 = CARTESIAN_POINT ( 'NONE',  ( -1.231991914783367559, 1.082677165354330784, 2.357303086777682744 ) ) ;
#3370 = ORIENTED_EDGE ( 'NONE', *, *, #6800, .F. ) ;
#3371 = DIRECTION ( 'NONE',  ( 0.000000000000000000, 0.000000000000000000, -1.000000000000000000 ) ) ;
#3372 = EDGE_CURVE ( 'NONE', #1643, #6057, #2746, .T. ) ;
#3373 = VERTEX_POINT ( 'NONE', #7628 ) ;
#3374 = DIRECTION ( 'NONE',  ( 0.000000000000000000, -1.000000000000000000, 0.000000000000000000 ) ) ;
#3375 = EDGE_LOOP ( 'NONE', ( #1238, #6081 ) ) ;
#3376 = EDGE_CURVE ( 'NONE', #7673, #5566, #5869, .T. ) ;
#3377 = CARTESIAN_POINT ( 'NONE',  ( -1.480793798439511422, 1.200787401574803237, -2.304368796230997329 ) ) ;
#3378 = DIRECTION ( 'NONE',  ( 0.000000000000000000, -1.000000000000000000, 0.000000000000000000 ) ) ;
#3379 = FACE_OUTER_BOUND ( 'NONE', #1626, .T. ) ;
#3380 = CARTESIAN_POINT ( 'NONE',  ( -2.631070221630414263, 1.181102362204724754, 1.178094217335442062 ) ) ;
#3381 = CARTESIAN_POINT ( 'NONE',  ( -3.838831256666276115, 0.000000000000000000, -3.125114463574150125 ) ) ;
#3382 = EDGE_LOOP ( 'NONE', ( #883, #668 ) ) ;
#3383 = FACE_OUTER_BOUND ( 'NONE', #5927, .T. ) ;
#3384 = ORIENTED_EDGE ( 'NONE', *, *, #7170, .F. ) ;
#3385 = ORIENTED_EDGE ( 'NONE', *, *, #7405, .T. ) ;
#3386 = ORIENTED_EDGE ( 'NONE', *, *, #4327, .F. ) ;
#3387 = EDGE_CURVE ( 'NONE', #4185, #3238, #2896, .T. ) ;
#3388 = CARTESIAN_POINT ( 'NONE',  ( -2.486965731951503944, 1.200787401574803237, 0.6402889402549535314 ) ) ;
#3389 = CARTESIAN_POINT ( 'NONE',  ( -2.880666519353082489, 1.082677165354330784, -0.04162082650444507564 ) ) ;
#3390 = FACE_OUTER_BOUND ( 'NONE', #342, .T. ) ;
#3391 = ORIENTED_EDGE ( 'NONE', *, *, #94, .F. ) ;
#3392 = DIRECTION ( 'NONE',  ( 0.000000000000000000, 0.000000000000000000, -1.000000000000000000 ) ) ;
#3393 = LINE ( 'NONE', #5738, #939 ) ;
#3394 = EDGE_LOOP ( 'NONE', ( #6912, #3105 ) ) ;
#3395 = CARTESIAN_POINT ( 'NONE',  ( -2.483432426354822198, 1.082677165354330784, 1.433810379870217311 ) ) ;
#3396 = ORIENTED_EDGE ( 'NONE', *, *, #1424, .F. ) ;
#3397 = DIRECTION ( 'NONE',  ( 0.000000000000000000, 1.000000000000000000, 0.000000000000000000 ) ) ;
#3398 = ORIENTED_EDGE ( 'NONE', *, *, #5365, .T. ) ;
#3399 = VERTEX_POINT ( 'NONE', #2365 ) ;
#3400 = CIRCLE ( 'NONE', #4369, 0.08070866141732309373 ) ;
#3401 = ORIENTED_EDGE ( 'NONE', *, *, #2191, .F. ) ;
#3402 = LINE ( 'NONE', #5675, #2810 ) ;
#3403 = DIRECTION ( 'NONE',  ( 0.000000000000000000, 0.000000000000000000, -1.000000000000000000 ) ) ;
#3404 = EDGE_CURVE ( 'NONE', #6761, #6895, #7588, .T. ) ;
#3405 = CARTESIAN_POINT ( 'NONE',  ( -1.857801869213983714, 1.200787401574803237, -0.6321720076068124694 ) ) ;
#3406 = EDGE_CURVE ( 'NONE', #3238, #4185, #5247, .T. ) ;
#3407 = CYLINDRICAL_SURFACE ( 'NONE', #3049, 0.08070866141732296883 ) ;
#3408 = VERTEX_POINT ( 'NONE', #3457 ) ;
#3409 = CARTESIAN_POINT ( 'NONE',  ( -4.493652916056375624, 0.6791338582677166613, 2.912636278550976954 ) ) ;
#3410 = ORIENTED_EDGE ( 'NONE', *, *, #3656, .F. ) ;
#3411 = DIRECTION ( 'NONE',  ( 0.000000000000000000, 0.000000000000000000, -1.000000000000000000 ) ) ;
#3412 = CARTESIAN_POINT ( 'NONE',  ( -0.3004858503013124738, 1.200787401574803237, 1.531288830339360807 ) ) ;
#3413 = CARTESIAN_POINT ( 'NONE',  ( -1.103957876584416464, 1.200787401574803237, 1.490673426187426820 ) ) ;
#3414 = ORIENTED_EDGE ( 'NONE', *, *, #816, .T. ) ;
#3415 = CARTESIAN_POINT ( 'NONE',  ( -2.146010848571804797, 1.200787401574803237, 0.4434385465541646476 ) ) ;
#3416 = AXIS2_PLACEMENT_3D ( 'NONE', #3415, #6768, #6346 ) ;
#3417 = CIRCLE ( 'NONE', #304, 0.08070866141732309373 ) ;
#3418 = VECTOR ( 'NONE', #687, 39.37007874015748143 ) ;
#3419 = ORIENTED_EDGE ( 'NONE', *, *, #5664, .F. ) ;
#3420 = DIRECTION ( 'NONE',  ( 0.000000000000000000, -1.000000000000000000, 0.000000000000000000 ) ) ;
#3421 = AXIS2_PLACEMENT_3D ( 'NONE', #5469, #2698, #5587 ) ;
#3422 = AXIS2_PLACEMENT_3D ( 'NONE', #4484, #1593, #5066 ) ;
#3423 = VECTOR ( 'NONE', #6583, 39.37007874015748143 ) ;
#3424 = CYLINDRICAL_SURFACE ( 'NONE', #7500, 0.08070866141732285781 ) ;
#3425 = CARTESIAN_POINT ( 'NONE',  ( -2.736562029674171725, 1.200787401574803237, -0.5794261035849337382 ) ) ;
#3426 = VERTEX_POINT ( 'NONE', #6422 ) ;
#3427 = FACE_OUTER_BOUND ( 'NONE', #4442, .T. ) ;
#3428 = ADVANCED_FACE ( 'NONE', ( #2215 ), #6342, .T. ) ;
#3429 = DIRECTION ( 'NONE',  ( -0.000000000000000000, -1.000000000000000000, -0.000000000000000000 ) ) ;
#3430 = DIRECTION ( 'NONE',  ( 0.8660254037844362651, 0.000000000000000000, -0.5000000000000041078 ) ) ;
#3431 = EDGE_CURVE ( 'NONE', #6200, #4889, #6487, .T. ) ;
#3432 = AXIS2_PLACEMENT_3D ( 'NONE', #4427, #7455, #4969 ) ;
#3433 = DIRECTION ( 'NONE',  ( 0.000000000000000000, -1.000000000000000000, 0.000000000000000000 ) ) ;
#3434 = VECTOR ( 'NONE', #623, 39.37007874015748143 ) ;
#3435 = CIRCLE ( 'NONE', #3044, 0.08070866141732296883 ) ;
#3436 = ADVANCED_FACE ( 'NONE', ( #7670 ), #1708, .F. ) ;
#3437 = ORIENTED_EDGE ( 'NONE', *, *, #625, .T. ) ;
#3438 = CARTESIAN_POINT ( 'NONE',  ( -1.372742496155374026, 1.200787401574803237, -1.366827678388090161 ) ) ;
#3439 = EDGE_LOOP ( 'NONE', ( #7219, #7193, #6134, #7373, #6922, #4514 ) ) ;
#3440 = AXIS2_PLACEMENT_3D ( 'NONE', #2756, #3926, #5114 ) ;
#3441 = AXIS2_PLACEMENT_3D ( 'NONE', #6798, #2277, #3277 ) ;
#3442 = FACE_OUTER_BOUND ( 'NONE', #742, .T. ) ;
#3443 = CIRCLE ( 'NONE', #5779, 0.08070866141732351007 ) ;
#3444 = ORIENTED_EDGE ( 'NONE', *, *, #6300, .T. ) ;
#3445 = AXIS2_PLACEMENT_3D ( 'NONE', #4053, #5296, #1661 ) ;
#3446 = ORIENTED_EDGE ( 'NONE', *, *, #2758, .F. ) ;
#3447 = PLANE ( 'NONE',  #3441 ) ;
#3448 = DIRECTION ( 'NONE',  ( 0.000000000000000000, 0.000000000000000000, -1.000000000000000000 ) ) ;
#3449 = PLANE ( 'NONE',  #705 ) ;
#3450 = VECTOR ( 'NONE', #7028, 39.37007874015748143 ) ;
#3451 = DIRECTION ( 'NONE',  ( -0.000000000000000000, -1.000000000000000000, -0.000000000000000000 ) ) ;
#3452 = CARTESIAN_POINT ( 'NONE',  ( -0.4973362440020967501, 1.082677165354330784, 1.791535052301739928 ) ) ;
#3453 = ORIENTED_EDGE ( 'NONE', *, *, #2460, .T. ) ;
#3454 = EDGE_CURVE ( 'NONE', #4243, #1918, #5856, .T. ) ;
#3455 = LINE ( 'NONE', #2284, #1342 ) ;
#3456 = AXIS2_PLACEMENT_3D ( 'NONE', #5910, #5301, #3517 ) ;
#3457 = CARTESIAN_POINT ( 'NONE',  ( -2.986158327396839063, 1.200787401574803237, -1.718432486007497539 ) ) ;
#3458 = CYLINDRICAL_SURFACE ( 'NONE', #3037, 0.08070866141732337129 ) ;
#3459 = DIRECTION ( 'NONE',  ( 0.000000000000000000, -1.000000000000000000, 0.000000000000000000 ) ) ;
#3460 = CARTESIAN_POINT ( 'NONE',  ( -3.278884500051842288, 0.5807086614173235795, 1.552109965366941680 ) ) ;
#3461 = VERTEX_POINT ( 'NONE', #4573 ) ;
#3462 = ORIENTED_EDGE ( 'NONE', *, *, #3028, .T. ) ;
#3463 = CYLINDRICAL_SURFACE ( 'NONE', #2815, 0.08070866141732323251 ) ;
#3464 = AXIS2_PLACEMENT_3D ( 'NONE', #5577, #265, #4342 ) ;
#3465 = VERTEX_POINT ( 'NONE', #2783 ) ;
#3466 = FACE_OUTER_BOUND ( 'NONE', #3324, .T. ) ;
#3467 = DIRECTION ( 'NONE',  ( -0.5000000000000041078, 0.000000000000000000, -0.8660254037844362651 ) ) ;
#3468 = ORIENTED_EDGE ( 'NONE', *, *, #6976, .F. ) ;
#3469 = LINE ( 'NONE', #7573, #4274 ) ;
#3470 = EDGE_CURVE ( 'NONE', #6682, #1893, #5837, .T. ) ;
#3471 = VECTOR ( 'NONE', #630, 39.37007874015748143 ) ;
#3472 = CARTESIAN_POINT ( 'NONE',  ( -2.736562029674171725, 1.082677165354330784, -0.4987174421676103808 ) ) ;
#3473 = VERTEX_POINT ( 'NONE', #4641 ) ;
#3474 = DIRECTION ( 'NONE',  ( 0.000000000000000000, -1.000000000000000000, 0.000000000000000000 ) ) ;
#3475 = ADVANCED_FACE ( 'NONE', ( #536 ), #7082, .F. ) ;
#3476 = EDGE_LOOP ( 'NONE', ( #2651, #7684, #2096, #1721 ) ) ;
#3477 = EDGE_LOOP ( 'NONE', ( #5891, #4776, #2080, #441 ) ) ;
#3478 = FACE_OUTER_BOUND ( 'NONE', #4344, .T. ) ;
#3479 = CARTESIAN_POINT ( 'NONE',  ( -5.451677343173177981, 1.102362204724409489, -0.8530099167057764165 ) ) ;
#3480 = CARTESIAN_POINT ( 'NONE',  ( -2.789307933696049790, 1.200787401574803237, -1.458186264045121971 ) ) ;
#3481 = ADVANCED_FACE ( 'NONE', ( #1668 ), #7012, .F. ) ;
#3482 = CARTESIAN_POINT ( 'NONE',  ( -0.4445903399802303424, 1.200787401574803237, 0.9934835532588741636 ) ) ;
#3483 = CARTESIAN_POINT ( 'NONE',  ( -3.274367306754660145, 1.200787401574803237, -0.6428219318465206999 ) ) ;
#3484 = CARTESIAN_POINT ( 'NONE',  ( -1.376096404462285205, 1.082677165354330784, 1.819497809697196322 ) ) ;
#3485 = EDGE_CURVE ( 'NONE', #744, #3272, #3992, .T. ) ;
#3486 = ORIENTED_EDGE ( 'NONE', *, *, #3714, .F. ) ;
#3487 = DIRECTION ( 'NONE',  ( 0.000000000000000000, 0.000000000000000000, -1.000000000000000000 ) ) ;
#3488 = DIRECTION ( 'NONE',  ( 0.000000000000000000, 0.000000000000000000, -1.000000000000000000 ) ) ;
#3489 = CARTESIAN_POINT ( 'NONE',  ( -1.963293677257741177, 1.200787401574803237, -2.470400989944511405 ) ) ;
#3490 = CARTESIAN_POINT ( 'NONE',  ( -1.228638006476463485, 1.200787401574803237, -1.823924294051255224 ) ) ;
#3491 = DIRECTION ( 'NONE',  ( 0.000000000000000000, 0.000000000000000000, 1.000000000000000000 ) ) ;
#3492 = ORIENTED_EDGE ( 'NONE', *, *, #4145, .T. ) ;
#3493 = CARTESIAN_POINT ( 'NONE',  ( -2.976577355925106971, 1.082677165354330784, -1.925946450546192290 ) ) ;
#3494 = DIRECTION ( 'NONE',  ( 0.000000000000000000, 0.000000000000000000, -1.000000000000000000 ) ) ;
#3495 = CARTESIAN_POINT ( 'NONE',  ( -3.471217700455449418, 1.082677165354330784, -1.145194138060866340 ) ) ;
#3496 = DIRECTION ( 'NONE',  ( 0.000000000000000000, -1.000000000000000000, 0.000000000000000000 ) ) ;
#3497 = ORIENTED_EDGE ( 'NONE', *, *, #3060, .F. ) ;
#3498 = CARTESIAN_POINT ( 'NONE',  ( -2.107398166936651496, 1.200787401574803237, -1.851887051446699850 ) ) ;
#3499 = EDGE_CURVE ( 'NONE', #971, #946, #1545, .T. ) ;
#3500 = EDGE_CURVE ( 'NONE', #2994, #2922, #2790, .T. ) ;
#3501 = CYLINDRICAL_SURFACE ( 'NONE', #6638, 0.08070866141732296883 ) ;
#3502 = LINE ( 'NONE', #5818, #3731 ) ;
#3503 = DIRECTION ( 'NONE',  ( -0.000000000000000000, -1.000000000000000000, -0.000000000000000000 ) ) ;
#3504 = EDGE_LOOP ( 'NONE', ( #4361, #3330 ) ) ;
#3505 = CARTESIAN_POINT ( 'NONE',  ( -3.667376289564603375, 1.181102362204724532, 1.162687014536634145 ) ) ;
#3506 = ORIENTED_EDGE ( 'NONE', *, *, #764, .F. ) ;
#3507 = ORIENTED_EDGE ( 'NONE', *, *, #1793, .F. ) ;
#3508 = LINE ( 'NONE', #4719, #7261 ) ;
#3509 = DIRECTION ( 'NONE',  ( 0.000000000000000000, -1.000000000000000000, 0.000000000000000000 ) ) ;
#3510 = DIRECTION ( 'NONE',  ( 0.000000000000000000, -1.000000000000000000, 0.000000000000000000 ) ) ;
#3511 = DIRECTION ( 'NONE',  ( 0.000000000000000000, 0.000000000000000000, -1.000000000000000000 ) ) ;
#3512 = DIRECTION ( 'NONE',  ( 0.000000000000000000, 0.000000000000000000, -1.000000000000000000 ) ) ;
#3513 = EDGE_CURVE ( 'NONE', #2847, #702, #2329, .T. ) ;
#3514 = ORIENTED_EDGE ( 'NONE', *, *, #1338, .F. ) ;
#3515 = AXIS2_PLACEMENT_3D ( 'NONE', #7629, #6489, #5339 ) ;
#3516 = EDGE_CURVE ( 'NONE', #2122, #3408, #2299, .T. ) ;
#3517 = DIRECTION ( 'NONE',  ( 0.000000000000000000, 0.000000000000000000, -1.000000000000000000 ) ) ;
#3518 = DIRECTION ( 'NONE',  ( 0.000000000000000000, -1.000000000000000000, 0.000000000000000000 ) ) ;
#3519 = ORIENTED_EDGE ( 'NONE', *, *, #969, .F. ) ;
#3520 = DIRECTION ( 'NONE',  ( 0.000000000000000000, -1.000000000000000000, 0.000000000000000000 ) ) ;
#3521 = SURFACE_SIDE_STYLE ('',( #2366 ) ) ;
#3522 = CARTESIAN_POINT ( 'NONE',  ( -1.319996592133495295, 1.082677165354330784, -0.4880675179279020948 ) ) ;
#3523 = CYLINDRICAL_SURFACE ( 'NONE', #4779, 0.08070866141732323251 ) ;
#3524 = EDGE_CURVE ( 'NONE', #3695, #2676, #4097, .T. ) ;
#3525 = ORIENTED_EDGE ( 'NONE', *, *, #1972, .F. ) ;
#3526 = ORIENTED_EDGE ( 'NONE', *, *, #910, .F. ) ;
#3527 = CYLINDRICAL_SURFACE ( 'NONE', #3027, 0.08070866141732269128 ) ;
#3528 = EDGE_CURVE ( 'NONE', #644, #6663, #6869, .T. ) ;
#3529 = DIRECTION ( 'NONE',  ( 0.000000000000000000, -1.000000000000000000, 0.000000000000000000 ) ) ;
#3530 = DIRECTION ( 'NONE',  ( 0.000000000000000000, -1.000000000000000000, 0.000000000000000000 ) ) ;
#3531 = ORIENTED_EDGE ( 'NONE', *, *, #6577, .T. ) ;
#3532 = DIRECTION ( 'NONE',  ( 0.000000000000000000, -1.000000000000000000, 0.000000000000000000 ) ) ;
#3533 = CIRCLE ( 'NONE', #4519, 0.08070866141732337129 ) ;
#3534 = AXIS2_PLACEMENT_3D ( 'NONE', #5583, #7425, #5617 ) ;
#3535 = ORIENTED_EDGE ( 'NONE', *, *, #1921, .T. ) ;
#3536 = ORIENTED_EDGE ( 'NONE', *, *, #3499, .T. ) ;
#3537 = VECTOR ( 'NONE', #2615, 39.37007874015748143 ) ;
#3538 = EDGE_CURVE ( 'NONE', #6360, #3275, #6236, .T. ) ;
#3539 = AXIS2_PLACEMENT_3D ( 'NONE', #3953, #4568, #6804 ) ;
#3540 = CIRCLE ( 'NONE', #5266, 0.08070866141732323251 ) ;
#3541 = LINE ( 'NONE', #2878, #3149 ) ;
#3542 = LINE ( 'NONE', #605, #7518 ) ;
#3543 = PRODUCT ( 'BasePlate-Thirds Split 3', 'BasePlate-Thirds Split 3', '', ( #6040 ) ) ;
#3544 = ORIENTED_EDGE ( 'NONE', *, *, #2383, .F. ) ;
#3545 = CARTESIAN_POINT ( 'NONE',  ( -1.572946798163069593, 1.200787401574803237, 2.079744031659576109 ) ) ;
#3546 = VECTOR ( 'NONE', #282, 39.37007874015748143 ) ;
#3547 = CARTESIAN_POINT ( 'NONE',  ( -2.592457539995261406, 1.200787401574803237, -1.117231380665422380 ) ) ;
#3548 = AXIS2_PLACEMENT_3D ( 'NONE', #1036, #2886, #3403 ) ;
#3549 = ORIENTED_EDGE ( 'NONE', *, *, #6223, .F. ) ;
#3550 = CARTESIAN_POINT ( 'NONE',  ( -2.146010848571804797, 1.200787401574803237, 0.4434385465541646476 ) ) ;
#3551 = ORIENTED_EDGE ( 'NONE', *, *, #108, .F. ) ;
#3552 = DIRECTION ( 'NONE',  ( 0.000000000000000000, 0.000000000000000000, -1.000000000000000000 ) ) ;
#3553 = VECTOR ( 'NONE', #1627, 39.37007874015748143 ) ;
#3554 = CYLINDRICAL_SURFACE ( 'NONE', #4667, 0.07874015748031472361 ) ;
#3555 = VECTOR ( 'NONE', #2380, 39.37007874015748143 ) ;
#3556 = DIRECTION ( 'NONE',  ( 0.000000000000000000, 0.000000000000000000, -1.000000000000000000 ) ) ;
#3557 = VECTOR ( 'NONE', #476, 39.37007874015748854 ) ;
#3558 = DIRECTION ( 'NONE',  ( 0.000000000000000000, 0.000000000000000000, -1.000000000000000000 ) ) ;
#3559 = ORIENTED_EDGE ( 'NONE', *, *, #4117, .F. ) ;
#3560 = AXIS2_PLACEMENT_3D ( 'NONE', #143, #5429, #3070 ) ;
#3561 = LINE ( 'NONE', #6019, #484 ) ;
#3562 = EDGE_CURVE ( 'NONE', #3177, #6649, #6535, .T. ) ;
#3563 = DIRECTION ( 'NONE',  ( 0.000000000000000000, -1.000000000000000000, 0.000000000000000000 ) ) ;
#3564 = CIRCLE ( 'NONE', #2330, 0.07874015748031505668 ) ;
#3565 = ADVANCED_FACE ( 'NONE', ( #1273 ), #97, .T. ) ;
#3566 = AXIS2_PLACEMENT_3D ( 'NONE', #6664, #3305, #7374 ) ;
#3567 = FACE_OUTER_BOUND ( 'NONE', #683, .T. ) ;
#3568 = DIRECTION ( 'NONE',  ( 0.000000000000000000, 0.000000000000000000, -1.000000000000000000 ) ) ;
#3569 = EDGE_CURVE ( 'NONE', #3571, #4216, #3716, .T. ) ;
#3570 = CARTESIAN_POINT ( 'NONE',  ( -2.683816125652293216, 1.200787401574803237, 0.3800427182925771863 ) ) ;
#3571 = VERTEX_POINT ( 'NONE', #4910 ) ;
#3572 = VECTOR ( 'NONE', #7008, 39.37007874015748143 ) ;
#3573 = ORIENTED_EDGE ( 'NONE', *, *, #411, .T. ) ;
#3574 = VECTOR ( 'NONE', #387, 39.37007874015748854 ) ;
#3575 = EDGE_CURVE ( 'NONE', #7570, #3272, #4868, .T. ) ;
#3576 = DIRECTION ( 'NONE',  ( 0.000000000000000000, -1.000000000000000000, 0.000000000000000000 ) ) ;
#3577 = LINE ( 'NONE', #5925, #568 ) ;
#3578 = LINE ( 'NONE', #2340, #959 ) ;
#3579 = ORIENTED_EDGE ( 'NONE', *, *, #7342, .T. ) ;
#3580 = CYLINDRICAL_SURFACE ( 'NONE', #475, 0.08070866141732276067 ) ;
#3581 = EDGE_CURVE ( 'NONE', #3242, #4978, #5980, .T. ) ;
#3582 = AXIS2_PLACEMENT_3D ( 'NONE', #5660, #2140, #3812 ) ;
#3583 = EDGE_LOOP ( 'NONE', ( #6748, #5248, #4073, #5329 ) ) ;
#3584 = VERTEX_POINT ( 'NONE', #3119 ) ;
#3585 = VECTOR ( 'NONE', #3810, 39.37007874015748143 ) ;
#3586 = ORIENTED_EDGE ( 'NONE', *, *, #5477, .F. ) ;
#3587 = EDGE_CURVE ( 'NONE', #2504, #5468, #1820, .T. ) ;
#3588 = CARTESIAN_POINT ( 'NONE',  ( -4.540847003094901524, 0.8464566929133860995, -1.106114152032292353 ) ) ;
#3589 = CARTESIAN_POINT ( 'NONE',  ( -0.9202411763769227093, 1.082677165354330784, 0.3504328982535842574 ) ) ;
#3590 = ORIENTED_EDGE ( 'NONE', *, *, #7640, .F. ) ;
#3591 = DIRECTION ( 'NONE',  ( 0.000000000000000000, -1.000000000000000000, 0.000000000000000000 ) ) ;
#3592 = EDGE_CURVE ( 'NONE', #7315, #1868, #3046, .T. ) ;
#3593 = VECTOR ( 'NONE', #3228, 39.37007874015748854 ) ;
#3594 = DIRECTION ( 'NONE',  ( -0.000000000000000000, -1.000000000000000000, -0.000000000000000000 ) ) ;
#3595 = DIRECTION ( 'NONE',  ( 0.000000000000000000, -1.000000000000000000, 0.000000000000000000 ) ) ;
#3596 = EDGE_CURVE ( 'NONE', #7128, #1327, #1300, .T. ) ;
#3597 = EDGE_LOOP ( 'NONE', ( #5311, #4846, #3334, #1007, #5901 ) ) ;
#3598 = FACE_OUTER_BOUND ( 'NONE', #6020, .T. ) ;
#3599 = CARTESIAN_POINT ( 'NONE',  ( -2.395607146294472134, 1.200787401574803237, -0.7762764972857227885 ) ) ;
#3600 = LINE ( 'NONE', #1966, #4646 ) ;
#3601 = CARTESIAN_POINT ( 'NONE',  ( -1.769797191863853314, 1.200787401574803237, 2.420698915039277477 ) ) ;
#3602 = VERTEX_POINT ( 'NONE', #3006 ) ;
#3603 = FACE_OUTER_BOUND ( 'NONE', #7603, .T. ) ;
#3604 = ORIENTED_EDGE ( 'NONE', *, *, #4314, .T. ) ;
#3605 = DIRECTION ( 'NONE',  ( 0.5000000000000041078, 0.000000000000000000, 0.8660254037844362651 ) ) ;
#3606 = LINE ( 'NONE', #7281, #4501 ) ;
#3607 = EDGE_CURVE ( 'NONE', #5955, #6615, #5472, .T. ) ;
#3608 = CARTESIAN_POINT ( 'NONE',  ( -1.464101081812405836, 1.082677165354330784, 0.04973775915258649150 ) ) ;
#3609 = EDGE_CURVE ( 'NONE', #659, #2581, #3280, .T. ) ;
#3610 = ORIENTED_EDGE ( 'NONE', *, *, #1676, .T. ) ;
#3611 = VERTEX_POINT ( 'NONE', #4282 ) ;
#3612 = CARTESIAN_POINT ( 'NONE',  ( -1.400845875831453036, 1.082677165354330784, -1.291169975022482541 ) ) ;
#3613 = CARTESIAN_POINT ( 'NONE',  ( -1.480793798439511422, 1.200787401574803237, -2.304368796230997329 ) ) ;
#3614 = EDGE_LOOP ( 'NONE', ( #1286, #2653 ) ) ;
#3615 = PLANE ( 'NONE',  #3323 ) ;
#3616 = EDGE_CURVE ( 'NONE', #6216, #1231, #2424, .T. ) ;
#3617 = ORIENTED_EDGE ( 'NONE', *, *, #3276, .F. ) ;
#3618 = EDGE_LOOP ( 'NONE', ( #2169, #7086, #173, #3370, #2941, #5222 ) ) ;
#3619 = EDGE_CURVE ( 'NONE', #5127, #1829, #55, .T. ) ;
#3620 = VERTEX_POINT ( 'NONE', #5912 ) ;
#3621 = EDGE_CURVE ( 'NONE', #7634, #3132, #7166, .T. ) ;
#3622 = DIRECTION ( 'NONE',  ( 0.000000000000000000, 0.000000000000000000, -1.000000000000000000 ) ) ;
#3623 = FACE_BOUND ( 'NONE', #2254, .T. ) ;
#3624 = EDGE_LOOP ( 'NONE', ( #1705, #4137, #3970, #4880 ) ) ;
#3625 = DIRECTION ( 'NONE',  ( 0.000000000000000000, 0.000000000000000000, -1.000000000000000000 ) ) ;
#3626 = PLANE ( 'NONE',  #3197 ) ;
#3627 = ADVANCED_FACE ( 'NONE', ( #6601 ), #4213, .T. ) ;
#3628 = ORIENTED_EDGE ( 'NONE', *, *, #910, .T. ) ;
#3629 = VERTEX_POINT ( 'NONE', #6643 ) ;
#3630 = FACE_OUTER_BOUND ( 'NONE', #6591, .T. ) ;
#3631 = CARTESIAN_POINT ( 'NONE',  ( -1.256005071294460151, 1.200787401574803237, 2.434356680737665535 ) ) ;
#3632 = DIRECTION ( 'NONE',  ( 1.782832224163111297E-17, 1.000000000000000000, 2.127258573383723921E-17 ) ) ;
#3633 = ORIENTED_EDGE ( 'NONE', *, *, #5455, .T. ) ;
#3634 = DIRECTION ( 'NONE',  ( 0.000000000000000000, -1.000000000000000000, 0.000000000000000000 ) ) ;
#3635 = ADVANCED_FACE ( 'NONE', ( #7199 ), #1888, .F. ) ;
#3636 = ADVANCED_FACE ( 'NONE', ( #3157 ), #7395, .F. ) ;
#3637 = DIRECTION ( 'NONE',  ( 0.000000000000000000, -1.000000000000000000, 0.000000000000000000 ) ) ;
#3638 = FACE_BOUND ( 'NONE', #4138, .T. ) ;
#3639 = DIRECTION ( 'NONE',  ( -0.7754638790607798482, 0.000000000000000000, -0.6313919323779866311 ) ) ;
#3640 = AXIS2_PLACEMENT_3D ( 'NONE', #7236, #5981, #1973 ) ;
#3641 = VERTEX_POINT ( 'NONE', #5023 ) ;
#3642 = EDGE_LOOP ( 'NONE', ( #542, #3071, #3968, #3590 ) ) ;
#3643 = CARTESIAN_POINT ( 'NONE',  ( -4.558412059106971448, 1.181102362204724532, -0.6640967766011043327 ) ) ;
#3644 = DIRECTION ( 'NONE',  ( 0.000000000000000000, -0.000000000000000000, -1.000000000000000000 ) ) ;
#3645 = ORIENTED_EDGE ( 'NONE', *, *, #6569, .F. ) ;
#3646 = CARTESIAN_POINT ( 'NONE',  ( -2.592457539995261406, 1.200787401574803237, -1.117231380665422380 ) ) ;
#3647 = ORIENTED_EDGE ( 'NONE', *, *, #7567, .F. ) ;
#3648 = ORIENTED_EDGE ( 'NONE', *, *, #3681, .T. ) ;
#3649 = ORIENTED_EDGE ( 'NONE', *, *, #7165, .T. ) ;
#3650 = EDGE_CURVE ( 'NONE', #999, #1258, #561, .T. ) ;
#3651 = CARTESIAN_POINT ( 'NONE',  ( -1.910547773235862445, 1.082677165354330784, -1.510932168067000481 ) ) ;
#3652 = CYLINDRICAL_SURFACE ( 'NONE', #823, 0.08070866141732351007 ) ;
#3653 = ORIENTED_EDGE ( 'NONE', *, *, #3116, .F. ) ;
#3654 = CARTESIAN_POINT ( 'NONE',  ( -2.290115338250715116, 1.082677165354330784, 1.061952485051975925 ) ) ;
#3655 = EDGE_CURVE ( 'NONE', #7570, #1640, #6089, .T. ) ;
#3656 = EDGE_CURVE ( 'NONE', #7476, #7399, #6374, .T. ) ;
#3657 = LINE ( 'NONE', #7102, #1689 ) ;
#3658 = EDGE_CURVE ( 'NONE', #3399, #7439, #7471, .T. ) ;
#3659 = CARTESIAN_POINT ( 'NONE',  ( -1.527281074832379737, 0.000000000000000000, -1.243022756266630058 ) ) ;
#3660 = VECTOR ( 'NONE', #2898, 39.37007874015748854 ) ;
#3661 = AXIS2_PLACEMENT_3D ( 'NONE', #3170, #136, #6720 ) ;
#3662 = CARTESIAN_POINT ( 'NONE',  ( -3.782022027088570493, 1.082677165354331228, -3.715872831642700547 ) ) ;
#3663 = ORIENTED_EDGE ( 'NONE', *, *, #3975, .F. ) ;
#3664 = DIRECTION ( 'NONE',  ( 0.000000000000000000, 0.000000000000000000, -1.000000000000000000 ) ) ;
#3665 = CIRCLE ( 'NONE', #1694, 0.08070866141732351007 ) ;
#3666 = AXIS2_PLACEMENT_3D ( 'NONE', #7084, #4761, #1713 ) ;
#3667 = AXIS2_PLACEMENT_3D ( 'NONE', #3239, #3780, #6678 ) ;
#3668 = CARTESIAN_POINT ( 'NONE',  ( -2.765727287912899790, 0.000000000000000000, -3.351338503008610026 ) ) ;
#3669 = ORIENTED_EDGE ( 'NONE', *, *, #4139, .T. ) ;
#3670 = CARTESIAN_POINT ( 'NONE',  ( -1.963293677257741177, 1.082677165354330784, -2.308983667109865134 ) ) ;
#3671 = AXIS2_PLACEMENT_3D ( 'NONE', #3241, #6712, #4444 ) ;
#3672 = CIRCLE ( 'NONE', #2318, 0.08070866141732323251 ) ;
#3673 = VECTOR ( 'NONE', #7074, 39.37007874015748143 ) ;
#3674 = DIRECTION ( 'NONE',  ( 0.000000000000000000, 0.000000000000000000, -1.000000000000000000 ) ) ;
#3675 = CARTESIAN_POINT ( 'NONE',  ( -2.054652262914772987, 1.200787401574803237, -0.8924182295691885924 ) ) ;
#3676 = ADVANCED_FACE ( 'NONE', ( #3828 ), #4518, .T. ) ;
#3677 = DIRECTION ( 'NONE',  ( 0.000000000000000000, -1.095437728245841778E-16, -1.000000000000000000 ) ) ;
#3678 = AXIS2_PLACEMENT_3D ( 'NONE', #2295, #2339, #2981 ) ;
#3679 = VECTOR ( 'NONE', #7366, 39.37007874015748143 ) ;
#3680 = FACE_OUTER_BOUND ( 'NONE', #2890, .T. ) ;
#3681 = EDGE_CURVE ( 'NONE', #5230, #5955, #284, .T. ) ;
#3682 = ORIENTED_EDGE ( 'NONE', *, *, #4219, .F. ) ;
#3683 = CARTESIAN_POINT ( 'NONE',  ( -2.342861242272594069, 1.200787401574803237, 0.1024836631744651533 ) ) ;
#3684 = EDGE_LOOP ( 'NONE', ( #6326, #4699, #6494, #377 ) ) ;
#3685 = AXIS2_PLACEMENT_3D ( 'NONE', #6461, #3420, #5844 ) ;
#3686 = VECTOR ( 'NONE', #4770, 39.37007874015748143 ) ;
#3687 = CARTESIAN_POINT ( 'NONE',  ( -2.290115338250715116, 1.082677165354330784, 0.9812438236346530118 ) ) ;
#3688 = LINE ( 'NONE', #6097, #4650 ) ;
#3689 = ORIENTED_EDGE ( 'NONE', *, *, #2137, .T. ) ;
#3690 = CARTESIAN_POINT ( 'NONE',  ( -1.319996592133495295, 1.082677165354330784, -0.4073588565105793480 ) ) ;
#3691 = VERTEX_POINT ( 'NONE', #376 ) ;
#3692 = VECTOR ( 'NONE', #7286, 39.37007874015748143 ) ;
#3693 = CIRCLE ( 'NONE', #5531, 0.08070866141732309373 ) ;
#3694 = ORIENTED_EDGE ( 'NONE', *, *, #4038, .T. ) ;
#3695 = VERTEX_POINT ( 'NONE', #2001 ) ;
#3696 = ORIENTED_EDGE ( 'NONE', *, *, #1892, .T. ) ;
#3697 = FACE_OUTER_BOUND ( 'NONE', #2275, .T. ) ;
#3698 = DIRECTION ( 'NONE',  ( 0.000000000000000000, 0.000000000000000000, -1.000000000000000000 ) ) ;
#3699 = ORIENTED_EDGE ( 'NONE', *, *, #7680, .F. ) ;
#3700 = DIRECTION ( 'NONE',  ( 0.000000000000000000, -1.000000000000000000, 0.000000000000000000 ) ) ;
#3701 = ADVANCED_FACE ( 'NONE', ( #882 ), #1506, .F. ) ;
#3702 = CARTESIAN_POINT ( 'NONE',  ( -5.963109668242728034, 0.5511811023622049666, -0.5577343261545919528 ) ) ;
#3703 = AXIS2_PLACEMENT_3D ( 'NONE', #7116, #3634, #5979 ) ;
#3704 = FACE_OUTER_BOUND ( 'NONE', #2198, .T. ) ;
#3705 = FACE_OUTER_BOUND ( 'NONE', #7200, .T. ) ;
#3706 = ORIENTED_EDGE ( 'NONE', *, *, #17, .T. ) ;
#3707 = CARTESIAN_POINT ( 'NONE',  ( -0.9262958047319170829, 1.200787401574803237, 0.1131335874141739806 ) ) ;
#3708 = LINE ( 'NONE', #757, #6129 ) ;
#3709 = FACE_BOUND ( 'NONE', #71, .T. ) ;
#3710 = AXIS2_PLACEMENT_3D ( 'NONE', #718, #3595, #7222 ) ;
#3711 = DIRECTION ( 'NONE',  ( -0.000000000000000000, -1.000000000000000000, -0.000000000000000000 ) ) ;
#3712 = CARTESIAN_POINT ( 'NONE',  ( -2.107398166936651496, 1.082677165354330784, -1.851887051446699850 ) ) ;
#3713 = ORIENTED_EDGE ( 'NONE', *, *, #1250, .F. ) ;
#3714 = EDGE_CURVE ( 'NONE', #2266, #6294, #3864, .T. ) ;
#3715 = CARTESIAN_POINT ( 'NONE',  ( -3.130262817075749826, 1.082677165354330784, -1.180627208927009342 ) ) ;
#3716 = LINE ( 'NONE', #2397, #5139 ) ;
#3717 = FACE_OUTER_BOUND ( 'NONE', #3618, .T. ) ;
#3718 = CARTESIAN_POINT ( 'NONE',  ( -0.7394792765343607410, 1.200787401574803237, -1.700781677444165307 ) ) ;
#3719 = ORIENTED_EDGE ( 'NONE', *, *, #2853, .F. ) ;
#3720 = ORIENTED_EDGE ( 'NONE', *, *, #1723, .F. ) ;
#3721 = LINE ( 'NONE', #5417, #5405 ) ;
#3722 = DIRECTION ( 'NONE',  ( 0.000000000000000000, 0.000000000000000000, -1.000000000000000000 ) ) ;
#3723 = DIRECTION ( 'NONE',  ( 0.000000000000000000, -1.000000000000000000, 0.000000000000000000 ) ) ;
#3724 = CARTESIAN_POINT ( 'NONE',  ( -0.7208403321445258083, 1.082677165354330784, -1.685605626781383481 ) ) ;
#3725 = VERTEX_POINT ( 'NONE', #4355 ) ;
#3726 = ORIENTED_EDGE ( 'NONE', *, *, #1356, .T. ) ;
#3727 = ORIENTED_EDGE ( 'NONE', *, *, #6437, .T. ) ;
#3728 = ADVANCED_FACE ( 'NONE', ( #2706 ), #6836, .T. ) ;
#3729 = ADVANCED_FACE ( 'NONE', ( #5099 ), #1414, .F. ) ;
#3730 = DIRECTION ( 'NONE',  ( -0.000000000000000000, -1.000000000000000000, -0.000000000000000000 ) ) ;
#3731 = VECTOR ( 'NONE', #7601, 39.37007874015748143 ) ;
#3732 = CARTESIAN_POINT ( 'NONE',  ( -1.949160454871015524, 1.082677165354330784, 0.8651020913511870969 ) ) ;
#3733 = ORIENTED_EDGE ( 'NONE', *, *, #5260, .F. ) ;
#3734 = CARTESIAN_POINT ( 'NONE',  ( -4.678540806714116762, 1.102362204724409933, 3.064842003109420787 ) ) ;
#3735 = DIRECTION ( 'NONE',  ( -0.000000000000000000, 1.000000000000000000, -0.000000000000000000 ) ) ;
#3736 = ORIENTED_EDGE ( 'NONE', *, *, #1550, .F. ) ;
#3737 = PLANE ( 'NONE',  #740 ) ;
#3738 = ORIENTED_EDGE ( 'NONE', *, *, #1665, .T. ) ;
#3739 = DIRECTION ( 'NONE',  ( 0.000000000000000000, 1.000000000000000000, 0.000000000000000000 ) ) ;
#3740 = VERTEX_POINT ( 'NONE', #6211 ) ;
#3741 = CARTESIAN_POINT ( 'NONE',  ( -2.146010848571804797, 1.200787401574803237, 0.3627298851368415122 ) ) ;
#3742 = CARTESIAN_POINT ( 'NONE',  ( -2.290115338250715116, 1.200787401574803237, 0.9812438236346530118 ) ) ;
#3743 = CARTESIAN_POINT ( 'NONE',  ( -1.301433454106092569, 1.082677165354330784, -1.329026771655712258 ) ) ;
#3744 = DIRECTION ( 'NONE',  ( 0.000000000000000000, 0.000000000000000000, -1.000000000000000000 ) ) ;
#3745 = PLANE ( 'NONE',  #1535 ) ;
#3746 = ADVANCED_FACE ( 'NONE', ( #5556 ), #5064, .F. ) ;
#3747 = LINE ( 'NONE', #1275, #5996 ) ;
#3748 = EDGE_CURVE ( 'NONE', #7187, #5978, #2032, .T. ) ;
#3749 = ORIENTED_EDGE ( 'NONE', *, *, #190, .F. ) ;
#3750 = LINE ( 'NONE', #6718, #3321 ) ;
#3751 = CARTESIAN_POINT ( 'NONE',  ( -3.130262817075749826, 1.082677165354330784, -1.261335870344332699 ) ) ;
#3752 = DIRECTION ( 'NONE',  ( 0.000000000000000000, -1.000000000000000000, 0.000000000000000000 ) ) ;
#3753 = DIRECTION ( 'NONE',  ( 0.000000000000000000, -0.000000000000000000, -1.000000000000000000 ) ) ;
#3754 = DIRECTION ( 'NONE',  ( 0.000000000000000000, -1.000000000000000000, 0.000000000000000000 ) ) ;
#3755 = ORIENTED_EDGE ( 'NONE', *, *, #7069, .F. ) ;
#3756 = ADVANCED_FACE ( 'NONE', ( #918 ), #5632, .F. ) ;
#3757 = CARTESIAN_POINT ( 'NONE',  ( -1.267250688111616563, 1.082677165354330784, 0.3099839811149628366 ) ) ;
#3758 = DIRECTION ( 'NONE',  ( -0.3425776017239510196, 0.000000000000000000, 0.9394895352248826548 ) ) ;
#3759 = ORIENTED_EDGE ( 'NONE', *, *, #4571, .F. ) ;
#3760 = ADVANCED_FACE ( 'NONE', ( #963 ), #3328, .F. ) ;
#3761 = VECTOR ( 'NONE', #1090, 39.37007874015748143 ) ;
#3762 = DIRECTION ( 'NONE',  ( -0.1590695136534932552, 0.000000000000000000, 0.9872673851728522854 ) ) ;
#3763 = ORIENTED_EDGE ( 'NONE', *, *, #5449, .T. ) ;
#3764 = DIRECTION ( 'NONE',  ( 0.5000000000000041078, 0.000000000000000000, 0.8660254037844362651 ) ) ;
#3765 = CARTESIAN_POINT ( 'NONE',  ( -2.539711635973382453, 1.200787401574803237, -0.2384712202052343133 ) ) ;
#3766 = EDGE_CURVE ( 'NONE', #4631, #155, #455, .T. ) ;
#3767 = LINE ( 'NONE', #191, #2584 ) ;
#3768 = EDGE_LOOP ( 'NONE', ( #4042, #5711, #3733, #678 ) ) ;
#3769 = CARTESIAN_POINT ( 'NONE',  ( -1.509832702874725818, 1.338582677165354395, -0.3648169599387119377 ) ) ;
#3770 = CARTESIAN_POINT ( 'NONE',  ( -4.863530169343194487, 1.102362204724409489, -1.192576845839638411 ) ) ;
#3771 = FACE_BOUND ( 'NONE', #640, .T. ) ;
#3772 = VERTEX_POINT ( 'NONE', #1629 ) ;
#3773 = AXIS2_PLACEMENT_3D ( 'NONE', #3796, #5938, #5485 ) ;
#3774 = CIRCLE ( 'NONE', #2811, 0.08070866141732323251 ) ;
#3775 = DIRECTION ( 'NONE',  ( 0.000000000000000000, -0.000000000000000000, -1.000000000000000000 ) ) ;
#3776 = VECTOR ( 'NONE', #3605, 39.37007874015748854 ) ;
#3777 = CARTESIAN_POINT ( 'NONE',  ( -3.327113210776539098, 1.200787401574803237, -1.521582092306708045 ) ) ;
#3778 = EDGE_LOOP ( 'NONE', ( #3153, #1110, #5132, #2492 ) ) ;
#3780 = DIRECTION ( 'NONE',  ( 0.000000000000000000, -1.000000000000000000, 0.000000000000000000 ) ) ;
#3779 = AXIS2_PLACEMENT_3D ( 'NONE', #90, #790, #154 ) ;
#3781 = CIRCLE ( 'NONE', #3294, 0.08070866141732323251 ) ;
#3782 = VECTOR ( 'NONE', #1788, 39.37007874015748854 ) ;
#3783 = CARTESIAN_POINT ( 'NONE',  ( -1.713697379535073173, 1.200787401574803237, -1.169977284687301111 ) ) ;
#3784 = FACE_OUTER_BOUND ( 'NONE', #2566, .T. ) ;
#3785 = CIRCLE ( 'NONE', #698, 0.08070866141732241372 ) ;
#3786 = EDGE_LOOP ( 'NONE', ( #5198, #6192, #5919, #5972 ) ) ;
#3787 = AXIS2_PLACEMENT_3D ( 'NONE', #4063, #1750, #4695 ) ;
#3788 = AXIS2_PLACEMENT_3D ( 'NONE', #6755, #6176, #3240 ) ;
#3789 = EDGE_CURVE ( 'NONE', #4085, #7446, #6390, .T. ) ;
#3790 = DIRECTION ( 'NONE',  ( 0.000000000000000000, -0.000000000000000000, -1.000000000000000000 ) ) ;
#3791 = EDGE_CURVE ( 'NONE', #6633, #4216, #5251, .T. ) ;
#3792 = CARTESIAN_POINT ( 'NONE',  ( -3.668068094156238246, 1.200787401574803237, -1.324731698605919439 ) ) ;
#3793 = CIRCLE ( 'NONE', #4792, 0.08070866141732296883 ) ;
#3794 = CYLINDRICAL_SURFACE ( 'NONE', #208, 0.08070866141732241372 ) ;
#3795 = VERTEX_POINT ( 'NONE', #6965 ) ;
#3796 = CARTESIAN_POINT ( 'NONE',  ( -1.509832702874725818, 0.9842519685039373689, -0.2998563300174523216 ) ) ;
#3797 = ADVANCED_FACE ( 'NONE', ( #1078 ), #3449, .F. ) ;
#3798 = CIRCLE ( 'NONE', #5894, 0.08070866141732323251 ) ;
#3799 = ORIENTED_EDGE ( 'NONE', *, *, #2191, .T. ) ;
#3800 = VECTOR ( 'NONE', #6045, 39.37007874015748143 ) ;
#3801 = ADVANCED_FACE ( 'NONE', ( #5831 ), #5797, .F. ) ;
#3802 = CARTESIAN_POINT ( 'NONE',  ( -2.304248560637440324, 1.200787401574803237, -2.192841934826398997 ) ) ;
#3803 = CARTESIAN_POINT ( 'NONE',  ( -0.8419227783873955984, 1.082677165354330784, -0.1356514444852577883 ) ) ;
#3804 = VERTEX_POINT ( 'NONE', #7042 ) ;
#3805 = CARTESIAN_POINT ( 'NONE',  ( -2.683816125652293216, 1.082677165354330784, 0.3800427182925771863 ) ) ;
#3806 = VECTOR ( 'NONE', #3833, 39.37007874015747433 ) ;
#3807 = AXIS2_PLACEMENT_3D ( 'NONE', #1192, #1157, #2393 ) ;
#3808 = EDGE_CURVE ( 'NONE', #865, #7296, #2246, .T. ) ;
#3809 = LINE ( 'NONE', #4467, #1308 ) ;
#3810 = DIRECTION ( 'NONE',  ( -0.000000000000000000, -1.000000000000000000, -0.000000000000000000 ) ) ;
#3811 = DIRECTION ( 'NONE',  ( 0.000000000000000000, -1.000000000000000000, 0.000000000000000000 ) ) ;
#3812 = DIRECTION ( 'NONE',  ( 0.000000000000000000, 0.000000000000000000, -1.000000000000000000 ) ) ;
#3813 = AXIS2_PLACEMENT_3D ( 'NONE', #7475, #3336, #3487 ) ;
#3814 = ORIENTED_EDGE ( 'NONE', *, *, #5358, .F. ) ;
#3815 = VECTOR ( 'NONE', #634, 39.37007874015748143 ) ;
#3816 = CARTESIAN_POINT ( 'NONE',  ( -4.027640203060362190, 0.1968503937007874127, -2.966972712505815846 ) ) ;
#3817 = DIRECTION ( 'NONE',  ( -0.7754638790607798482, 0.000000000000000000, -0.6313919323779867421 ) ) ;
#3818 = FACE_BOUND ( 'NONE', #4067, .T. ) ;
#3819 = ORIENTED_EDGE ( 'NONE', *, *, #747, .T. ) ;
#3820 = VECTOR ( 'NONE', #5589, 39.37007874015748143 ) ;
#3821 = ORIENTED_EDGE ( 'NONE', *, *, #3890, .T. ) ;
#3822 = CARTESIAN_POINT ( 'NONE',  ( -4.527559055118109299, 1.377952755905512028, 3.523200461590235477 ) ) ;
#3823 = CARTESIAN_POINT ( 'NONE',  ( -1.949160454871015524, 1.200787401574803237, 0.7036847685165409372 ) ) ;
#3824 = EDGE_LOOP ( 'NONE', ( #5852, #4747, #4086, #1173 ) ) ;
#3825 = EDGE_LOOP ( 'NONE', ( #5265, #5718 ) ) ;
#3826 = AXIS2_PLACEMENT_3D ( 'NONE', #5940, #2531, #7265 ) ;
#3827 = EDGE_CURVE ( 'NONE', #1071, #1503, #2059, .T. ) ;
#3828 = FACE_OUTER_BOUND ( 'NONE', #2873, .T. ) ;
#3829 = EDGE_LOOP ( 'NONE', ( #2512, #3398, #2900, #1397, #7108 ) ) ;
#3830 = LINE ( 'NONE', #6179, #59 ) ;
#3831 = AXIS2_PLACEMENT_3D ( 'NONE', #5877, #1785, #2338 ) ;
#3832 = ORIENTED_EDGE ( 'NONE', *, *, #5582, .T. ) ;
#3833 = DIRECTION ( 'NONE',  ( 0.5000000000000041078, -0.000000000000000000, 0.8660254037844363761 ) ) ;
#3834 = DIRECTION ( 'NONE',  ( -0.000000000000000000, -1.000000000000000000, -0.000000000000000000 ) ) ;
#3835 = FACE_OUTER_BOUND ( 'NONE', #2700, .T. ) ;
#3836 = LINE ( 'NONE', #6185, #5630 ) ;
#3837 = EDGE_CURVE ( 'NONE', #4018, #1640, #2887, .T. ) ;
#3838 = CARTESIAN_POINT ( 'NONE',  ( -0.0002485795009369383803, 1.082677165354330784, 0.0003053007397885963703 ) ) ;
#3839 = FACE_OUTER_BOUND ( 'NONE', #6837, .T. ) ;
#3840 = CARTESIAN_POINT ( 'NONE',  ( -2.486965731951503944, 1.200787401574803237, 0.7209976016722765557 ) ) ;
#3841 = EDGE_LOOP ( 'NONE', ( #645, #6787 ) ) ;
#3842 = EDGE_CURVE ( 'NONE', #2563, #2498, #1742, .T. ) ;
#3843 = DIRECTION ( 'NONE',  ( 0.000000000000000000, -1.095437728245841778E-16, -1.000000000000000000 ) ) ;
#3844 = DIRECTION ( 'NONE',  ( 0.000000000000000000, -0.000000000000000000, -1.000000000000000000 ) ) ;
#3845 = ORIENTED_EDGE ( 'NONE', *, *, #587, .T. ) ;
#3846 = DIRECTION ( 'NONE',  ( 0.000000000000000000, -1.000000000000000000, 0.000000000000000000 ) ) ;
#3847 = EDGE_CURVE ( 'NONE', #5110, #19, #5635, .T. ) ;
#3848 = CYLINDRICAL_SURFACE ( 'NONE', #2200, 0.08070866141732285781 ) ;
#3849 = CARTESIAN_POINT ( 'NONE',  ( -2.887303696008273857, 0.000000000000000000, 1.757906868357182351 ) ) ;
#3850 = EDGE_CURVE ( 'NONE', #6616, #4790, #1589, .T. ) ;
#3851 = CARTESIAN_POINT ( 'NONE',  ( -0.6414407336810146187, 1.200787401574803237, 1.334438436638576420 ) ) ;
#3852 = FACE_OUTER_BOUND ( 'NONE', #6880, .T. ) ;
#3853 = ORIENTED_EDGE ( 'NONE', *, *, #285, .T. ) ;
#3854 = EDGE_CURVE ( 'NONE', #1503, #1071, #2316, .T. ) ;
#3855 = CARTESIAN_POINT ( 'NONE',  ( -1.857801869213983714, 1.200787401574803237, -0.7128806690241358268 ) ) ;
#3856 = DIRECTION ( 'NONE',  ( 0.000000000000000000, 0.000000000000000000, -1.000000000000000000 ) ) ;
#3857 = ORIENTED_EDGE ( 'NONE', *, *, #6571, .T. ) ;
#3858 = ADVANCED_FACE ( 'NONE', ( #6413 ), #412, .T. ) ;
#3859 = EDGE_LOOP ( 'NONE', ( #637, #7038 ) ) ;
#3860 = LINE ( 'NONE', #275, #806 ) ;
#3861 = CARTESIAN_POINT ( 'NONE',  ( -0.4445903399802303424, 1.200787401574803237, 1.074192214676197299 ) ) ;
#3862 = EDGE_LOOP ( 'NONE', ( #1213, #306, #5604, #7059 ) ) ;
#3863 = DIRECTION ( 'NONE',  ( -0.000000000000000000, -1.000000000000000000, -0.000000000000000000 ) ) ;
#3864 = LINE ( 'NONE', #2739, #2683 ) ;
#3865 = ORIENTED_EDGE ( 'NONE', *, *, #1255, .F. ) ;
#3866 = CARTESIAN_POINT ( 'NONE',  ( -0.3128803843838932619, 1.377952755905512028, 1.943134433852441889 ) ) ;
#3867 = EDGE_LOOP ( 'NONE', ( #3386, #3759, #6669, #7276 ) ) ;
#3868 = ADVANCED_FACE ( 'NONE', ( #4566 ), #6931, .T. ) ;
#3869 = CARTESIAN_POINT ( 'NONE',  ( -2.146010848571804797, 1.200787401574803237, 0.3627298851368415122 ) ) ;
#3870 = EDGE_CURVE ( 'NONE', #4243, #276, #2139, .T. ) ;
#3871 = ORIENTED_EDGE ( 'NONE', *, *, #45, .F. ) ;
#3872 = FACE_OUTER_BOUND ( 'NONE', #6805, .T. ) ;
#3873 = FACE_OUTER_BOUND ( 'NONE', #1360, .T. ) ;
#3874 = CARTESIAN_POINT ( 'NONE',  ( -2.304248560637440324, 1.082677165354330784, -2.192841934826398997 ) ) ;
#3875 = CARTESIAN_POINT ( 'NONE',  ( -1.572946798163069593, 1.082677165354330784, 2.079744031659576109 ) ) ;
#3876 = ORIENTED_EDGE ( 'NONE', *, *, #7015, .T. ) ;
#3877 = LINE ( 'NONE', #2793, #6634 ) ;
#3878 = CARTESIAN_POINT ( 'NONE',  ( -2.592457539995261406, 1.200787401574803237, -1.036522719248099689 ) ) ;
#3879 = DIRECTION ( 'NONE',  ( -0.000000000000000000, -1.000000000000000000, -0.000000000000000000 ) ) ;
#3880 = ORIENTED_EDGE ( 'NONE', *, *, #5439, .T. ) ;
#3881 = CARTESIAN_POINT ( 'NONE',  ( -2.198756752593682862, 1.200787401574803237, -0.4353216139060233636 ) ) ;
#3882 = CARTESIAN_POINT ( 'NONE',  ( -1.608205571491315711, 1.200787401574803237, 0.5875430362330750222 ) ) ;
#3883 = AXIS2_PLACEMENT_3D ( 'NONE', #624, #7562, #4576 ) ;
#3884 = CARTESIAN_POINT ( 'NONE',  ( -2.395607146294472134, 1.082677165354330784, -0.7762764972857227885 ) ) ;
#3885 = DIRECTION ( 'NONE',  ( 0.000000000000000000, -0.000000000000000000, -1.000000000000000000 ) ) ;
#3886 = FACE_OUTER_BOUND ( 'NONE', #6305, .T. ) ;
#3887 = ADVANCED_FACE ( 'NONE', ( #5086 ), #1525, .T. ) ;
#3888 = ORIENTED_EDGE ( 'NONE', *, *, #3524, .T. ) ;
#3889 = LINE ( 'NONE', #6197, #2476 ) ;
#3890 = EDGE_CURVE ( 'NONE', #5865, #5390, #7630, .T. ) ;
#3891 = CARTESIAN_POINT ( 'NONE',  ( -3.667376289564603375, 1.181102362204724532, 1.162687014536634145 ) ) ;
#3892 = ADVANCED_FACE ( 'NONE', ( #7491 ), #7457, .T. ) ;
#3893 = ADVANCED_FACE ( 'NONE', ( #364 ), #3311, .F. ) ;
#3894 = ORIENTED_EDGE ( 'NONE', *, *, #2434, .T. ) ;
#3895 = LINE ( 'NONE', #2650, #2175 ) ;
#3896 = ORIENTED_EDGE ( 'NONE', *, *, #4601, .T. ) ;
#3897 = ORIENTED_EDGE ( 'NONE', *, *, #1865, .T. ) ;
#3898 = ORIENTED_EDGE ( 'NONE', *, *, #1953, .F. ) ;
#3899 = DIRECTION ( 'NONE',  ( 0.000000000000000000, 0.000000000000000000, -1.000000000000000000 ) ) ;
#3900 = CARTESIAN_POINT ( 'NONE',  ( 0.3051181102362229280, 0.000000000000000000, 0.5284800692385339671 ) ) ;
#3901 = DIRECTION ( 'NONE',  ( -0.000000000000000000, -1.000000000000000000, -0.000000000000000000 ) ) ;
#3902 = AXIS2_PLACEMENT_3D ( 'NONE', #7447, #6812, #6221 ) ;
#3903 = VECTOR ( 'NONE', #4381, 39.37007874015748143 ) ;
#3904 = VERTEX_POINT ( 'NONE', #3190 ) ;
#3905 = VECTOR ( 'NONE', #7280, 39.37007874015748143 ) ;
#3906 = PLANE ( 'NONE',  #6493 ) ;
#3907 = ORIENTED_EDGE ( 'NONE', *, *, #2364, .F. ) ;
#3908 = CARTESIAN_POINT ( 'NONE',  ( -1.572946798163069593, 1.200787401574803237, 2.160452693076898356 ) ) ;
#3909 = VECTOR ( 'NONE', #4523, 39.37007874015748143 ) ;
#3910 = AXIS2_PLACEMENT_3D ( 'NONE', #1053, #7486, #5815 ) ;
#3911 = ORIENTED_EDGE ( 'NONE', *, *, #5726, .F. ) ;
#3912 = PLANE ( 'NONE',  #5369 ) ;
#3913 = LINE ( 'NONE', #2629, #1311 ) ;
#3915 = EDGE_CURVE ( 'NONE', #4173, #4562, #5613, .T. ) ;
#3914 = CARTESIAN_POINT ( 'NONE',  ( -2.107398166936651496, 1.200787401574803237, -1.932595712864022985 ) ) ;
#3916 = CIRCLE ( 'NONE', #6617, 0.08070866141732351007 ) ;
#3917 = EDGE_LOOP ( 'NONE', ( #3653, #4698, #6418, #893 ) ) ;
#3918 = AXIS2_PLACEMENT_3D ( 'NONE', #5226, #7589, #6201 ) ;
#3919 = DIRECTION ( 'NONE',  ( -0.000000000000000000, -1.000000000000000000, -0.000000000000000000 ) ) ;
#3920 = ORIENTED_EDGE ( 'NONE', *, *, #3619, .F. ) ;
#3921 = CIRCLE ( 'NONE', #1202, 0.08070866141732319088 ) ;
#3922 = AXIS2_PLACEMENT_3D ( 'NONE', #4796, #7274, #4240 ) ;
#3923 = AXIS2_PLACEMENT_3D ( 'NONE', #494, #5795, #3899 ) ;
#3924 = AXIS2_PLACEMENT_3D ( 'NONE', #3069, #780, #1260 ) ;
#3925 = EDGE_LOOP ( 'NONE', ( #1582, #1207, #3936, #5355, #6708, #5691, #7072, #1672, #5794, #7585, #1881 ) ) ;
#3926 = DIRECTION ( 'NONE',  ( -0.000000000000000000, -1.000000000000000000, -0.000000000000000000 ) ) ;
#3927 = DIRECTION ( 'NONE',  ( -0.1330969955849864994, 0.5476275533794314754, 0.8260685519652154474 ) ) ;
#3928 = ORIENTED_EDGE ( 'NONE', *, *, #798, .F. ) ;
#3929 = CIRCLE ( 'NONE', #2324, 0.08070866141732337129 ) ;
#3930 = DIRECTION ( 'NONE',  ( 0.000000000000000000, 0.000000000000000000, -1.000000000000000000 ) ) ;
#3931 = CIRCLE ( 'NONE', #1832, 0.08070866141732323251 ) ;
#3932 = DIRECTION ( 'NONE',  ( -0.5000000000000041078, 0.000000000000000000, -0.8660254037844362651 ) ) ;
#3933 = DIRECTION ( 'NONE',  ( -0.000000000000000000, -1.000000000000000000, -0.000000000000000000 ) ) ;
#3934 = CARTESIAN_POINT ( 'NONE',  ( -4.164008543278785446, 15.67005943375638211, -1.063647013857214940 ) ) ;
#3935 = FACE_OUTER_BOUND ( 'NONE', #5553, .T. ) ;
#3936 = ORIENTED_EDGE ( 'NONE', *, *, #802, .F. ) ;
#3937 = FACE_OUTER_BOUND ( 'NONE', #1099, .T. ) ;
#3938 = VECTOR ( 'NONE', #6480, 39.37007874015748854 ) ;
#3939 = CARTESIAN_POINT ( 'NONE',  ( -1.963293677257741177, 1.082677165354330784, -2.470400989944511405 ) ) ;
#3940 = ORIENTED_EDGE ( 'NONE', *, *, #625, .F. ) ;
#3941 = EDGE_CURVE ( 'NONE', #1092, #1454, #3921, .T. ) ;
#3942 = ORIENTED_EDGE ( 'NONE', *, *, #1346, .F. ) ;
#3943 = LINE ( 'NONE', #2580, #4023 ) ;
#3944 = AXIS2_PLACEMENT_3D ( 'NONE', #6421, #502, #6936 ) ;
#3945 = ORIENTED_EDGE ( 'NONE', *, *, #1377, .T. ) ;
#3946 = AXIS2_PLACEMENT_3D ( 'NONE', #7480, #1513, #1423 ) ;
#3947 = VERTEX_POINT ( 'NONE', #827 ) ;
#3948 = EDGE_LOOP ( 'NONE', ( #6888, #7026, #3009, #2709 ) ) ;
#3949 = CARTESIAN_POINT ( 'NONE',  ( -3.471217700455449418, 1.082677165354330784, -1.064485476643543427 ) ) ;
#3950 = DIRECTION ( 'NONE',  ( 0.000000000000000000, 1.000000000000000000, 0.000000000000000000 ) ) ;
#3951 = CIRCLE ( 'NONE', #5533, 0.08070866141732323251 ) ;
#3952 = ORIENTED_EDGE ( 'NONE', *, *, #5661, .F. ) ;
#3953 = CARTESIAN_POINT ( 'NONE',  ( -1.516846985834283901, 1.200787401574803237, -0.8290224013076015197 ) ) ;
#3954 = VERTEX_POINT ( 'NONE', #5578 ) ;
#3955 = EDGE_CURVE ( 'NONE', #7484, #3571, #1566, .T. ) ;
#3956 = VECTOR ( 'NONE', #7304, 39.37007874015748143 ) ;
#3957 = LINE ( 'NONE', #6306, #4810 ) ;
#3958 = ORIENTED_EDGE ( 'NONE', *, *, #3351, .T. ) ;
#3959 = CARTESIAN_POINT ( 'NONE',  ( -1.179246010761500818, 1.200787401574803237, 1.478542926317494288 ) ) ;
#3960 = DIRECTION ( 'NONE',  ( -0.000000000000000000, -1.000000000000000000, -0.000000000000000000 ) ) ;
#3961 = DIRECTION ( 'NONE',  ( -0.000000000000000000, -1.000000000000000000, -0.000000000000000000 ) ) ;
#3962 = AXIS2_PLACEMENT_3D ( 'NONE', #889, #3246, #5598 ) ;
#3963 = ORIENTED_EDGE ( 'NONE', *, *, #6771, .T. ) ;
#3964 = DIRECTION ( 'NONE',  ( 0.000000000000000000, 0.000000000000000000, -1.000000000000000000 ) ) ;
#3965 = EDGE_LOOP ( 'NONE', ( #6814, #1794, #6794, #3219 ) ) ;
#3966 = ORIENTED_EDGE ( 'NONE', *, *, #6304, .F. ) ;
#3967 = DIRECTION ( 'NONE',  ( 0.000000000000000000, 0.000000000000000000, -1.000000000000000000 ) ) ;
#3968 = ORIENTED_EDGE ( 'NONE', *, *, #1012, .T. ) ;
#3969 = CARTESIAN_POINT ( 'NONE',  ( -1.805055965192104983, 1.200787401574803237, 0.3272968142706984551 ) ) ;
#3970 = ORIENTED_EDGE ( 'NONE', *, *, #4561, .T. ) ;
#3971 =( NAMED_UNIT ( * ) PLANE_ANGLE_UNIT ( ) SI_UNIT ( $, .RADIAN. ) );
#3972 = DIRECTION ( 'NONE',  ( 0.000000000000000000, 0.000000000000000000, -1.000000000000000000 ) ) ;
#3973 = EDGE_CURVE ( 'NONE', #958, #1521, #5512, .T. ) ;
#3974 = VERTEX_POINT ( 'NONE', #7336 ) ;
#3975 = EDGE_CURVE ( 'NONE', #4562, #3177, #2021, .T. ) ;
#3976 = DIRECTION ( 'NONE',  ( 0.6423330032324080507, 0.000000000000000000, 0.7664256734729305576 ) ) ;
#3977 = CARTESIAN_POINT ( 'NONE',  ( -0.4445903399802303424, 1.200787401574803237, 0.9934835532588741636 ) ) ;
#3978 = FACE_BOUND ( 'NONE', #3096, .T. ) ;
#3979 = VERTEX_POINT ( 'NONE', #3226 ) ;
#3980 = CARTESIAN_POINT ( 'NONE',  ( -2.645203444017139915, 1.200787401574803237, -1.995991541125609947 ) ) ;
#3981 = VERTEX_POINT ( 'NONE', #2644 ) ;
#3982 = ORIENTED_EDGE ( 'NONE', *, *, #7204, .F. ) ;
#3983 = ORIENTED_EDGE ( 'NONE', *, *, #1499, .F. ) ;
#3984 = DIRECTION ( 'NONE',  ( 0.8660254037844362651, 6.162975822039153361E-33, -0.5000000000000038858 ) ) ;
#3985 = FACE_OUTER_BOUND ( 'NONE', #5816, .T. ) ;
#3986 = DIRECTION ( 'NONE',  ( -0.5000000000000039968, 0.000000000000000000, -0.8660254037844363761 ) ) ;
#3987 = CARTESIAN_POINT ( 'NONE',  ( -0.4973362440020967501, 1.082677165354330784, 1.872243713719063063 ) ) ;
#3988 = ORIENTED_EDGE ( 'NONE', *, *, #5140, .F. ) ;
#3989 = CARTESIAN_POINT ( 'NONE',  ( -2.395607146294472134, 1.082677165354330784, -0.8569851587030454798 ) ) ;
#3990 = ORIENTED_EDGE ( 'NONE', *, *, #190, .T. ) ;
#3991 = CARTESIAN_POINT ( 'NONE',  ( -2.645203444017139915, 1.200787401574803237, -1.995991541125609947 ) ) ;
#3992 = LINE ( 'NONE', #4062, #47 ) ;
#3993 = EDGE_CURVE ( 'NONE', #3275, #6360, #1081, .T. ) ;
#3994 = PLANE ( 'NONE',  #3787 ) ;
#3995 = DIRECTION ( 'NONE',  ( 0.000000000000000000, 0.000000000000000000, -1.000000000000000000 ) ) ;
#3996 = EDGE_CURVE ( 'NONE', #6761, #2842, #3793, .T. ) ;
#3997 = ORIENTED_EDGE ( 'NONE', *, *, #3650, .F. ) ;
#3998 = DIRECTION ( 'NONE',  ( 0.000000000000000000, -0.000000000000000000, -1.000000000000000000 ) ) ;
#3999 = ORIENTED_EDGE ( 'NONE', *, *, #4582, .T. ) ;
#4000 = ORIENTED_EDGE ( 'NONE', *, *, #4601, .F. ) ;
#4001 = CARTESIAN_POINT ( 'NONE',  ( -2.818595407489249194, 0.5807086614173235795, 1.286361933870876939 ) ) ;
#4002 = ADVANCED_FACE ( 'NONE', ( #4496 ), #2718, .F. ) ;
#4003 = CARTESIAN_POINT ( 'NONE',  ( -1.267250688111616563, 1.200787401574803237, 0.3906926425322859164 ) ) ;
#4004 = EDGE_LOOP ( 'NONE', ( #5743, #935, #3279 ) ) ;
#4005 = DIRECTION ( 'NONE',  ( 0.000000000000000000, 0.000000000000000000, -1.000000000000000000 ) ) ;
#4006 = ORIENTED_EDGE ( 'NONE', *, *, #6571, .F. ) ;
#4007 = ADVANCED_FACE ( 'NONE', ( #2225 ), #5608, .T. ) ;
#4008 = CARTESIAN_POINT ( 'NONE',  ( -2.592457539995261406, 1.082677165354330784, -1.197940042082744849 ) ) ;
#4009 = ORIENTED_EDGE ( 'NONE', *, *, #456, .F. ) ;
#4010 = CARTESIAN_POINT ( 'NONE',  ( -2.880666519353082489, 1.200787401574803237, -0.04162082650444507564 ) ) ;
#4011 = ORIENTED_EDGE ( 'NONE', *, *, #6953, .T. ) ;
#4012 = ORIENTED_EDGE ( 'NONE', *, *, #2662, .T. ) ;
#4013 = FACE_OUTER_BOUND ( 'NONE', #230, .T. ) ;
#4014 = FACE_OUTER_BOUND ( 'NONE', #782, .T. ) ;
#4015 = DIRECTION ( 'NONE',  ( 0.000000000000000000, -1.000000000000000000, 0.000000000000000000 ) ) ;
#4016 = LINE ( 'NONE', #530, #7368 ) ;
#4017 = CARTESIAN_POINT ( 'NONE',  ( -1.376096404462285205, 1.082677165354330784, 1.738789148279872965 ) ) ;
#4018 = VERTEX_POINT ( 'NONE', #1436 ) ;
#4019 = CARTESIAN_POINT ( 'NONE',  ( -5.109615446260727722, 1.358267716535431102, 1.995364179890969591 ) ) ;
#4020 = DIRECTION ( 'NONE',  ( -0.000000000000000000, -1.000000000000000000, -0.000000000000000000 ) ) ;
#4021 = DIRECTION ( 'NONE',  ( 0.5000000000000018874, 0.000000000000000000, 0.8660254037844375974 ) ) ;
#4022 = DIRECTION ( 'NONE',  ( -0.000000000000000000, -1.000000000000000000, -0.000000000000000000 ) ) ;
#4023 = VECTOR ( 'NONE', #6125, 39.37007874015748854 ) ;
#4024 = VECTOR ( 'NONE', #7527, 39.37007874015749564 ) ;
#4025 = VECTOR ( 'NONE', #3106, 39.37007874015747433 ) ;
#4026 = EDGE_LOOP ( 'NONE', ( #2773, #2379 ) ) ;
#4027 = DIRECTION ( 'NONE',  ( 0.000000000000000000, 0.000000000000000000, -1.000000000000000000 ) ) ;
#4028 = VECTOR ( 'NONE', #2109, 39.37007874015748143 ) ;
#4029 = VECTOR ( 'NONE', #626, 39.37007874015747433 ) ;
#4030 = CIRCLE ( 'NONE', #6120, 0.08070866141732241372 ) ;
#4031 = ORIENTED_EDGE ( 'NONE', *, *, #5562, .T. ) ;
#4032 = CARTESIAN_POINT ( 'NONE',  ( -2.486965731951503944, 1.200787401574803237, 0.6402889402549535314 ) ) ;
#4033 = ADVANCED_FACE ( 'NONE', ( #2635 ), #257, .F. ) ;
#4034 = DIRECTION ( 'NONE',  ( 0.000000000000000000, -1.000000000000000000, 0.000000000000000000 ) ) ;
#4035 = AXIS2_PLACEMENT_3D ( 'NONE', #360, #4937, #2103 ) ;
#4036 = DIRECTION ( 'NONE',  ( -0.6313919323779871862, 0.000000000000000000, 0.7754638790607795151 ) ) ;
#4037 = AXIS2_PLACEMENT_3D ( 'NONE', #87, #6477, #1807 ) ;
#4038 = EDGE_CURVE ( 'NONE', #7296, #1183, #1518, .T. ) ;
#4039 = ORIENTED_EDGE ( 'NONE', *, *, #4419, .T. ) ;
#4040 = CARTESIAN_POINT ( 'NONE',  ( -4.717853388903370693, 15.67005943375638211, -2.003249386619054384 ) ) ;
#4041 = PLANE ( 'NONE',  #2442 ) ;
#4042 = ORIENTED_EDGE ( 'NONE', *, *, #1884, .F. ) ;
#4043 = AXIS2_PLACEMENT_3D ( 'NONE', #3480, #7616, #2321 ) ;
#4044 = CIRCLE ( 'NONE', #6399, 0.08070866141732337129 ) ;
#4045 = DIRECTION ( 'NONE',  ( 0.000000000000000000, 0.000000000000000000, -1.000000000000000000 ) ) ;
#4046 = CIRCLE ( 'NONE', #5286, 0.08070866141732323251 ) ;
#4047 = VERTEX_POINT ( 'NONE', #7534 ) ;
#4048 = AXIS2_PLACEMENT_3D ( 'NONE', #7188, #3138, #713 ) ;
#4049 = ORIENTED_EDGE ( 'NONE', *, *, #4236, .T. ) ;
#4050 = FACE_OUTER_BOUND ( 'NONE', #5494, .T. ) ;
#4051 = CARTESIAN_POINT ( 'NONE',  ( -0.6414407336810146187, 1.200787401574803237, 1.334438436638576420 ) ) ;
#4052 = CARTESIAN_POINT ( 'NONE',  ( -0.9823956170607164307, 1.200787401574803237, 1.137588042937792254 ) ) ;
#4053 = CARTESIAN_POINT ( 'NONE',  ( -0.9262958047319170829, 1.082677165354330784, 0.1938422488314968661 ) ) ;
#4054 = CIRCLE ( 'NONE', #3068, 0.08070866141732323251 ) ;
#4055 = CARTESIAN_POINT ( 'NONE',  ( -3.130262817075749826, 1.200787401574803237, -1.261335870344332699 ) ) ;
#4056 = LINE ( 'NONE', #1776, #3938 ) ;
#4057 = ORIENTED_EDGE ( 'NONE', *, *, #273, .T. ) ;
#4058 = FACE_OUTER_BOUND ( 'NONE', #7521, .T. ) ;
#4059 = EDGE_CURVE ( 'NONE', #5770, #954, #3877, .T. ) ;
#4060 = AXIS2_PLACEMENT_3D ( 'NONE', #2862, #3374, #2161 ) ;
#4061 = EDGE_CURVE ( 'NONE', #2414, #4631, #6226, .T. ) ;
#4062 = CARTESIAN_POINT ( 'NONE',  ( -3.122413029667137074, 0.9842519685039370358, -3.725633739945667600 ) ) ;
#4063 = CARTESIAN_POINT ( 'NONE',  ( -4.665543679984905268, 15.67005943375638211, 2.693652899555251778 ) ) ;
#4064 = CARTESIAN_POINT ( 'NONE',  ( -1.428842308484151280, 1.082677165354330784, 2.778966631574708135 ) ) ;
#4065 = CARTESIAN_POINT ( 'NONE',  ( -6.889763779527556586, 1.377952755905512028, -0.5682581389661683913 ) ) ;
#4066 = AXIS2_PLACEMENT_3D ( 'NONE', #4441, #1501, #5625 ) ;
#4067 = EDGE_LOOP ( 'NONE', ( #5208, #6832 ) ) ;
#4068 = EDGE_LOOP ( 'NONE', ( #6604, #4405, #722, #2786 ) ) ;
#4069 = ORIENTED_EDGE ( 'NONE', *, *, #5726, .T. ) ;
#4070 = CARTESIAN_POINT ( 'NONE',  ( -2.887303696008273857, 0.000000000000000000, 1.757906868357182351 ) ) ;
#4071 = VECTOR ( 'NONE', #7266, 39.37007874015748143 ) ;
#4072 = CARTESIAN_POINT ( 'NONE',  ( -1.464101081812405836, 1.082677165354330784, 0.1304464205699096824 ) ) ;
#4073 = ORIENTED_EDGE ( 'NONE', *, *, #6829, .T. ) ;
#4074 = CARTESIAN_POINT ( 'NONE',  ( -2.645203444017139915, 1.200787401574803237, -1.995991541125609947 ) ) ;
#4075 = DIRECTION ( 'NONE',  ( 0.000000000000000000, 0.000000000000000000, -1.000000000000000000 ) ) ;
#4076 = VECTOR ( 'NONE', #5149, 39.37007874015748143 ) ;
#4077 = LINE ( 'NONE', #1026, #4308 ) ;
#4078 = ORIENTED_EDGE ( 'NONE', *, *, #4537, .T. ) ;
#4079 = FACE_OUTER_BOUND ( 'NONE', #3477, .T. ) ;
#4080 = DIRECTION ( 'NONE',  ( -0.000000000000000000, -1.000000000000000000, -0.000000000000000000 ) ) ;
#4081 = ORIENTED_EDGE ( 'NONE', *, *, #7448, .T. ) ;
#4082 = EDGE_CURVE ( 'NONE', #595, #666, #429, .T. ) ;
#4083 = ADVANCED_FACE ( 'NONE', ( #2372 ), #4655, .F. ) ;
#4084 = CARTESIAN_POINT ( 'NONE',  ( -5.220968681755852714, 0.8464566929133860995, -0.4534107933847684735 ) ) ;
#4085 = VERTEX_POINT ( 'NONE', #1645 ) ;
#4086 = ORIENTED_EDGE ( 'NONE', *, *, #4685, .T. ) ;
#4087 = CARTESIAN_POINT ( 'NONE',  ( -2.976577355925106971, 0.9842519685039373689, -2.049962198577688355 ) ) ;
#4088 = CARTESIAN_POINT ( 'NONE',  ( -4.394717204696109825, 1.082677165354331672, -1.463246137178222162 ) ) ;
#4089 = DIRECTION ( 'NONE',  ( -0.000000000000000000, 1.000000000000000000, -0.000000000000000000 ) ) ;
#4090 = EDGE_CURVE ( 'NONE', #3695, #2657, #1830, .T. ) ;
#4091 = CARTESIAN_POINT ( 'NONE',  ( -3.077516913053870873, 1.200787401574803237, -0.3825757098841445214 ) ) ;
#4092 = FACE_OUTER_BOUND ( 'NONE', #3624, .T. ) ;
#4093 = PLANE ( 'NONE',  #7277 ) ;
#4094 = ORIENTED_EDGE ( 'NONE', *, *, #413, .F. ) ;
#4095 = CARTESIAN_POINT ( 'NONE',  ( -3.838582677165335078, 0.1968503937007874127, -3.125419764313941418 ) ) ;
#4096 = DIRECTION ( 'NONE',  ( -0.000000000000000000, -1.000000000000000000, -0.000000000000000000 ) ) ;
#4097 = LINE ( 'NONE', #3675, #439 ) ;
#4098 = CARTESIAN_POINT ( 'NONE',  ( -1.713697379535073173, 1.082677165354330784, -1.250685946104624024 ) ) ;
#4099 = CARTESIAN_POINT ( 'NONE',  ( -0.2581974954904887043, 1.082677165354330784, 1.600031706880642002 ) ) ;
#4100 = ADVANCED_FACE ( 'NONE', ( #1211 ), #4736, .T. ) ;
#4101 = EDGE_CURVE ( 'NONE', #4769, #1457, #6758, .T. ) ;
#4102 = ORIENTED_EDGE ( 'NONE', *, *, #7322, .T. ) ;
#4103 = ORIENTED_EDGE ( 'NONE', *, *, #6160, .T. ) ;
#4104 = CARTESIAN_POINT ( 'NONE',  ( -4.034704124955243998, 1.161417322834646937, 0.9201573280073391814 ) ) ;
#4105 = LINE ( 'NONE', #5345, #3557 ) ;
#4106 = CARTESIAN_POINT ( 'NONE',  ( -0.9262958047319170829, 1.082677165354330784, 0.1131335874141739806 ) ) ;
#4107 = VERTEX_POINT ( 'NONE', #7089 ) ;
#4108 = CARTESIAN_POINT ( 'NONE',  ( -2.054652262914772987, 1.082677165354330784, -0.8924182295691885924 ) ) ;
#4109 = DIRECTION ( 'NONE',  ( -0.1590695136534933385, 0.000000000000000000, 0.9872673851728522854 ) ) ;
#4110 = CARTESIAN_POINT ( 'NONE',  ( 0.000000000000000000, 0.000000000000000000, 0.000000000000000000 ) ) ;
#4111 = ORIENTED_EDGE ( 'NONE', *, *, #20, .T. ) ;
#4112 = CARTESIAN_POINT ( 'NONE',  ( -2.448353050316350643, 1.200787401574803237, -1.735745319163233491 ) ) ;
#4113 = FACE_BOUND ( 'NONE', #6865, .T. ) ;
#4114 = ORIENTED_EDGE ( 'NONE', *, *, #3842, .F. ) ;
#4115 = DIRECTION ( 'NONE',  ( 0.000000000000000000, 0.000000000000000000, -1.000000000000000000 ) ) ;
#4116 = CYLINDRICAL_SURFACE ( 'NONE', #4526, 0.08070866141732323251 ) ;
#4117 = EDGE_CURVE ( 'NONE', #3473, #6830, #3443, .T. ) ;
#4118 = EDGE_LOOP ( 'NONE', ( #5626, #5682, #6579, #2625 ) ) ;
#4119 = EDGE_CURVE ( 'NONE', #403, #4988, #79, .T. ) ;
#4120 = VERTEX_POINT ( 'NONE', #7597 ) ;
#4121 = EDGE_CURVE ( 'NONE', #4856, #3349, #4105, .T. ) ;
#4122 = LINE ( 'NONE', #7155, #6509 ) ;
#4123 = PLANE ( 'NONE',  #7387 ) ;
#4124 = EDGE_CURVE ( 'NONE', #7316, #2437, #2839, .T. ) ;
#4125 = LINE ( 'NONE', #569, #807 ) ;
#4126 = EDGE_CURVE ( 'NONE', #5513, #6216, #6352, .T. ) ;
#4127 = DIRECTION ( 'NONE',  ( -0.5000000000000039968, 0.000000000000000000, -0.8660254037844363761 ) ) ;
#4128 = EDGE_LOOP ( 'NONE', ( #3005, #2158 ) ) ;
#4129 = CIRCLE ( 'NONE', #3640, 0.08070866141732309373 ) ;
#4130 = DIRECTION ( 'NONE',  ( 0.000000000000000000, 0.000000000000000000, -1.000000000000000000 ) ) ;
#4131 = ADVANCED_FACE ( 'NONE', ( #1052 ), #7568, .F. ) ;
#4132 = DIRECTION ( 'NONE',  ( 0.000000000000000000, -1.000000000000000000, 0.000000000000000000 ) ) ;
#4133 = DIRECTION ( 'NONE',  ( -0.1590695136534942267, 0.000000000000000000, 0.9872673851728520633 ) ) ;
#4134 = AXIS2_PLACEMENT_3D ( 'NONE', #7051, #1087, #2255 ) ;
#4135 = FACE_OUTER_BOUND ( 'NONE', #3282, .T. ) ;
#4136 = CARTESIAN_POINT ( 'NONE',  ( -6.344046616843791675, 0.6791338582677166613, -0.2923396252181971744 ) ) ;
#4137 = ORIENTED_EDGE ( 'NONE', *, *, #108, .T. ) ;
#4138 = EDGE_LOOP ( 'NONE', ( #6362, #6279, #5349, #4218 ) ) ;
#4139 = EDGE_CURVE ( 'NONE', #5766, #5041, #5645, .T. ) ;
#4140 = CARTESIAN_POINT ( 'NONE',  ( -0.4973362440020967501, 1.200787401574803237, 1.872243713719063063 ) ) ;
#4141 = EDGE_CURVE ( 'NONE', #5819, #3399, #3929, .T. ) ;
#4142 = CARTESIAN_POINT ( 'NONE',  ( -2.539711635973382453, 1.200787401574803237, -0.2384712202052343133 ) ) ;
#4143 = ORIENTED_EDGE ( 'NONE', *, *, #5857, .F. ) ;
#4144 = CARTESIAN_POINT ( 'NONE',  ( -2.486965731951503944, 1.082677165354330784, 0.5595802788376306180 ) ) ;
#4145 = EDGE_CURVE ( 'NONE', #7331, #3584, #4171, .T. ) ;
#4146 = CIRCLE ( 'NONE', #7240, 0.06496062992125979652 ) ;
#4147 = CIRCLE ( 'NONE', #6510, 0.08070866141732323251 ) ;
#4148 = VECTOR ( 'NONE', #2543, 39.37007874015748143 ) ;
#4149 = EDGE_LOOP ( 'NONE', ( #3142, #7685, #6872, #7125 ) ) ;
#4150 = ORIENTED_EDGE ( 'NONE', *, *, #3252, .F. ) ;
#4151 = AXIS2_PLACEMENT_3D ( 'NONE', #1148, #5245, #7607 ) ;
#4152 = AXIS2_PLACEMENT_3D ( 'NONE', #5861, #7583, #6375 ) ;
#4153 = CIRCLE ( 'NONE', #6613, 0.08070866141732296883 ) ;
#4154 = CARTESIAN_POINT ( 'NONE',  ( -1.569592889856162632, 1.082677165354330784, -1.707782561767789531 ) ) ;
#4155 = FACE_BOUND ( 'NONE', #1717, .T. ) ;
#4156 = EDGE_LOOP ( 'NONE', ( #2444, #1957, #2870, #6606 ) ) ;
#4157 = PLANE ( 'NONE',  #303 ) ;
#4158 = CIRCLE ( 'NONE', #4035, 0.08070866141732312149 ) ;
#4159 = DIRECTION ( 'NONE',  ( -0.8660254037844362651, 0.000000000000000000, 0.5000000000000041078 ) ) ;
#4160 = VECTOR ( 'NONE', #1853, 39.37007874015748143 ) ;
#4161 = DIRECTION ( 'NONE',  ( -0.000000000000000000, -1.000000000000000000, -0.000000000000000000 ) ) ;
#4162 = ORIENTED_EDGE ( 'NONE', *, *, #6321, .F. ) ;
#4163 = EDGE_CURVE ( 'NONE', #2083, #4107, #1137, .T. ) ;
#4165 = PLANE ( 'NONE',  #5160 ) ;
#4164 = VECTOR ( 'NONE', #871, 39.37007874015748143 ) ;
#4166 = CIRCLE ( 'NONE', #821, 0.08070866141732312149 ) ;
#4167 = DIRECTION ( 'NONE',  ( 0.000000000000000000, 0.000000000000000000, -1.000000000000000000 ) ) ;
#4168 = AXIS2_PLACEMENT_3D ( 'NONE', #1405, #907, #3230 ) ;
#4169 = ADVANCED_FACE ( 'NONE', ( #5269 ), #5878, .T. ) ;
#4170 = CARTESIAN_POINT ( 'NONE',  ( -3.962651880115786618, 1.358267716535431768, 0.6512546894670852016 ) ) ;
#4171 = CIRCLE ( 'NONE', #194, 0.08070866141732309373 ) ;
#4172 = CARTESIAN_POINT ( 'NONE',  ( -2.976577355925106971, 0.9842519685039373689, -2.173977946609184198 ) ) ;
#4173 = VERTEX_POINT ( 'NONE', #5201 ) ;
#4174 = AXIS2_PLACEMENT_3D ( 'NONE', #4619, #5202, #2409 ) ;
#4175 = DIRECTION ( 'NONE',  ( 0.000000000000000000, -1.000000000000000000, 0.000000000000000000 ) ) ;
#4176 = EDGE_CURVE ( 'NONE', #1635, #1877, #4546, .T. ) ;
#4177 = DIRECTION ( 'NONE',  ( 0.000000000000000000, 0.000000000000000000, -1.000000000000000000 ) ) ;
#4178 = AXIS2_PLACEMENT_3D ( 'NONE', #4184, #7172, #4289 ) ;
#4179 = AXIS2_PLACEMENT_3D ( 'NONE', #5801, #6450, #4636 ) ;
#4180 = FACE_BOUND ( 'NONE', #6350, .T. ) ;
#4181 = DIRECTION ( 'NONE',  ( 0.000000000000000000, 1.000000000000000000, 0.000000000000000000 ) ) ;
#4182 = ADVANCED_FACE ( 'NONE', ( #1097 ), #3463, .F. ) ;
#4183 = ORIENTED_EDGE ( 'NONE', *, *, #2151, .F. ) ;
#4184 = CARTESIAN_POINT ( 'NONE',  ( -1.805055965192104983, 1.200787401574803237, 0.2465881528533755696 ) ) ;
#4185 = VERTEX_POINT ( 'NONE', #6096 ) ;
#4186 = VECTOR ( 'NONE', #1548, 39.37007874015747433 ) ;
#4187 = CARTESIAN_POINT ( 'NONE',  ( -6.568304586241691112, 0.000000000000000000, -0.2083248773356932981 ) ) ;
#4188 = CARTESIAN_POINT ( 'NONE',  ( -1.031787612775674434, 1.200787401574803237, -1.482969410671555854 ) ) ;
#4189 = CARTESIAN_POINT ( 'NONE',  ( 0.3051181102362229280, 1.082677165354331672, 0.5284800692385339671 ) ) ;
#4190 = DIRECTION ( 'NONE',  ( 0.000000000000000000, -1.000000000000000000, 0.000000000000000000 ) ) ;
#4191 = VERTEX_POINT ( 'NONE', #3612 ) ;
#4192 = PLANE ( 'NONE',  #6274 ) ;
#4193 = VECTOR ( 'NONE', #7148, 39.37007874015748143 ) ;
#4194 = VERTEX_POINT ( 'NONE', #5958 ) ;
#4195 = ORIENTED_EDGE ( 'NONE', *, *, #3500, .T. ) ;
#4196 = CIRCLE ( 'NONE', #855, 0.08070866141732323251 ) ;
#4197 = DIRECTION ( 'NONE',  ( 0.000000000000000000, 0.000000000000000000, -1.000000000000000000 ) ) ;
#4198 = CARTESIAN_POINT ( 'NONE',  ( -3.077516913053870873, 1.200787401574803237, -0.3825757098841445214 ) ) ;
#4199 = EDGE_LOOP ( 'NONE', ( #2753, #1770 ) ) ;
#4200 = CARTESIAN_POINT ( 'NONE',  ( -1.519200419437954919, 0.000000000000000000, 4.071595195841844372 ) ) ;
#4201 = AXIS2_PLACEMENT_3D ( 'NONE', #2980, #5313, #7088 ) ;
#4202 = DIRECTION ( 'NONE',  ( -0.8660254037844362651, 0.000000000000000000, 0.5000000000000041078 ) ) ;
#4203 = ADVANCED_FACE ( 'NONE', ( #5482 ), #661, .F. ) ;
#4204 = PLANE ( 'NONE',  #3710 ) ;
#4205 = EDGE_CURVE ( 'NONE', #7283, #3947, #804, .T. ) ;
#4206 = VERTEX_POINT ( 'NONE', #3166 ) ;
#4207 = PLANE ( 'NONE',  #4447 ) ;
#4208 = CARTESIAN_POINT ( 'NONE',  ( -4.540847003094901524, 0.000000000000000000, -1.106114152032292353 ) ) ;
#4209 = DIRECTION ( 'NONE',  ( 0.000000000000000000, 0.000000000000000000, 1.000000000000000000 ) ) ;
#4210 = DIRECTION ( 'NONE',  ( 0.000000000000000000, 0.000000000000000000, -1.000000000000000000 ) ) ;
#4211 = VERTEX_POINT ( 'NONE', #3013 ) ;
#4212 = DIRECTION ( 'NONE',  ( 0.000000000000000000, -1.000000000000000000, 0.000000000000000000 ) ) ;
#4213 = PLANE ( 'NONE',  #54 ) ;
#4214 = DIRECTION ( 'NONE',  ( 0.8660254037844362651, 0.000000000000000000, -0.5000000000000041078 ) ) ;
#4215 = DIRECTION ( 'NONE',  ( 0.8660254037844362651, 0.000000000000000000, -0.5000000000000041078 ) ) ;
#4216 = VERTEX_POINT ( 'NONE', #5378 ) ;
#4217 = EDGE_CURVE ( 'NONE', #6273, #2201, #7174, .T. ) ;
#4218 = ORIENTED_EDGE ( 'NONE', *, *, #1596, .T. ) ;
#4219 = EDGE_CURVE ( 'NONE', #6243, #5845, #714, .T. ) ;
#4220 = EDGE_CURVE ( 'NONE', #210, #1850, #4284, .T. ) ;
#4221 = FACE_OUTER_BOUND ( 'NONE', #1514, .T. ) ;
#4222 = CARTESIAN_POINT ( 'NONE',  ( -1.179246010761500818, 1.200787401574803237, 1.478542926317494288 ) ) ;
#4223 = ORIENTED_EDGE ( 'NONE', *, *, #254, .F. ) ;
#4224 = CARTESIAN_POINT ( 'NONE',  ( -1.267250688111616563, 1.200787401574803237, 0.3906926425322859164 ) ) ;
#4225 = ORIENTED_EDGE ( 'NONE', *, *, #1086, .F. ) ;
#4226 = CARTESIAN_POINT ( 'NONE',  ( -3.274367306754660145, 1.082677165354330784, -0.7235305932638439463 ) ) ;
#4227 = EDGE_LOOP ( 'NONE', ( #5456, #4973, #2038, #1361 ) ) ;
#4228 = DIRECTION ( 'NONE',  ( 0.000000000000000000, -1.000000000000000000, 0.000000000000000000 ) ) ;
#4229 = CARTESIAN_POINT ( 'NONE',  ( -1.372742496155374026, 1.200787401574803237, -1.447536339805413297 ) ) ;
#4230 = ORIENTED_EDGE ( 'NONE', *, *, #3034, .F. ) ;
#4231 = DIRECTION ( 'NONE',  ( 0.000000000000000000, 0.000000000000000000, -1.000000000000000000 ) ) ;
#4232 = DIRECTION ( 'NONE',  ( 0.9345333927142741581, -0.000000000000000000, -0.3558754527948617685 ) ) ;
#4233 = PLANE ( 'NONE',  #2836 ) ;
#4234 = CARTESIAN_POINT ( 'NONE',  ( -0.3004858503013124738, 1.082677165354330784, 1.531288830339360807 ) ) ;
#4235 = EDGE_LOOP ( 'NONE', ( #6797, #7320, #712, #5351, #4241, #4225 ) ) ;
#4236 = EDGE_CURVE ( 'NONE', #31, #1171, #3798, .T. ) ;
#4237 = ORIENTED_EDGE ( 'NONE', *, *, #673, .T. ) ;
#4238 = FACE_OUTER_BOUND ( 'NONE', #447, .T. ) ;
#4239 = EDGE_CURVE ( 'NONE', #5663, #3114, #5040, .T. ) ;
#4240 = DIRECTION ( 'NONE',  ( 0.000000000000000000, 0.000000000000000000, -1.000000000000000000 ) ) ;
#4241 = ORIENTED_EDGE ( 'NONE', *, *, #5481, .F. ) ;
#4242 = CARTESIAN_POINT ( 'NONE',  ( -1.256005071294460151, 1.200787401574803237, 2.434356680737665535 ) ) ;
#4243 = VERTEX_POINT ( 'NONE', #4188 ) ;
#4244 = CARTESIAN_POINT ( 'NONE',  ( -1.526643807384524987, 0.000000000000000000, -1.243265431213640859 ) ) ;
#4245 = CARTESIAN_POINT ( 'NONE',  ( -2.976577355925106971, 0.9842519685039373689, -1.985001568656428406 ) ) ;
#4246 = DIRECTION ( 'NONE',  ( 0.000000000000000000, 0.000000000000000000, -1.000000000000000000 ) ) ;
#4247 = CIRCLE ( 'NONE', #2642, 0.07874015748031472361 ) ;
#4248 = ORIENTED_EDGE ( 'NONE', *, *, #991, .T. ) ;
#4249 = ORIENTED_EDGE ( 'NONE', *, *, #4710, .T. ) ;
#4250 = VECTOR ( 'NONE', #421, 39.37007874015748143 ) ;
#4251 = EDGE_CURVE ( 'NONE', #3325, #978, #4046, .T. ) ;
#4252 = DIRECTION ( 'NONE',  ( 0.000000000000000000, 0.000000000000000000, -1.000000000000000000 ) ) ;
#4253 = DIRECTION ( 'NONE',  ( 0.000000000000000000, 0.000000000000000000, -1.000000000000000000 ) ) ;
#4254 = FACE_OUTER_BOUND ( 'NONE', #5858, .T. ) ;
#4255 = ORIENTED_EDGE ( 'NONE', *, *, #798, .T. ) ;
#4256 = DIRECTION ( 'NONE',  ( -0.000000000000000000, -1.000000000000000000, -0.000000000000000000 ) ) ;
#4257 = ORIENTED_EDGE ( 'NONE', *, *, #2792, .F. ) ;
#4258 = ORIENTED_EDGE ( 'NONE', *, *, #6302, .F. ) ;
#4259 = ORIENTED_EDGE ( 'NONE', *, *, #1111, .F. ) ;
#4260 = VECTOR ( 'NONE', #6460, 39.37007874015748854 ) ;
#4261 = DIRECTION ( 'NONE',  ( 0.5000000000000067724, 0.000000000000000000, 0.8660254037844348218 ) ) ;
#4262 = DIRECTION ( 'NONE',  ( -0.8660254037844362651, -0.000000000000000000, 0.5000000000000041078 ) ) ;
#4263 = ORIENTED_EDGE ( 'NONE', *, *, #5477, .T. ) ;
#4264 = CARTESIAN_POINT ( 'NONE',  ( -2.198756752593682862, 1.082677165354330784, -0.3546129524887002837 ) ) ;
#4265 = CARTESIAN_POINT ( 'NONE',  ( -1.372742496155374026, 1.200787401574803237, -1.366827678388090161 ) ) ;
#4266 = EDGE_CURVE ( 'NONE', #6546, #4120, #4912, .T. ) ;
#4267 = AXIS2_PLACEMENT_3D ( 'NONE', #2767, #5130, #4556 ) ;
#4268 = DIRECTION ( 'NONE',  ( -0.5000000000000012212, 0.000000000000000000, -0.8660254037844377084 ) ) ;
#4269 = CIRCLE ( 'NONE', #559, 0.1240157480314960647 ) ;
#4270 = CIRCLE ( 'NONE', #6495, 0.08070866141732296883 ) ;
#4271 = DIRECTION ( 'NONE',  ( 0.000000000000000000, 0.000000000000000000, -1.000000000000000000 ) ) ;
#4272 = ORIENTED_EDGE ( 'NONE', *, *, #7595, .T. ) ;
#4273 = DIRECTION ( 'NONE',  ( -0.000000000000000000, -1.000000000000000000, -0.000000000000000000 ) ) ;
#4274 = VECTOR ( 'NONE', #5278, 39.37007874015748143 ) ;
#4275 = AXIS2_PLACEMENT_3D ( 'NONE', #6653, #4363, #3722 ) ;
#4276 = CIRCLE ( 'NONE', #7510, 0.1240157480314960370 ) ;
#4277 = CARTESIAN_POINT ( 'NONE',  ( -3.910597780685542979, 1.181102362204724532, -1.038112524632603284 ) ) ;
#4278 = DIRECTION ( 'NONE',  ( -0.000000000000000000, -1.000000000000000000, -0.000000000000000000 ) ) ;
#4279 = VERTEX_POINT ( 'NONE', #135 ) ;
#4280 = CARTESIAN_POINT ( 'NONE',  ( -1.319996592133495295, 1.200787401574803237, -0.4880675179279020948 ) ) ;
#4281 = CARTESIAN_POINT ( 'NONE',  ( -1.464101081812405836, 1.200787401574803237, -0.03097090226473669244 ) ) ;
#4282 = CARTESIAN_POINT ( 'NONE',  ( -2.146010848571804797, 1.082677165354330784, 0.3627298851368415122 ) ) ;
#4283 = CARTESIAN_POINT ( 'NONE',  ( -1.123146198432706244, 1.200787401574803237, -0.2278212959655257497 ) ) ;
#4284 = CIRCLE ( 'NONE', #957, 0.08070866141732283006 ) ;
#4285 = VECTOR ( 'NONE', #6319, 39.37007874015748854 ) ;
#4286 = FACE_OUTER_BOUND ( 'NONE', #2302, .T. ) ;
#4287 = VERTEX_POINT ( 'NONE', #2553 ) ;
#4288 = ADVANCED_FACE ( 'NONE', ( #4221 ), #739, .F. ) ;
#4289 = DIRECTION ( 'NONE',  ( 0.000000000000000000, 0.000000000000000000, -1.000000000000000000 ) ) ;
#4290 = VERTEX_POINT ( 'NONE', #6573 ) ;
#4291 = EDGE_CURVE ( 'NONE', #6471, #1571, #770, .T. ) ;
#4292 = AXIS2_PLACEMENT_3D ( 'NONE', #3352, #6157, #7419 ) ;
#4293 = VECTOR ( 'NONE', #866, 39.37007874015748143 ) ;
#4294 = DIRECTION ( 'NONE',  ( -0.1590695136534933385, 0.000000000000000000, 0.9872673851728522854 ) ) ;
#4295 = PLANE ( 'NONE',  #3162 ) ;
#4296 = DIRECTION ( 'NONE',  ( 0.000000000000000000, -1.000000000000000000, 0.000000000000000000 ) ) ;
#4297 = CARTESIAN_POINT ( 'NONE',  ( -4.325529062261525226, 0.000000000000000000, 3.282575492768253778 ) ) ;
#4298 = CIRCLE ( 'NONE', #2701, 0.08070866141732309373 ) ;
#4299 = ORIENTED_EDGE ( 'NONE', *, *, #4721, .F. ) ;
#4300 = ORIENTED_EDGE ( 'NONE', *, *, #2292, .F. ) ;
#4301 = ORIENTED_EDGE ( 'NONE', *, *, #803, .T. ) ;
#4302 = CIRCLE ( 'NONE', #2347, 0.08070866141732323251 ) ;
#4303 = DIRECTION ( 'NONE',  ( -0.000000000000000000, -1.000000000000000000, -0.000000000000000000 ) ) ;
#4304 = CARTESIAN_POINT ( 'NONE',  ( -1.572946798163069593, 1.200787401574803237, 2.241161354494221047 ) ) ;
#4305 = VERTEX_POINT ( 'NONE', #7288 ) ;
#4306 = LINE ( 'NONE', #224, #715 ) ;
#4307 = CARTESIAN_POINT ( 'NONE',  ( -1.099753997502756153, 1.082677165354330784, 1.464581985953475884 ) ) ;
#4308 = VECTOR ( 'NONE', #7062, 39.37007874015748143 ) ;
#4309 = CARTESIAN_POINT ( 'NONE',  ( -4.921259842519685179, 0.000000000000000000, 2.841290694830832742 ) ) ;
#4310 = LINE ( 'NONE', #7669, #1735 ) ;
#4311 = EDGE_LOOP ( 'NONE', ( #3928, #3719, #4734, #5275 ) ) ;
#4312 = DIRECTION ( 'NONE',  ( 0.000000000000000000, -1.000000000000000000, 0.000000000000000000 ) ) ;
#4313 = ORIENTED_EDGE ( 'NONE', *, *, #3470, .F. ) ;
#4314 = EDGE_CURVE ( 'NONE', #4939, #6034, #3721, .T. ) ;
#4315 = EDGE_LOOP ( 'NONE', ( #6389, #3865, #7267, #235 ) ) ;
#4316 = EDGE_CURVE ( 'NONE', #2485, #2631, #1581, .T. ) ;
#4317 = VECTOR ( 'NONE', #420, 39.37007874015748143 ) ;
#4318 = CARTESIAN_POINT ( 'NONE',  ( -3.327113210776539098, 1.082677165354330784, -1.682999415141355648 ) ) ;
#4319 = CARTESIAN_POINT ( 'NONE',  ( -0.3004858503013124738, 1.200787401574803237, 1.531288830339360807 ) ) ;
#4320 = EDGE_CURVE ( 'NONE', #6034, #1783, #4875, .T. ) ;
#4321 = DIRECTION ( 'NONE',  ( 0.000000000000000000, 0.000000000000000000, -1.000000000000000000 ) ) ;
#4322 = DIRECTION ( 'NONE',  ( 0.000000000000000000, 1.000000000000000000, -0.000000000000000000 ) ) ;
#4323 = EDGE_CURVE ( 'NONE', #3629, #2237, #6652, .T. ) ;
#4324 = DIRECTION ( 'NONE',  ( 0.5000000000000067724, 0.000000000000000000, 0.8660254037844348218 ) ) ;
#4325 = ORIENTED_EDGE ( 'NONE', *, *, #2401, .F. ) ;
#4326 = DIRECTION ( 'NONE',  ( 0.000000000000000000, -1.000000000000000000, 0.000000000000000000 ) ) ;
#4327 = EDGE_CURVE ( 'NONE', #861, #2735, #3125, .T. ) ;
#4328 = CARTESIAN_POINT ( 'NONE',  ( -2.976577355925106971, 0.9842519685039373689, -2.049962198577688355 ) ) ;
#4329 = DIRECTION ( 'NONE',  ( 0.000000000000000000, -1.000000000000000000, 0.000000000000000000 ) ) ;
#4330 = LINE ( 'NONE', #703, #7033 ) ;
#4331 = ORIENTED_EDGE ( 'NONE', *, *, #5585, .F. ) ;
#4332 = EDGE_CURVE ( 'NONE', #4434, #6295, #1709, .T. ) ;
#4333 = CARTESIAN_POINT ( 'NONE',  ( -0.6908327293959752868, 1.200787401574803237, -1.760528465789668040 ) ) ;
#4334 = ORIENTED_EDGE ( 'NONE', *, *, #4725, .T. ) ;
#4335 = VERTEX_POINT ( 'NONE', #6734 ) ;
#4336 = CARTESIAN_POINT ( 'NONE',  ( -2.592457539995261406, 1.082677165354330784, -1.036522719248099689 ) ) ;
#4337 = CARTESIAN_POINT ( 'NONE',  ( -0.8419227783873955984, 1.082677165354330784, -0.1356514444852577883 ) ) ;
#4338 = VERTEX_POINT ( 'NONE', #6821 ) ;
#4339 = CARTESIAN_POINT ( 'NONE',  ( -2.645203444017139915, 1.200787401574803237, -1.995991541125609947 ) ) ;
#4340 = CARTESIAN_POINT ( 'NONE',  ( -0.2484718562709393730, 1.200787401574803237, 1.539669377350076251 ) ) ;
#4341 = DIRECTION ( 'NONE',  ( 0.000000000000000000, 0.000000000000000000, -1.000000000000000000 ) ) ;
#4342 = DIRECTION ( 'NONE',  ( 0.000000000000000000, 0.000000000000000000, -1.000000000000000000 ) ) ;
#4343 = FACE_OUTER_BOUND ( 'NONE', #2707, .T. ) ;
#4344 = EDGE_LOOP ( 'NONE', ( #2231, #4540, #1942, #4479, #4724, #2645, #693, #6796 ) ) ;
#4345 = CARTESIAN_POINT ( 'NONE',  ( -2.539711635973382453, 1.200787401574803237, -0.1577625587879109281 ) ) ;
#4346 = LINE ( 'NONE', #995, #1182 ) ;
#4347 = FACE_BOUND ( 'NONE', #7230, .T. ) ;
#4348 = ORIENTED_EDGE ( 'NONE', *, *, #4909, .F. ) ;
#4349 = EDGE_CURVE ( 'NONE', #6410, #4861, #1522, .T. ) ;
#4350 = DIRECTION ( 'NONE',  ( 0.000000000000000000, -1.000000000000000000, 0.000000000000000000 ) ) ;
#4351 = VERTEX_POINT ( 'NONE', #2603 ) ;
#4352 = ADVANCED_FACE ( 'NONE', ( #867 ), #3848, .F. ) ;
#4353 = CARTESIAN_POINT ( 'NONE',  ( -2.198756752593682862, 1.200787401574803237, -0.5160302753233464435 ) ) ;
#4354 = ORIENTED_EDGE ( 'NONE', *, *, #6152, .T. ) ;
#4355 = CARTESIAN_POINT ( 'NONE',  ( -2.736562029674171725, 1.200787401574803237, -0.4987174421676103808 ) ) ;
#4356 = EDGE_CURVE ( 'NONE', #4939, #595, #5517, .T. ) ;
#4357 = CARTESIAN_POINT ( 'NONE',  ( -0.6069359470277919666, 0.000000000000000000, -1.592863318896861058 ) ) ;
#4358 = EDGE_LOOP ( 'NONE', ( #3645, #7503, #5703, #2196 ) ) ;
#4359 = EDGE_CURVE ( 'NONE', #1276, #6924, #308, .T. ) ;
#4360 = DIRECTION ( 'NONE',  ( 0.000000000000000000, -1.000000000000000000, 0.000000000000000000 ) ) ;
#4361 = ORIENTED_EDGE ( 'NONE', *, *, #6802, .T. ) ;
#4362 = CARTESIAN_POINT ( 'NONE',  ( -1.179246010761500818, 1.200787401574803237, 1.397834264900171153 ) ) ;
#4363 = DIRECTION ( 'NONE',  ( 0.000000000000000000, -1.000000000000000000, 0.000000000000000000 ) ) ;
#4364 = CARTESIAN_POINT ( 'NONE',  ( 0.000000000000000000, 1.338582677165354395, 0.000000000000000000 ) ) ;
#4365 = ORIENTED_EDGE ( 'NONE', *, *, #5118, .F. ) ;
#4366 = DIRECTION ( 'NONE',  ( 0.000000000000000000, -1.000000000000000000, 0.000000000000000000 ) ) ;
#4367 = CARTESIAN_POINT ( 'NONE',  ( -3.077516913053870873, 1.200787401574803237, -0.3825757098841445214 ) ) ;
#4368 = ORIENTED_EDGE ( 'NONE', *, *, #3850, .T. ) ;
#4369 = AXIS2_PLACEMENT_3D ( 'NONE', #5644, #3378, #6184 ) ;
#4370 = FACE_OUTER_BOUND ( 'NONE', #3859, .T. ) ;
#4371 = DIRECTION ( 'NONE',  ( 0.000000000000000000, -1.000000000000000000, 0.000000000000000000 ) ) ;
#4372 = ORIENTED_EDGE ( 'NONE', *, *, #3766, .T. ) ;
#4373 = LINE ( 'NONE', #1441, #4293 ) ;
#4374 = LINE ( 'NONE', #1443, #4551 ) ;
#4375 = CARTESIAN_POINT ( 'NONE',  ( -1.569592889856162632, 1.200787401574803237, -1.707782561767789531 ) ) ;
#4376 = DIRECTION ( 'NONE',  ( 0.000000000000000000, -1.000000000000000000, 0.000000000000000000 ) ) ;
#4377 = ADVANCED_FACE ( 'NONE', ( #4968 ), #2640, .F. ) ;
#4378 = ORIENTED_EDGE ( 'NONE', *, *, #7379, .T. ) ;
#4379 = DIRECTION ( 'NONE',  ( -0.000000000000000000, -1.000000000000000000, 0.000000000000000000 ) ) ;
#4380 = VERTEX_POINT ( 'NONE', #6699 ) ;
#4381 = DIRECTION ( 'NONE',  ( 0.000000000000000000, 1.000000000000000000, 0.000000000000000000 ) ) ;
#4382 = ORIENTED_EDGE ( 'NONE', *, *, #716, .T. ) ;
#4383 = AXIS2_PLACEMENT_3D ( 'NONE', #6904, #5111, #4996 ) ;
#4384 = CIRCLE ( 'NONE', #7370, 0.08070866141732255250 ) ;
#4385 = ORIENTED_EDGE ( 'NONE', *, *, #153, .F. ) ;
#4386 = DIRECTION ( 'NONE',  ( 0.000000000000000000, 0.000000000000000000, -1.000000000000000000 ) ) ;
#4387 = EDGE_LOOP ( 'NONE', ( #6136, #5178 ) ) ;
#4388 = ADVANCED_FACE ( 'NONE', ( #2135 ), #822, .F. ) ;
#4389 = LINE ( 'NONE', #6795, #7413 ) ;
#4390 = EDGE_CURVE ( 'NONE', #3191, #4775, #4374, .T. ) ;
#4391 = ORIENTED_EDGE ( 'NONE', *, *, #2988, .F. ) ;
#4393 = CARTESIAN_POINT ( 'NONE',  ( -2.926673774748431267, 1.102362204724409933, 1.689715891681243143 ) ) ;
#4392 = AXIS2_PLACEMENT_3D ( 'NONE', #3039, #1855, #4210 ) ;
#4394 = AXIS2_PLACEMENT_3D ( 'NONE', #6091, #1891, #4870 ) ;
#4395 =( GEOMETRIC_REPRESENTATION_CONTEXT ( 3 ) GLOBAL_UNCERTAINTY_ASSIGNED_CONTEXT ( ( #2296 ) ) GLOBAL_UNIT_ASSIGNED_CONTEXT ( ( #5806, #6383, #2975 ) ) REPRESENTATION_CONTEXT ( 'NONE', 'WORKASPACE' ) );
#4396 = CYLINDRICAL_SURFACE ( 'NONE', #3788, 0.08070866141732323251 ) ;
#4397 = CARTESIAN_POINT ( 'NONE',  ( -2.146010848571804797, 1.200787401574803237, 0.4434385465541646476 ) ) ;
#4398 = ORIENTED_EDGE ( 'NONE', *, *, #1892, .F. ) ;
#4399 = FACE_OUTER_BOUND ( 'NONE', #4004, .T. ) ;
#4400 = AXIS2_PLACEMENT_3D ( 'NONE', #6556, #7262, #4890 ) ;
#4401 = EDGE_LOOP ( 'NONE', ( #1492, #4620 ) ) ;
#4402 = AXIS2_PLACEMENT_3D ( 'NONE', #4222, #4329, #6574 ) ;
#4403 = VECTOR ( 'NONE', #5714, 39.37007874015748143 ) ;
#4404 = DIRECTION ( 'NONE',  ( -0.000000000000000000, -1.000000000000000000, -0.000000000000000000 ) ) ;
#4405 = ORIENTED_EDGE ( 'NONE', *, *, #6599, .T. ) ;
#4406 = EDGE_CURVE ( 'NONE', #3242, #746, #5290, .T. ) ;
#4407 = CARTESIAN_POINT ( 'NONE',  ( -2.880666519353082489, 1.082677165354330784, 0.03908783491287803891 ) ) ;
#4408 = AXIS2_PLACEMENT_3D ( 'NONE', #2858, #5136, #6299 ) ;
#4409 = AXIS2_PLACEMENT_3D ( 'NONE', #2323, #2249, #3511 ) ;
#4410 = CIRCLE ( 'NONE', #5393, 0.08070866141732255250 ) ;
#4411 = DIRECTION ( 'NONE',  ( 0.000000000000000000, -1.000000000000000000, 0.000000000000000000 ) ) ;
#4412 = DIRECTION ( 'NONE',  ( 0.000000000000000000, 0.000000000000000000, -1.000000000000000000 ) ) ;
#4413 = EDGE_CURVE ( 'NONE', #7563, #4047, #6907, .T. ) ;
#4414 = ORIENTED_EDGE ( 'NONE', *, *, #6873, .T. ) ;
#4415 = CARTESIAN_POINT ( 'NONE',  ( -2.107398166936651496, 1.200787401574803237, -1.851887051446699850 ) ) ;
#4416 = AXIS2_PLACEMENT_3D ( 'NONE', #4070, #2871, #6429 ) ;
#4417 = VERTEX_POINT ( 'NONE', #4466 ) ;
#4418 = AXIS2_PLACEMENT_3D ( 'NONE', #3081, #3001, #5440 ) ;
#4419 = EDGE_CURVE ( 'NONE', #102, #1351, #5410, .T. ) ;
#4420 = LINE ( 'NONE', #6695, #5621 ) ;
#4421 = LINE ( 'NONE', #1520, #5406 ) ;
#4422 = ORIENTED_EDGE ( 'NONE', *, *, #7361, .F. ) ;
#4423 = FACE_OUTER_BOUND ( 'NONE', #1400, .T. ) ;
#4424 = VECTOR ( 'NONE', #1389, 39.37007874015748143 ) ;
#4425 = VECTOR ( 'NONE', #3632, 39.37007874015748143 ) ;
#4426 = DIRECTION ( 'NONE',  ( 0.5000000000000041078, 0.000000000000000000, 0.8660254037844362651 ) ) ;
#4427 = CARTESIAN_POINT ( 'NONE',  ( -1.228638006476463485, 1.200787401574803237, -1.904632955468578581 ) ) ;
#4428 = CARTESIAN_POINT ( 'NONE',  ( -1.857801869213983714, 1.200787401574803237, -0.5514633461894891120 ) ) ;
#4429 = CYLINDRICAL_SURFACE ( 'NONE', #6650, 0.08070866141732296883 ) ;
#4430 = VERTEX_POINT ( 'NONE', #986 ) ;
#4431 = DIRECTION ( 'NONE',  ( 0.000000000000000000, 1.000000000000000000, 0.000000000000000000 ) ) ;
#4432 = LINE ( 'NONE', #3891, #4774 ) ;
#4433 = FACE_BOUND ( 'NONE', #6093, .T. ) ;
#4434 = VERTEX_POINT ( 'NONE', #185 ) ;
#4435 = EDGE_CURVE ( 'NONE', #5834, #4194, #2570, .T. ) ;
#4436 = CIRCLE ( 'NONE', #1228, 0.08070866141732309373 ) ;
#4437 = EDGE_CURVE ( 'NONE', #659, #5663, #7645, .T. ) ;
#4438 = ORIENTED_EDGE ( 'NONE', *, *, #5145, .T. ) ;
#4439 = PLANE ( 'NONE',  #2047 ) ;
#4440 = ORIENTED_EDGE ( 'NONE', *, *, #1381, .T. ) ;
#4441 = CARTESIAN_POINT ( 'NONE',  ( -0.4445903399802303424, 1.082677165354330784, 0.9934835532588741636 ) ) ;
#4442 = EDGE_LOOP ( 'NONE', ( #3244, #240, #1464, #5784 ) ) ;
#4443 = VECTOR ( 'NONE', #41, 39.37007874015748143 ) ;
#4444 = DIRECTION ( 'NONE',  ( 0.000000000000000000, -0.000000000000000000, -1.000000000000000000 ) ) ;
#4445 = EDGE_LOOP ( 'NONE', ( #2456, #709 ) ) ;
#4446 = DIRECTION ( 'NONE',  ( -0.000000000000000000, -1.000000000000000000, -0.000000000000000000 ) ) ;
#4447 = AXIS2_PLACEMENT_3D ( 'NONE', #5330, #9, #7152 ) ;
#4448 = VERTEX_POINT ( 'NONE', #1681 ) ;
#4449 = CYLINDRICAL_SURFACE ( 'NONE', #1102, 0.08070866141732323251 ) ;
#4450 = PLANE ( 'NONE',  #2588 ) ;
#4451 = PLANE ( 'NONE',  #4755 ) ;
#4452 = DIRECTION ( 'NONE',  ( 0.000000000000000000, 0.000000000000000000, -1.000000000000000000 ) ) ;
#4453 = PLANE ( 'NONE',  #7356 ) ;
#4454 = ORIENTED_EDGE ( 'NONE', *, *, #3220, .T. ) ;
#4455 = CARTESIAN_POINT ( 'NONE',  ( -1.376096404462285205, 1.200787401574803237, 1.819497809697196322 ) ) ;
#4456 = ADVANCED_FACE ( 'NONE', ( #2799 ), #2343, .F. ) ;
#4457 = CARTESIAN_POINT ( 'NONE',  ( -0.4973362440020967501, 1.200787401574803237, 1.872243713719063063 ) ) ;
#4458 = ORIENTED_EDGE ( 'NONE', *, *, #3146, .T. ) ;
#4459 = ADVANCED_FACE ( 'NONE', ( #6355 ), #3501, .F. ) ;
#4460 = EDGE_CURVE ( 'NONE', #6663, #6790, #516, .T. ) ;
#4461 = ADVANCED_FACE ( 'NONE', ( #397 ), #7061, .F. ) ;
#4462 = LINE ( 'NONE', #6153, #1428 ) ;
#4463 = DIRECTION ( 'NONE',  ( 0.000000000000000000, 0.000000000000000000, -1.000000000000000000 ) ) ;
#4464 = ORIENTED_EDGE ( 'NONE', *, *, #2479, .T. ) ;
#4465 = FACE_OUTER_BOUND ( 'NONE', #343, .T. ) ;
#4466 = CARTESIAN_POINT ( 'NONE',  ( -3.838831256666276115, 0.9842519685039370358, -3.125114463574150125 ) ) ;
#4467 = CARTESIAN_POINT ( 'NONE',  ( -1.123146198432706244, 1.200787401574803237, -0.06640397313087940956 ) ) ;
#4468 = CARTESIAN_POINT ( 'NONE',  ( -2.539711635973382453, 1.082677165354330784, -0.2384712202052343133 ) ) ;
#4469 = DIRECTION ( 'NONE',  ( 0.000000000000000000, 0.000000000000000000, -1.000000000000000000 ) ) ;
#4470 = EDGE_LOOP ( 'NONE', ( #6394, #4528 ) ) ;
#4471 = CARTESIAN_POINT ( 'NONE',  ( -1.228638006476463485, 1.200787401574803237, -1.904632955468578581 ) ) ;
#4472 = LINE ( 'NONE', #233, #3903 ) ;
#4473 = EDGE_LOOP ( 'NONE', ( #6349, #1560 ) ) ;
#4474 = CARTESIAN_POINT ( 'NONE',  ( -1.805055965192104983, 1.200787401574803237, 0.2465881528533755696 ) ) ;
#4475 = EDGE_CURVE ( 'NONE', #4988, #403, #1838, .T. ) ;
#4476 = ORIENTED_EDGE ( 'NONE', *, *, #5026, .F. ) ;
#4477 = ORIENTED_EDGE ( 'NONE', *, *, #6223, .T. ) ;
#4478 = EDGE_CURVE ( 'NONE', #3132, #78, #7538, .T. ) ;
#4479 = ORIENTED_EDGE ( 'NONE', *, *, #1699, .T. ) ;
#4480 = CARTESIAN_POINT ( 'NONE',  ( -2.592457539995261406, 1.082677165354330784, -1.117231380665422380 ) ) ;
#4481 = LINE ( 'NONE', #6835, #6387 ) ;
#4482 = DIRECTION ( 'NONE',  ( 0.000000000000000000, 0.000000000000000000, -1.000000000000000000 ) ) ;
#4483 = ORIENTED_EDGE ( 'NONE', *, *, #6800, .T. ) ;
#4484 = CARTESIAN_POINT ( 'NONE',  ( -2.304248560637440324, 1.200787401574803237, -2.192841934826398997 ) ) ;
#4485 = ORIENTED_EDGE ( 'NONE', *, *, #2853, .T. ) ;
#4486 = CARTESIAN_POINT ( 'NONE',  ( -2.933412423374960998, 1.200787401574803237, -0.9203809869646332187 ) ) ;
#4487 = ORIENTED_EDGE ( 'NONE', *, *, #281, .T. ) ;
#4488 = DIRECTION ( 'NONE',  ( 0.000000000000000000, -1.000000000000000000, 0.000000000000000000 ) ) ;
#4489 = CARTESIAN_POINT ( 'NONE',  ( -2.290115338250715116, 1.200787401574803237, 0.9005351622173302095 ) ) ;
#4490 = CARTESIAN_POINT ( 'NONE',  ( -4.921259842519685179, 1.377952755905512028, 2.841290694830832742 ) ) ;
#4491 = ORIENTED_EDGE ( 'NONE', *, *, #5937, .F. ) ;
#4492 = FACE_OUTER_BOUND ( 'NONE', #16, .T. ) ;
#4493 = EDGE_LOOP ( 'NONE', ( #5300, #5580, #5543, #2029 ) ) ;
#4494 = EDGE_CURVE ( 'NONE', #5929, #5230, #4588, .T. ) ;
#4495 = ORIENTED_EDGE ( 'NONE', *, *, #195, .F. ) ;
#4496 = FACE_OUTER_BOUND ( 'NONE', #547, .T. ) ;
#4497 = CARTESIAN_POINT ( 'NONE',  ( -2.342861242272594069, 1.082677165354330784, 0.1024836631744651533 ) ) ;
#4498 = EDGE_LOOP ( 'NONE', ( #7545, #4258 ) ) ;
#4499 = CARTESIAN_POINT ( 'NONE',  ( -2.670957612213657129, 15.67005943375638211, 1.542078096405652410 ) ) ;
#4500 = DIRECTION ( 'NONE',  ( 0.000000000000000000, -1.000000000000000000, 0.000000000000000000 ) ) ;
#4501 = VECTOR ( 'NONE', #1348, 39.37007874015748854 ) ;
#4502 = CYLINDRICAL_SURFACE ( 'NONE', #2840, 0.08070866141732269128 ) ;
#4503 = CARTESIAN_POINT ( 'NONE',  ( -1.464101081812405836, 1.200787401574803237, 0.04973775915258649150 ) ) ;
#4504 = CARTESIAN_POINT ( 'NONE',  ( -1.769797191863853314, 1.200787401574803237, 2.501407576456600168 ) ) ;
#4505 = ORIENTED_EDGE ( 'NONE', *, *, #7079, .T. ) ;
#4506 = DIRECTION ( 'NONE',  ( 0.000000000000000000, 0.000000000000000000, -1.000000000000000000 ) ) ;
#4507 = LINE ( 'NONE', #2728, #4885 ) ;
#4508 = AXIS2_PLACEMENT_3D ( 'NONE', #6382, #3520, #2286 ) ;
#4509 = ORIENTED_EDGE ( 'NONE', *, *, #6920, .T. ) ;
#4510 = ADVANCED_FACE ( 'NONE', ( #2876 ), #6987, .F. ) ;
#4511 = ORIENTED_EDGE ( 'NONE', *, *, #3333, .F. ) ;
#4512 = DIRECTION ( 'NONE',  ( 0.000000000000000000, -1.000000000000000000, 0.000000000000000000 ) ) ;
#4513 = ORIENTED_EDGE ( 'NONE', *, *, #2965, .T. ) ;
#4514 = ORIENTED_EDGE ( 'NONE', *, *, #3232, .F. ) ;
#4515 = EDGE_LOOP ( 'NONE', ( #6174, #4819, #3217, #2616, #2130, #7020 ) ) ;
#4516 = FACE_OUTER_BOUND ( 'NONE', #5727, .T. ) ;
#4517 = DIRECTION ( 'NONE',  ( -0.8660254037844362651, -0.000000000000000000, 0.5000000000000038858 ) ) ;
#4518 = CYLINDRICAL_SURFACE ( 'NONE', #5035, 0.1240157480314960647 ) ;
#4519 = AXIS2_PLACEMENT_3D ( 'NONE', #1429, #1846, #7101 ) ;
#4520 = CIRCLE ( 'NONE', #1825, 0.06496062992125979652 ) ;
#4521 = ORIENTED_EDGE ( 'NONE', *, *, #3658, .T. ) ;
#4522 = AXIS2_PLACEMENT_3D ( 'NONE', #762, #5409, #4321 ) ;
#4523 = DIRECTION ( 'NONE',  ( -0.000000000000000000, -1.000000000000000000, -0.000000000000000000 ) ) ;
#4524 = ORIENTED_EDGE ( 'NONE', *, *, #5067, .T. ) ;
#4525 = CARTESIAN_POINT ( 'NONE',  ( -0.7636405374161899795, 1.377952755905512028, -0.6215113781333144738 ) ) ;
#4526 = AXIS2_PLACEMENT_3D ( 'NONE', #1114, #558, #4045 ) ;
#4527 = AXIS2_PLACEMENT_3D ( 'NONE', #2742, #2084, #884 ) ;
#4528 = ORIENTED_EDGE ( 'NONE', *, *, #3596, .F. ) ;
#4529 = DIRECTION ( 'NONE',  ( -0.000000000000000000, -1.000000000000000000, -0.000000000000000000 ) ) ;
#4530 = DIRECTION ( 'NONE',  ( -0.1590695136534932552, 0.000000000000000000, 0.9872673851728522854 ) ) ;
#4531 = FACE_OUTER_BOUND ( 'NONE', #6071, .T. ) ;
#4532 = AXIS2_PLACEMENT_3D ( 'NONE', #3882, #5495, #1401 ) ;
#4533 = ORIENTED_EDGE ( 'NONE', *, *, #6300, .F. ) ;
#4534 = AXIS2_PLACEMENT_3D ( 'NONE', #5647, #2669, #4452 ) ;
#4535 = DIRECTION ( 'NONE',  ( 0.000000000000000000, -1.000000000000000000, 0.000000000000000000 ) ) ;
#4536 = AXIS2_PLACEMENT_3D ( 'NONE', #6447, #1698, #1155 ) ;
#4537 = EDGE_CURVE ( 'NONE', #1454, #2387, #1103, .T. ) ;
#4538 = EDGE_CURVE ( 'NONE', #5559, #93, #1726, .T. ) ;
#4539 = ORIENTED_EDGE ( 'NONE', *, *, #1551, .F. ) ;
#4540 = ORIENTED_EDGE ( 'NONE', *, *, #3237, .F. ) ;
#4541 = AXIS2_PLACEMENT_3D ( 'NONE', #2760, #3263, #3885 ) ;
#4542 = VECTOR ( 'NONE', #6559, 39.37007874015748143 ) ;
#4543 = CARTESIAN_POINT ( 'NONE',  ( -1.428842308484151280, 1.200787401574803237, 2.778966631574708135 ) ) ;
#4544 = LINE ( 'NONE', #6911, #4285 ) ;
#4545 = ORIENTED_EDGE ( 'NONE', *, *, #7547, .T. ) ;
#4546 = CIRCLE ( 'NONE', #3306, 0.08070866141732296883 ) ;
#4547 = VECTOR ( 'NONE', #6656, 39.37007874015748143 ) ;
#4548 = DIRECTION ( 'NONE',  ( 0.7754638790607795151, 0.000000000000000000, 0.6313919323779871862 ) ) ;
#4549 = ORIENTED_EDGE ( 'NONE', *, *, #4739, .T. ) ;
#4550 = CARTESIAN_POINT ( 'NONE',  ( -3.838831256666276115, 0.000000000000000000, -3.125114463574150125 ) ) ;
#4551 = VECTOR ( 'NONE', #6859, 39.37007874015748143 ) ;
#4552 = CIRCLE ( 'NONE', #6138, 0.08070866141732351007 ) ;
#4553 = CYLINDRICAL_SURFACE ( 'NONE', #5281, 0.08070866141732309373 ) ;
#4554 = VERTEX_POINT ( 'NONE', #1141 ) ;
#4555 = ORIENTED_EDGE ( 'NONE', *, *, #7109, .T. ) ;
#4556 = DIRECTION ( 'NONE',  ( 0.000000000000000000, 0.000000000000000000, -1.000000000000000000 ) ) ;
#4557 = AXIS2_PLACEMENT_3D ( 'NONE', #5143, #5681, #1085 ) ;
#4558 = ORIENTED_EDGE ( 'NONE', *, *, #2269, .T. ) ;
#4559 = AXIS2_PLACEMENT_3D ( 'NONE', #2985, #5318, #6504 ) ;
#4560 = ORIENTED_EDGE ( 'NONE', *, *, #7153, .T. ) ;
#4561 = EDGE_CURVE ( 'NONE', #5956, #4380, #3564, .T. ) ;
#4562 = VERTEX_POINT ( 'NONE', #1430 ) ;
#4563 = EDGE_CURVE ( 'NONE', #7465, #2740, #2207, .T. ) ;
#4564 = CARTESIAN_POINT ( 'NONE',  ( -1.428842308484151280, 1.082677165354330784, 2.617549308740061420 ) ) ;
#4565 = CARTESIAN_POINT ( 'NONE',  ( -0.9262958047319170829, 1.200787401574803237, 0.1938422488314968661 ) ) ;
#4566 = FACE_OUTER_BOUND ( 'NONE', #4754, .T. ) ;
#4567 = AXIS2_PLACEMENT_3D ( 'NONE', #1302, #4212, #7668 ) ;
#4568 = DIRECTION ( 'NONE',  ( -0.000000000000000000, -1.000000000000000000, -0.000000000000000000 ) ) ;
#4569 = VERTEX_POINT ( 'NONE', #3130 ) ;
#4570 = DIRECTION ( 'NONE',  ( 0.000000000000000000, 0.000000000000000000, -1.000000000000000000 ) ) ;
#4571 = EDGE_CURVE ( 'NONE', #2561, #861, #6024, .T. ) ;
#4572 = ORIENTED_EDGE ( 'NONE', *, *, #778, .F. ) ;
#4573 = CARTESIAN_POINT ( 'NONE',  ( -1.267250688111616563, 1.082677165354330784, 0.4714013039496090518 ) ) ;
#4574 = ADVANCED_FACE ( 'NONE', ( #6688 ), #6496, .F. ) ;
#4575 = DIRECTION ( 'NONE',  ( 0.000000000000000000, 0.000000000000000000, -1.000000000000000000 ) ) ;
#4576 = DIRECTION ( 'NONE',  ( 0.000000000000000000, 0.000000000000000000, -1.000000000000000000 ) ) ;
#4577 = AXIS2_PLACEMENT_3D ( 'NONE', #2043, #3834, #6341 ) ;
#4578 = ORIENTED_EDGE ( 'NONE', *, *, #6998, .T. ) ;
#4579 = DIRECTION ( 'NONE',  ( 0.6313919323779914050, 0.000000000000000000, -0.7754638790607760734 ) ) ;
#4580 = ORIENTED_EDGE ( 'NONE', *, *, #3524, .F. ) ;
#4581 = ORIENTED_EDGE ( 'NONE', *, *, #3034, .T. ) ;
#4582 = EDGE_CURVE ( 'NONE', #5641, #1590, #5046, .T. ) ;
#4583 = VERTEX_POINT ( 'NONE', #628 ) ;
#4584 = DIRECTION ( 'NONE',  ( -0.000000000000000000, -1.000000000000000000, -0.000000000000000000 ) ) ;
#4585 = CARTESIAN_POINT ( 'NONE',  ( -4.533022994796533922, 0.6791338582677166613, 2.844445301875037302 ) ) ;
#4586 = ORIENTED_EDGE ( 'NONE', *, *, #4327, .T. ) ;
#4587 = CARTESIAN_POINT ( 'NONE',  ( -1.572946798163069593, 1.082677165354330784, 2.160452693076898356 ) ) ;
#4588 = LINE ( 'NONE', #5206, #965 ) ;
#4589 =( NAMED_UNIT ( * ) SI_UNIT ( $, .STERADIAN. ) SOLID_ANGLE_UNIT ( ) );
#4590 = DIRECTION ( 'NONE',  ( 0.000000000000000000, -1.000000000000000000, 0.000000000000000000 ) ) ;
#4591 = ORIENTED_EDGE ( 'NONE', *, *, #7085, .F. ) ;
#4592 = DIRECTION ( 'NONE',  ( 0.000000000000000000, 0.000000000000000000, -1.000000000000000000 ) ) ;
#4593 = VERTEX_POINT ( 'NONE', #1314 ) ;
#4594 = CARTESIAN_POINT ( 'NONE',  ( -6.337595924824366733, 1.102362204724409489, 0.1912742459853145338 ) ) ;
#4595 = VERTEX_POINT ( 'NONE', #1933 ) ;
#4596 = ORIENTED_EDGE ( 'NONE', *, *, #6589, .F. ) ;
#4597 = ORIENTED_EDGE ( 'NONE', *, *, #5180, .F. ) ;
#4598 = DIRECTION ( 'NONE',  ( 0.000000000000000000, -0.000000000000000000, -1.000000000000000000 ) ) ;
#4599 = DIRECTION ( 'NONE',  ( 0.5000000000000018874, 0.000000000000000000, 0.8660254037844375974 ) ) ;
#4600 = DIRECTION ( 'NONE',  ( 0.8660254037844362651, 0.000000000000000000, -0.5000000000000041078 ) ) ;
#4601 = EDGE_CURVE ( 'NONE', #6435, #2521, #6272, .T. ) ;
#4602 = DIRECTION ( 'NONE',  ( -0.8660254037844362651, -0.000000000000000000, 0.5000000000000038858 ) ) ;
#4603 = CARTESIAN_POINT ( 'NONE',  ( -0.6414407336810146187, 1.082677165354330784, 1.415147098055899555 ) ) ;
#4604 = FACE_OUTER_BOUND ( 'NONE', #3053, .T. ) ;
#4605 = ORIENTED_EDGE ( 'NONE', *, *, #5288, .F. ) ;
#4606 = CYLINDRICAL_SURFACE ( 'NONE', #3813, 0.08070866141732337129 ) ;
#4607 = ORIENTED_EDGE ( 'NONE', *, *, #5937, .T. ) ;
#4608 = EDGE_CURVE ( 'NONE', #1408, #3629, #836, .T. ) ;
#4609 = DIRECTION ( 'NONE',  ( 0.000000000000000000, -0.000000000000000000, -1.000000000000000000 ) ) ;
#4610 = FILL_AREA_STYLE_COLOUR ( '', #313 ) ;
#4611 = FACE_OUTER_BOUND ( 'NONE', #6651, .T. ) ;
#4612 = DIRECTION ( 'NONE',  ( -0.8660254037844362651, -0.000000000000000000, 0.5000000000000038858 ) ) ;
#4613 = EDGE_CURVE ( 'NONE', #1948, #1829, #344, .T. ) ;
#4614 = ORIENTED_EDGE ( 'NONE', *, *, #4475, .F. ) ;
#4615 = EDGE_CURVE ( 'NONE', #4980, #5827, #4677, .T. ) ;
#4616 = CYLINDRICAL_SURFACE ( 'NONE', #2055, 0.08070866141732337129 ) ;
#4617 = DIRECTION ( 'NONE',  ( 0.000000000000000000, -1.000000000000000000, 0.000000000000000000 ) ) ;
#4618 = DIRECTION ( 'NONE',  ( 0.000000000000000000, -1.000000000000000000, 0.000000000000000000 ) ) ;
#4619 = CARTESIAN_POINT ( 'NONE',  ( -1.179246010761500818, 1.082677165354330784, 1.478542926317494288 ) ) ;
#4620 = ORIENTED_EDGE ( 'NONE', *, *, #6160, .F. ) ;
#4621 = CARTESIAN_POINT ( 'NONE',  ( -1.713697379535073173, 1.082677165354330784, -1.169977284687301111 ) ) ;
#4622 = CARTESIAN_POINT ( 'NONE',  ( -5.958778959581309209, 0.000000000000000000, -0.5502333187202393949 ) ) ;
#4623 = PLANE ( 'NONE',  #7132 ) ;
#4624 = ORIENTED_EDGE ( 'NONE', *, *, #903, .F. ) ;
#4625 = DIRECTION ( 'NONE',  ( 0.5000000000000041078, 1.264902534566421675E-16, 0.8660254037844363761 ) ) ;
#4626 = ORIENTED_EDGE ( 'NONE', *, *, #6842, .T. ) ;
#4627 = AXIS2_PLACEMENT_3D ( 'NONE', #130, #4869, #5953 ) ;
#4628 = CARTESIAN_POINT ( 'NONE',  ( -1.509832702874725818, 0.9842519685039373689, -0.1758405819859562569 ) ) ;
#4629 = ADVANCED_FACE ( 'NONE', ( #658 ), #4873, .F. ) ;
#4630 = ORIENTED_EDGE ( 'NONE', *, *, #7050, .T. ) ;
#4631 = VERTEX_POINT ( 'NONE', #1863 ) ;
#4632 = LINE ( 'NONE', #1267, #4666 ) ;
#4633 = CARTESIAN_POINT ( 'NONE',  ( -3.471217700455449418, 1.200787401574803237, -0.9837768152262206245 ) ) ;
#4634 = CARTESIAN_POINT ( 'NONE',  ( -3.278884500051842288, 3.882804907592494146E-16, 1.552109965366941680 ) ) ;
#4635 = CARTESIAN_POINT ( 'NONE',  ( -3.910597780685542979, 1.181102362204724532, -1.038112524632603284 ) ) ;
#4636 = DIRECTION ( 'NONE',  ( 0.8660254037844362651, 0.000000000000000000, -0.5000000000000038858 ) ) ;
#4637 = EDGE_LOOP ( 'NONE', ( #470, #877, #6532, #1674 ) ) ;
#4638 = EDGE_CURVE ( 'NONE', #25, #1327, #1277, .T. ) ;
#4639 = CARTESIAN_POINT ( 'NONE',  ( -5.404891036811910965, 1.181102362204724532, 1.483931854821420870 ) ) ;
#4640 = VECTOR ( 'NONE', #3092, 39.37007874015748143 ) ;
#4641 = CARTESIAN_POINT ( 'NONE',  ( -2.789307933696049790, 1.200787401574803237, -1.377477602627798392 ) ) ;
#4642 = CARTESIAN_POINT ( 'NONE',  ( -1.464101081812405836, 1.200787401574803237, 0.1304464205699096824 ) ) ;
#4643 = LINE ( 'NONE', #3489, #3434 ) ;
#4644 = DIRECTION ( 'NONE',  ( -0.000000000000000000, -1.000000000000000000, -0.000000000000000000 ) ) ;
#4645 = DIRECTION ( 'NONE',  ( 0.000000000000000000, 1.000000000000000000, -0.000000000000000000 ) ) ;
#4646 = VECTOR ( 'NONE', #3150, 39.37007874015747433 ) ;
#4647 = AXIS2_PLACEMENT_3D ( 'NONE', #4715, #3591, #4115 ) ;
#4648 = ORIENTED_EDGE ( 'NONE', *, *, #6054, .F. ) ;
#4649 = EDGE_CURVE ( 'NONE', #6926, #5450, #5033, .T. ) ;
#4650 = VECTOR ( 'NONE', #5526, 39.37007874015747433 ) ;
#4651 = ORIENTED_EDGE ( 'NONE', *, *, #6321, .T. ) ;
#4652 = EDGE_CURVE ( 'NONE', #1850, #210, #83, .T. ) ;
#4653 = ORIENTED_EDGE ( 'NONE', *, *, #7106, .F. ) ;
#4654 = EDGE_CURVE ( 'NONE', #759, #3373, #2711, .T. ) ;
#4655 = CYLINDRICAL_SURFACE ( 'NONE', #2447, 0.08070866141732351007 ) ;
#4656 = AXIS2_PLACEMENT_3D ( 'NONE', #2019, #5611, #7420 ) ;
#4657 = CIRCLE ( 'NONE', #692, 0.08070866141732323251 ) ;
#4658 = AXIS2_PLACEMENT_3D ( 'NONE', #128, #2000, #3674 ) ;
#4659 = CIRCLE ( 'NONE', #575, 0.08070866141732309373 ) ;
#4660 = EDGE_LOOP ( 'NONE', ( #1679, #3122, #3966, #3898, #571, #6658, #2608, #6062, #2326, #879, #3365, #6703 ) ) ;
#4661 = DIRECTION ( 'NONE',  ( 0.000000000000000000, 0.000000000000000000, -1.000000000000000000 ) ) ;
#4662 = CARTESIAN_POINT ( 'NONE',  ( -1.464101081812405836, 1.200787401574803237, -0.03097090226473669244 ) ) ;
#4663 = CARTESIAN_POINT ( 'NONE',  ( -1.766443283556951904, 1.082677165354330784, -2.048737445147489122 ) ) ;
#4664 = AXIS2_PLACEMENT_3D ( 'NONE', #3278, #2116, #6756 ) ;
#4665 = DIRECTION ( 'NONE',  ( 0.000000000000000000, -1.000000000000000000, 0.000000000000000000 ) ) ;
#4666 = VECTOR ( 'NONE', #5974, 39.37007874015748143 ) ;
#4667 = AXIS2_PLACEMENT_3D ( 'NONE', #5905, #5184, #4599 ) ;
#4668 = ORIENTED_EDGE ( 'NONE', *, *, #2988, .T. ) ;
#4669 = EDGE_CURVE ( 'NONE', #2210, #7546, #4918, .T. ) ;
#4670 = CARTESIAN_POINT ( 'NONE',  ( -3.130262817075749826, 1.200787401574803237, -1.180627208927009342 ) ) ;
#4671 = FACE_OUTER_BOUND ( 'NONE', #7540, .T. ) ;
#4672 = ORIENTED_EDGE ( 'NONE', *, *, #1396, .T. ) ;
#4673 = AXIS2_PLACEMENT_3D ( 'NONE', #1718, #6945, #2902 ) ;
#4674 = VECTOR ( 'NONE', #6189, 39.37007874015748143 ) ;
#4675 = EDGE_CURVE ( 'NONE', #2122, #3238, #6215, .T. ) ;
#4676 = CARTESIAN_POINT ( 'NONE',  ( -0.7399489587990141226, 1.082677165354338333, 4.590029579885126054 ) ) ;
#4677 = CIRCLE ( 'NONE', #7275, 0.06496062992125965774 ) ;
#4678 = ORIENTED_EDGE ( 'NONE', *, *, #5047, .T. ) ;
#4679 = VECTOR ( 'NONE', #48, 39.37007874015748143 ) ;
#4680 = ORIENTED_EDGE ( 'NONE', *, *, #6302, .T. ) ;
#4681 = FACE_OUTER_BOUND ( 'NONE', #3597, .T. ) ;
#4682 = DIRECTION ( 'NONE',  ( 0.5000000000000041078, 0.000000000000000000, 0.8660254037844362651 ) ) ;
#4683 = EDGE_CURVE ( 'NONE', #1647, #6790, #5900, .T. ) ;
#4684 = CARTESIAN_POINT ( 'NONE',  ( -1.501574803149618331, 15.67005943375638211, -2.600803850420347008 ) ) ;
#4685 = EDGE_CURVE ( 'NONE', #3275, #6181, #887, .T. ) ;
#4686 = DIRECTION ( 'NONE',  ( 0.000000000000000000, 0.000000000000000000, -1.000000000000000000 ) ) ;
#4687 = AXIS2_PLACEMENT_3D ( 'NONE', #1488, #2102, #262 ) ;
#4688 = VECTOR ( 'NONE', #6721, 39.37007874015748143 ) ;
#4689 = CARTESIAN_POINT ( 'NONE',  ( -1.230588224977768430, 1.082677165354330784, 2.276606632811564612 ) ) ;
#4690 = DIRECTION ( 'NONE',  ( 0.000000000000000000, -1.000000000000000000, 0.000000000000000000 ) ) ;
#4691 = ORIENTED_EDGE ( 'NONE', *, *, #3229, .T. ) ;
#4692 = DIRECTION ( 'NONE',  ( -0.5000000000000041078, 0.000000000000000000, -0.8660254037844362651 ) ) ;
#4693 = AXIS2_PLACEMENT_3D ( 'NONE', #4836, #4175, #1747 ) ;
#4694 = CARTESIAN_POINT ( 'NONE',  ( -0.9200649109126225467, 1.377952755905512028, 0.3505764156953647404 ) ) ;
#4695 = DIRECTION ( 'NONE',  ( 0.5000000000000013323, 0.000000000000000000, 0.8660254037844377084 ) ) ;
#4696 = DIRECTION ( 'NONE',  ( -0.7754638790607760734, 0.000000000000000000, -0.6313919323779914050 ) ) ;
#4697 = CARTESIAN_POINT ( 'NONE',  ( -2.976577355925106971, 0.9842519685039373689, -2.049962198577688355 ) ) ;
#4698 = ORIENTED_EDGE ( 'NONE', *, *, #4460, .T. ) ;
#4699 = ORIENTED_EDGE ( 'NONE', *, *, #3087, .T. ) ;
#4700 = CARTESIAN_POINT ( 'NONE',  ( -2.976577355925106971, 0.9842519685039373689, -2.049962198577688355 ) ) ;
#4701 = CARTESIAN_POINT ( 'NONE',  ( -1.569592889856162632, 1.200787401574803237, -1.707782561767789531 ) ) ;
#4702 = AXIS2_PLACEMENT_3D ( 'NONE', #3262, #4970, #7335 ) ;
#4703 = DIRECTION ( 'NONE',  ( -0.8660254037844363761, -0.000000000000000000, 0.5000000000000039968 ) ) ;
#4704 = EDGE_LOOP ( 'NONE', ( #7396, #4249, #4458, #1027 ) ) ;
#4705 = FACE_OUTER_BOUND ( 'NONE', #1134, .T. ) ;
#4706 = ADVANCED_FACE ( 'NONE', ( #3211 ), #2004, .F. ) ;
#4707 = ADVANCED_FACE ( 'NONE', ( #7359 ), #7440, .F. ) ;
#4708 = DIRECTION ( 'NONE',  ( 0.9345333927142741581, 0.000000000000000000, -0.3558754527948618795 ) ) ;
#4709 = DIRECTION ( 'NONE',  ( -0.5000000000000037748, 0.000000000000000000, -0.8660254037844362651 ) ) ;
#4710 = EDGE_CURVE ( 'NONE', #2880, #3461, #6762, .T. ) ;
#4711 = PLANE ( 'NONE',  #616 ) ;
#4712 = ORIENTED_EDGE ( 'NONE', *, *, #6589, .T. ) ;
#4713 = DIRECTION ( 'NONE',  ( 0.000000000000000000, 0.000000000000000000, -1.000000000000000000 ) ) ;
#4714 = ORIENTED_EDGE ( 'NONE', *, *, #2137, .F. ) ;
#4715 = CARTESIAN_POINT ( 'NONE',  ( -1.267250688111616563, 1.082677165354330784, 0.3906926425322859164 ) ) ;
#4716 = CYLINDRICAL_SURFACE ( 'NONE', #4267, 0.08070866141732309373 ) ;
#4717 = ORIENTED_EDGE ( 'NONE', *, *, #1636, .F. ) ;
#4718 = EDGE_LOOP ( 'NONE', ( #3235, #3015 ) ) ;
#4719 = CARTESIAN_POINT ( 'NONE',  ( -1.732283464566943376, 1.082677165354331672, -3.000402973741354895 ) ) ;
#4720 = DIRECTION ( 'NONE',  ( -0.000000000000000000, -1.000000000000000000, -0.000000000000000000 ) ) ;
#4721 = EDGE_CURVE ( 'NONE', #6971, #3611, #3245, .T. ) ;
#4722 = FACE_OUTER_BOUND ( 'NONE', #2989, .T. ) ;
#4723 = PLANE ( 'NONE',  #3055 ) ;
#4724 = ORIENTED_EDGE ( 'NONE', *, *, #4494, .F. ) ;
#4725 = EDGE_CURVE ( 'NONE', #3191, #1281, #1093, .T. ) ;
#4726 = FACE_OUTER_BOUND ( 'NONE', #4118, .T. ) ;
#4727 = DIRECTION ( 'NONE',  ( 0.8660254037844363761, 0.000000000000000000, -0.5000000000000041078 ) ) ;
#4728 = VECTOR ( 'NONE', #2301, 39.37007874015748854 ) ;
#4729 = CARTESIAN_POINT ( 'NONE',  ( -2.683816125652293216, 1.200787401574803237, 0.2993340568752542175 ) ) ;
#4730 = CARTESIAN_POINT ( 'NONE',  ( -6.304676538103634265, 0.6791338582677166613, -0.2241486485422573838 ) ) ;
#4731 = LINE ( 'NONE', #1164, #4884 ) ;
#4732 = ORIENTED_EDGE ( 'NONE', *, *, #4101, .F. ) ;
#4733 = CARTESIAN_POINT ( 'NONE',  ( -1.949160454871015524, 1.082677165354330784, 0.7843934299338640725 ) ) ;
#4734 = ORIENTED_EDGE ( 'NONE', *, *, #174, .T. ) ;
#4735 = CARTESIAN_POINT ( 'NONE',  ( -3.667376289564603375, 1.181102362204724532, 1.162687014536634145 ) ) ;
#4736 = PLANE ( 'NONE',  #4673 ) ;
#4737 = EDGE_LOOP ( 'NONE', ( #6301, #7606 ) ) ;
#4738 = CARTESIAN_POINT ( 'NONE',  ( -3.838582677165357726, 1.377952755905512028, -3.125419764313915660 ) ) ;
#4739 = EDGE_CURVE ( 'NONE', #4986, #6224, #4054, .T. ) ;
#4740 = ORIENTED_EDGE ( 'NONE', *, *, #4163, .T. ) ;
#4741 = ORIENTED_EDGE ( 'NONE', *, *, #4205, .F. ) ;
#4742 = CARTESIAN_POINT ( 'NONE',  ( -3.274367306754660145, 1.082677165354330784, -0.7235305932638439463 ) ) ;
#4743 = FACE_OUTER_BOUND ( 'NONE', #1656, .T. ) ;
#4744 = ORIENTED_EDGE ( 'NONE', *, *, #411, .F. ) ;
#4745 = DIRECTION ( 'NONE',  ( -0.8660254037844362651, 0.000000000000000000, 0.5000000000000039968 ) ) ;
#4746 = LINE ( 'NONE', #117, #5765 ) ;
#4747 = ORIENTED_EDGE ( 'NONE', *, *, #3993, .F. ) ;
#4748 = DIRECTION ( 'NONE',  ( 0.000000000000000000, -1.000000000000000000, 0.000000000000000000 ) ) ;
#4749 = DIRECTION ( 'NONE',  ( -0.8660254037844364872, 0.000000000000000000, 0.5000000000000038858 ) ) ;
#4750 = CARTESIAN_POINT ( 'NONE',  ( -1.910547773235862445, 1.200787401574803237, -1.510932168067000481 ) ) ;
#4751 = EDGE_CURVE ( 'NONE', #2842, #7024, #3750, .T. ) ;
#4752 = CARTESIAN_POINT ( 'NONE',  ( -0.4445903399802303424, 1.200787401574803237, 1.074192214676197299 ) ) ;
#4753 = DIRECTION ( 'NONE',  ( -0.1590695136534932552, 0.000000000000000000, 0.9872673851728522854 ) ) ;
#4754 = EDGE_LOOP ( 'NONE', ( #3821, #1904 ) ) ;
#4755 = AXIS2_PLACEMENT_3D ( 'NONE', #2628, #7477, #6807 ) ;
#4756 = DIRECTION ( 'NONE',  ( 0.000000000000000000, 0.000000000000000000, -1.000000000000000000 ) ) ;
#4757 = CARTESIAN_POINT ( 'NONE',  ( -4.230826203675784214, 0.5511811023622049666, 2.442668647586762276 ) ) ;
#4758 = DIRECTION ( 'NONE',  ( 0.000000000000000000, -1.000000000000000000, 0.000000000000000000 ) ) ;
#4759 = VECTOR ( 'NONE', #2935, 39.37007874015748143 ) ;
#4760 = CARTESIAN_POINT ( 'NONE',  ( -0.4973362440020967501, 1.200787401574803237, 1.791535052301739928 ) ) ;
#4761 = DIRECTION ( 'NONE',  ( 0.000000000000000000, -1.000000000000000000, 0.000000000000000000 ) ) ;
#4762 = EDGE_LOOP ( 'NONE', ( #239, #6957, #4982, #1094 ) ) ;
#4763 = DIRECTION ( 'NONE',  ( 0.000000000000000000, 0.000000000000000000, -1.000000000000000000 ) ) ;
#4764 = ORIENTED_EDGE ( 'NONE', *, *, #876, .F. ) ;
#4765 = DIRECTION ( 'NONE',  ( 0.000000000000000000, 0.000000000000000000, 1.000000000000000000 ) ) ;
#4766 = DIRECTION ( 'NONE',  ( 0.000000000000000000, -1.000000000000000000, 0.000000000000000000 ) ) ;
#4767 = DIRECTION ( 'NONE',  ( 0.000000000000000000, 0.000000000000000000, -1.000000000000000000 ) ) ;
#4768 = CARTESIAN_POINT ( 'NONE',  ( -0.4445903399802303424, 1.200787401574803237, 0.9934835532588741636 ) ) ;
#4769 = VERTEX_POINT ( 'NONE', #2039 ) ;
#4770 = DIRECTION ( 'NONE',  ( 0.000000000000000000, 1.000000000000000000, 0.000000000000000000 ) ) ;
#4771 = EDGE_CURVE ( 'NONE', #6980, #1174, #6769, .T. ) ;
#4772 = ADVANCED_FACE ( 'NONE', ( #4956 ), #4916, .T. ) ;
#4773 = CIRCLE ( 'NONE', #3773, 0.06496062992125996305 ) ;
#4774 = VECTOR ( 'NONE', #6788, 39.37007874015748854 ) ;
#4775 = VERTEX_POINT ( 'NONE', #6135 ) ;
#4776 = ORIENTED_EDGE ( 'NONE', *, *, #4291, .T. ) ;
#4777 = ORIENTED_EDGE ( 'NONE', *, *, #3915, .T. ) ;
#4778 = CIRCLE ( 'NONE', #3779, 0.08070866141732323251 ) ;
#4779 = AXIS2_PLACEMENT_3D ( 'NONE', #5871, #2400, #1244 ) ;
#4780 = VECTOR ( 'NONE', #221, 39.37007874015748143 ) ;
#4781 = CARTESIAN_POINT ( 'NONE',  ( -0.3004858503013124738, 1.200787401574803237, 1.531288830339360807 ) ) ;
#4782 = DIRECTION ( 'NONE',  ( 0.000000000000000000, 0.000000000000000000, 1.000000000000000000 ) ) ;
#4783 = ORIENTED_EDGE ( 'NONE', *, *, #6665, .T. ) ;
#4784 = CARTESIAN_POINT ( 'NONE',  ( -6.509249468131454108, 0.6791338582677166613, -0.1060384123217840147 ) ) ;
#4785 = CIRCLE ( 'NONE', #5995, 0.08070866141732351007 ) ;
#4786 = STYLED_ITEM ( 'NONE', ( #5306 ), #1374 ) ;
#4787 = CARTESIAN_POINT ( 'NONE',  ( -1.509832702874725818, 0.9842519685039373689, -0.2998563300174523216 ) ) ;
#4788 = CIRCLE ( 'NONE', #6121, 0.08070866141732323251 ) ;
#4789 = DIRECTION ( 'NONE',  ( 0.000000000000000000, -0.000000000000000000, -1.000000000000000000 ) ) ;
#4790 = VERTEX_POINT ( 'NONE', #2088 ) ;
#4791 = CARTESIAN_POINT ( 'NONE',  ( -1.162774615562771174, 1.082677165354330784, -0.9462372529092806239 ) ) ;
#4793 = DIRECTION ( 'NONE',  ( -0.000000000000000000, -1.000000000000000000, -0.000000000000000000 ) ) ;
#4792 = AXIS2_PLACEMENT_3D ( 'NONE', #300, #6910, #5570 ) ;
#4794 = AXIS2_PLACEMENT_3D ( 'NONE', #4055, #6416, #5832 ) ;
#4795 = AXIS2_PLACEMENT_3D ( 'NONE', #2244, #6366, #5331 ) ;
#4796 = CARTESIAN_POINT ( 'NONE',  ( -1.910547773235862445, 1.200787401574803237, -1.510932168067000481 ) ) ;
#4797 = AXIS2_PLACEMENT_3D ( 'NONE', #4328, #103, #7131 ) ;
#4798 = DIRECTION ( 'NONE',  ( 0.000000000000000000, -1.000000000000000000, 0.000000000000000000 ) ) ;
#4799 = ADVANCED_FACE ( 'NONE', ( #848 ), #4449, .F. ) ;
#4800 = EDGE_LOOP ( 'NONE', ( #7548, #7343, #2762, #1569 ) ) ;
#4801 = ADVANCED_FACE ( 'NONE', ( #7557 ), #6970, .F. ) ;
#4802 = CARTESIAN_POINT ( 'NONE',  ( -0.9076637332322345930, 1.200787401574803237, 0.2723708037615780730 ) ) ;
#4803 = ORIENTED_EDGE ( 'NONE', *, *, #195, .T. ) ;
#4804 = CARTESIAN_POINT ( 'NONE',  ( -1.949160454871015524, 1.200787401574803237, 0.7036847685165409372 ) ) ;
#4805 = VECTOR ( 'NONE', #2931, 39.37007874015747433 ) ;
#4806 = DIRECTION ( 'NONE',  ( 0.5000000000000041078, -0.000000000000000000, 0.8660254037844362651 ) ) ;
#4807 = DIRECTION ( 'NONE',  ( 0.000000000000000000, -0.000000000000000000, -1.000000000000000000 ) ) ;
#4808 = EDGE_CURVE ( 'NONE', #1534, #3101, #6914, .T. ) ;
#4809 = VERTEX_POINT ( 'NONE', #3409 ) ;
#4810 = VECTOR ( 'NONE', #1008, 39.37007874015748854 ) ;
#4811 = CARTESIAN_POINT ( 'NONE',  ( -1.376096404462285205, 1.200787401574803237, 1.819497809697196322 ) ) ;
#4812 = EDGE_LOOP ( 'NONE', ( #3845, #3362, #4668, #1301 ) ) ;
#4813 = AXIS2_PLACEMENT_3D ( 'NONE', #1322, #3723, #5484 ) ;
#4814 = DIRECTION ( 'NONE',  ( 0.000000000000000000, -1.000000000000000000, 0.000000000000000000 ) ) ;
#4815 = CARTESIAN_POINT ( 'NONE',  ( -1.428842308484151280, 1.200787401574803237, 2.778966631574708135 ) ) ;
#4816 = VERTEX_POINT ( 'NONE', #7623 ) ;
#4817 = CARTESIAN_POINT ( 'NONE',  ( -0.4133858267716566393, 0.000000000000000000, -0.7160052550973684538 ) ) ;
#4818 = AXIS2_PLACEMENT_3D ( 'NONE', #1817, #3004, #2477 ) ;
#4819 = ORIENTED_EDGE ( 'NONE', *, *, #5464, .F. ) ;
#4820 = ORIENTED_EDGE ( 'NONE', *, *, #7165, .F. ) ;
#4821 = EDGE_CURVE ( 'NONE', #6522, #1253, #2892, .T. ) ;
#4822 = AXIS2_PLACEMENT_3D ( 'NONE', #2104, #3225, #1445 ) ;
#4823 = CARTESIAN_POINT ( 'NONE',  ( -1.805055965192104983, 1.200787401574803237, 0.1658794914360526840 ) ) ;
#4824 = FACE_BOUND ( 'NONE', #1261, .T. ) ;
#4825 = EDGE_LOOP ( 'NONE', ( #7429, #1046, #7096, #6212, #8, #7154, #2990, #2241, #5994, #3003, #3077, #550, #6690, #7181, #6320, #1977 ) ) ;
#4826 = CARTESIAN_POINT ( 'NONE',  ( -3.327113210776539098, 1.200787401574803237, -1.602290753724031847 ) ) ;
#4827 = AXIS2_PLACEMENT_3D ( 'NONE', #5665, #2106, #6827 ) ;
#4828 = DIRECTION ( 'NONE',  ( 0.000000000000000000, 0.000000000000000000, 1.000000000000000000 ) ) ;
#4829 = DIRECTION ( 'NONE',  ( 0.000000000000000000, 0.000000000000000000, -1.000000000000000000 ) ) ;
#4830 = ORIENTED_EDGE ( 'NONE', *, *, #4121, .F. ) ;
#4831 = DIRECTION ( 'NONE',  ( 0.8660254037844362651, -0.000000000000000000, -0.5000000000000038858 ) ) ;
#4832 = CARTESIAN_POINT ( 'NONE',  ( -1.805055965192104983, 1.200787401574803237, 0.2465881528533755696 ) ) ;
#4833 = LINE ( 'NONE', #3084, #4679 ) ;
#4834 = VERTEX_POINT ( 'NONE', #6894 ) ;
#4835 = EDGE_CURVE ( 'NONE', #4206, #1624, #2461, .T. ) ;
#4836 = CARTESIAN_POINT ( 'NONE',  ( -0.3004858503013124738, 1.200787401574803237, 1.531288830339360807 ) ) ;
#4837 = DIRECTION ( 'NONE',  ( 0.000000000000000000, -0.000000000000000000, -1.000000000000000000 ) ) ;
#4838 = CARTESIAN_POINT ( 'NONE',  ( -1.076661030246063522, 1.082677165354330784, 1.321255129186559074 ) ) ;
#4839 = DIRECTION ( 'NONE',  ( 0.7754638790607798482, 0.000000000000000000, 0.6313919323779866311 ) ) ;
#4840 = ORIENTED_EDGE ( 'NONE', *, *, #1293, .T. ) ;
#4841 = DIRECTION ( 'NONE',  ( 0.000000000000000000, 0.000000000000000000, -1.000000000000000000 ) ) ;
#4842 = EDGE_LOOP ( 'NONE', ( #2417, #7055, #5893, #829 ) ) ;
#4843 = EDGE_CURVE ( 'NONE', #7380, #5148, #1127, .T. ) ;
#4844 = DIRECTION ( 'NONE',  ( -0.000000000000000000, -1.000000000000000000, -0.000000000000000000 ) ) ;
#4845 = DIRECTION ( 'NONE',  ( 0.000000000000000000, -1.000000000000000000, 0.000000000000000000 ) ) ;
#4846 = ORIENTED_EDGE ( 'NONE', *, *, #6976, .T. ) ;
#4847 = CARTESIAN_POINT ( 'NONE',  ( -0.9202411763769227093, 1.377952755905512028, 0.3504328982535842574 ) ) ;
#4848 = EDGE_CURVE ( 'NONE', #2371, #6471, #2335, .T. ) ;
#4849 = ORIENTED_EDGE ( 'NONE', *, *, #6873, .F. ) ;
#4850 = EDGE_LOOP ( 'NONE', ( #7437, #5134, #3894, #7095 ) ) ;
#4851 = ADVANCED_FACE ( 'NONE', ( #5192 ), #5224, .T. ) ;
#4852 = EDGE_LOOP ( 'NONE', ( #1380, #4, #6275, #2703 ) ) ;
#4853 = EDGE_LOOP ( 'NONE', ( #7328, #3647 ) ) ;
#4854 = DIRECTION ( 'NONE',  ( 0.000000000000000000, -1.000000000000000000, 0.000000000000000000 ) ) ;
#4855 = CARTESIAN_POINT ( 'NONE',  ( -1.766443283556951904, 1.082677165354330784, -1.968028783730165543 ) ) ;
#4856 = VERTEX_POINT ( 'NONE', #5719 ) ;
#4857 = DIRECTION ( 'NONE',  ( -0.8660254037844362651, -0.000000000000000000, 0.5000000000000041078 ) ) ;
#4858 = PLANE ( 'NONE',  #6500 ) ;
#4859 = DIRECTION ( 'NONE',  ( 0.000000000000000000, -1.000000000000000000, 0.000000000000000000 ) ) ;
#4860 = DIRECTION ( 'NONE',  ( -0.6423330032324081618, 0.000000000000000000, -0.7664256734729304466 ) ) ;
#4861 = VERTEX_POINT ( 'NONE', #535 ) ;
#4862 = CARTESIAN_POINT ( 'NONE',  ( -1.509832702874725818, 0.9842519685039373689, -0.2998563300174523216 ) ) ;
#4863 = FACE_BOUND ( 'NONE', #4853, .T. ) ;
#4864 = EDGE_CURVE ( 'NONE', #4417, #4305, #3455, .T. ) ;
#4865 = EDGE_CURVE ( 'NONE', #3465, #1158, #724, .T. ) ;
#4866 = DIRECTION ( 'NONE',  ( 0.5000000000000038858, 0.000000000000000000, 0.8660254037844362651 ) ) ;
#4867 = DIRECTION ( 'NONE',  ( 0.000000000000000000, 1.000000000000000000, 0.000000000000000000 ) ) ;
#4868 = LINE ( 'NONE', #5338, #5752 ) ;
#4869 = DIRECTION ( 'NONE',  ( -0.8660254037844362651, 0.000000000000000000, 0.5000000000000039968 ) ) ;
#4870 = DIRECTION ( 'NONE',  ( 0.000000000000000000, 0.000000000000000000, -1.000000000000000000 ) ) ;
#4871 = CIRCLE ( 'NONE', #7100, 0.08070866141732276067 ) ;
#4872 = ORIENTED_EDGE ( 'NONE', *, *, #3372, .T. ) ;
#4873 = CYLINDRICAL_SURFACE ( 'NONE', #4178, 0.08070866141732289945 ) ;
#4874 = ORIENTED_EDGE ( 'NONE', *, *, #3915, .F. ) ;
#4875 = LINE ( 'NONE', #1935, #2069 ) ;
#4876 = CARTESIAN_POINT ( 'NONE',  ( -2.251502656615562259, 1.200787401574803237, -1.394790435783534566 ) ) ;
#4877 = CARTESIAN_POINT ( 'NONE',  ( -1.031787612775674434, 1.200787401574803237, -1.563678072088878990 ) ) ;
#4878 = DIRECTION ( 'NONE',  ( -0.000000000000000000, -1.000000000000000000, -0.000000000000000000 ) ) ;
#4879 = VERTEX_POINT ( 'NONE', #3989 ) ;
#4880 = ORIENTED_EDGE ( 'NONE', *, *, #2146, .F. ) ;
#4881 = ADVANCED_FACE ( 'NONE', ( #5256 ), #6259, .T. ) ;
#4882 = ADVANCED_FACE ( 'NONE', ( #4058 ), #2253, .F. ) ;
#4883 = ORIENTED_EDGE ( 'NONE', *, *, #2247, .T. ) ;
#4884 = VECTOR ( 'NONE', #6490, 39.37007874015748854 ) ;
#4885 = VECTOR ( 'NONE', #3267, 39.37007874015748143 ) ;
#4886 = CARTESIAN_POINT ( 'NONE',  ( -1.162774615562771174, 1.200787401574803237, -0.9462372529092806239 ) ) ;
#4887 = CARTESIAN_POINT ( 'NONE',  ( -4.390386496034691888, 0.5511811023622049666, -1.455745129743868604 ) ) ;
#4888 = AXIS2_PLACEMENT_3D ( 'NONE', #843, #5593, #206 ) ;
#4889 = VERTEX_POINT ( 'NONE', #2328 ) ;
#4890 = DIRECTION ( 'NONE',  ( 0.000000000000000000, 0.000000000000000000, -1.000000000000000000 ) ) ;
#4891 = CARTESIAN_POINT ( 'NONE',  ( -3.962651880115786618, 1.181102362204724532, 0.6512546894670852016 ) ) ;
#4892 = ADVANCED_FACE ( 'NONE', ( #418 ), #4606, .F. ) ;
#4893 = AXIS2_PLACEMENT_3D ( 'NONE', #305, #2099, #2599 ) ;
#4894 = ORIENTED_EDGE ( 'NONE', *, *, #2185, .F. ) ;
#4895 = FACE_OUTER_BOUND ( 'NONE', #627, .T. ) ;
#4896 = EDGE_LOOP ( 'NONE', ( #3911, #1573, #1578, #6124 ) ) ;
#4897 = DIRECTION ( 'NONE',  ( 0.000000000000000000, 1.000000000000000000, 0.000000000000000000 ) ) ;
#4898 = EDGE_CURVE ( 'NONE', #7634, #2847, #970, .T. ) ;
#4899 = ORIENTED_EDGE ( 'NONE', *, *, #6625, .F. ) ;
#4900 = AXIS2_PLACEMENT_3D ( 'NONE', #398, #3430, #3932 ) ;
#4901 = AXIS2_PLACEMENT_3D ( 'NONE', #3291, #3960, #250 ) ;
#4902 = CIRCLE ( 'NONE', #1198, 0.08070866141732323251 ) ;
#4903 = CARTESIAN_POINT ( 'NONE',  ( -4.403241076780600949, 15.67005943375638211, -1.458324877335703373 ) ) ;
#4904 = FACE_OUTER_BOUND ( 'NONE', #4227, .T. ) ;
#4905 = VECTOR ( 'NONE', #3950, 39.37007874015748143 ) ;
#4906 = CIRCLE ( 'NONE', #4409, 0.08070866141732309373 ) ;
#4907 = AXIS2_PLACEMENT_3D ( 'NONE', #2428, #2885, #5249 ) ;
#4908 = AXIS2_PLACEMENT_3D ( 'NONE', #5965, #6661, #1946 ) ;
#4909 = EDGE_CURVE ( 'NONE', #2437, #3904, #3957, .T. ) ;
#4910 = CARTESIAN_POINT ( 'NONE',  ( -4.164008543278784558, 0.8464566929133860995, -1.063647013857214274 ) ) ;
#4911 = DIRECTION ( 'NONE',  ( 0.000000000000000000, 0.000000000000000000, -1.000000000000000000 ) ) ;
#4912 = CIRCLE ( 'NONE', #1941, 0.08070866141732351007 ) ;
#4913 = CIRCLE ( 'NONE', #5895, 0.08070866141732269128 ) ;
#4914 = CARTESIAN_POINT ( 'NONE',  ( -4.558412059106971448, 1.082677165354330784, -0.6640967766011043327 ) ) ;
#4915 = ORIENTED_EDGE ( 'NONE', *, *, #5571, .T. ) ;
#4916 = PLANE ( 'NONE',  #7410 ) ;
#4917 = ORIENTED_EDGE ( 'NONE', *, *, #1289, .F. ) ;
#4918 = CIRCLE ( 'NONE', #1591, 0.08070866141732269128 ) ;
#4919 = VECTOR ( 'NONE', #1987, 39.37007874015748854 ) ;
#4920 = DIRECTION ( 'NONE',  ( 0.000000000000000000, -1.000000000000000000, 0.000000000000000000 ) ) ;
#4921 = DIRECTION ( 'NONE',  ( 0.000000000000000000, -1.000000000000000000, 0.000000000000000000 ) ) ;
#4922 = EDGE_LOOP ( 'NONE', ( #2489, #5157 ) ) ;
#4923 = CARTESIAN_POINT ( 'NONE',  ( -2.769193459787799849, 0.3937007874015750475, 1.962479798385002416 ) ) ;
#4924 = FACE_OUTER_BOUND ( 'NONE', #6992, .T. ) ;
#4925 = AXIS2_PLACEMENT_3D ( 'NONE', #4490, #7406, #6848 ) ;
#4926 = ORIENTED_EDGE ( 'NONE', *, *, #1206, .F. ) ;
#4927 = VERTEX_POINT ( 'NONE', #7520 ) ;
#4928 = VERTEX_POINT ( 'NONE', #2781 ) ;
#4929 = EDGE_CURVE ( 'NONE', #1352, #2818, #5792, .T. ) ;
#4930 = VECTOR ( 'NONE', #914, 39.37007874015748143 ) ;
#4931 = CARTESIAN_POINT ( 'NONE',  ( -1.031787612775674434, 1.200787401574803237, -1.563678072088878990 ) ) ;
#4932 = DIRECTION ( 'NONE',  ( -0.1590695136534932552, 0.000000000000000000, 0.9872673851728522854 ) ) ;
#4933 = ORIENTED_EDGE ( 'NONE', *, *, #5685, .F. ) ;
#4934 = DIRECTION ( 'NONE',  ( 0.000000000000000000, -1.000000000000000000, 0.000000000000000000 ) ) ;
#4935 = EDGE_CURVE ( 'NONE', #4816, #7306, #351, .T. ) ;
#4936 = EDGE_CURVE ( 'NONE', #1276, #2083, #6030, .T. ) ;
#4937 = DIRECTION ( 'NONE',  ( 0.000000000000000000, -1.000000000000000000, 0.000000000000000000 ) ) ;
#4938 = CYLINDRICAL_SURFACE ( 'NONE', #1235, 0.08070866141732289945 ) ;
#4939 = VERTEX_POINT ( 'NONE', #4802 ) ;
#4940 = CARTESIAN_POINT ( 'NONE',  ( -1.319996592133495295, 1.200787401574803237, -0.4880675179279020948 ) ) ;
#4941 = ADVANCED_FACE ( 'NONE', ( #4726 ), #7162, .F. ) ;
#4942 = ORIENTED_EDGE ( 'NONE', *, *, #2206, .T. ) ;
#4943 = CARTESIAN_POINT ( 'NONE',  ( -1.519200419437954919, 1.377952755905512028, 4.071595195841844372 ) ) ;
#4944 = EDGE_LOOP ( 'NONE', ( #404, #4011 ) ) ;
#4945 = AXIS2_PLACEMENT_3D ( 'NONE', #4940, #4312, #5088 ) ;
#4946 = EDGE_CURVE ( 'NONE', #4834, #3620, #18, .T. ) ;
#4947 = CARTESIAN_POINT ( 'NONE',  ( -2.290115338250715116, 1.082677165354330784, 0.9812438236346530118 ) ) ;
#4948 = CYLINDRICAL_SURFACE ( 'NONE', #5421, 0.08070866141732241372 ) ;
#4949 = VERTEX_POINT ( 'NONE', #4095 ) ;
#4950 = ORIENTED_EDGE ( 'NONE', *, *, #3082, .F. ) ;
#4951 = DIRECTION ( 'NONE',  ( 0.000000000000000000, 0.000000000000000000, -1.000000000000000000 ) ) ;
#4952 = EDGE_CURVE ( 'NONE', #635, #2040, #1105, .T. ) ;
#4953 = CARTESIAN_POINT ( 'NONE',  ( -1.509832702874725818, 0.9842519685039373689, -0.4238720780489483864 ) ) ;
#4954 = EDGE_CURVE ( 'NONE', #2262, #7492, #2507, .T. ) ;
#4955 = ORIENTED_EDGE ( 'NONE', *, *, #2385, .F. ) ;
#4956 = FACE_OUTER_BOUND ( 'NONE', #6167, .T. ) ;
#4957 = ORIENTED_EDGE ( 'NONE', *, *, #766, .T. ) ;
#4958 = ADVANCED_FACE ( 'NONE', ( #1159 ), #127, .F. ) ;
#4959 = CARTESIAN_POINT ( 'NONE',  ( -0.9823956170607164307, 1.200787401574803237, 1.137588042937792254 ) ) ;
#4960 = DIRECTION ( 'NONE',  ( 0.000000000000000000, -0.000000000000000000, -1.000000000000000000 ) ) ;
#4961 = DIRECTION ( 'NONE',  ( -0.9345333927142741581, 0.000000000000000000, 0.3558754527948617685 ) ) ;
#4962 = ORIENTED_EDGE ( 'NONE', *, *, #5761, .T. ) ;
#4963 = DIRECTION ( 'NONE',  ( -0.1590695136534942267, 0.000000000000000000, 0.9872673851728520633 ) ) ;
#4964 = PLANE ( 'NONE',  #2562 ) ;
#4965 = ORIENTED_EDGE ( 'NONE', *, *, #7069, .T. ) ;
#4966 = CARTESIAN_POINT ( 'NONE',  ( -1.356717777258265478, 1.082677165354330784, -2.203344621036295692 ) ) ;
#4967 = EDGE_CURVE ( 'NONE', #7094, #3349, #6037, .T. ) ;
#4968 = FACE_OUTER_BOUND ( 'NONE', #2791, .T. ) ;
#4969 = DIRECTION ( 'NONE',  ( 0.000000000000000000, -0.000000000000000000, -1.000000000000000000 ) ) ;
#4970 = DIRECTION ( 'NONE',  ( -0.000000000000000000, -1.000000000000000000, -0.000000000000000000 ) ) ;
#4971 = DIRECTION ( 'NONE',  ( 0.000000000000000000, 0.000000000000000000, -1.000000000000000000 ) ) ;
#4972 = DIRECTION ( 'NONE',  ( 0.000000000000000000, 0.000000000000000000, -1.000000000000000000 ) ) ;
#4973 = ORIENTED_EDGE ( 'NONE', *, *, #7547, .F. ) ;
#4974 = FACE_OUTER_BOUND ( 'NONE', #1996, .T. ) ;
#4975 = CARTESIAN_POINT ( 'NONE',  ( -0.4445903399802303424, 1.082677165354330784, 0.9934835532588741636 ) ) ;
#4976 = ORIENTED_EDGE ( 'NONE', *, *, #7213, .F. ) ;
#4977 = EDGE_CURVE ( 'NONE', #6996, #6980, #6565, .T. ) ;
#4978 = VERTEX_POINT ( 'NONE', #5370 ) ;
#4979 = CYLINDRICAL_SURFACE ( 'NONE', #58, 0.08070866141732312149 ) ;
#4980 = VERTEX_POINT ( 'NONE', #1240 ) ;
#4981 = CARTESIAN_POINT ( 'NONE',  ( -1.572946798163069593, 1.200787401574803237, 2.160452693076898356 ) ) ;
#4982 = ORIENTED_EDGE ( 'NONE', *, *, #4751, .T. ) ;
#4983 = EDGE_CURVE ( 'NONE', #7399, #7476, #6655, .T. ) ;
#4984 = DIRECTION ( 'NONE',  ( 0.000000000000000000, 0.000000000000000000, -1.000000000000000000 ) ) ;
#4985 = DIRECTION ( 'NONE',  ( 0.000000000000000000, 0.000000000000000000, -1.000000000000000000 ) ) ;
#4986 = VERTEX_POINT ( 'NONE', #4242 ) ;
#4987 = LINE ( 'NONE', #6889, #5758 ) ;
#4988 = VERTEX_POINT ( 'NONE', #3670 ) ;
#4989 = DIRECTION ( 'NONE',  ( 0.000000000000000000, 0.000000000000000000, -1.000000000000000000 ) ) ;
#4990 = EDGE_CURVE ( 'NONE', #1986, #3173, #572, .T. ) ;
#4991 = DIRECTION ( 'NONE',  ( 0.000000000000000000, -0.000000000000000000, -1.000000000000000000 ) ) ;
#4992 = FACE_OUTER_BOUND ( 'NONE', #5622, .T. ) ;
#4993 = AXIS2_PLACEMENT_3D ( 'NONE', #926, #7363, #2127 ) ;
#4994 = DIRECTION ( 'NONE',  ( 0.000000000000000000, 0.000000000000000000, -1.000000000000000000 ) ) ;
#4995 = VERTEX_POINT ( 'NONE', #2396 ) ;
#4996 = DIRECTION ( 'NONE',  ( 0.000000000000000000, 0.000000000000000000, 1.000000000000000000 ) ) ;
#4997 = ORIENTED_EDGE ( 'NONE', *, *, #6401, .T. ) ;
#4998 = EDGE_CURVE ( 'NONE', #25, #349, #4436, .T. ) ;
#4999 = EDGE_CURVE ( 'NONE', #7446, #4085, #4302, .T. ) ;
#5000 = CARTESIAN_POINT ( 'NONE',  ( -2.448353050316350643, 1.200787401574803237, -1.574327996328588108 ) ) ;
#5001 = LINE ( 'NONE', #5654, #1584 ) ;
#5002 = ORIENTED_EDGE ( 'NONE', *, *, #6148, .T. ) ;
#5003 = CARTESIAN_POINT ( 'NONE',  ( -2.054652262914772987, 1.200787401574803237, -0.9731268909865119499 ) ) ;
#5004 = DIRECTION ( 'NONE',  ( -0.000000000000000000, -1.000000000000000000, -0.000000000000000000 ) ) ;
#5005 = DIRECTION ( 'NONE',  ( 0.000000000000000000, -1.000000000000000000, 0.000000000000000000 ) ) ;
#5006 = CARTESIAN_POINT ( 'NONE',  ( -2.304248560637440324, 1.200787401574803237, -2.192841934826398997 ) ) ;
#5007 = DIRECTION ( 'NONE',  ( -0.5000000000000041078, 0.000000000000000000, -0.8660254037844362651 ) ) ;
#5008 = ORIENTED_EDGE ( 'NONE', *, *, #2439, .F. ) ;
#5009 = CARTESIAN_POINT ( 'NONE',  ( -2.342861242272594069, 1.200787401574803237, 0.1831923245917879972 ) ) ;
#5010 = FACE_OUTER_BOUND ( 'NONE', #478, .T. ) ;
#5011 = FACE_BOUND ( 'NONE', #7183, .T. ) ;
#5012 = VECTOR ( 'NONE', #5550, 39.37007874015748143 ) ;
#5013 = AXIS2_PLACEMENT_3D ( 'NONE', #1800, #1358, #171 ) ;
#5014 = EDGE_LOOP ( 'NONE', ( #5291, #2766, #5397, #6511 ) ) ;
#5015 = DIRECTION ( 'NONE',  ( 0.000000000000000000, 0.000000000000000000, -1.000000000000000000 ) ) ;
#5016 = VERTEX_POINT ( 'NONE', #684 ) ;
#5017 = CARTESIAN_POINT ( 'NONE',  ( -0.7877782243439699350, 0.000000000000000000, 4.886882652763490320 ) ) ;
#5018 = ORIENTED_EDGE ( 'NONE', *, *, #2364, .T. ) ;
#5019 = AXIS2_PLACEMENT_3D ( 'NONE', #4010, #6363, #1801 ) ;
#5020 = CIRCLE ( 'NONE', #4394, 0.08070866141732378762 ) ;
#5021 = CIRCLE ( 'NONE', #4658, 0.08070866141732351007 ) ;
#5022 = LINE ( 'NONE', #7394, #1312 ) ;
#5023 = CARTESIAN_POINT ( 'NONE',  ( -3.837974946200396698, 0.1968503937007875793, -2.740665919157506458 ) ) ;
#5024 = ADVANCED_FACE ( 'NONE', ( #3603 ), #3042, .T. ) ;
#5025 = EDGE_LOOP ( 'NONE', ( #1497, #2955, #2814, #4509 ) ) ;
#5026 = EDGE_CURVE ( 'NONE', #4305, #1142, #3561, .T. ) ;
#5027 = CARTESIAN_POINT ( 'NONE',  ( -5.447346634511762709, 0.8464566929133860995, -0.8455089092714216381 ) ) ;
#5028 = ADVANCED_FACE ( 'NONE', ( #5950 ), #5335, .T. ) ;
#5029 = CIRCLE ( 'NONE', #3293, 0.08070866141732283006 ) ;
#5030 = EDGE_LOOP ( 'NONE', ( #223, #1165, #4803, #7542, #6254 ) ) ;
#5031 = AXIS2_PLACEMENT_3D ( 'NONE', #5325, #6553, #519 ) ;
#5032 = AXIS2_PLACEMENT_3D ( 'NONE', #331, #5676, #2738 ) ;
#5033 = LINE ( 'NONE', #3283, #2699 ) ;
#5034 = FACE_OUTER_BOUND ( 'NONE', #6582, .T. ) ;
#5035 = AXIS2_PLACEMENT_3D ( 'NONE', #793, #2157, #7318 ) ;
#5036 = CIRCLE ( 'NONE', #3445, 0.08070866141732287169 ) ;
#5037 = CARTESIAN_POINT ( 'NONE',  ( -5.220968681755852714, 1.102362204724409489, -0.4534107933847684735 ) ) ;
#5038 = ORIENTED_EDGE ( 'NONE', *, *, #1293, .F. ) ;
#5039 = DIRECTION ( 'NONE',  ( 0.000000000000000000, 0.000000000000000000, -1.000000000000000000 ) ) ;
#5040 = CIRCLE ( 'NONE', #6517, 0.08070866141732289945 ) ;
#5041 = VERTEX_POINT ( 'NONE', #6640 ) ;
#5042 = AXIS2_PLACEMENT_3D ( 'NONE', #3072, #116, #2499 ) ;
#5043 = DIRECTION ( 'NONE',  ( 0.000000000000000000, 0.000000000000000000, -1.000000000000000000 ) ) ;
#5044 = DIRECTION ( 'NONE',  ( 0.5000000000000067724, 0.000000000000000000, 0.8660254037844348218 ) ) ;
#5045 = ORIENTED_EDGE ( 'NONE', *, *, #1388, .T. ) ;
#5046 = CIRCLE ( 'NONE', #3062, 0.08070866141732337129 ) ;
#5047 = EDGE_CURVE ( 'NONE', #1310, #6324, #6285, .T. ) ;
#5048 = CIRCLE ( 'NONE', #6144, 0.08070866141732276067 ) ;
#5049 = DIRECTION ( 'NONE',  ( 0.000000000000000000, 0.000000000000000000, -1.000000000000000000 ) ) ;
#5050 = CARTESIAN_POINT ( 'NONE',  ( -2.146010848571804797, 1.200787401574803237, 0.4434385465541646476 ) ) ;
#5051 = EDGE_CURVE ( 'NONE', #7570, #3641, #1968, .T. ) ;
#5052 = CARTESIAN_POINT ( 'NONE',  ( -1.857801869213983714, 1.200787401574803237, -0.5514633461894891120 ) ) ;
#5053 = ORIENTED_EDGE ( 'NONE', *, *, #5140, .T. ) ;
#5054 = DIRECTION ( 'NONE',  ( -0.000000000000000000, -1.000000000000000000, -0.000000000000000000 ) ) ;
#5055 = DIRECTION ( 'NONE',  ( -0.5000000000000041078, 0.000000000000000000, -0.8660254037844362651 ) ) ;
#5056 = VECTOR ( 'NONE', #1491, 39.37007874015748143 ) ;
#5057 = EDGE_LOOP ( 'NONE', ( #949, #1290 ) ) ;
#5058 = CARTESIAN_POINT ( 'NONE',  ( -3.955446655631840169, 1.377952755905512028, 0.6243644256130567172 ) ) ;
#5059 = EDGE_LOOP ( 'NONE', ( #1777, #1224, #4915, #1116 ) ) ;
#5060 = VERTEX_POINT ( 'NONE', #6056 ) ;
#5061 = AXIS2_PLACEMENT_3D ( 'NONE', #6702, #6632, #2362 ) ;
#5062 = FACE_OUTER_BOUND ( 'NONE', #4026, .T. ) ;
#5063 = LINE ( 'NONE', #3900, #6252 ) ;
#5064 = CYLINDRICAL_SURFACE ( 'NONE', #7016, 0.08070866141732316312 ) ;
#5065 = ORIENTED_EDGE ( 'NONE', *, *, #6625, .T. ) ;
#5066 = DIRECTION ( 'NONE',  ( 0.000000000000000000, 0.000000000000000000, -1.000000000000000000 ) ) ;
#5067 = EDGE_CURVE ( 'NONE', #141, #1183, #1462, .T. ) ;
#5068 = VECTOR ( 'NONE', #5054, 39.37007874015748143 ) ;
#5069 = EDGE_LOOP ( 'NONE', ( #3401, #3963, #7517, #3031 ) ) ;
#5070 = CARTESIAN_POINT ( 'NONE',  ( -3.131246704776250667, 0.000000000000000000, 1.807826127901716484 ) ) ;
#5071 = ORIENTED_EDGE ( 'NONE', *, *, #6829, .F. ) ;
#5072 = DIRECTION ( 'NONE',  ( 0.000000000000000000, -1.000000000000000000, 0.000000000000000000 ) ) ;
#5073 = DIRECTION ( 'NONE',  ( 0.000000000000000000, -0.000000000000000000, -1.000000000000000000 ) ) ;
#5074 = CARTESIAN_POINT ( 'NONE',  ( -3.668068094156238246, 1.200787401574803237, -1.405440360023242796 ) ) ;
#5075 = PLANE ( 'NONE',  #4925 ) ;
#5076 = VERTEX_POINT ( 'NONE', #2617 ) ;
#5077 = CARTESIAN_POINT ( 'NONE',  ( -0.6074647434206926766, 0.000000000000000000, -1.593293871222202673 ) ) ;
#5078 = VERTEX_POINT ( 'NONE', #3152 ) ;
#5079 = ORIENTED_EDGE ( 'NONE', *, *, #7681, .F. ) ;
#5080 = EDGE_CURVE ( 'NONE', #6224, #2495, #6151, .T. ) ;
#5081 = DIRECTION ( 'NONE',  ( -0.000000000000000000, -1.000000000000000000, -0.000000000000000000 ) ) ;
#5082 = DIRECTION ( 'NONE',  ( 0.000000000000000000, -1.000000000000000000, 0.000000000000000000 ) ) ;
#5083 = ORIENTED_EDGE ( 'NONE', *, *, #523, .F. ) ;
#5084 = DIRECTION ( 'NONE',  ( 0.000000000000000000, -0.000000000000000000, -1.000000000000000000 ) ) ;
#5085 = LINE ( 'NONE', #940, #3585 ) ;
#5086 = FACE_OUTER_BOUND ( 'NONE', #2273, .T. ) ;
#5087 = ORIENTED_EDGE ( 'NONE', *, *, #5257, .F. ) ;
#5088 = DIRECTION ( 'NONE',  ( 0.000000000000000000, 0.000000000000000000, -1.000000000000000000 ) ) ;
#5089 = CARTESIAN_POINT ( 'NONE',  ( -6.653543307086615677, 1.102362204724409489, -0.1591122789104960356 ) ) ;
#5090 = ORIENTED_EDGE ( 'NONE', *, *, #5404, .T. ) ;
#5091 = ORIENTED_EDGE ( 'NONE', *, *, #1903, .T. ) ;
#5092 = PLANE ( 'NONE',  #6736 ) ;
#5093 = EDGE_LOOP ( 'NONE', ( #4678, #5414 ) ) ;
#5094 = ORIENTED_EDGE ( 'NONE', *, *, #3827, .T. ) ;
#5095 = ORIENTED_EDGE ( 'NONE', *, *, #5961, .F. ) ;
#5096 = CARTESIAN_POINT ( 'NONE',  ( -2.880666519353082489, 1.200787401574803237, -0.1223294879217681902 ) ) ;
#5097 = LINE ( 'NONE', #3205, #1077 ) ;
#5098 = ADVANCED_FACE ( 'NONE', ( #4904 ), #4948, .F. ) ;
#5099 = FACE_OUTER_BOUND ( 'NONE', #2469, .T. ) ;
#5100 = EDGE_CURVE ( 'NONE', #7054, #4928, #4389, .T. ) ;
#5101 = VERTEX_POINT ( 'NONE', #3777 ) ;
#5102 = CARTESIAN_POINT ( 'NONE',  ( -0.6414407336810146187, 1.200787401574803237, 1.415147098055899555 ) ) ;
#5103 = EDGE_LOOP ( 'NONE', ( #7239, #3184 ) ) ;
#5104 = DIRECTION ( 'NONE',  ( 0.000000000000000000, 0.000000000000000000, -1.000000000000000000 ) ) ;
#5105 = ORIENTED_EDGE ( 'NONE', *, *, #6058, .T. ) ;
#5106 = DIRECTION ( 'NONE',  ( 5.337610695313296498E-17, -1.000000000000000000, 9.245012915305573938E-17 ) ) ;
#5107 = FACE_OUTER_BOUND ( 'NONE', #176, .T. ) ;
#5108 = CARTESIAN_POINT ( 'NONE',  ( -2.290115338250715116, 1.200787401574803237, 0.9005351622173302095 ) ) ;
#5109 = FACE_OUTER_BOUND ( 'NONE', #327, .T. ) ;
#5110 = VERTEX_POINT ( 'NONE', #6206 ) ;
#5111 = DIRECTION ( 'NONE',  ( 0.000000000000000000, 1.000000000000000000, 0.000000000000000000 ) ) ;
#5112 = EDGE_LOOP ( 'NONE', ( #4764, #840, #7504, #1387 ) ) ;
#5113 = EDGE_LOOP ( 'NONE', ( #5476, #5094 ) ) ;
#5114 = DIRECTION ( 'NONE',  ( 0.000000000000000000, 0.000000000000000000, -1.000000000000000000 ) ) ;
#5115 = PLANE ( 'NONE',  #3910 ) ;
#5116 = DIRECTION ( 'NONE',  ( -0.9872673851728522854, 0.000000000000000000, -0.1590695136534932552 ) ) ;
#5117 = EDGE_LOOP ( 'NONE', ( #1771, #6270 ) ) ;
#5118 = EDGE_CURVE ( 'NONE', #1142, #744, #7278, .T. ) ;
#5119 = DIRECTION ( 'NONE',  ( 0.000000000000000000, 0.000000000000000000, -1.000000000000000000 ) ) ;
#5120 = DIRECTION ( 'NONE',  ( 0.8660254037844362651, 0.000000000000000000, -0.5000000000000041078 ) ) ;
#5121 = EDGE_CURVE ( 'NONE', #1850, #999, #6751, .T. ) ;
#5122 = DIRECTION ( 'NONE',  ( 0.000000000000000000, -1.000000000000000000, 0.000000000000000000 ) ) ;
#5123 = ORIENTED_EDGE ( 'NONE', *, *, #691, .T. ) ;
#5124 = DIRECTION ( 'NONE',  ( -0.000000000000000000, -1.000000000000000000, -0.000000000000000000 ) ) ;
#5125 = CARTESIAN_POINT ( 'NONE',  ( -1.766443283556951904, 1.082677165354330784, -2.129446106564812702 ) ) ;
#5126 = AXIS2_PLACEMENT_3D ( 'NONE', #7522, #3563, #5305 ) ;
#5127 = VERTEX_POINT ( 'NONE', #3823 ) ;
#5128 = EDGE_CURVE ( 'NONE', #1351, #3795, #6171, .T. ) ;
#5129 = ORIENTED_EDGE ( 'NONE', *, *, #6723, .T. ) ;
#5130 = DIRECTION ( 'NONE',  ( -0.000000000000000000, -1.000000000000000000, -0.000000000000000000 ) ) ;
#5131 = ORIENTED_EDGE ( 'NONE', *, *, #4652, .T. ) ;
#5132 = ORIENTED_EDGE ( 'NONE', *, *, #7140, .T. ) ;
#5133 = EDGE_CURVE ( 'NONE', #746, #4211, #3236, .T. ) ;
#5134 = ORIENTED_EDGE ( 'NONE', *, *, #6802, .F. ) ;
#5135 = CARTESIAN_POINT ( 'NONE',  ( -1.516846985834283901, 1.200787401574803237, -0.9097310627249247661 ) ) ;
#5136 = DIRECTION ( 'NONE',  ( 0.000000000000000000, -1.000000000000000000, 0.000000000000000000 ) ) ;
#5137 = VECTOR ( 'NONE', #2901, 39.37007874015748143 ) ;
#5138 = CIRCLE ( 'NONE', #3924, 0.08070866141732323251 ) ;
#5139 = VECTOR ( 'NONE', #7120, 39.37007874015747433 ) ;
#5140 = EDGE_CURVE ( 'NONE', #6934, #4430, #6709, .T. ) ;
#5141 = CYLINDRICAL_SURFACE ( 'NONE', #3422, 0.08070866141732378762 ) ;
#5142 = VERTEX_POINT ( 'NONE', #5017 ) ;
#5143 = CARTESIAN_POINT ( 'NONE',  ( -1.572946798163069593, 1.200787401574803237, 2.160452693076898356 ) ) ;
#5144 = AXIS2_PLACEMENT_3D ( 'NONE', #7655, #3474, #7544 ) ;
#5145 = EDGE_CURVE ( 'NONE', #861, #2561, #6414, .T. ) ;
#5146 = CIRCLE ( 'NONE', #1696, 0.08070866141732323251 ) ;
#5147 = AXIS2_PLACEMENT_3D ( 'NONE', #4931, #7298, #2056 ) ;
#5148 = VERTEX_POINT ( 'NONE', #2078 ) ;
#5149 = DIRECTION ( 'NONE',  ( 0.4541980223655572302, 0.7071067811865462405, 0.5419447909881768277 ) ) ;
#5150 = CARTESIAN_POINT ( 'NONE',  ( -3.471217700455449418, 1.200787401574803237, -1.064485476643543427 ) ) ;
#5151 = DIRECTION ( 'NONE',  ( 0.000000000000000000, -1.000000000000000000, 0.000000000000000000 ) ) ;
#5152 = CARTESIAN_POINT ( 'NONE',  ( -1.231991914783367559, 1.200787401574803237, 2.357303086777682744 ) ) ;
#5153 = CIRCLE ( 'NONE', #5507, 0.08070866141732296883 ) ;
#5154 = ORIENTED_EDGE ( 'NONE', *, *, #3019, .T. ) ;
#5155 = VECTOR ( 'NONE', #7524, 39.37007874015748143 ) ;
#5156 = CARTESIAN_POINT ( 'NONE',  ( -1.949160454871015524, 1.200787401574803237, 0.7843934299338640725 ) ) ;
#5157 = ORIENTED_EDGE ( 'NONE', *, *, #2484, .T. ) ;
#5158 = ORIENTED_EDGE ( 'NONE', *, *, #1972, .T. ) ;
#5159 = AXIS2_PLACEMENT_3D ( 'NONE', #6815, #6854, #6775 ) ;
#5160 = AXIS2_PLACEMENT_3D ( 'NONE', #4208, #6525, #1772 ) ;
#5161 = VECTOR ( 'NONE', #3817, 39.37007874015748143 ) ;
#5162 = CARTESIAN_POINT ( 'NONE',  ( -0.9262958047319170829, 1.200787401574803237, 0.2745509102488197239 ) ) ;
#5163 = DIRECTION ( 'NONE',  ( 0.000000000000000000, 0.000000000000000000, -1.000000000000000000 ) ) ;
#5164 = DIRECTION ( 'NONE',  ( 0.000000000000000000, -0.000000000000000000, -1.000000000000000000 ) ) ;
#5165 = EDGE_LOOP ( 'NONE', ( #4476, #6432, #1469, #4365 ) ) ;
#5166 = DIRECTION ( 'NONE',  ( -0.000000000000000000, -1.000000000000000000, -0.000000000000000000 ) ) ;
#5167 = CARTESIAN_POINT ( 'NONE',  ( -1.963293677257741177, 1.082677165354330784, -2.389692328527188270 ) ) ;
#5168 = CIRCLE ( 'NONE', #3560, 0.08070866141732287169 ) ;
#5169 = CARTESIAN_POINT ( 'NONE',  ( -4.763779527559041327, 0.000000000000000000, 3.114054601534617994 ) ) ;
#5170 = EDGE_CURVE ( 'NONE', #2112, #4430, #1345, .T. ) ;
#5171 = ORIENTED_EDGE ( 'NONE', *, *, #2503, .F. ) ;
#5172 = AXIS2_PLACEMENT_3D ( 'NONE', #2591, #6683, #2550 ) ;
#5173 = AXIS2_PLACEMENT_3D ( 'NONE', #5391, #1366, #2602 ) ;
#5174 = DIRECTION ( 'NONE',  ( -0.000000000000000000, -1.000000000000000000, -0.000000000000000000 ) ) ;
#5175 = VERTEX_POINT ( 'NONE', #325 ) ;
#5176 = ADVANCED_FACE ( 'NONE', ( #2702 ), #1919, .F. ) ;
#5177 = PLANE ( 'NONE',  #7247 ) ;
#5178 = ORIENTED_EDGE ( 'NONE', *, *, #6152, .F. ) ;
#5179 = AXIS2_PLACEMENT_3D ( 'NONE', #4032, #1791, #6395 ) ;
#5180 = EDGE_CURVE ( 'NONE', #7306, #4816, #3951, .T. ) ;
#5181 = ORIENTED_EDGE ( 'NONE', *, *, #4771, .F. ) ;
#5182 = EDGE_LOOP ( 'NONE', ( #1193, #4533, #7105, #4840 ) ) ;
#5183 = DIRECTION ( 'NONE',  ( 0.000000000000000000, 0.000000000000000000, -1.000000000000000000 ) ) ;
#5184 = DIRECTION ( 'NONE',  ( -0.8660254037844363761, -0.000000000000000000, 0.5000000000000039968 ) ) ;
#5185 = CARTESIAN_POINT ( 'NONE',  ( -4.403241076780600949, 15.67005943375638211, -1.458324877335703373 ) ) ;
#5186 = ADVANCED_FACE ( 'NONE', ( #156 ), #2540, .F. ) ;
#5187 = VECTOR ( 'NONE', #785, 39.37007874015748854 ) ;
#5188 = DIRECTION ( 'NONE',  ( -0.000000000000000000, -1.000000000000000000, -0.000000000000000000 ) ) ;
#5189 = LINE ( 'NONE', #7555, #3063 ) ;
#5190 = ORIENTED_EDGE ( 'NONE', *, *, #205, .F. ) ;
#5191 = VECTOR ( 'NONE', #4860, 39.37007874015748854 ) ;
#5192 = FACE_OUTER_BOUND ( 'NONE', #7021, .T. ) ;
#5193 = ORIENTED_EDGE ( 'NONE', *, *, #1502, .F. ) ;
#5194 = DIRECTION ( 'NONE',  ( 0.000000000000000000, 0.000000000000000000, -1.000000000000000000 ) ) ;
#5195 = CYLINDRICAL_SURFACE ( 'NONE', #3918, 0.08070866141732323251 ) ;
#5196 = CARTESIAN_POINT ( 'NONE',  ( -4.678540806714116762, 0.3937007874015750475, 3.064842003109420787 ) ) ;
#5197 = CIRCLE ( 'NONE', #5548, 0.08070866141732337129 ) ;
#5198 = ORIENTED_EDGE ( 'NONE', *, *, #6402, .T. ) ;
#5199 = CARTESIAN_POINT ( 'NONE',  ( -1.031787612775674434, 1.082677165354330784, -1.563678072088878990 ) ) ;
#5200 = ORIENTED_EDGE ( 'NONE', *, *, #2252, .F. ) ;
#5201 = CARTESIAN_POINT ( 'NONE',  ( -0.4990495988450098230, 1.200787401574803237, 1.791553240657131285 ) ) ;
#5202 = DIRECTION ( 'NONE',  ( 0.000000000000000000, -1.000000000000000000, 0.000000000000000000 ) ) ;
#5203 = VERTEX_POINT ( 'NONE', #229 ) ;
#5204 = CARTESIAN_POINT ( 'NONE',  ( -1.319996592133495295, 1.200787401574803237, -0.5687761793452248416 ) ) ;
#5205 = ADVANCED_FACE ( 'NONE', ( #3935 ), #2687, .F. ) ;
#5206 = CARTESIAN_POINT ( 'NONE',  ( -3.605722274364346891, 15.67005943375638211, -2.935314351970567337 ) ) ;
#5207 = FACE_OUTER_BOUND ( 'NONE', #2849, .T. ) ;
#5208 = ORIENTED_EDGE ( 'NONE', *, *, #7358, .F. ) ;
#5209 = CARTESIAN_POINT ( 'NONE',  ( -0.5384389861779874664, 1.082677165354330784, 0.6613007918656337303 ) ) ;
#5210 = VERTEX_POINT ( 'NONE', #6784 ) ;
#5211 = ADVANCED_FACE ( 'NONE', ( #3886 ), #6195, .F. ) ;
#5212 = FACE_OUTER_BOUND ( 'NONE', #563, .T. ) ;
#5213 = EDGE_LOOP ( 'NONE', ( #2942, #4255, #1688, #2868 ) ) ;
#5214 = ORIENTED_EDGE ( 'NONE', *, *, #4946, .F. ) ;
#5215 = CARTESIAN_POINT ( 'NONE',  ( -1.766443283556951904, 1.200787401574803237, -1.968028783730165543 ) ) ;
#5216 = FACE_OUTER_BOUND ( 'NONE', #7532, .T. ) ;
#5217 = CARTESIAN_POINT ( 'NONE',  ( -0.9262958047319170829, 1.200787401574803237, 0.1938422488314968661 ) ) ;
#5218 = ADVANCED_FACE ( 'NONE', ( #3852 ), #4429, .F. ) ;
#5219 = FACE_OUTER_BOUND ( 'NONE', #6328, .T. ) ;
#5220 = DIRECTION ( 'NONE',  ( 0.000000000000000000, 0.000000000000000000, -1.000000000000000000 ) ) ;
#5221 = EDGE_CURVE ( 'NONE', #7634, #6522, #1568, .T. ) ;
#5222 = ORIENTED_EDGE ( 'NONE', *, *, #7661, .T. ) ;
#5223 = ADVANCED_FACE ( 'NONE', ( #1447 ), #3312, .F. ) ;
#5224 = PLANE ( 'NONE',  #207 ) ;
#5225 = CARTESIAN_POINT ( 'NONE',  ( -4.658957239315374643, 0.3937007874015748254, -1.310687082060111974 ) ) ;
#5226 = CARTESIAN_POINT ( 'NONE',  ( -2.933412423374960998, 1.200787401574803237, -0.9203809869646332187 ) ) ;
#5227 = DIRECTION ( 'NONE',  ( 0.5000000000000018874, 0.000000000000000000, 0.8660254037844375974 ) ) ;
#5228 = CARTESIAN_POINT ( 'NONE',  ( -1.665286949155805774, 0.000000000000000000, 4.566905874772105633 ) ) ;
#5229 = EDGE_CURVE ( 'NONE', #4335, #2266, #2221, .T. ) ;
#5230 = VERTEX_POINT ( 'NONE', #990 ) ;
#5231 = ORIENTED_EDGE ( 'NONE', *, *, #4821, .T. ) ;
#5232 = ADVANCED_FACE ( 'NONE', ( #1956 ), #6631, .T. ) ;
#5233 = DIRECTION ( 'NONE',  ( 0.000000000000000000, -1.000000000000000000, 0.000000000000000000 ) ) ;
#5234 = ORIENTED_EDGE ( 'NONE', *, *, #3010, .F. ) ;
#5235 = FACE_OUTER_BOUND ( 'NONE', #6476, .T. ) ;
#5236 = CARTESIAN_POINT ( 'NONE',  ( -2.683816125652293216, 1.200787401574803237, 0.2993340568752542175 ) ) ;
#5237 = DIRECTION ( 'NONE',  ( 0.000000000000000000, -0.000000000000000000, -1.000000000000000000 ) ) ;
#5238 = ADVANCED_FACE ( 'NONE', ( #6049 ), #3626, .F. ) ;
#5239 = ORIENTED_EDGE ( 'NONE', *, *, #3331, .T. ) ;
#5240 = EDGE_CURVE ( 'NONE', #2149, #3132, #2502, .T. ) ;
#5241 = DIRECTION ( 'NONE',  ( -0.6313919323777766879, 0.000000000000000000, 0.7754638790609508225 ) ) ;
#5242 = FACE_BOUND ( 'NONE', #3181, .T. ) ;
#5243 = ORIENTED_EDGE ( 'NONE', *, *, #202, .F. ) ;
#5244 = AXIS2_PLACEMENT_3D ( 'NONE', #2367, #6602, #7201 ) ;
#5245 = DIRECTION ( 'NONE',  ( -0.000000000000000000, -1.000000000000000000, -0.000000000000000000 ) ) ;
#5246 = ORIENTED_EDGE ( 'NONE', *, *, #4390, .F. ) ;
#5247 = CIRCLE ( 'NONE', #5126, 0.08070866141732351007 ) ;
#5248 = ORIENTED_EDGE ( 'NONE', *, *, #2837, .T. ) ;
#5249 = DIRECTION ( 'NONE',  ( -0.7664256734729305576, 0.000000000000000000, 0.6423330032324080507 ) ) ;
#5250 = LINE ( 'NONE', #1741, #1567 ) ;
#5251 = LINE ( 'NONE', #2776, #6002 ) ;
#5252 = CARTESIAN_POINT ( 'NONE',  ( -0.6414407336810146187, 1.082677165354330784, 1.334438436638576420 ) ) ;
#5253 = CARTESIAN_POINT ( 'NONE',  ( -1.228638006476463485, 1.200787401574803237, -1.904632955468578581 ) ) ;
#5254 = CARTESIAN_POINT ( 'NONE',  ( -6.653543307086615677, 0.000000000000000000, -0.1591122789104960356 ) ) ;
#5255 = ORIENTED_EDGE ( 'NONE', *, *, #4613, .F. ) ;
#5256 = FACE_OUTER_BOUND ( 'NONE', #5528, .T. ) ;
#5257 = EDGE_CURVE ( 'NONE', #7579, #4554, #7191, .T. ) ;
#5258 = CIRCLE ( 'NONE', #6104, 0.08070866141732323251 ) ;
#5259 = DIRECTION ( 'NONE',  ( 0.000000000000000000, 0.000000000000000000, -1.000000000000000000 ) ) ;
#5260 = EDGE_CURVE ( 'NONE', #4191, #315, #82, .T. ) ;
#5261 = PLANE ( 'NONE',  #3515 ) ;
#5262 = EDGE_CURVE ( 'NONE', #4279, #4290, #847, .T. ) ;
#5263 = CARTESIAN_POINT ( 'NONE',  ( -5.109615446260727722, 1.181102362204724532, 1.995364179890969591 ) ) ;
#5264 = AXIS2_PLACEMENT_3D ( 'NONE', #1349, #3121, #4324 ) ;
#5265 = ORIENTED_EDGE ( 'NONE', *, *, #6920, .F. ) ;
#5266 = AXIS2_PLACEMENT_3D ( 'NONE', #4742, #4228, #3622 ) ;
#5267 = ORIENTED_EDGE ( 'NONE', *, *, #111, .T. ) ;
#5268 = DIRECTION ( 'NONE',  ( 0.000000000000000000, -1.000000000000000000, 0.000000000000000000 ) ) ;
#5269 = FACE_OUTER_BOUND ( 'NONE', #5547, .T. ) ;
#5270 = AXIS2_PLACEMENT_3D ( 'NONE', #2604, #3764, #6109 ) ;
#5271 = CIRCLE ( 'NONE', #444, 0.08070866141732323251 ) ;
#5272 = CIRCLE ( 'NONE', #2674, 0.08070866141732296883 ) ;
#5273 = DIRECTION ( 'NONE',  ( 0.000000000000000000, -1.000000000000000000, 0.000000000000000000 ) ) ;
#5274 = VECTOR ( 'NONE', #5504, 39.37007874015748854 ) ;
#5275 = ORIENTED_EDGE ( 'NONE', *, *, #35, .T. ) ;
#5276 = DIRECTION ( 'NONE',  ( -0.3425776017239511306, 0.000000000000000000, 0.9394895352248826548 ) ) ;
#5277 = CARTESIAN_POINT ( 'NONE',  ( -0.7208403321445258083, 1.200787401574803237, -1.685605626781383481 ) ) ;
#5278 = DIRECTION ( 'NONE',  ( -0.000000000000000000, -1.000000000000000000, -0.000000000000000000 ) ) ;
#5279 = AXIS2_PLACEMENT_3D ( 'NONE', #2066, #5702, #3972 ) ;
#5280 = AXIS2_PLACEMENT_3D ( 'NONE', #1876, #5460, #6662 ) ;
#5281 = AXIS2_PLACEMENT_3D ( 'NONE', #3977, #1028, #6327 ) ;
#5282 = ORIENTED_EDGE ( 'NONE', *, *, #6723, .F. ) ;
#5283 = ADVANCED_FACE ( 'NONE', ( #1880 ), #4233, .T. ) ;
#5284 = CARTESIAN_POINT ( 'NONE',  ( -1.713697379535073173, 1.200787401574803237, -1.169977284687301111 ) ) ;
#5285 = VERTEX_POINT ( 'NONE', #1294 ) ;
#5286 = AXIS2_PLACEMENT_3D ( 'NONE', #212, #4766, #1390 ) ;
#5287 = CIRCLE ( 'NONE', #831, 0.08070866141732296883 ) ;
#5288 = EDGE_CURVE ( 'NONE', #7143, #3254, #7164, .T. ) ;
#5289 = LINE ( 'NONE', #489, #301 ) ;
#5290 = CIRCLE ( 'NONE', #4292, 0.08070866141732323251 ) ;
#5291 = ORIENTED_EDGE ( 'NONE', *, *, #1921, .F. ) ;
#5292 = AXIS2_PLACEMENT_3D ( 'NONE', #4074, #1100, #1722 ) ;
#5293 = ORIENTED_EDGE ( 'NONE', *, *, #1272, .F. ) ;
#5294 = CARTESIAN_POINT ( 'NONE',  ( -4.428248577898048488, 1.082677165354331672, -0.9110879587391026435 ) ) ;
#5295 = LINE ( 'NONE', #7041, #3673 ) ;
#5296 = DIRECTION ( 'NONE',  ( 0.000000000000000000, -1.000000000000000000, 0.000000000000000000 ) ) ;
#5297 = AXIS2_PLACEMENT_3D ( 'NONE', #3874, #2715, #4412 ) ;
#5298 = DIRECTION ( 'NONE',  ( 0.000000000000000000, -1.000000000000000000, 0.000000000000000000 ) ) ;
#5299 = FACE_OUTER_BOUND ( 'NONE', #2475, .T. ) ;
#5300 = ORIENTED_EDGE ( 'NONE', *, *, #5579, .F. ) ;
#5301 = DIRECTION ( 'NONE',  ( 0.000000000000000000, -1.000000000000000000, 0.000000000000000000 ) ) ;
#5302 = CARTESIAN_POINT ( 'NONE',  ( -4.763779527559041327, 4.628586327486060049E-16, 3.114054601534617994 ) ) ;
#5303 = ORIENTED_EDGE ( 'NONE', *, *, #5961, .T. ) ;
#5304 = VECTOR ( 'NONE', #2361, 39.37007874015748143 ) ;
#5305 = DIRECTION ( 'NONE',  ( 0.000000000000000000, 0.000000000000000000, -1.000000000000000000 ) ) ;
#5306 = PRESENTATION_STYLE_ASSIGNMENT (( #6974 ) ) ;
#5307 = CARTESIAN_POINT ( 'NONE',  ( -1.805055965192104983, 1.082677165354330784, 0.1658794914360526840 ) ) ;
#5308 = ADVANCED_FACE ( 'NONE', ( #3026 ), #4204, .T. ) ;
#5309 = CARTESIAN_POINT ( 'NONE',  ( -2.976577355925106971, 1.082677165354330784, -2.049962198577688355 ) ) ;
#5310 = CIRCLE ( 'NONE', #6782, 0.08070866141732269128 ) ;
#5311 = ORIENTED_EDGE ( 'NONE', *, *, #3808, .T. ) ;
#5312 = VERTEX_POINT ( 'NONE', #6557 ) ;
#5313 = DIRECTION ( 'NONE',  ( 0.000000000000000000, -1.000000000000000000, 0.000000000000000000 ) ) ;
#5314 = DIRECTION ( 'NONE',  ( 0.000000000000000000, -1.000000000000000000, 0.000000000000000000 ) ) ;
#5315 = CARTESIAN_POINT ( 'NONE',  ( -1.418755787848888339, 1.200787401574803237, -2.253856708633646289 ) ) ;
#5316 = LINE ( 'NONE', #6431, #7391 ) ;
#5317 = ORIENTED_EDGE ( 'NONE', *, *, #2460, .F. ) ;
#5318 = DIRECTION ( 'NONE',  ( 0.000000000000000000, -1.000000000000000000, 0.000000000000000000 ) ) ;
#5319 = DIRECTION ( 'NONE',  ( 0.000000000000000000, 0.000000000000000000, 1.000000000000000000 ) ) ;
#5320 = ORIENTED_EDGE ( 'NONE', *, *, #6620, .T. ) ;
#5321 = ORIENTED_EDGE ( 'NONE', *, *, #4460, .F. ) ;
#5322 = EDGE_CURVE ( 'NONE', #2224, #298, #6521, .T. ) ;
#5323 = VERTEX_POINT ( 'NONE', #4891 ) ;
#5324 = LINE ( 'NONE', #4823, #1205 ) ;
#5325 = CARTESIAN_POINT ( 'NONE',  ( -1.267250688111616563, 1.200787401574803237, 0.3906926425322859164 ) ) ;
#5326 = ORIENTED_EDGE ( 'NONE', *, *, #1728, .F. ) ;
#5327 = CARTESIAN_POINT ( 'NONE',  ( -2.304248560637440324, 1.082677165354330784, -2.273550596243722577 ) ) ;
#5328 = DIRECTION ( 'NONE',  ( -0.000000000000000000, -1.000000000000000000, -0.000000000000000000 ) ) ;
#5329 = ORIENTED_EDGE ( 'NONE', *, *, #5585, .T. ) ;
#5330 = CARTESIAN_POINT ( 'NONE',  ( -1.516846985834283901, 1.200787401574803237, -0.8290224013076015197 ) ) ;
#5331 = DIRECTION ( 'NONE',  ( 0.000000000000000000, 0.000000000000000000, -1.000000000000000000 ) ) ;
#5332 = DIRECTION ( 'NONE',  ( 0.000000000000000000, -1.000000000000000000, 0.000000000000000000 ) ) ;
#5333 = CYLINDRICAL_SURFACE ( 'NONE', #2193, 0.07874015748031505668 ) ;
#5334 = CARTESIAN_POINT ( 'NONE',  ( -2.251502656615562259, 1.200787401574803237, -1.314081774366211430 ) ) ;
#5335 = PLANE ( 'NONE',  #4818 ) ;
#5336 = EDGE_CURVE ( 'NONE', #2464, #1534, #5465, .T. ) ;
#5337 = ADVANCED_FACE ( 'NONE', ( #3704 ), #147, .T. ) ;
#5338 = CARTESIAN_POINT ( 'NONE',  ( 4.365008479236233363, 0.9842519685039370358, 7.047056437765839121 ) ) ;
#5339 = DIRECTION ( 'NONE',  ( 0.6423330032324086059, 0.000000000000000000, 0.7664256734729301135 ) ) ;
#5340 = LINE ( 'NONE', #6538, #3660 ) ;
#5341 = ORIENTED_EDGE ( 'NONE', *, *, #3941, .F. ) ;
#5342 = DIRECTION ( 'NONE',  ( 0.000000000000000000, -1.000000000000000000, 0.000000000000000000 ) ) ;
#5343 = ORIENTED_EDGE ( 'NONE', *, *, #611, .T. ) ;
#5344 = CARTESIAN_POINT ( 'NONE',  ( -2.107398166936651496, 1.200787401574803237, -1.851887051446699850 ) ) ;
#5345 = CARTESIAN_POINT ( 'NONE',  ( -6.265306459363476854, 0.6791338582677166613, -0.1559576718663176209 ) ) ;
#5346 = FACE_OUTER_BOUND ( 'NONE', #5812, .T. ) ;
#5347 = ORIENTED_EDGE ( 'NONE', *, *, #5322, .T. ) ;
#5348 = DIRECTION ( 'NONE',  ( 0.000000000000000000, -1.000000000000000000, 0.000000000000000000 ) ) ;
#5349 = ORIENTED_EDGE ( 'NONE', *, *, #2287, .T. ) ;
#5350 = DIRECTION ( 'NONE',  ( 0.000000000000000000, 0.000000000000000000, -1.000000000000000000 ) ) ;
#5351 = ORIENTED_EDGE ( 'NONE', *, *, #3569, .F. ) ;
#5352 = ORIENTED_EDGE ( 'NONE', *, *, #2013, .T. ) ;
#5353 = CARTESIAN_POINT ( 'NONE',  ( -0.9202411763769227093, 0.000000000000000000, 0.3504328982535842574 ) ) ;
#5354 = FACE_BOUND ( 'NONE', #6364, .T. ) ;
#5355 = ORIENTED_EDGE ( 'NONE', *, *, #4320, .F. ) ;
#5356 = ADVANCED_FACE ( 'NONE', ( #643 ), #5497, .F. ) ;
#5357 = FACE_OUTER_BOUND ( 'NONE', #140, .T. ) ;
#5358 = EDGE_CURVE ( 'NONE', #6641, #7380, #2998, .T. ) ;
#5359 = CARTESIAN_POINT ( 'NONE',  ( -4.533022994796533922, 0.6791338582677166613, 2.844445301875037302 ) ) ;
#5360 = EDGE_CURVE ( 'NONE', #2504, #702, #1802, .T. ) ;
#5361 = CARTESIAN_POINT ( 'NONE',  ( -0.1569893269076513831, 0.000000000000000000, 0.9718816505941227923 ) ) ;
#5362 = ORIENTED_EDGE ( 'NONE', *, *, #7361, .T. ) ;
#5363 = CARTESIAN_POINT ( 'NONE',  ( -3.077516913053870873, 1.082677165354330784, -0.3018670484668212750 ) ) ;
#5364 = CARTESIAN_POINT ( 'NONE',  ( -1.509832702874725818, 0.9842519685039373689, -0.2998563300174523216 ) ) ;
#5365 = EDGE_CURVE ( 'NONE', #4417, #1640, #2421, .T. ) ;
#5366 = DIRECTION ( 'NONE',  ( 0.000000000000000000, 0.000000000000000000, -1.000000000000000000 ) ) ;
#5367 = CARTESIAN_POINT ( 'NONE',  ( -3.327113210776539098, 1.200787401574803237, -1.682999415141355648 ) ) ;
#5368 = ORIENTED_EDGE ( 'NONE', *, *, #6505, .T. ) ;
#5369 = AXIS2_PLACEMENT_3D ( 'NONE', #924, #6263, #3339 ) ;
#5370 = CARTESIAN_POINT ( 'NONE',  ( -1.108161755666076997, 1.082677165354330784, 1.516764866421377755 ) ) ;
#5371 = CARTESIAN_POINT ( 'NONE',  ( -1.805055965192104983, 1.200787401574803237, 0.2465881528533755696 ) ) ;
#5372 = ADVANCED_FACE ( 'NONE', ( #675 ), #4502, .F. ) ;
#5373 = CARTESIAN_POINT ( 'NONE',  ( -2.880666519353082489, 1.082677165354330784, -0.1223294879217681902 ) ) ;
#5374 = PLANE ( 'NONE',  #1924 ) ;
#5375 = VERTEX_POINT ( 'NONE', #1402 ) ;
#5376 = ORIENTED_EDGE ( 'NONE', *, *, #903, .T. ) ;
#5377 = FACE_OUTER_BOUND ( 'NONE', #5968, .T. ) ;
#5378 = CARTESIAN_POINT ( 'NONE',  ( -4.390386496034691888, 0.8464566929133860995, -1.455745129743868604 ) ) ;
#5379 = CARTESIAN_POINT ( 'NONE',  ( -2.926673774748431267, 0.8464566929133860995, 1.689715891681243143 ) ) ;
#5380 = FACE_OUTER_BOUND ( 'NONE', #4473, .T. ) ;
#5381 = ORIENTED_EDGE ( 'NONE', *, *, #3766, .F. ) ;
#5382 = CARTESIAN_POINT ( 'NONE',  ( -1.231991914783367559, 1.200787401574803237, 2.357303086777682744 ) ) ;
#5383 = VECTOR ( 'NONE', #1926, 39.37007874015748143 ) ;
#5384 = ORIENTED_EDGE ( 'NONE', *, *, #7264, .F. ) ;
#5385 = VERTEX_POINT ( 'NONE', #7422 ) ;
#5386 = CIRCLE ( 'NONE', #6379, 0.08070866141732323251 ) ;
#5387 = VECTOR ( 'NONE', #6386, 39.37007874015748143 ) ;
#5388 = AXIS2_PLACEMENT_3D ( 'NONE', #2216, #293, #4575 ) ;
#5389 = LINE ( 'NONE', #1905, #7619 ) ;
#5390 = VERTEX_POINT ( 'NONE', #4428 ) ;
#5391 = CARTESIAN_POINT ( 'NONE',  ( -1.376096404462285205, 1.200787401574803237, 1.819497809697196322 ) ) ;
#5392 = CIRCLE ( 'NONE', #6745, 0.08070866141732323251 ) ;
#5393 = AXIS2_PLACEMENT_3D ( 'NONE', #4480, #3326, #5183 ) ;
#5394 = CARTESIAN_POINT ( 'NONE',  ( -1.516846985834283901, 1.082677165354330784, -0.8290224013076015197 ) ) ;
#5395 = CIRCLE ( 'NONE', #321, 0.08070866141732276067 ) ;
#5396 = CARTESIAN_POINT ( 'NONE',  ( -2.736562029674171725, 1.200787401574803237, -0.5794261035849337382 ) ) ;
#5397 = ORIENTED_EDGE ( 'NONE', *, *, #2151, .T. ) ;
#5398 = DIRECTION ( 'NONE',  ( 0.000000000000000000, 0.000000000000000000, -1.000000000000000000 ) ) ;
#5399 = AXIS2_PLACEMENT_3D ( 'NONE', #7076, #1191, #3556 ) ;
#5400 = AXIS2_PLACEMENT_3D ( 'NONE', #77, #7652, #4782 ) ;
#5401 = CARTESIAN_POINT ( 'NONE',  ( -6.568304586241691112, 1.102362204724409489, -0.2083248773356932981 ) ) ;
#5402 = CYLINDRICAL_SURFACE ( 'NONE', #2817, 0.1240157480314960647 ) ;
#5403 = DIRECTION ( 'NONE',  ( 0.000000000000000000, -1.000000000000000000, 0.000000000000000000 ) ) ;
#5404 = EDGE_CURVE ( 'NONE', #5390, #1590, #363, .T. ) ;
#5405 = VECTOR ( 'NONE', #4844, 39.37007874015748143 ) ;
#5406 = VECTOR ( 'NONE', #3879, 39.37007874015748143 ) ;
#5407 = CARTESIAN_POINT ( 'NONE',  ( -1.963293677257741177, 1.200787401574803237, -2.389692328527188270 ) ) ;
#5408 = ADVANCED_FACE ( 'NONE', ( #6861 ), #6783, .F. ) ;
#5409 = DIRECTION ( 'NONE',  ( 0.000000000000000000, -1.000000000000000000, 0.000000000000000000 ) ) ;
#5410 = CIRCLE ( 'NONE', #2568, 0.08070866141732309373 ) ;
#5411 = AXIS2_PLACEMENT_3D ( 'NONE', #4826, #1878, #4231 ) ;
#5412 = FACE_OUTER_BOUND ( 'NONE', #4825, .T. ) ;
#5413 = CARTESIAN_POINT ( 'NONE',  ( -1.231991914783367559, 1.082677165354330784, 2.357303086777682744 ) ) ;
#5414 = ORIENTED_EDGE ( 'NONE', *, *, #7609, .T. ) ;
#5415 = AXIS2_PLACEMENT_3D ( 'NONE', #5640, #2663, #4989 ) ;
#5416 = ORIENTED_EDGE ( 'NONE', *, *, #578, .F. ) ;
#5417 = CARTESIAN_POINT ( 'NONE',  ( -0.9076637332322345930, 1.200787401574803237, 0.2723708037615780730 ) ) ;
#5418 = DIRECTION ( 'NONE',  ( -0.8660254037844362651, 0.000000000000000000, 0.5000000000000041078 ) ) ;
#5419 = ORIENTED_EDGE ( 'NONE', *, *, #7085, .T. ) ;
#5420 = CARTESIAN_POINT ( 'NONE',  ( -1.713697379535073173, 1.082677165354330784, -1.089268623269977754 ) ) ;
#5421 = AXIS2_PLACEMENT_3D ( 'NONE', #4981, #7346, #2028 ) ;
#5422 = ORIENTED_EDGE ( 'NONE', *, *, #3100, .F. ) ;
#5423 = ORIENTED_EDGE ( 'NONE', *, *, #2516, .F. ) ;
#5424 = VECTOR ( 'NONE', #989, 39.37007874015747433 ) ;
#5425 = ORIENTED_EDGE ( 'NONE', *, *, #449, .F. ) ;
#5426 = EDGE_CURVE ( 'NONE', #3399, #5819, #2954, .T. ) ;
#5427 = EDGE_CURVE ( 'NONE', #2344, #4879, #5310, .T. ) ;
#5428 = CARTESIAN_POINT ( 'NONE',  ( -2.486965731951503944, 1.200787401574803237, 0.6402889402549535314 ) ) ;
#5429 = DIRECTION ( 'NONE',  ( 0.000000000000000000, -1.000000000000000000, 0.000000000000000000 ) ) ;
#5430 = ORIENTED_EDGE ( 'NONE', *, *, #6448, .T. ) ;
#5431 = FACE_OUTER_BOUND ( 'NONE', #997, .T. ) ;
#5432 = AXIS2_PLACEMENT_3D ( 'NONE', #1369, #1912, #4271 ) ;
#5433 = CARTESIAN_POINT ( 'NONE',  ( -1.713697379535073173, 1.200787401574803237, -1.089268623269977754 ) ) ;
#5434 = DIRECTION ( 'NONE',  ( -0.000000000000000000, 1.000000000000000000, 0.000000000000000000 ) ) ;
#5435 = DIRECTION ( 'NONE',  ( 0.000000000000000000, -1.000000000000000000, 0.000000000000000000 ) ) ;
#5436 = ORIENTED_EDGE ( 'NONE', *, *, #4710, .F. ) ;
#5437 = ORIENTED_EDGE ( 'NONE', *, *, #7113, .F. ) ;
#5438 = CARTESIAN_POINT ( 'NONE',  ( -1.501574803149618331, 1.082677165354331672, -2.600803850420347008 ) ) ;
#5439 = EDGE_CURVE ( 'NONE', #2735, #1416, #7667, .T. ) ;
#5440 = DIRECTION ( 'NONE',  ( 0.000000000000000000, -0.000000000000000000, -1.000000000000000000 ) ) ;
#5441 = DIRECTION ( 'NONE',  ( 0.000000000000000000, 0.6083110689156213668, 0.7936987107427694310 ) ) ;
#5442 = VERTEX_POINT ( 'NONE', #5701 ) ;
#5443 = CARTESIAN_POINT ( 'NONE',  ( -1.608205571491315711, 1.200787401574803237, 0.5875430362330750222 ) ) ;
#5444 = CARTESIAN_POINT ( 'NONE',  ( -4.558412059106971448, 0.5807086614173232464, -0.6640967766011043327 ) ) ;
#5445 = CARTESIAN_POINT ( 'NONE',  ( -0.7635004289702077562, 1.377952755905512028, -0.6211434516007497963 ) ) ;
#5446 = DIRECTION ( 'NONE',  ( -0.000000000000000000, -1.000000000000000000, -0.000000000000000000 ) ) ;
#5447 = ADVANCED_FACE ( 'NONE', ( #1990 ), #6159, .T. ) ;
#5448 = CARTESIAN_POINT ( 'NONE',  ( -1.766443283556951904, 1.200787401574803237, -2.048737445147489122 ) ) ;
#5449 = EDGE_CURVE ( 'NONE', #1219, #1231, #311, .T. ) ;
#5450 = VERTEX_POINT ( 'NONE', #1564 ) ;
#5451 = DIRECTION ( 'NONE',  ( 0.000000000000000000, 0.000000000000000000, -1.000000000000000000 ) ) ;
#5452 = ORIENTED_EDGE ( 'NONE', *, *, #3808, .F. ) ;
#5453 = DIRECTION ( 'NONE',  ( 0.000000000000000000, 0.000000000000000000, -1.000000000000000000 ) ) ;
#5454 = FACE_OUTER_BOUND ( 'NONE', #2905, .T. ) ;
#5455 = EDGE_CURVE ( 'NONE', #6503, #5834, #5085, .T. ) ;
#5456 = ORIENTED_EDGE ( 'NONE', *, *, #1903, .F. ) ;
#5457 = ORIENTED_EDGE ( 'NONE', *, *, #4998, .T. ) ;
#5458 = ORIENTED_EDGE ( 'NONE', *, *, #4649, .F. ) ;
#5459 = DIRECTION ( 'NONE',  ( 0.000000000000000000, -1.000000000000000000, 0.000000000000000000 ) ) ;
#5460 = DIRECTION ( 'NONE',  ( 0.000000000000000000, 1.000000000000000000, -0.000000000000000000 ) ) ;
#5461 = ORIENTED_EDGE ( 'NONE', *, *, #3528, .F. ) ;
#5462 = PLANE ( 'NONE',  #3566 ) ;
#5463 = CARTESIAN_POINT ( 'NONE',  ( -0.7636405374161899795, 0.000000000000000000, -0.6215113781333144738 ) ) ;
#5464 = EDGE_CURVE ( 'NONE', #7484, #141, #2685, .T. ) ;
#5465 = LINE ( 'NONE', #1333, #736 ) ;
#5466 = EDGE_CURVE ( 'NONE', #1460, #3602, #1969, .T. ) ;
#5467 = CARTESIAN_POINT ( 'NONE',  ( -0.8321760763651089299, 1.088757707904608907, -0.1961445006252572620 ) ) ;
#5468 = VERTEX_POINT ( 'NONE', #6282 ) ;
#5469 = CARTESIAN_POINT ( 'NONE',  ( -2.645203444017139915, 1.082677165354330784, -1.995991541125609947 ) ) ;
#5470 = VERTEX_POINT ( 'NONE', #826 ) ;
#5471 = DIRECTION ( 'NONE',  ( -0.000000000000000000, -1.000000000000000000, -0.000000000000000000 ) ) ;
#5472 = LINE ( 'NONE', #2480, #3905 ) ;
#5473 = FACE_OUTER_BOUND ( 'NONE', #1337, .T. ) ;
#5474 = DIRECTION ( 'NONE',  ( 0.000000000000000000, -1.000000000000000000, 0.000000000000000000 ) ) ;
#5475 = CIRCLE ( 'NONE', #4627, 0.07874015748031472361 ) ;
#5476 = ORIENTED_EDGE ( 'NONE', *, *, #3854, .T. ) ;
#5477 = EDGE_CURVE ( 'NONE', #4593, #7439, #6042, .T. ) ;
#5478 = CARTESIAN_POINT ( 'NONE',  ( -1.231991914783367559, 1.200787401574803237, 2.357303086777682744 ) ) ;
#5479 = EDGE_CURVE ( 'NONE', #5323, #7380, #2138, .T. ) ;
#5480 = AXIS2_PLACEMENT_3D ( 'NONE', #1199, #4132, #4609 ) ;
#5481 = EDGE_CURVE ( 'NONE', #1527, #3571, #3355, .T. ) ;
#5482 = FACE_OUTER_BOUND ( 'NONE', #3198, .T. ) ;
#5483 = DIRECTION ( 'NONE',  ( 0.000000000000000000, -1.000000000000000000, 0.000000000000000000 ) ) ;
#5484 = DIRECTION ( 'NONE',  ( 0.000000000000000000, 0.000000000000000000, -1.000000000000000000 ) ) ;
#5485 = DIRECTION ( 'NONE',  ( 0.000000000000000000, 0.000000000000000000, 1.000000000000000000 ) ) ;
#5486 = ADVANCED_FACE ( 'NONE', ( #2605 ), #2065, .F. ) ;
#5487 = EDGE_LOOP ( 'NONE', ( #1330, #756 ) ) ;
#5488 = EDGE_LOOP ( 'NONE', ( #1033, #61, #3727, #5087, #791, #7337, #4607, #1998, #5716, #923 ) ) ;
#5489 = ADVANCED_FACE ( 'NONE', ( #6194 ), #1524, .T. ) ;
#5490 = AXIS2_PLACEMENT_3D ( 'NONE', #4784, #4745, #7327 ) ;
#5491 = AXIS2_PLACEMENT_3D ( 'NONE', #874, #7339, #2647 ) ;
#5492 = DIRECTION ( 'NONE',  ( 0.000000000000000000, 0.000000000000000000, 1.000000000000000000 ) ) ;
#5493 = CYLINDRICAL_SURFACE ( 'NONE', #320, 0.08070866141732323251 ) ;
#5494 = EDGE_LOOP ( 'NONE', ( #6203, #5129, #5959, #6084 ) ) ;
#5495 = DIRECTION ( 'NONE',  ( -0.000000000000000000, -1.000000000000000000, -0.000000000000000000 ) ) ;
#5496 = VECTOR ( 'NONE', #3711, 39.37007874015748143 ) ;
#5497 = CYLINDRICAL_SURFACE ( 'NONE', #7046, 0.08070866141732285781 ) ;
#5498 = AXIS2_PLACEMENT_3D ( 'NONE', #6760, #1468, #7398 ) ;
#5499 = AXIS2_PLACEMENT_3D ( 'NONE', #3802, #4618, #2903 ) ;
#5500 = DIRECTION ( 'NONE',  ( -0.9394895352248825438, 0.000000000000000000, -0.3425776017239510751 ) ) ;
#5501 = ORIENTED_EDGE ( 'NONE', *, *, #1596, .F. ) ;
#5502 = EDGE_CURVE ( 'NONE', #7546, #2210, #4077, .T. ) ;
#5503 = CARTESIAN_POINT ( 'NONE',  ( -2.683816125652293216, 1.200787401574803237, 0.2186253954579312764 ) ) ;
#5504 = DIRECTION ( 'NONE',  ( 0.9345333927142711605, 0.000000000000000000, -0.3558754527948699287 ) ) ;
#5505 = ADVANCED_FACE ( 'NONE', ( #5887 ), #4711, .F. ) ;
#5506 = ORIENTED_EDGE ( 'NONE', *, *, #4771, .T. ) ;
#5507 = AXIS2_PLACEMENT_3D ( 'NONE', #2386, #2500, #3625 ) ;
#5508 = AXIS2_PLACEMENT_3D ( 'NONE', #4565, #6799, #6251 ) ;
#5509 = CARTESIAN_POINT ( 'NONE',  ( -1.766443283556951904, 1.200787401574803237, -2.048737445147489122 ) ) ;
#5510 = EDGE_LOOP ( 'NONE', ( #4605, #2404, #450, #7063 ) ) ;
#5511 = CARTESIAN_POINT ( 'NONE',  ( -1.231991914783367559, 1.200787401574803237, 2.357303086777682744 ) ) ;
#5512 = CIRCLE ( 'NONE', #2192, 0.08070866141732351007 ) ;
#5513 = VERTEX_POINT ( 'NONE', #2846 ) ;
#5514 = AXIS2_PLACEMENT_3D ( 'NONE', #2356, #7614, #3552 ) ;
#5515 = VECTOR ( 'NONE', #6469, 39.37007874015748143 ) ;
#5516 = CARTESIAN_POINT ( 'NONE',  ( -2.932747772807171138, 0.9842519685039370358, -3.499326946597359100 ) ) ;
#5517 = CIRCLE ( 'NONE', #3176, 0.08070866141732287169 ) ;
#5518 = VECTOR ( 'NONE', #1438, 39.37007874015748143 ) ;
#5519 = CARTESIAN_POINT ( 'NONE',  ( -3.074311570024022888, 3.882804907592494146E-16, 1.433999729146468338 ) ) ;
#5520 = ORIENTED_EDGE ( 'NONE', *, *, #4669, .T. ) ;
#5521 = CARTESIAN_POINT ( 'NONE',  ( -3.471217700455449418, 1.200787401574803237, -1.064485476643543427 ) ) ;
#5522 = VECTOR ( 'NONE', #4109, 39.37007874015748143 ) ;
#5523 = CIRCLE ( 'NONE', #6018, 0.08070866141732241372 ) ;
#5524 = ADVANCED_FACE ( 'NONE', ( #6438 ), #1144, .F. ) ;
#5525 = DIRECTION ( 'NONE',  ( 0.000000000000000000, 0.000000000000000000, -1.000000000000000000 ) ) ;
#5526 = DIRECTION ( 'NONE',  ( -0.5000000000000042188, -0.000000000000000000, -0.8660254037844362651 ) ) ;
#5527 = DIRECTION ( 'NONE',  ( 0.8660254037844362651, 0.000000000000000000, -0.5000000000000041078 ) ) ;
#5528 = EDGE_LOOP ( 'NONE', ( #4545, #2413 ) ) ;
#5529 = LINE ( 'NONE', #3545, #6372 ) ;
#5530 = CARTESIAN_POINT ( 'NONE',  ( -2.448353050316350643, 1.200787401574803237, -1.655036657745910800 ) ) ;
#5531 = AXIS2_PLACEMENT_3D ( 'NONE', #743, #3099, #137 ) ;
#5532 = EDGE_LOOP ( 'NONE', ( #4597, #3058 ) ) ;
#5533 = AXIS2_PLACEMENT_3D ( 'NONE', #3712, #760, #3117 ) ;
#5534 = LINE ( 'NONE', #6816, #2431 ) ;
#5535 = DIRECTION ( 'NONE',  ( 0.8660254037844362651, 0.000000000000000000, -0.5000000000000041078 ) ) ;
#5536 = ORIENTED_EDGE ( 'NONE', *, *, #4954, .F. ) ;
#5537 = CARTESIAN_POINT ( 'NONE',  ( -3.122413029667135298, 0.000000000000000000, -3.725633739945664935 ) ) ;
#5538 = DIRECTION ( 'NONE',  ( -0.000000000000000000, -1.000000000000000000, -0.000000000000000000 ) ) ;
#5539 = EDGE_CURVE ( 'NONE', #6803, #4351, #2352, .T. ) ;
#5540 = CIRCLE ( 'NONE', #6659, 0.08070866141732309373 ) ;
#5541 = DIRECTION ( 'NONE',  ( 0.000000000000000000, 0.000000000000000000, -1.000000000000000000 ) ) ;
#5542 = DIRECTION ( 'NONE',  ( -0.000000000000000000, -1.000000000000000000, -0.000000000000000000 ) ) ;
#5543 = ORIENTED_EDGE ( 'NONE', *, *, #4843, .F. ) ;
#5544 = DIRECTION ( 'NONE',  ( 0.000000000000000000, 1.000000000000000000, 0.000000000000000000 ) ) ;
#5545 = CARTESIAN_POINT ( 'NONE',  ( -0.6069359470277919666, 1.377952755905512028, -1.592863318896861058 ) ) ;
#5546 = FACE_BOUND ( 'NONE', #3375, .T. ) ;
#5547 = EDGE_LOOP ( 'NONE', ( #160, #6244 ) ) ;
#5548 = AXIS2_PLACEMENT_3D ( 'NONE', #1831, #5268, #4506 ) ;
#5549 = ORIENTED_EDGE ( 'NONE', *, *, #6481, .T. ) ;
#5550 = DIRECTION ( 'NONE',  ( -0.9394895352248825438, 0.000000000000000000, -0.3425776017239510751 ) ) ;
#5551 = ORIENTED_EDGE ( 'NONE', *, *, #6774, .F. ) ;
#5552 = ORIENTED_EDGE ( 'NONE', *, *, #6870, .F. ) ;
#5553 = EDGE_LOOP ( 'NONE', ( #5802, #3446, #5362, #297 ) ) ;
#5554 = CARTESIAN_POINT ( 'NONE',  ( -2.448353050316350643, 1.082677165354330784, -1.735745319163233491 ) ) ;
#5555 = PLANE ( 'NONE',  #5032 ) ;
#5556 = FACE_OUTER_BOUND ( 'NONE', #5182, .T. ) ;
#5557 = EDGE_LOOP ( 'NONE', ( #960, #4614 ) ) ;
#5558 = DIRECTION ( 'NONE',  ( 0.000000000000000000, 0.000000000000000000, -1.000000000000000000 ) ) ;
#5559 = VERTEX_POINT ( 'NONE', #7648 ) ;
#5560 = EDGE_CURVE ( 'NONE', #2676, #6345, #7421, .T. ) ;
#5561 = CARTESIAN_POINT ( 'NONE',  ( -1.766443283556951904, 1.200787401574803237, -2.048737445147489122 ) ) ;
#5562 = EDGE_CURVE ( 'NONE', #5127, #7134, #5540, .T. ) ;
#5563 = CARTESIAN_POINT ( 'NONE',  ( -1.319996592133495295, 1.200787401574803237, -0.4073588565105793480 ) ) ;
#5564 = CARTESIAN_POINT ( 'NONE',  ( -0.2581974954904887043, 1.200787401574803237, 1.600031706880642002 ) ) ;
#5565 = FACE_OUTER_BOUND ( 'NONE', #2979, .T. ) ;
#5566 = VERTEX_POINT ( 'NONE', #7182 ) ;
#5567 = DIRECTION ( 'NONE',  ( 0.000000000000000000, -1.000000000000000000, 0.000000000000000000 ) ) ;
#5568 = CARTESIAN_POINT ( 'NONE',  ( -1.376096404462285205, 1.082677165354330784, 1.900206471114519458 ) ) ;
#5569 = EDGE_LOOP ( 'NONE', ( #4300, #916, #4195, #6354 ) ) ;
#5570 = DIRECTION ( 'NONE',  ( 0.000000000000000000, 0.000000000000000000, -1.000000000000000000 ) ) ;
#5571 = EDGE_CURVE ( 'NONE', #3095, #7071, #1475, .T. ) ;
#5572 = PLANE ( 'NONE',  #4893 ) ;
#5573 = DIRECTION ( 'NONE',  ( -0.000000000000000000, -1.000000000000000000, -0.000000000000000000 ) ) ;
#5574 = ORIENTED_EDGE ( 'NONE', *, *, #5358, .T. ) ;
#5575 = DIRECTION ( 'NONE',  ( -0.000000000000000000, -1.000000000000000000, -0.000000000000000000 ) ) ;
#5576 = DIRECTION ( 'NONE',  ( 0.000000000000000000, -1.000000000000000000, 0.000000000000000000 ) ) ;
#5577 = CARTESIAN_POINT ( 'NONE',  ( -3.130262817075749826, 1.082677165354330784, -1.261335870344332699 ) ) ;
#5578 = CARTESIAN_POINT ( 'NONE',  ( -0.4179733637191175855, 1.082677165354330784, 1.857566477570332664 ) ) ;
#5579 = EDGE_CURVE ( 'NONE', #6941, #5323, #6050, .T. ) ;
#5580 = ORIENTED_EDGE ( 'NONE', *, *, #2761, .T. ) ;
#5581 = DIRECTION ( 'NONE',  ( -0.000000000000000000, -1.000000000000000000, -0.000000000000000000 ) ) ;
#5582 = EDGE_CURVE ( 'NONE', #3947, #2224, #3076, .T. ) ;
#5583 = CARTESIAN_POINT ( 'NONE',  ( -1.509832702874725818, 0.9842519685039373689, -0.2998563300174523216 ) ) ;
#5584 = FACE_BOUND ( 'NONE', #3825, .T. ) ;
#5585 = EDGE_CURVE ( 'NONE', #2201, #5586, #3767, .T. ) ;
#5586 = VERTEX_POINT ( 'NONE', #7048 ) ;
#5587 = DIRECTION ( 'NONE',  ( 0.000000000000000000, 0.000000000000000000, -1.000000000000000000 ) ) ;
#5588 = ORIENTED_EDGE ( 'NONE', *, *, #2855, .F. ) ;
#5589 = DIRECTION ( 'NONE',  ( -0.000000000000000000, -1.000000000000000000, -0.000000000000000000 ) ) ;
#5590 = ORIENTED_EDGE ( 'NONE', *, *, #6122, .F. ) ;
#5591 = DIRECTION ( 'NONE',  ( 0.000000000000000000, 0.000000000000000000, -1.000000000000000000 ) ) ;
#5592 = CARTESIAN_POINT ( 'NONE',  ( -1.608205571491315711, 1.200787401574803237, 0.5068343748157518869 ) ) ;
#5593 = DIRECTION ( 'NONE',  ( 0.000000000000000000, -1.000000000000000000, 0.000000000000000000 ) ) ;
#5594 = EDGE_LOOP ( 'NONE', ( #4464, #4248 ) ) ;
#5595 = DIRECTION ( 'NONE',  ( 0.1590695136534933385, 0.000000000000000000, -0.9872673851728522854 ) ) ;
#5596 = ORIENTED_EDGE ( 'NONE', *, *, #2501, .F. ) ;
#5597 = DIRECTION ( 'NONE',  ( 0.000000000000000000, 0.000000000000000000, -1.000000000000000000 ) ) ;
#5598 = DIRECTION ( 'NONE',  ( 0.000000000000000000, 0.000000000000000000, 1.000000000000000000 ) ) ;
#5599 = DIRECTION ( 'NONE',  ( -0.000000000000000000, -1.000000000000000000, -0.000000000000000000 ) ) ;
#5600 = DIRECTION ( 'NONE',  ( 0.000000000000000000, 0.000000000000000000, -1.000000000000000000 ) ) ;
#5601 = AXIS2_PLACEMENT_3D ( 'NONE', #5721, #7404, #5073 ) ;
#5603 = ADVANCED_FACE ( 'NONE', ( #4343 ), #4938, .F. ) ;
#5602 = LINE ( 'NONE', #424, #4186 ) ;
#5604 = ORIENTED_EDGE ( 'NONE', *, *, #5967, .T. ) ;
#5605 = DIRECTION ( 'NONE',  ( 0.000000000000000000, -1.000000000000000000, 0.000000000000000000 ) ) ;
#5606 = VERTEX_POINT ( 'NONE', #7305 ) ;
#5607 = ORIENTED_EDGE ( 'NONE', *, *, #6437, .F. ) ;
#5608 = PLANE ( 'NONE',  #5159 ) ;
#5609 = CARTESIAN_POINT ( 'NONE',  ( -1.179246010761500818, 1.082677165354330784, 1.397834264900171153 ) ) ;
#5610 = VERTEX_POINT ( 'NONE', #1160 ) ;
#5611 = DIRECTION ( 'NONE',  ( 0.000000000000000000, -1.000000000000000000, 0.000000000000000000 ) ) ;
#5612 = DIRECTION ( 'NONE',  ( 0.000000000000000000, 0.000000000000000000, -1.000000000000000000 ) ) ;
#5613 = LINE ( 'NONE', #266, #951 ) ;
#5614 = ORIENTED_EDGE ( 'NONE', *, *, #5100, .F. ) ;
#5615 = LINE ( 'NONE', #6670, #2097 ) ;
#5616 = AXIS2_PLACEMENT_3D ( 'NONE', #6059, #2974, #1347 ) ;
#5617 = DIRECTION ( 'NONE',  ( 0.000000000000000000, 0.000000000000000000, 1.000000000000000000 ) ) ;
#5618 = ORIENTED_EDGE ( 'NONE', *, *, #6007, .F. ) ;
#5619 = EDGE_CURVE ( 'NONE', #4290, #4279, #5803, .T. ) ;
#5620 = CIRCLE ( 'NONE', #4383, 0.1240157480314960647 ) ;
#5621 = VECTOR ( 'NONE', #1398, 39.37007874015748143 ) ;
#5622 = EDGE_LOOP ( 'NONE', ( #6100, #3137, #3067, #1023 ) ) ;
#5623 = CARTESIAN_POINT ( 'NONE',  ( -6.548619546871611519, 0.6791338582677166613, -0.1742293889977235000 ) ) ;
#5624 = ORIENTED_EDGE ( 'NONE', *, *, #2385, .T. ) ;
#5625 = DIRECTION ( 'NONE',  ( 0.000000000000000000, 0.000000000000000000, -1.000000000000000000 ) ) ;
#5626 = ORIENTED_EDGE ( 'NONE', *, *, #1149, .F. ) ;
#5628 = LINE ( 'NONE', #917, #74 ) ;
#5627 = CIRCLE ( 'NONE', #813, 0.08070866141732241372 ) ;
#5629 = CIRCLE ( 'NONE', #3666, 0.08070866141732319088 ) ;
#5630 = VECTOR ( 'NONE', #891, 39.37007874015748854 ) ;
#5631 = AXIS2_PLACEMENT_3D ( 'NONE', #495, #12, #7000 ) ;
#5632 = CYLINDRICAL_SURFACE ( 'NONE', #3048, 0.08070866141732296883 ) ;
#5633 = ORIENTED_EDGE ( 'NONE', *, *, #4139, .F. ) ;
#5634 = DIRECTION ( 'NONE',  ( 0.000000000000000000, 0.000000000000000000, -1.000000000000000000 ) ) ;
#5635 = CIRCLE ( 'NONE', #5772, 0.08070866141732323251 ) ;
#5636 = ORIENTED_EDGE ( 'NONE', *, *, #7637, .T. ) ;
#5637 = CIRCLE ( 'NONE', #5400, 0.06496062992125979652 ) ;
#5638 = VECTOR ( 'NONE', #6742, 39.37007874015748143 ) ;
#5639 = EDGE_CURVE ( 'NONE', #7579, #3691, #1334, .T. ) ;
#5640 = CARTESIAN_POINT ( 'NONE',  ( -3.327113210776539098, 1.082677165354330784, -1.602290753724031847 ) ) ;
#5641 = VERTEX_POINT ( 'NONE', #6114 ) ;
#5642 = VERTEX_POINT ( 'NONE', #2893 ) ;
#5643 = FACE_OUTER_BOUND ( 'NONE', #4922, .T. ) ;
#5644 = CARTESIAN_POINT ( 'NONE',  ( -2.198756752593682862, 1.200787401574803237, -0.4353216139060233636 ) ) ;
#5645 = CIRCLE ( 'NONE', #3685, 0.08070866141732269128 ) ;
#5646 = VECTOR ( 'NONE', #1364, 39.37007874015748143 ) ;
#5647 = CARTESIAN_POINT ( 'NONE',  ( -2.146010848571804797, 1.082677165354330784, 0.4434385465541646476 ) ) ;
#5648 = CARTESIAN_POINT ( 'NONE',  ( -3.668068094156238246, 1.082677165354330784, -1.324731698605919439 ) ) ;
#5649 = ORIENTED_EDGE ( 'NONE', *, *, #5975, .T. ) ;
#5650 = DIRECTION ( 'NONE',  ( 0.000000000000000000, 0.000000000000000000, -1.000000000000000000 ) ) ;
#5651 = AXIS2_PLACEMENT_3D ( 'NONE', #5530, #172, #1479 ) ;
#5652 = ORIENTED_EDGE ( 'NONE', *, *, #5404, .F. ) ;
#5653 = CIRCLE ( 'NONE', #599, 0.08070866141732323251 ) ;
#5654 = CARTESIAN_POINT ( 'NONE',  ( -2.933412423374960998, 1.200787401574803237, -0.8396723255473099723 ) ) ;
#5655 = ORIENTED_EDGE ( 'NONE', *, *, #4990, .F. ) ;
#5656 = CIRCLE ( 'NONE', #1466, 0.08070866141732323251 ) ;
#5657 = DIRECTION ( 'NONE',  ( 0.000000000000000000, -1.000000000000000000, 0.000000000000000000 ) ) ;
#5658 = CYLINDRICAL_SURFACE ( 'NONE', #4532, 0.08070866141732309373 ) ;
#5659 = CARTESIAN_POINT ( 'NONE',  ( -3.274367306754660145, 1.200787401574803237, -0.7235305932638439463 ) ) ;
#5660 = CARTESIAN_POINT ( 'NONE',  ( -3.130262817075749826, 1.200787401574803237, -1.261335870344332699 ) ) ;
#5661 = EDGE_CURVE ( 'NONE', #4107, #2486, #2473, .T. ) ;
#5662 = VECTOR ( 'NONE', #1595, 39.37007874015748143 ) ;
#5663 = VERTEX_POINT ( 'NONE', #2934 ) ;
#5664 = EDGE_CURVE ( 'NONE', #3373, #1986, #4310, .T. ) ;
#5665 = CARTESIAN_POINT ( 'NONE',  ( -2.146010848571804797, 1.082677165354330784, 0.4434385465541646476 ) ) ;
#5666 = LINE ( 'NONE', #270, #7519 ) ;
#5667 = ORIENTED_EDGE ( 'NONE', *, *, #3019, .F. ) ;
#5668 = AXIS2_PLACEMENT_3D ( 'NONE', #6232, #6739, #5007 ) ;
#5669 = ORIENTED_EDGE ( 'NONE', *, *, #1272, .T. ) ;
#5670 = DIRECTION ( 'NONE',  ( 0.000000000000000000, -1.000000000000000000, 0.000000000000000000 ) ) ;
#5671 = ORIENTED_EDGE ( 'NONE', *, *, #1394, .T. ) ;
#5672 = ORIENTED_EDGE ( 'NONE', *, *, #4929, .T. ) ;
#5673 = VERTEX_POINT ( 'NONE', #5467 ) ;
#5674 = AXIS2_PLACEMENT_3D ( 'NONE', #118, #1229, #6006 ) ;
#5675 = CARTESIAN_POINT ( 'NONE',  ( -1.356717777258265478, 1.200787401574803237, -2.203344621036295692 ) ) ;
#5676 = DIRECTION ( 'NONE',  ( 0.000000000000000000, 1.000000000000000000, -0.000000000000000000 ) ) ;
#5677 = CARTESIAN_POINT ( 'NONE',  ( -3.274367306754660145, 1.200787401574803237, -0.7235305932638439463 ) ) ;
#5678 = ORIENTED_EDGE ( 'NONE', *, *, #3791, .F. ) ;
#5679 = DIRECTION ( 'NONE',  ( 0.000000000000000000, -0.000000000000000000, -1.000000000000000000 ) ) ;
#5680 = ORIENTED_EDGE ( 'NONE', *, *, #3621, .F. ) ;
#5681 = DIRECTION ( 'NONE',  ( 0.000000000000000000, -1.000000000000000000, 0.000000000000000000 ) ) ;
#5682 = ORIENTED_EDGE ( 'NONE', *, *, #5133, .T. ) ;
#5683 = FACE_OUTER_BOUND ( 'NONE', #2527, .T. ) ;
#5684 = CARTESIAN_POINT ( 'NONE',  ( -2.304248560637440324, 1.200787401574803237, -2.273550596243722577 ) ) ;
#5685 = EDGE_CURVE ( 'NONE', #2458, #1270, #3204, .T. ) ;
#5686 = DIRECTION ( 'NONE',  ( 0.000000000000000000, 0.000000000000000000, -1.000000000000000000 ) ) ;
#5687 = DIRECTION ( 'NONE',  ( 0.6313919323777766879, 0.000000000000000000, -0.7754638790609509336 ) ) ;
#5688 = EDGE_CURVE ( 'NONE', #4338, #276, #4196, .T. ) ;
#5689 = ORIENTED_EDGE ( 'NONE', *, *, #2812, .F. ) ;
#5690 = DIRECTION ( 'NONE',  ( -0.000000000000000000, -1.000000000000000000, -0.000000000000000000 ) ) ;
#5691 = ORIENTED_EDGE ( 'NONE', *, *, #6716, .T. ) ;
#5692 = DIRECTION ( 'NONE',  ( 0.000000000000000000, 0.000000000000000000, -1.000000000000000000 ) ) ;
#5693 = EDGE_CURVE ( 'NONE', #5559, #6623, #119, .T. ) ;
#5694 = CARTESIAN_POINT ( 'NONE',  ( -0.9823956170607164307, 1.082677165354330784, 1.218296704355114723 ) ) ;
#5695 = CARTESIAN_POINT ( 'NONE',  ( -2.146010848571804797, 1.200787401574803237, 0.5241472079714878385 ) ) ;
#5696 = ORIENTED_EDGE ( 'NONE', *, *, #2944, .F. ) ;
#5697 = DIRECTION ( 'NONE',  ( -0.8660254037844362651, 0.000000000000000000, 0.5000000000000041078 ) ) ;
#5698 = ADVANCED_FACE ( 'NONE', ( #7223 ), #2532, .F. ) ;
#5699 = DIRECTION ( 'NONE',  ( -0.000000000000000000, -1.000000000000000000, -0.000000000000000000 ) ) ;
#5700 = ADVANCED_FACE ( 'NONE', ( #3705 ), #6080, .F. ) ;
#5701 = CARTESIAN_POINT ( 'NONE',  ( -4.717853388903370693, 0.000000000000000000, -2.003249386619054384 ) ) ;
#5702 = DIRECTION ( 'NONE',  ( -0.000000000000000000, -1.000000000000000000, -0.000000000000000000 ) ) ;
#5703 = ORIENTED_EDGE ( 'NONE', *, *, #7213, .T. ) ;
#5704 = CARTESIAN_POINT ( 'NONE',  ( 4.365008479236234251, 1.349212488102442999E-16, 7.047056437765839121 ) ) ;
#5705 = DIRECTION ( 'NONE',  ( 0.5000000000000041078, 1.084202172485504311E-16, 0.8660254037844363761 ) ) ;
#5706 = ORIENTED_EDGE ( 'NONE', *, *, #392, .T. ) ;
#5707 = ADVANCED_FACE ( 'NONE', ( #5643 ), #4450, .T. ) ;
#5708 = ORIENTED_EDGE ( 'NONE', *, *, #3870, .T. ) ;
#5709 = LINE ( 'NONE', #998, #5012 ) ;
#5710 = EDGE_LOOP ( 'NONE', ( #2111, #6657 ) ) ;
#5711 = ORIENTED_EDGE ( 'NONE', *, *, #552, .F. ) ;
#5712 = EDGE_LOOP ( 'NONE', ( #2999, #1618 ) ) ;
#5713 = DIRECTION ( 'NONE',  ( 0.000000000000000000, 0.000000000000000000, -1.000000000000000000 ) ) ;
#5714 = DIRECTION ( 'NONE',  ( -0.000000000000000000, 1.000000000000000000, -0.000000000000000000 ) ) ;
#5715 = DIRECTION ( 'NONE',  ( 0.000000000000000000, 0.000000000000000000, -1.000000000000000000 ) ) ;
#5716 = ORIENTED_EDGE ( 'NONE', *, *, #20, .F. ) ;
#5717 = CARTESIAN_POINT ( 'NONE',  ( -5.109615446260727722, 1.181102362204724532, 1.995364179890969591 ) ) ;
#5718 = ORIENTED_EDGE ( 'NONE', *, *, #1012, .F. ) ;
#5719 = CARTESIAN_POINT ( 'NONE',  ( -6.265306459363476854, 0.6791338582677166613, -0.1559576718663177042 ) ) ;
#5720 = EDGE_LOOP ( 'NONE', ( #1622, #5708, #5430, #4422 ) ) ;
#5721 = CARTESIAN_POINT ( 'NONE',  ( -2.290115338250715116, 1.200787401574803237, 0.9812438236346530118 ) ) ;
#5722 = CARTESIAN_POINT ( 'NONE',  ( -3.327113210776539098, 1.082677165354330784, -1.521582092306708045 ) ) ;
#5723 = LINE ( 'NONE', #3838, #544 ) ;
#5724 = EDGE_LOOP ( 'NONE', ( #812, #7367, #5746, #3313 ) ) ;
#5725 = LINE ( 'NONE', #295, #2665 ) ;
#5726 = EDGE_CURVE ( 'NONE', #210, #1258, #7442, .T. ) ;
#5727 = EDGE_LOOP ( 'NONE', ( #3942, #4740, #1125, #6767 ) ) ;
#5728 = ORIENTED_EDGE ( 'NONE', *, *, #5439, .F. ) ;
#5729 = EDGE_CURVE ( 'NONE', #6623, #5673, #6896, .T. ) ;
#5730 = ADVANCED_FACE ( 'NONE', ( #6844 ), #1471, .F. ) ;
#5731 = FACE_OUTER_BOUND ( 'NONE', #109, .T. ) ;
#5732 = DIRECTION ( 'NONE',  ( 0.8660254037844362651, 0.000000000000000000, -0.5000000000000038858 ) ) ;
#5733 = DIRECTION ( 'NONE',  ( 0.000000000000000000, 0.000000000000000000, -1.000000000000000000 ) ) ;
#5734 = PLANE ( 'NONE',  #3308 ) ;
#5735 = EDGE_LOOP ( 'NONE', ( #199, #7501, #4078, #3857 ) ) ;
#5736 = DIRECTION ( 'NONE',  ( 0.000000000000000000, 0.000000000000000000, 1.000000000000000000 ) ) ;
#5737 = EDGE_CURVE ( 'NONE', #7347, #978, #1544, .T. ) ;
#5738 = CARTESIAN_POINT ( 'NONE',  ( -14.03427558170810840, 0.5511811023622049666, 4.102155486658825900 ) ) ;
#5739 = AXIS2_PLACEMENT_3D ( 'NONE', #98, #4322, #2544 ) ;
#5740 = ADVANCED_FACE ( 'NONE', ( #5683 ), #2164, .T. ) ;
#5741 = ORIENTED_EDGE ( 'NONE', *, *, #4435, .F. ) ;
#5742 = DIRECTION ( 'NONE',  ( -0.5000000000000041078, 0.000000000000000000, -0.8660254037844362651 ) ) ;
#5743 = ORIENTED_EDGE ( 'NONE', *, *, #552, .T. ) ;
#5744 = CARTESIAN_POINT ( 'NONE',  ( -4.403241076780600949, 0.5511811023622096295, -1.458324877335703373 ) ) ;
#5745 = ORIENTED_EDGE ( 'NONE', *, *, #198, .F. ) ;
#5746 = ORIENTED_EDGE ( 'NONE', *, *, #1551, .T. ) ;
#5747 = VERTEX_POINT ( 'NONE', #6308 ) ;
#5748 = CARTESIAN_POINT ( 'NONE',  ( -0.9823956170607164307, 1.200787401574803237, 1.056879381520470007 ) ) ;
#5749 = DIRECTION ( 'NONE',  ( 0.7754638790607760734, 0.000000000000000000, 0.6313919323779914050 ) ) ;
#5750 = CARTESIAN_POINT ( 'NONE',  ( -1.713697379535073173, 1.200787401574803237, -1.169977284687301111 ) ) ;
#5751 = VECTOR ( 'NONE', #7541, 39.37007874015748143 ) ;
#5752 = VECTOR ( 'NONE', #7234, 39.37007874015748143 ) ;
#5753 = DIRECTION ( 'NONE',  ( 0.000000000000000000, -1.000000000000000000, 0.000000000000000000 ) ) ;
#5754 = DIRECTION ( 'NONE',  ( -0.000000000000000000, -1.000000000000000000, 0.000000000000000000 ) ) ;
#5755 = ORIENTED_EDGE ( 'NONE', *, *, #4117, .T. ) ;
#5756 = CARTESIAN_POINT ( 'NONE',  ( -0.8419227783873970417, 1.082677165354330784, -0.1356514444852581214 ) ) ;
#5757 = AXIS2_PLACEMENT_3D ( 'NONE', #4947, #912, #7463 ) ;
#5758 = VECTOR ( 'NONE', #3332, 39.37007874015747433 ) ;
#5759 = AXIS2_PLACEMENT_3D ( 'NONE', #4154, #1222, #6044 ) ;
#5760 = ORIENTED_EDGE ( 'NONE', *, *, #339, .T. ) ;
#5761 = EDGE_CURVE ( 'NONE', #1084, #3804, #1010, .T. ) ;
#5762 = DIRECTION ( 'NONE',  ( -0.000000000000000000, -1.000000000000000000, -0.000000000000000000 ) ) ;
#5763 = DIRECTION ( 'NONE',  ( 0.000000000000000000, 0.000000000000000000, -1.000000000000000000 ) ) ;
#5764 = LINE ( 'NONE', #2897, #3261 ) ;
#5765 = VECTOR ( 'NONE', #1909, 39.37007874015748143 ) ;
#5766 = VERTEX_POINT ( 'NONE', #4791 ) ;
#5767 = CARTESIAN_POINT ( 'NONE',  ( -2.251502656615562259, 1.200787401574803237, -1.314081774366211430 ) ) ;
#5768 = AXIS2_PLACEMENT_3D ( 'NONE', #5364, #4897, #4209 ) ;
#5769 = ORIENTED_EDGE ( 'NONE', *, *, #6086, .F. ) ;
#5770 = VERTEX_POINT ( 'NONE', #3707 ) ;
#5771 = ADVANCED_FACE ( 'NONE', ( #4895 ), #6475, .T. ) ;
#5772 = AXIS2_PLACEMENT_3D ( 'NONE', #3369, #1700, #2279 ) ;
#5773 = VECTOR ( 'NONE', #2774, 39.37007874015747433 ) ;
#5774 = ADVANCED_FACE ( 'NONE', ( #5973 ), #4207, .T. ) ;
#5775 = CARTESIAN_POINT ( 'NONE',  ( -0.9790417087537957030, 1.200787401574803237, -0.6849179116286912006 ) ) ;
#5776 = CARTESIAN_POINT ( 'NONE',  ( -4.737595924824353766, 0.6791338582677166613, 2.962555538095510865 ) ) ;
#5777 = ORIENTED_EDGE ( 'NONE', *, *, #4332, .F. ) ;
#5778 = DIRECTION ( 'NONE',  ( -0.000000000000000000, -1.000000000000000000, -0.000000000000000000 ) ) ;
#5779 = AXIS2_PLACEMENT_3D ( 'NONE', #1787, #3576, #3494 ) ;
#5780 = DIRECTION ( 'NONE',  ( 0.000000000000000000, 0.000000000000000000, -1.000000000000000000 ) ) ;
#5781 = AXIS2_PLACEMENT_3D ( 'NONE', #6689, #3758, #810 ) ;
#5782 = DIRECTION ( 'NONE',  ( 0.000000000000000000, 1.000000000000000000, 0.000000000000000000 ) ) ;
#5783 = DIRECTION ( 'NONE',  ( 0.000000000000000000, 0.000000000000000000, -1.000000000000000000 ) ) ;
#5784 = ORIENTED_EDGE ( 'NONE', *, *, #3100, .T. ) ;
#5785 = ADVANCED_FACE ( 'NONE', ( #1265 ), #2388, .F. ) ;
#5786 = VECTOR ( 'NONE', #2300, 39.37007874015748854 ) ;
#5787 = AXIS2_PLACEMENT_3D ( 'NONE', #2101, #936, #5736 ) ;
#5788 = LINE ( 'NONE', #486, #953 ) ;
#5789 = ORIENTED_EDGE ( 'NONE', *, *, #4061, .F. ) ;
#5790 = ADVANCED_FACE ( 'NONE', ( #7107 ), #1806, .F. ) ;
#5791 = DIRECTION ( 'NONE',  ( -0.000000000000000000, -1.000000000000000000, -0.000000000000000000 ) ) ;
#5792 = CIRCLE ( 'NONE', #1724, 0.08070866141732309373 ) ;
#5793 = ORIENTED_EDGE ( 'NONE', *, *, #688, .F. ) ;
#5794 = ORIENTED_EDGE ( 'NONE', *, *, #2117, .F. ) ;
#5795 = DIRECTION ( 'NONE',  ( -0.000000000000000000, -1.000000000000000000, -0.000000000000000000 ) ) ;
#5796 = LINE ( 'NONE', #3479, #7255 ) ;
#5797 = CYLINDRICAL_SURFACE ( 'NONE', #1574, 0.08070866141732287169 ) ;
#5798 = VECTOR ( 'NONE', #5471, 39.37007874015748143 ) ;
#5799 = EDGE_CURVE ( 'NONE', #2521, #7203, #3266, .T. ) ;
#5800 = DIRECTION ( 'NONE',  ( -0.8660254037844363761, -0.000000000000000000, 0.5000000000000039968 ) ) ;
#5801 = CARTESIAN_POINT ( 'NONE',  ( -1.732283464566943376, 15.67005943375638211, -3.000402973741354895 ) ) ;
#5802 = ORIENTED_EDGE ( 'NONE', *, *, #3870, .F. ) ;
#5803 = CIRCLE ( 'NONE', #5061, 0.08070866141732351007 ) ;
#5804 = DIRECTION ( 'NONE',  ( -0.000000000000000000, 1.000000000000000000, -0.000000000000000000 ) ) ;
#5805 = CARTESIAN_POINT ( 'NONE',  ( -1.910547773235862445, 1.200787401574803237, -1.430223506649677567 ) ) ;
#5806 =( CONVERSION_BASED_UNIT ( 'INCH', #1669 ) LENGTH_UNIT ( ) NAMED_UNIT ( #794 ) );
#5807 = DIRECTION ( 'NONE',  ( 0.000000000000000000, 0.000000000000000000, -1.000000000000000000 ) ) ;
#5808 = AXIS2_PLACEMENT_3D ( 'NONE', #2470, #1851, #7194 ) ;
#5809 = DIRECTION ( 'NONE',  ( -0.9394895352248825438, 0.000000000000000000, -0.3425776017239510751 ) ) ;
#5810 = ADVANCED_FACE ( 'NONE', ( #4974 ), #268, .F. ) ;
#5811 = EDGE_CURVE ( 'NONE', #31, #4351, #6235, .T. ) ;
#5812 = EDGE_LOOP ( 'NONE', ( #106, #676, #7613, #3486 ) ) ;
#5813 = ORIENTED_EDGE ( 'NONE', *, *, #5257, .T. ) ;
#5814 = CARTESIAN_POINT ( 'NONE',  ( -1.425488400177252757, 1.200787401574803237, -2.245587838848277951 ) ) ;
#5815 = DIRECTION ( 'NONE',  ( 0.8660254037844363761, -0.000000000000000000, -0.5000000000000041078 ) ) ;
#5816 = EDGE_LOOP ( 'NONE', ( #7214, #407, #5008, #4651, #4230, #7251, #4391 ) ) ;
#5817 = PLANE ( 'NONE',  #1716 ) ;
#5818 = CARTESIAN_POINT ( 'NONE',  ( -5.844999432022253139, 0.000000000000000000, -0.3531613961267733304 ) ) ;
#5819 = VERTEX_POINT ( 'NONE', #4345 ) ;
#5820 = CARTESIAN_POINT ( 'NONE',  ( -0.4179733637191175855, 1.200787401574803237, 1.857566477570332664 ) ) ;
#5821 = CYLINDRICAL_SURFACE ( 'NONE', #5031, 0.08070866141732309373 ) ;
#5822 = ORIENTED_EDGE ( 'NONE', *, *, #490, .T. ) ;
#5823 = DIRECTION ( 'NONE',  ( 0.000000000000000000, 0.000000000000000000, -1.000000000000000000 ) ) ;
#5824 = EDGE_CURVE ( 'NONE', #3064, #6572, #1976, .T. ) ;
#5825 = EDGE_LOOP ( 'NONE', ( #5769, #7066 ) ) ;
#5826 = EDGE_CURVE ( 'NONE', #4595, #6057, #5615, .T. ) ;
#5827 = VERTEX_POINT ( 'NONE', #3769 ) ;
#5828 = ADVANCED_FACE ( 'NONE', ( #7338 ), #3737, .F. ) ;
#5829 = CARTESIAN_POINT ( 'NONE',  ( -2.887303696008273857, 0.3937007874015752140, 1.757906868357182351 ) ) ;
#5830 = CARTESIAN_POINT ( 'NONE',  ( -1.179246010761500818, 1.082677165354330784, 1.478542926317494288 ) ) ;
#5831 = FACE_OUTER_BOUND ( 'NONE', #34, .T. ) ;
#5832 = DIRECTION ( 'NONE',  ( 0.000000000000000000, -0.000000000000000000, -1.000000000000000000 ) ) ;
#5833 = CARTESIAN_POINT ( 'NONE',  ( -2.880666519353082489, 1.200787401574803237, 0.03908783491287803891 ) ) ;
#5834 = VERTEX_POINT ( 'NONE', #2646 ) ;
#5835 = DIRECTION ( 'NONE',  ( -0.000000000000000000, -1.000000000000000000, -0.000000000000000000 ) ) ;
#5836 = DIRECTION ( 'NONE',  ( -0.000000000000000000, -1.000000000000000000, -0.000000000000000000 ) ) ;
#5837 = LINE ( 'NONE', #6938, #6852 ) ;
#5838 = CARTESIAN_POINT ( 'NONE',  ( -0.4445903399802303424, 1.200787401574803237, 0.9127748918415511392 ) ) ;
#5839 = CARTESIAN_POINT ( 'NONE',  ( -2.054652262914772987, 1.200787401574803237, -1.053835552403835196 ) ) ;
#5840 = VERTEX_POINT ( 'NONE', #3816 ) ;
#5841 = EDGE_CURVE ( 'NONE', #3981, #425, #493, .T. ) ;
#5842 = LINE ( 'NONE', #543, #5137 ) ;
#5843 = EDGE_CURVE ( 'NONE', #2022, #2186, #7424, .T. ) ;
#5844 = DIRECTION ( 'NONE',  ( 0.000000000000000000, 0.000000000000000000, -1.000000000000000000 ) ) ;
#5845 = VERTEX_POINT ( 'NONE', #3193 ) ;
#5846 = DIRECTION ( 'NONE',  ( 0.000000000000000000, 0.000000000000000000, -1.000000000000000000 ) ) ;
#5847 = CARTESIAN_POINT ( 'NONE',  ( -4.737595924824353766, 0.6791338582677166613, 2.962555538095510865 ) ) ;
#5848 = ORIENTED_EDGE ( 'NONE', *, *, #6809, .T. ) ;
#5849 = CARTESIAN_POINT ( 'NONE',  ( -1.910547773235862445, 1.200787401574803237, -1.430223506649677567 ) ) ;
#5850 = DIRECTION ( 'NONE',  ( 0.000000000000000000, 0.000000000000000000, -1.000000000000000000 ) ) ;
#5851 = DIRECTION ( 'NONE',  ( 0.000000000000000000, 1.000000000000000000, -0.000000000000000000 ) ) ;
#5852 = ORIENTED_EDGE ( 'NONE', *, *, #7015, .F. ) ;
#5853 = VECTOR ( 'NONE', #2258, 39.37007874015748854 ) ;
#5854 = FACE_OUTER_BOUND ( 'NONE', #51, .T. ) ;
#5855 = ORIENTED_EDGE ( 'NONE', *, *, #5051, .T. ) ;
#5856 = CIRCLE ( 'NONE', #4508, 0.08070866141732323251 ) ;
#5857 = EDGE_CURVE ( 'NONE', #6172, #3611, #860, .T. ) ;
#5858 = EDGE_LOOP ( 'NONE', ( #3345, #7173 ) ) ;
#5859 = CARTESIAN_POINT ( 'NONE',  ( -2.986158327396839063, 1.200787401574803237, -1.799141147424821119 ) ) ;
#5860 = DIRECTION ( 'NONE',  ( -0.7664256734729305576, 0.000000000000000000, 0.6423330032324080507 ) ) ;
#5861 = CARTESIAN_POINT ( 'NONE',  ( -2.251502656615562259, 1.082677165354330784, -1.314081774366211430 ) ) ;
#5862 = DIRECTION ( 'NONE',  ( -0.8660254037844363761, 0.000000000000000000, 0.5000000000000041078 ) ) ;
#5863 = ORIENTED_EDGE ( 'NONE', *, *, #5993, .T. ) ;
#5864 = CARTESIAN_POINT ( 'NONE',  ( -3.327113210776539098, 1.200787401574803237, -1.682999415141355648 ) ) ;
#5865 = VERTEX_POINT ( 'NONE', #3855 ) ;
#5866 = CIRCLE ( 'NONE', #2171, 0.08070866141732323251 ) ;
#5867 = VECTOR ( 'NONE', #4831, 39.37007874015748854 ) ;
#5868 = AXIS2_PLACEMENT_3D ( 'NONE', #129, #2509, #4985 ) ;
#5869 = LINE ( 'NONE', #5805, #4759 ) ;
#5870 = CARTESIAN_POINT ( 'NONE',  ( -2.395607146294472134, 1.200787401574803237, -0.8569851587030454798 ) ) ;
#5871 = CARTESIAN_POINT ( 'NONE',  ( -1.228638006476463485, 1.200787401574803237, -1.904632955468578581 ) ) ;
#5872 = EDGE_CURVE ( 'NONE', #3725, #657, #3889, .T. ) ;
#5873 = CIRCLE ( 'NONE', #5757, 0.08070866141732283006 ) ;
#5874 = AXIS2_PLACEMENT_3D ( 'NONE', #7591, #2291, #6425 ) ;
#5875 = EDGE_LOOP ( 'NONE', ( #738, #6725 ) ) ;
#5876 = EDGE_LOOP ( 'NONE', ( #5696, #6754 ) ) ;
#5877 = CARTESIAN_POINT ( 'NONE',  ( -1.608205571491315711, 1.082677165354330784, 0.5875430362330750222 ) ) ;
#5878 = PLANE ( 'NONE',  #326 ) ;
#5879 = CIRCLE ( 'NONE', #3667, 0.08070866141732323251 ) ;
#5880 = CARTESIAN_POINT ( 'NONE',  ( -2.926673774748431267, 0.000000000000000000, 1.689715891681243143 ) ) ;
#5881 = CARTESIAN_POINT ( 'NONE',  ( -6.450194350021217993, 0.000000000000000000, -0.003751947307873986122 ) ) ;
#5882 = CIRCLE ( 'NONE', #6619, 0.08070866141732296883 ) ;
#5883 = VERTEX_POINT ( 'NONE', #947 ) ;
#5884 = DIRECTION ( 'NONE',  ( -0.000000000000000000, -1.000000000000000000, -0.000000000000000000 ) ) ;
#5885 = DIRECTION ( 'NONE',  ( 1.000000000000000000, 0.000000000000000000, 0.000000000000000000 ) ) ;
#5886 = VECTOR ( 'NONE', #5542, 39.37007874015748143 ) ;
#5887 = FACE_OUTER_BOUND ( 'NONE', #4149, .T. ) ;
#5888 = ORIENTED_EDGE ( 'NONE', *, *, #4101, .T. ) ;
#5889 = VECTOR ( 'NONE', #7299, 39.37007874015748143 ) ;
#5890 = AXIS2_PLACEMENT_3D ( 'NONE', #3651, #5459, #1287 ) ;
#5891 = ORIENTED_EDGE ( 'NONE', *, *, #7448, .F. ) ;
#5892 = CARTESIAN_POINT ( 'NONE',  ( -1.425488400177252757, 1.200787401574803237, -2.245587838848277951 ) ) ;
#5893 = ORIENTED_EDGE ( 'NONE', *, *, #2503, .T. ) ;
#5894 = AXIS2_PLACEMENT_3D ( 'NONE', #6543, #4814, #5525 ) ;
#5895 = AXIS2_PLACEMENT_3D ( 'NONE', #3599, #1298, #5946 ) ;
#5896 = DIRECTION ( 'NONE',  ( -0.000000000000000000, -1.000000000000000000, -0.000000000000000000 ) ) ;
#5897 = LINE ( 'NONE', #146, #451 ) ;
#5898 = EDGE_CURVE ( 'NONE', #1635, #1270, #3314, .T. ) ;
#5899 = EDGE_CURVE ( 'NONE', #1503, #946, #6741, .T. ) ;
#5900 = CIRCLE ( 'NONE', #5172, 0.08070866141732285781 ) ;
#5901 = ORIENTED_EDGE ( 'NONE', *, *, #7649, .F. ) ;
#5902 = AXIS2_PLACEMENT_3D ( 'NONE', #183, #2465, #2567 ) ;
#5903 = ORIENTED_EDGE ( 'NONE', *, *, #6537, .T. ) ;
#5904 = DIRECTION ( 'NONE',  ( -0.8660254037844362651, 0.000000000000000000, 0.5000000000000038858 ) ) ;
#5905 = CARTESIAN_POINT ( 'NONE',  ( -6.304676538103634265, 0.6791338582677166613, -0.2241486485422573838 ) ) ;
#5906 = CIRCLE ( 'NONE', #2214, 0.08070866141732323251 ) ;
#5907 = CARTESIAN_POINT ( 'NONE',  ( -1.509832702874725818, 1.338582677165354395, -0.2998563300174523216 ) ) ;
#5908 = CARTESIAN_POINT ( 'NONE',  ( -1.569592889856162632, 1.200787401574803237, -1.788491223185113110 ) ) ;
#5909 = ORIENTED_EDGE ( 'NONE', *, *, #6548, .T. ) ;
#5910 = CARTESIAN_POINT ( 'NONE',  ( -2.107398166936651496, 1.082677165354330784, -1.851887051446699850 ) ) ;
#5911 = AXIS2_PLACEMENT_3D ( 'NONE', #2607, #6825, #1526 ) ;
#5912 = CARTESIAN_POINT ( 'NONE',  ( -3.074311570024023332, 1.102362204724409933, 1.433999729146467894 ) ) ;
#5913 = DIRECTION ( 'NONE',  ( 0.000000000000000000, 0.000000000000000000, -1.000000000000000000 ) ) ;
#5914 = CARTESIAN_POINT ( 'NONE',  ( -5.447346634511760044, 0.000000000000000000, -0.8455089092714229704 ) ) ;
#5915 = CARTESIAN_POINT ( 'NONE',  ( -2.251502656615562259, 1.082677165354330784, -1.233373112948888073 ) ) ;
#5916 = VECTOR ( 'NONE', #5500, 39.37007874015748143 ) ;
#5917 = ORIENTED_EDGE ( 'NONE', *, *, #4059, .F. ) ;
#5918 = DIRECTION ( 'NONE',  ( 0.000000000000000000, -1.000000000000000000, 0.000000000000000000 ) ) ;
#5919 = ORIENTED_EDGE ( 'NONE', *, *, #6368, .F. ) ;
#5920 = EDGE_CURVE ( 'NONE', #2649, #3318, #619, .T. ) ;
#5921 = DIRECTION ( 'NONE',  ( 0.000000000000000000, -1.000000000000000000, 0.000000000000000000 ) ) ;
#5922 = EDGE_CURVE ( 'NONE', #3173, #759, #7459, .T. ) ;
#5923 = DIRECTION ( 'NONE',  ( -4.550094363217895717E-16, 1.000000000000000000, -7.880994616326065373E-16 ) ) ;
#5924 = VECTOR ( 'NONE', #7307, 39.37007874015747433 ) ;
#5925 = CARTESIAN_POINT ( 'NONE',  ( -2.198756752593682862, 1.200787401574803237, -0.3546129524887002837 ) ) ;
#5926 = LINE ( 'NONE', #5881, #6265 ) ;
#5927 = EDGE_LOOP ( 'NONE', ( #7310, #5755 ) ) ;
#5928 = CARTESIAN_POINT ( 'NONE',  ( -1.428842308484151280, 1.200787401574803237, 2.698257970157384555 ) ) ;
#5929 = VERTEX_POINT ( 'NONE', #830 ) ;
#5930 = ORIENTED_EDGE ( 'NONE', *, *, #4251, .F. ) ;
#5931 = EDGE_LOOP ( 'NONE', ( #996, #727 ) ) ;
#5932 = EDGE_CURVE ( 'NONE', #7136, #6233, #6164, .T. ) ;
#5933 = ORIENTED_EDGE ( 'NONE', *, *, #4998, .F. ) ;
#5934 = LINE ( 'NONE', #638, #3423 ) ;
#5935 = DIRECTION ( 'NONE',  ( 0.000000000000000000, -1.000000000000000000, 0.000000000000000000 ) ) ;
#5936 = ORIENTED_EDGE ( 'NONE', *, *, #4413, .F. ) ;
#5937 = EDGE_CURVE ( 'NONE', #6554, #7316, #231, .T. ) ;
#5938 = DIRECTION ( 'NONE',  ( 0.000000000000000000, 1.000000000000000000, 0.000000000000000000 ) ) ;
#5939 = DIRECTION ( 'NONE',  ( 0.000000000000000000, -1.000000000000000000, 0.000000000000000000 ) ) ;
#5940 = CARTESIAN_POINT ( 'NONE',  ( -3.471217700455449418, 1.200787401574803237, -1.064485476643543427 ) ) ;
#5941 = VERTEX_POINT ( 'NONE', #2763 ) ;
#5942 = EDGE_CURVE ( 'NONE', #946, #971, #219, .T. ) ;
#5943 = ORIENTED_EDGE ( 'NONE', *, *, #2206, .F. ) ;
#5944 = CARTESIAN_POINT ( 'NONE',  ( -2.932747772807172026, 0.000000000000000000, -3.499326946597358212 ) ) ;
#5945 = LINE ( 'NONE', #4943, #5274 ) ;
#5946 = DIRECTION ( 'NONE',  ( 0.000000000000000000, 0.000000000000000000, -1.000000000000000000 ) ) ;
#5947 = CARTESIAN_POINT ( 'NONE',  ( -1.372742496155374026, 1.082677165354330784, -1.366827678388090161 ) ) ;
#5948 = DIRECTION ( 'NONE',  ( 0.000000000000000000, 0.000000000000000000, -1.000000000000000000 ) ) ;
#5949 = ORIENTED_EDGE ( 'NONE', *, *, #697, .F. ) ;
#5950 = FACE_OUTER_BOUND ( 'NONE', #612, .T. ) ;
#5951 = ORIENTED_EDGE ( 'NONE', *, *, #1814, .F. ) ;
#5952 = DIRECTION ( 'NONE',  ( 0.3558754527948618240, 0.000000000000000000, 0.9345333927142743802 ) ) ;
#5953 = DIRECTION ( 'NONE',  ( 0.5000000000000018874, 0.000000000000000000, 0.8660254037844375974 ) ) ;
#5954 = DIRECTION ( 'NONE',  ( -0.8660254037844362651, 0.000000000000000000, 0.5000000000000041078 ) ) ;
#5955 = VERTEX_POINT ( 'NONE', #4550 ) ;
#5956 = VERTEX_POINT ( 'NONE', #7638 ) ;
#5957 = DIRECTION ( 'NONE',  ( 0.000000000000000000, -1.000000000000000000, 0.000000000000000000 ) ) ;
#5958 = CARTESIAN_POINT ( 'NONE',  ( -3.838582677165357726, 0.000000000000000000, -3.125419764313915660 ) ) ;
#5959 = ORIENTED_EDGE ( 'NONE', *, *, #7680, .T. ) ;
#5960 = DIRECTION ( 'NONE',  ( 0.000000000000000000, 0.000000000000000000, -1.000000000000000000 ) ) ;
#5961 = EDGE_CURVE ( 'NONE', #7187, #4889, #660, .T. ) ;
#5962 = ORIENTED_EDGE ( 'NONE', *, *, #2134, .T. ) ;
#5963 = VERTEX_POINT ( 'NONE', #6287 ) ;
#5964 = ORIENTED_EDGE ( 'NONE', *, *, #1133, .F. ) ;
#5965 = CARTESIAN_POINT ( 'NONE',  ( -2.342861242272594069, 1.082677165354330784, 0.1024836631744651533 ) ) ;
#5966 = DIRECTION ( 'NONE',  ( 0.000000000000000000, 0.000000000000000000, -1.000000000000000000 ) ) ;
#5967 = EDGE_CURVE ( 'NONE', #657, #2186, #5197, .T. ) ;
#5968 = EDGE_LOOP ( 'NONE', ( #5855, #1039, #5624, #6076 ) ) ;
#5969 = CARTESIAN_POINT ( 'NONE',  ( -2.880666519353082489, 1.200787401574803237, 0.03908783491287803891 ) ) ;
#5970 = EDGE_CURVE ( 'NONE', #4583, #7184, #1249, .T. ) ;
#5971 = DIRECTION ( 'NONE',  ( 0.7754638790607760734, 0.000000000000000000, 0.6313919323779914050 ) ) ;
#5972 = ORIENTED_EDGE ( 'NONE', *, *, #1419, .F. ) ;
#5973 = FACE_OUTER_BOUND ( 'NONE', #472, .T. ) ;
#5974 = DIRECTION ( 'NONE',  ( -0.000000000000000000, -1.000000000000000000, -0.000000000000000000 ) ) ;
#5975 = EDGE_CURVE ( 'NONE', #5060, #4775, #7550, .T. ) ;
#5976 = CARTESIAN_POINT ( 'NONE',  ( -4.360425569748676011, 0.000000000000000000, 3.222132968793801400 ) ) ;
#5977 = DIRECTION ( 'NONE',  ( 0.000000000000000000, -1.000000000000000000, 0.000000000000000000 ) ) ;
#5978 = VERTEX_POINT ( 'NONE', #3012 ) ;
#5979 = DIRECTION ( 'NONE',  ( 0.000000000000000000, 0.000000000000000000, -1.000000000000000000 ) ) ;
#5980 = LINE ( 'NONE', #1242, #4640 ) ;
#5981 = DIRECTION ( 'NONE',  ( 0.000000000000000000, -1.000000000000000000, 0.000000000000000000 ) ) ;
#5982 = DIRECTION ( 'NONE',  ( 0.000000000000000000, -1.000000000000000000, 0.000000000000000000 ) ) ;
#5983 = EDGE_LOOP ( 'NONE', ( #3958, #4039 ) ) ;
#5984 = ADVANCED_FACE ( 'NONE', ( #5377 ), #3359, .F. ) ;
#5985 = ORIENTED_EDGE ( 'NONE', *, *, #5898, .F. ) ;
#5986 = CARTESIAN_POINT ( 'NONE',  ( -1.569592889856162632, 1.200787401574803237, -1.627073900350465951 ) ) ;
#5987 = PLANE ( 'NONE',  #2311 ) ;
#5988 = EDGE_LOOP ( 'NONE', ( #777, #121, #1196, #6881 ) ) ;
#5989 = CARTESIAN_POINT ( 'NONE',  ( -3.667376289564603375, 1.358267716535431102, 1.162687014536634145 ) ) ;
#5990 = AXIS2_PLACEMENT_3D ( 'NONE', #6266, #3340, #5686 ) ;
#5991 = ORIENTED_EDGE ( 'NONE', *, *, #4316, .F. ) ;
#5992 = ORIENTED_EDGE ( 'NONE', *, *, #1396, .F. ) ;
#5993 = EDGE_CURVE ( 'NONE', #1327, #7128, #2845, .T. ) ;
#5994 = ORIENTED_EDGE ( 'NONE', *, *, #4478, .T. ) ;
#5995 = AXIS2_PLACEMENT_3D ( 'NONE', #4375, #3187, #6230 ) ;
#5996 = VECTOR ( 'NONE', #5982, 39.37007874015748143 ) ;
#5997 = MECHANICAL_DESIGN_GEOMETRIC_PRESENTATION_REPRESENTATION (  '', ( #4786 ), #4395 ) ;
#5998 = DIRECTION ( 'NONE',  ( -0.000000000000000000, -1.000000000000000000, -0.000000000000000000 ) ) ;
#5999 = CARTESIAN_POINT ( 'NONE',  ( -5.958778959581310986, 0.5511811023622049666, -0.5502333187202388398 ) ) ;
#6000 = ORIENTED_EDGE ( 'NONE', *, *, #3220, .F. ) ;
#6001 = CARTESIAN_POINT ( 'NONE',  ( -0.3004858503013124738, 1.082677165354330784, 1.450580168922038338 ) ) ;
#6002 = VECTOR ( 'NONE', #4600, 39.37007874015748854 ) ;
#6003 = AXIS2_PLACEMENT_3D ( 'NONE', #3000, #1233, #5398 ) ;
#6004 = LINE ( 'NONE', #7189, #2054 ) ;
#6005 = AXIS2_PLACEMENT_3D ( 'NONE', #283, #7470, #4984 ) ;
#6006 = DIRECTION ( 'NONE',  ( 0.000000000000000000, 0.000000000000000000, 1.000000000000000000 ) ) ;
#6007 = EDGE_CURVE ( 'NONE', #4173, #7465, #1483, .T. ) ;
#6008 = ORIENTED_EDGE ( 'NONE', *, *, #3045, .T. ) ;
#6009 = ORIENTED_EDGE ( 'NONE', *, *, #1388, .F. ) ;
#6010 = EDGE_CURVE ( 'NONE', #6324, #2485, #1209, .T. ) ;
#6011 = AXIS2_PLACEMENT_3D ( 'NONE', #1341, #6561, #5366 ) ;
#6012 = FACE_BOUND ( 'NONE', #2533, .T. ) ;
#6013 = EDGE_CURVE ( 'NONE', #368, #2987, #104, .T. ) ;
#6014 = DIRECTION ( 'NONE',  ( 0.000000000000000000, -1.000000000000000000, 0.000000000000000000 ) ) ;
#6015 = VECTOR ( 'NONE', #7333, 39.37007874015748854 ) ;
#6016 = CARTESIAN_POINT ( 'NONE',  ( -4.027640203060361301, 1.349212488102442999E-16, -2.966972712505815846 ) ) ;
#6017 = EDGE_LOOP ( 'NONE', ( #1412, #5933, #3338, #5863 ) ) ;
#6018 = AXIS2_PLACEMENT_3D ( 'NONE', #4587, #1024, #3392 ) ;
#6019 = CARTESIAN_POINT ( 'NONE',  ( -3.838831256666276115, 1.377952755905512028, -3.125114463574150125 ) ) ;
#6020 = EDGE_LOOP ( 'NONE', ( #4511, #6813, #2459, #5671 ) ) ;
#6021 = DIRECTION ( 'NONE',  ( 0.000000000000000000, 1.000000000000000000, 0.000000000000000000 ) ) ;
#6022 = EDGE_CURVE ( 'NONE', #5076, #3233, #4146, .T. ) ;
#6023 = DIRECTION ( 'NONE',  ( 0.000000000000000000, 0.000000000000000000, -1.000000000000000000 ) ) ;
#6024 = CIRCLE ( 'NONE', #5651, 0.08070866141732269128 ) ;
#6025 = VECTOR ( 'NONE', #6547, 39.37007874015748854 ) ;
#6026 = CARTESIAN_POINT ( 'NONE',  ( -2.926673774748431267, 0.3937007874015752140, 1.689715891681243143 ) ) ;
#6027 = CARTESIAN_POINT ( 'NONE',  ( -2.789307933696049790, 1.200787401574803237, -1.458186264045121971 ) ) ;
#6028 = EDGE_CURVE ( 'NONE', #7054, #6941, #7129, .T. ) ;
#6029 = ORIENTED_EDGE ( 'NONE', *, *, #3372, .F. ) ;
#6030 = CIRCLE ( 'NONE', #4693, 0.08070866141732241372 ) ;
#6031 = ORIENTED_EDGE ( 'NONE', *, *, #4217, .F. ) ;
#6032 = DIRECTION ( 'NONE',  ( 0.000000000000000000, -1.000000000000000000, 0.000000000000000000 ) ) ;
#6033 = CYLINDRICAL_SURFACE ( 'NONE', #2803, 0.08070866141732323251 ) ;
#6034 = VERTEX_POINT ( 'NONE', #1570 ) ;
#6035 = DIRECTION ( 'NONE',  ( 0.000000000000000000, 0.000000000000000000, -1.000000000000000000 ) ) ;
#6036 = ADVANCED_FACE ( 'NONE', ( #6428 ), #591, .F. ) ;
#6037 = CIRCLE ( 'NONE', #6776, 0.07874015748031472361 ) ;
#6038 = ADVANCED_FACE ( 'NONE', ( #3937 ), #3527, .F. ) ;
#6039 = ORIENTED_EDGE ( 'NONE', *, *, #5180, .T. ) ;
#6040 = PRODUCT_CONTEXT ( 'NONE', #1767, 'mechanical' ) ;
#6041 = ORIENTED_EDGE ( 'NONE', *, *, #7326, .F. ) ;
#6042 = CIRCLE ( 'NONE', #6420, 0.08070866141732337129 ) ;
#6043 = ORIENTED_EDGE ( 'NONE', *, *, #6149, .T. ) ;
#6044 = DIRECTION ( 'NONE',  ( 0.000000000000000000, 0.000000000000000000, -1.000000000000000000 ) ) ;
#6045 = DIRECTION ( 'NONE',  ( -0.000000000000000000, -1.000000000000000000, -0.000000000000000000 ) ) ;
#6046 = ORIENTED_EDGE ( 'NONE', *, *, #4538, .T. ) ;
#6047 = CARTESIAN_POINT ( 'NONE',  ( -0.3134091807767939164, 1.377952755905512028, 1.942703881527100274 ) ) ;
#6048 = FACE_OUTER_BOUND ( 'NONE', #2057, .T. ) ;
#6049 = FACE_OUTER_BOUND ( 'NONE', #1264, .T. ) ;
#6050 = LINE ( 'NONE', #7624, #4071 ) ;
#6051 = VERTEX_POINT ( 'NONE', #3493 ) ;
#6052 = EDGE_CURVE ( 'NONE', #6673, #2224, #5842, .T. ) ;
#6053 = DIRECTION ( 'NONE',  ( -0.8660254037844363761, 0.000000000000000000, 0.5000000000000039968 ) ) ;
#6054 = EDGE_CURVE ( 'NONE', #3602, #1460, #6234, .T. ) ;
#6055 = EDGE_CURVE ( 'NONE', #7439, #4593, #3533, .T. ) ;
#6056 = CARTESIAN_POINT ( 'NONE',  ( -2.933412423374960998, 1.082677165354330784, -0.8396723255473099723 ) ) ;
#6057 = VERTEX_POINT ( 'NONE', #4923 ) ;
#6058 = EDGE_CURVE ( 'NONE', #6682, #885, #7068, .T. ) ;
#6059 = CARTESIAN_POINT ( 'NONE',  ( -1.608205571491315711, 1.082677165354330784, 0.5875430362330750222 ) ) ;
#6060 = FACE_OUTER_BOUND ( 'NONE', #5030, .T. ) ;
#6061 = FACE_OUTER_BOUND ( 'NONE', #1032, .T. ) ;
#6062 = ORIENTED_EDGE ( 'NONE', *, *, #1883, .F. ) ;
#6063 = CARTESIAN_POINT ( 'NONE',  ( -2.986158327396839063, 1.200787401574803237, -1.879849808842144476 ) ) ;
#6064 = ORIENTED_EDGE ( 'NONE', *, *, #3996, .F. ) ;
#6065 = CIRCLE ( 'NONE', #2741, 0.08070866141732378762 ) ;
#6066 = DIRECTION ( 'NONE',  ( -0.000000000000000000, -1.000000000000000000, -0.000000000000000000 ) ) ;
#6067 = CARTESIAN_POINT ( 'NONE',  ( -3.838582677165356394, 1.377952755905512028, -3.125419764313917437 ) ) ;
#6068 = CARTESIAN_POINT ( 'NONE',  ( -3.327113210776539098, 1.200787401574803237, -1.602290753724031847 ) ) ;
#6069 = FACE_OUTER_BOUND ( 'NONE', #6614, .T. ) ;
#6070 = ORIENTED_EDGE ( 'NONE', *, *, #1481, .F. ) ;
#6071 = EDGE_LOOP ( 'NONE', ( #6130, #4549, #7559 ) ) ;
#6072 = EDGE_CURVE ( 'NONE', #6102, #3461, #800, .T. ) ;
#6073 = ORIENTED_EDGE ( 'NONE', *, *, #7663, .F. ) ;
#6074 = LINE ( 'NONE', #1363, #2177 ) ;
#6075 = CARTESIAN_POINT ( 'NONE',  ( -2.539711635973382453, 1.200787401574803237, -0.1577625587879109281 ) ) ;
#6076 = ORIENTED_EDGE ( 'NONE', *, *, #3575, .F. ) ;
#6077 = CARTESIAN_POINT ( 'NONE',  ( -4.390386496034692776, 0.000000000000000000, -1.455745129743868826 ) ) ;
#6078 = DIRECTION ( 'NONE',  ( 0.000000000000000000, 0.000000000000000000, -1.000000000000000000 ) ) ;
#6079 = CARTESIAN_POINT ( 'NONE',  ( -2.789307933696049790, 1.082677165354330784, -1.458186264045121971 ) ) ;
#6080 = CYLINDRICAL_SURFACE ( 'NONE', #4577, 0.08070866141732283006 ) ;
#6081 = ORIENTED_EDGE ( 'NONE', *, *, #5619, .F. ) ;
#6082 = CARTESIAN_POINT ( 'NONE',  ( -2.976577355925106971, 1.338582677165354395, -2.049962198577688355 ) ) ;
#6083 = CARTESIAN_POINT ( 'NONE',  ( -1.608205571491315711, 1.200787401574803237, 0.6682516976503980466 ) ) ;
#6084 = ORIENTED_EDGE ( 'NONE', *, *, #4977, .F. ) ;
#6085 = DIRECTION ( 'NONE',  ( 0.000000000000000000, 0.000000000000000000, -1.000000000000000000 ) ) ;
#6086 = EDGE_CURVE ( 'NONE', #4775, #5060, #2788, .T. ) ;
#6087 = CARTESIAN_POINT ( 'NONE',  ( -3.837974946200396698, 1.349212488102442999E-16, -2.740665919157507791 ) ) ;
#6088 = LINE ( 'NONE', #4393, #5773 ) ;
#6089 = LINE ( 'NONE', #5516, #1063 ) ;
#6090 = LINE ( 'NONE', #56, #151 ) ;
#6091 = CARTESIAN_POINT ( 'NONE',  ( -2.304248560637440324, 1.082677165354330784, -2.192841934826398997 ) ) ;
#6092 = VECTOR ( 'NONE', #2005, 39.37007874015748854 ) ;
#6093 = EDGE_LOOP ( 'NONE', ( #460, #3586 ) ) ;
#6094 = DIRECTION ( 'NONE',  ( -0.000000000000000000, -1.000000000000000000, -0.000000000000000000 ) ) ;
#6095 = ORIENTED_EDGE ( 'NONE', *, *, #6173, .F. ) ;
#6096 = CARTESIAN_POINT ( 'NONE',  ( -2.986158327396839063, 1.082677165354330784, -1.718432486007497539 ) ) ;
#6097 = CARTESIAN_POINT ( 'NONE',  ( -3.962651880115786618, 1.358267716535431102, 0.6512546894670853126 ) ) ;
#6098 = DIRECTION ( 'NONE',  ( 0.000000000000000000, -1.000000000000000000, 0.000000000000000000 ) ) ;
#6099 = EDGE_CURVE ( 'NONE', #5210, #1219, #5258, .T. ) ;
#6100 = ORIENTED_EDGE ( 'NONE', *, *, #991, .F. ) ;
#6101 = FACE_OUTER_BOUND ( 'NONE', #4311, .T. ) ;
#6102 = VERTEX_POINT ( 'NONE', #3757 ) ;
#6103 = ORIENTED_EDGE ( 'NONE', *, *, #4406, .F. ) ;
#6104 = AXIS2_PLACEMENT_3D ( 'NONE', #4333, #4366, #1393 ) ;
#6105 = CARTESIAN_POINT ( 'NONE',  ( -5.732401006825401879, 0.000000000000000000, -0.1581352028335849258 ) ) ;
#6106 = LINE ( 'NONE', #4229, #3800 ) ;
#6107 = ORIENTED_EDGE ( 'NONE', *, *, #2690, .T. ) ;
#6108 = DIRECTION ( 'NONE',  ( 0.000000000000000000, 0.000000000000000000, -1.000000000000000000 ) ) ;
#6109 = DIRECTION ( 'NONE',  ( 0.8660254037844362651, 0.000000000000000000, -0.5000000000000041078 ) ) ;
#6110 = CIRCLE ( 'NONE', #4392, 0.08070866141732309373 ) ;
#6111 = DIRECTION ( 'NONE',  ( 0.000000000000000000, 0.000000000000000000, -1.000000000000000000 ) ) ;
#6112 = VECTOR ( 'NONE', #5809, 39.37007874015748143 ) ;
#6113 = AXIS2_PLACEMENT_3D ( 'NONE', #7209, #4845, #2948 ) ;
#6114 = CARTESIAN_POINT ( 'NONE',  ( -1.857801869213983714, 1.082677165354330784, -0.7128806690241358268 ) ) ;
#6115 = VERTEX_POINT ( 'NONE', #7292 ) ;
#6116 = DIRECTION ( 'NONE',  ( -0.000000000000000000, -1.000000000000000000, -0.000000000000000000 ) ) ;
#6117 = DIRECTION ( 'NONE',  ( 0.5000000000000041078, 1.084202172485504187E-16, 0.8660254037844362651 ) ) ;
#6118 = ORIENTED_EDGE ( 'NONE', *, *, #1050, .T. ) ;
#6119 = AXIS2_PLACEMENT_3D ( 'NONE', #2571, #309, #7376 ) ;
#6120 = AXIS2_PLACEMENT_3D ( 'NONE', #3412, #2938, #5913 ) ;
#6121 = AXIS2_PLACEMENT_3D ( 'NONE', #5830, #2357, #453 ) ;
#6122 = EDGE_CURVE ( 'NONE', #2033, #315, #2961, .T. ) ;
#6123 = EDGE_CURVE ( 'NONE', #3254, #7143, #4773, .T. ) ;
#6124 = ORIENTED_EDGE ( 'NONE', *, *, #3650, .T. ) ;
#6125 = DIRECTION ( 'NONE',  ( -0.6313919323777766879, 0.000000000000000000, 0.7754638790609508225 ) ) ;
#6126 = DIRECTION ( 'NONE',  ( 0.000000000000000000, -1.000000000000000000, 0.000000000000000000 ) ) ;
#6127 = VECTOR ( 'NONE', #4015, 39.37007874015748143 ) ;
#6128 = AXIS2_PLACEMENT_3D ( 'NONE', #5444, #7350, #2030 ) ;
#6129 = VECTOR ( 'NONE', #7271, 39.37007874015748143 ) ;
#6130 = ORIENTED_EDGE ( 'NONE', *, *, #576, .F. ) ;
#6131 = CARTESIAN_POINT ( 'NONE',  ( -3.077516913053870873, 1.200787401574803237, -0.3825757098841445214 ) ) ;
#6132 = CIRCLE ( 'NONE', #2448, 0.07874015748031505668 ) ;
#6133 = FACE_OUTER_BOUND ( 'NONE', #2592, .T. ) ;
#6134 = ORIENTED_EDGE ( 'NONE', *, *, #1478, .T. ) ;
#6135 = CARTESIAN_POINT ( 'NONE',  ( -2.933412423374960998, 1.082677165354330784, -1.001089648381956465 ) ) ;
#6136 = ORIENTED_EDGE ( 'NONE', *, *, #4835, .F. ) ;
#6137 = AXIS2_PLACEMENT_3D ( 'NONE', #5521, #4326, #1978 ) ;
#6138 = AXIS2_PLACEMENT_3D ( 'NONE', #15, #1813, #7584 ) ;
#6139 = LINE ( 'NONE', #3792, #2406 ) ;
#6140 = DIRECTION ( 'NONE',  ( 0.000000000000000000, 0.000000000000000000, -1.000000000000000000 ) ) ;
#6141 = DIRECTION ( 'NONE',  ( 0.7754638790609509336, 0.000000000000000000, 0.6313919323777767989 ) ) ;
#6142 = ORIENTED_EDGE ( 'NONE', *, *, #6396, .T. ) ;
#6143 = DIRECTION ( 'NONE',  ( 0.000000000000000000, -1.000000000000000000, 0.000000000000000000 ) ) ;
#6144 = AXIS2_PLACEMENT_3D ( 'NONE', #107, #167, #2490 ) ;
#6145 = EDGE_LOOP ( 'NONE', ( #5038, #4143 ) ) ;
#6146 = DIRECTION ( 'NONE',  ( 0.000000000000000000, -1.000000000000000000, 0.000000000000000000 ) ) ;
#6147 = EDGE_LOOP ( 'NONE', ( #7163, #5090, #369, #7150 ) ) ;
#6148 = EDGE_CURVE ( 'NONE', #5016, #601, #857, .T. ) ;
#6149 = EDGE_CURVE ( 'NONE', #3349, #7094, #2303, .T. ) ;
#6150 = DIRECTION ( 'NONE',  ( 0.000000000000000000, 0.000000000000000000, -1.000000000000000000 ) ) ;
#6151 = CIRCLE ( 'NONE', #2467, 0.08070866141732323251 ) ;
#6152 = EDGE_CURVE ( 'NONE', #1624, #4206, #5866, .T. ) ;
#6153 = CARTESIAN_POINT ( 'NONE',  ( -0.07653035066416269405, -2.020346432038225171, -4.886071329438647304 ) ) ;
#6154 = LINE ( 'NONE', #7258, #2932 ) ;
#6155 = VERTEX_POINT ( 'NONE', #2008 ) ;
#6156 = FACE_OUTER_BOUND ( 'NONE', #6944, .T. ) ;
#6157 = DIRECTION ( 'NONE',  ( 0.000000000000000000, -1.000000000000000000, 0.000000000000000000 ) ) ;
#6158 = PLANE ( 'NONE',  #7625 ) ;
#6159 = PLANE ( 'NONE',  #4822 ) ;
#6160 = EDGE_CURVE ( 'NONE', #1944, #380, #7003, .T. ) ;
#6161 = CARTESIAN_POINT ( 'NONE',  ( -1.076132233853167364, 1.082677165354330784, 1.321685681511897137 ) ) ;
#6162 = DIRECTION ( 'NONE',  ( 0.000000000000000000, 0.000000000000000000, -1.000000000000000000 ) ) ;
#6163 = ORIENTED_EDGE ( 'NONE', *, *, #5932, .T. ) ;
#6164 = LINE ( 'NONE', #873, #6927 ) ;
#6165 = DIRECTION ( 'NONE',  ( 0.000000000000000000, -1.000000000000000000, 0.000000000000000000 ) ) ;
#6166 = FACE_BOUND ( 'NONE', #1362, .T. ) ;
#6167 = EDGE_LOOP ( 'NONE', ( #6675, #1780 ) ) ;
#6168 = AXIS2_PLACEMENT_3D ( 'NONE', #383, #5106, #1598 ) ;
#6169 = ORIENTED_EDGE ( 'NONE', *, *, #254, .T. ) ;
#6170 = DIRECTION ( 'NONE',  ( 0.7886751345948271874, 0.5773502691896084116, 0.2113248654051812225 ) ) ;
#6171 = LINE ( 'NONE', #4353, #5798 ) ;
#6172 = VERTEX_POINT ( 'NONE', #3216 ) ;
#6173 = EDGE_CURVE ( 'NONE', #1158, #6295, #5529, .T. ) ;
#6174 = ORIENTED_EDGE ( 'NONE', *, *, #5067, .F. ) ;
#6175 = PLANE ( 'NONE',  #6128 ) ;
#6176 = DIRECTION ( 'NONE',  ( -0.000000000000000000, -1.000000000000000000, -0.000000000000000000 ) ) ;
#6177 = CARTESIAN_POINT ( 'NONE',  ( -2.539711635973382453, 1.200787401574803237, -0.3191798816225576707 ) ) ;
#6178 = ORIENTED_EDGE ( 'NONE', *, *, #5970, .F. ) ;
#6179 = CARTESIAN_POINT ( 'NONE',  ( -0.8958027329954186824, 1.200787401574803237, 0.1987553232060511044 ) ) ;
#6180 = AXIS2_PLACEMENT_3D ( 'NONE', #4110, #2493, #5885 ) ;
#6181 = VERTEX_POINT ( 'NONE', #5327 ) ;
#6182 = DIRECTION ( 'NONE',  ( 0.000000000000000000, 0.000000000000000000, -1.000000000000000000 ) ) ;
#6183 = CARTESIAN_POINT ( 'NONE',  ( -3.471217700455449418, 1.200787401574803237, -0.9837768152262206245 ) ) ;
#6184 = DIRECTION ( 'NONE',  ( 0.000000000000000000, 0.000000000000000000, -1.000000000000000000 ) ) ;
#6185 = CARTESIAN_POINT ( 'NONE',  ( -4.983658916950340689, 1.102362204724409933, 2.536361933870886265 ) ) ;
#6186 = DIRECTION ( 'NONE',  ( 0.000000000000000000, -1.000000000000000000, 0.000000000000000000 ) ) ;
#6187 = ORIENTED_EDGE ( 'NONE', *, *, #3609, .T. ) ;
#6188 = CARTESIAN_POINT ( 'NONE',  ( -4.558412059106971448, 1.181102362204724532, -0.6640967766011043327 ) ) ;
#6189 = DIRECTION ( 'NONE',  ( -0.000000000000000000, -1.000000000000000000, -0.000000000000000000 ) ) ;
#6190 = ORIENTED_EDGE ( 'NONE', *, *, #361, .T. ) ;
#6191 = DIRECTION ( 'NONE',  ( 0.000000000000000000, 0.000000000000000000, -1.000000000000000000 ) ) ;
#6192 = ORIENTED_EDGE ( 'NONE', *, *, #4954, .T. ) ;
#6193 = CARTESIAN_POINT ( 'NONE',  ( -1.572946798163069593, 1.200787401574803237, 2.160452693076898356 ) ) ;
#6194 = FACE_OUTER_BOUND ( 'NONE', #4944, .T. ) ;
#6195 = PLANE ( 'NONE',  #5668 ) ;
#6196 = ORIENTED_EDGE ( 'NONE', *, *, #7467, .F. ) ;
#6197 = CARTESIAN_POINT ( 'NONE',  ( -2.736562029674171725, 1.200787401574803237, -0.4987174421676103808 ) ) ;
#6198 = ADVANCED_FACE ( 'NONE', ( #6101 ), #5, .F. ) ;
#6199 = LINE ( 'NONE', #2107, #188 ) ;
#6200 = VERTEX_POINT ( 'NONE', #2559 ) ;
#6201 = DIRECTION ( 'NONE',  ( 0.000000000000000000, 0.000000000000000000, -1.000000000000000000 ) ) ;
#6202 = ADVANCED_FACE ( 'NONE', ( #3129 ), #4157, .F. ) ;
#6203 = ORIENTED_EDGE ( 'NONE', *, *, #2482, .F. ) ;
#6204 = DIRECTION ( 'NONE',  ( 0.7754638790607774057, 0.000000000000000000, 0.6313919323779896287 ) ) ;
#6205 = ORIENTED_EDGE ( 'NONE', *, *, #4608, .T. ) ;
#6206 = CARTESIAN_POINT ( 'NONE',  ( -1.256005071294460151, 1.082677165354330784, 2.434356680737665535 ) ) ;
#6207 = ORIENTED_EDGE ( 'NONE', *, *, #652, .F. ) ;
#6208 = ADVANCED_FACE ( 'NONE', ( #5357 ), #39, .F. ) ;
#6209 = ORIENTED_EDGE ( 'NONE', *, *, #1833, .T. ) ;
#6210 = PLANE ( 'NONE',  #1203 ) ;
#6211 = CARTESIAN_POINT ( 'NONE',  ( -3.130262817075749826, 1.200787401574803237, -1.342044531761656057 ) ) ;
#6212 = ORIENTED_EDGE ( 'NONE', *, *, #6694, .F. ) ;
#6213 = CARTESIAN_POINT ( 'NONE',  ( -1.231991914783367559, 1.200787401574803237, 2.276594425360359608 ) ) ;
#6214 = ORIENTED_EDGE ( 'NONE', *, *, #1206, .T. ) ;
#6215 = LINE ( 'NONE', #6063, #7402 ) ;
#6216 = VERTEX_POINT ( 'NONE', #3724 ) ;
#6217 = PLANE ( 'NONE',  #6715 ) ;
#6218 = DIRECTION ( 'NONE',  ( -0.000000000000000000, -1.000000000000000000, -0.000000000000000000 ) ) ;
#6219 = PLANE ( 'NONE',  #603 ) ;
#6220 = ORIENTED_EDGE ( 'NONE', *, *, #1901, .F. ) ;
#6221 = DIRECTION ( 'NONE',  ( 0.000000000000000000, -0.000000000000000000, -1.000000000000000000 ) ) ;
#6222 = ADVANCED_FACE ( 'NONE', ( #6069 ), #774, .T. ) ;
#6223 = EDGE_CURVE ( 'NONE', #7134, #5127, #1418, .T. ) ;
#6224 = VERTEX_POINT ( 'NONE', #389 ) ;
#6225 = ORIENTED_EDGE ( 'NONE', *, *, #3028, .F. ) ;
#6226 = LINE ( 'NONE', #980, #7144 ) ;
#6227 = PLANE ( 'NONE',  #7004 ) ;
#6228 = FACE_OUTER_BOUND ( 'NONE', #4660, .T. ) ;
#6229 = ORIENTED_EDGE ( 'NONE', *, *, #1384, .F. ) ;
#6230 = DIRECTION ( 'NONE',  ( 0.000000000000000000, 0.000000000000000000, -1.000000000000000000 ) ) ;
#6231 = CARTESIAN_POINT ( 'NONE',  ( -0.7581182209241955627, 1.200787401574803237, -1.715957728106947133 ) ) ;
#6232 = CARTESIAN_POINT ( 'NONE',  ( -5.220968681755852714, 0.000000000000000000, -0.4534107933847684735 ) ) ;
#6233 = VERTEX_POINT ( 'NONE', #2751 ) ;
#6234 = CIRCLE ( 'NONE', #1916, 0.08070866141732351007 ) ;
#6235 = LINE ( 'NONE', #2576, #988 ) ;
#6236 = CIRCLE ( 'NONE', #4522, 0.08070866141732378762 ) ;
#6237 = PLANE ( 'NONE',  #6629 ) ;
#6238 = VECTOR ( 'NONE', #3397, 39.37007874015748143 ) ;
#6239 = VECTOR ( 'NONE', #4022, 39.37007874015748143 ) ;
#6240 = AXIS2_PLACEMENT_3D ( 'NONE', #4497, #6855, #1558 ) ;
#6241 = ORIENTED_EDGE ( 'NONE', *, *, #3237, .T. ) ;
#6242 = LINE ( 'NONE', #2148, #1425 ) ;
#6243 = VERTEX_POINT ( 'NONE', #7409 ) ;
#6244 = ORIENTED_EDGE ( 'NONE', *, *, #1410, .T. ) ;
#6245 = EDGE_CURVE ( 'NONE', #5642, #7316, #2787, .T. ) ;
#6246 = ORIENTED_EDGE ( 'NONE', *, *, #2085, .T. ) ;
#6247 = EDGE_CURVE ( 'NONE', #2149, #4191, #3296, .T. ) ;
#6249 = DIRECTION ( 'NONE',  ( 0.000000000000000000, 0.000000000000000000, -1.000000000000000000 ) ) ;
#6248 = VECTOR ( 'NONE', #5328, 39.37007874015748143 ) ;
#6250 = AXIS2_PLACEMENT_3D ( 'NONE', #5074, #7444, #2126 ) ;
#6251 = DIRECTION ( 'NONE',  ( 0.000000000000000000, 0.000000000000000000, -1.000000000000000000 ) ) ;
#6252 = VECTOR ( 'NONE', #375, 39.37007874015748854 ) ;
#6253 = DIRECTION ( 'NONE',  ( 0.000000000000000000, 0.000000000000000000, -1.000000000000000000 ) ) ;
#6254 = ORIENTED_EDGE ( 'NONE', *, *, #3302, .T. ) ;
#6255 = CARTESIAN_POINT ( 'NONE',  ( -2.251502656615562259, 1.200787401574803237, -1.314081774366211430 ) ) ;
#6256 = EDGE_LOOP ( 'NONE', ( #3196, #4438 ) ) ;
#6257 = AXIS2_PLACEMENT_3D ( 'NONE', #2416, #2307, #5966 ) ;
#6258 = VECTOR ( 'NONE', #5174, 39.37007874015748143 ) ;
#6259 = PLANE ( 'NONE',  #4557 ) ;
#6260 = EDGE_CURVE ( 'NONE', #1276, #6439, #7365, .T. ) ;
#6261 = ORIENTED_EDGE ( 'NONE', *, *, #688, .T. ) ;
#6262 = DIRECTION ( 'NONE',  ( 0.000000000000000000, 1.000000000000000000, 0.000000000000000000 ) ) ;
#6263 = DIRECTION ( 'NONE',  ( -5.421010862427564695E-17, 1.000000000000000000, -9.389466242107218061E-17 ) ) ;
#6264 = AXIS2_PLACEMENT_3D ( 'NONE', #2518, #2487, #7244 ) ;
#6265 = VECTOR ( 'NONE', #2983, 39.37007874015748143 ) ;
#6266 = CARTESIAN_POINT ( 'NONE',  ( -1.464101081812405836, 1.200787401574803237, 0.04973775915258649150 ) ) ;
#6267 = EDGE_CURVE ( 'NONE', #2987, #368, #52, .T. ) ;
#6268 = CARTESIAN_POINT ( 'NONE',  ( -0.7581182209241955627, 1.200787401574803237, -1.715957728106947133 ) ) ;
#6269 = DIRECTION ( 'NONE',  ( -0.000000000000000000, -1.000000000000000000, -0.000000000000000000 ) ) ;
#6270 = ORIENTED_EDGE ( 'NONE', *, *, #3500, .F. ) ;
#6271 = DIRECTION ( 'NONE',  ( 0.000000000000000000, 0.000000000000000000, -1.000000000000000000 ) ) ;
#6272 = CIRCLE ( 'NONE', #2454, 0.08070866141732285781 ) ;
#6273 = VERTEX_POINT ( 'NONE', #6188 ) ;
#6274 = AXIS2_PLACEMENT_3D ( 'NONE', #1055, #5348, #7135 ) ;
#6275 = ORIENTED_EDGE ( 'NONE', *, *, #1550, .T. ) ;
#6276 = CARTESIAN_POINT ( 'NONE',  ( -14.03427558170810840, 0.5511811023622049666, 4.102155486658825900 ) ) ;
#6277 = ADVANCED_FACE ( 'NONE', ( #3839 ), #2094, .T. ) ;
#6278 = PLANE ( 'NONE',  #2795 ) ;
#6279 = ORIENTED_EDGE ( 'NONE', *, *, #5100, .T. ) ;
#6280 = AXIS2_PLACEMENT_3D ( 'NONE', #1898, #4256, #6035 ) ;
#6281 = DIRECTION ( 'NONE',  ( 0.000000000000000000, -1.000000000000000000, 0.000000000000000000 ) ) ;
#6282 = CARTESIAN_POINT ( 'NONE',  ( -0.2387462170513900417, 1.082677165354330784, 1.479307047819510279 ) ) ;
#6283 = DIRECTION ( 'NONE',  ( 0.000000000000000000, -1.000000000000000000, 0.000000000000000000 ) ) ;
#6284 = DIRECTION ( 'NONE',  ( 0.000000000000000000, -1.000000000000000000, 0.000000000000000000 ) ) ;
#6285 = CIRCLE ( 'NONE', #96, 0.08070866141732283006 ) ;
#6286 = ORIENTED_EDGE ( 'NONE', *, *, #4864, .T. ) ;
#6287 = CARTESIAN_POINT ( 'NONE',  ( -1.569592889856162632, 1.082677165354330784, -1.788491223185113110 ) ) ;
#6288 = DIRECTION ( 'NONE',  ( 0.000000000000000000, 0.000000000000000000, -1.000000000000000000 ) ) ;
#6289 = ORIENTED_EDGE ( 'NONE', *, *, #4349, .F. ) ;
#6290 = AXIS2_PLACEMENT_3D ( 'NONE', #6952, #3433, #5350 ) ;
#6291 = EDGE_LOOP ( 'NONE', ( #1992, #1799, #1839, #3945 ) ) ;
#6292 = FACE_OUTER_BOUND ( 'NONE', #7417, .T. ) ;
#6293 = ORIENTED_EDGE ( 'NONE', *, *, #3178, .T. ) ;
#6294 = VERTEX_POINT ( 'NONE', #3344 ) ;
#6295 = VERTEX_POINT ( 'NONE', #3875 ) ;
#6296 = VECTOR ( 'NONE', #3143, 39.37007874015748143 ) ;
#6297 = CARTESIAN_POINT ( 'NONE',  ( -1.569592889856162632, 1.082677165354330784, -1.627073900350465951 ) ) ;
#6298 = DIRECTION ( 'NONE',  ( 0.000000000000000000, -1.000000000000000000, 0.000000000000000000 ) ) ;
#6299 = DIRECTION ( 'NONE',  ( 0.000000000000000000, 0.000000000000000000, -1.000000000000000000 ) ) ;
#6300 = EDGE_CURVE ( 'NONE', #6971, #2003, #7610, .T. ) ;
#6301 = ORIENTED_EDGE ( 'NONE', *, *, #6149, .F. ) ;
#6302 = EDGE_CURVE ( 'NONE', #2262, #2575, #5620, .T. ) ;
#6303 = CARTESIAN_POINT ( 'NONE',  ( -2.001906358892894033, 1.200787401574803237, -0.01365806910900107737 ) ) ;
#6304 = EDGE_CURVE ( 'NONE', #6839, #2495, #7482, .T. ) ;
#6305 = EDGE_LOOP ( 'NONE', ( #1940, #6163, #3749, #4378, #428, #5234 ) ) ;
#6306 = CARTESIAN_POINT ( 'NONE',  ( -3.278884500051842288, 1.082677165354330784, 1.552109965366941458 ) ) ;
#6307 = ORIENTED_EDGE ( 'NONE', *, *, #3052, .F. ) ;
#6308 = CARTESIAN_POINT ( 'NONE',  ( -0.9790417087537957030, 1.082677165354330784, -0.6042092502113680652 ) ) ;
#6309 = ADVANCED_FACE ( 'NONE', ( #2632 ), #1605, .F. ) ;
#6310 = FACE_OUTER_BOUND ( 'NONE', #1543, .T. ) ;
#6311 = LINE ( 'NONE', #5108, #7626 ) ;
#6312 = CARTESIAN_POINT ( 'NONE',  ( -3.838831256666276115, 0.000000000000000000, -3.125114463574150125 ) ) ;
#6313 = ORIENTED_EDGE ( 'NONE', *, *, #5288, .T. ) ;
#6314 = CARTESIAN_POINT ( 'NONE',  ( -2.342861242272594069, 1.200787401574803237, 0.1024836631744651533 ) ) ;
#6315 = ADVANCED_FACE ( 'NONE', ( #350 ), #3251, .T. ) ;
#6316 = ORIENTED_EDGE ( 'NONE', *, *, #1015, .T. ) ;
#6317 = ORIENTED_EDGE ( 'NONE', *, *, #3973, .T. ) ;
#6318 = FACE_OUTER_BOUND ( 'NONE', #1245, .T. ) ;
#6319 = DIRECTION ( 'NONE',  ( -0.5000000000000013323, 0.000000000000000000, -0.8660254037844377084 ) ) ;
#6320 = ORIENTED_EDGE ( 'NONE', *, *, #7683, .T. ) ;
#6321 = EDGE_CURVE ( 'NONE', #4287, #3979, #5725, .T. ) ;
#6322 = CARTESIAN_POINT ( 'NONE',  ( -2.001906358892894033, 1.200787401574803237, -0.01365806910900107737 ) ) ;
#6323 = ADVANCED_FACE ( 'NONE', ( #3383 ), #6850, .T. ) ;
#6324 = VERTEX_POINT ( 'NONE', #928 ) ;
#6325 = EDGE_CURVE ( 'NONE', #5513, #78, #2717, .T. ) ;
#6326 = ORIENTED_EDGE ( 'NONE', *, *, #673, .F. ) ;
#6327 = DIRECTION ( 'NONE',  ( 0.000000000000000000, 0.000000000000000000, -1.000000000000000000 ) ) ;
#6328 = EDGE_LOOP ( 'NONE', ( #905, #3713, #2623, #6482 ) ) ;
#6329 = DIRECTION ( 'NONE',  ( 0.000000000000000000, -1.000000000000000000, 0.000000000000000000 ) ) ;
#6330 = ORIENTED_EDGE ( 'NONE', *, *, #6371, .F. ) ;
#6331 = ORIENTED_EDGE ( 'NONE', *, *, #6870, .T. ) ;
#6332 = ORIENTED_EDGE ( 'NONE', *, *, #4332, .T. ) ;
#6333 = DIRECTION ( 'NONE',  ( -0.000000000000000000, -1.000000000000000000, -0.000000000000000000 ) ) ;
#6334 = DIRECTION ( 'NONE',  ( 0.000000000000000000, -0.000000000000000000, -1.000000000000000000 ) ) ;
#6335 = DIRECTION ( 'NONE',  ( 0.000000000000000000, -1.000000000000000000, 0.000000000000000000 ) ) ;
#6336 = CYLINDRICAL_SURFACE ( 'NONE', #5399, 0.08070866141732296883 ) ;
#6337 = ADVANCED_FACE ( 'NONE', ( #4492 ), #426, .F. ) ;
#6338 = ORIENTED_EDGE ( 'NONE', *, *, #4359, .T. ) ;
#6339 = DIRECTION ( 'NONE',  ( -0.000000000000000000, -1.000000000000000000, -0.000000000000000000 ) ) ;
#6340 = VERTEX_POINT ( 'NONE', #5915 ) ;
#6341 = DIRECTION ( 'NONE',  ( 0.000000000000000000, 0.000000000000000000, -1.000000000000000000 ) ) ;
#6342 = PLANE ( 'NONE',  #5480 ) ;
#6343 = CARTESIAN_POINT ( 'NONE',  ( -2.198756752593682862, 1.200787401574803237, -0.5160302753233464435 ) ) ;
#6344 = CARTESIAN_POINT ( 'NONE',  ( -5.963109668242728034, 0.000000000000000000, -0.5577343261545919528 ) ) ;
#6345 = VERTEX_POINT ( 'NONE', #1671 ) ;
#6346 = DIRECTION ( 'NONE',  ( 0.000000000000000000, 0.000000000000000000, -1.000000000000000000 ) ) ;
#6347 = ORIENTED_EDGE ( 'NONE', *, *, #4685, .F. ) ;
#6348 = EDGE_CURVE ( 'NONE', #7492, #6051, #929, .T. ) ;
#6349 = ORIENTED_EDGE ( 'NONE', *, *, #152, .T. ) ;
#6350 = EDGE_LOOP ( 'NONE', ( #3419, #2212, #6585, #5655 ) ) ;
#6351 = EDGE_CURVE ( 'NONE', #4790, #1175, #5340, .T. ) ;
#6352 = LINE ( 'NONE', #631, #7268 ) ;
#6353 = CARTESIAN_POINT ( 'NONE',  ( -2.001906358892894033, 1.082677165354330784, -0.09436673052632393865 ) ) ;
#6354 = ORIENTED_EDGE ( 'NONE', *, *, #532, .F. ) ;
#6355 = FACE_OUTER_BOUND ( 'NONE', #179, .T. ) ;
#6356 = APPLICATION_CONTEXT ( 'automotive_design' ) ;
#6357 = CARTESIAN_POINT ( 'NONE',  ( -0.3004858503013124738, 1.082677165354330784, 1.531288830339360807 ) ) ;
#6358 = VECTOR ( 'NONE', #890, 39.37007874015747433 ) ;
#6359 = DIRECTION ( 'NONE',  ( -0.000000000000000000, -1.000000000000000000, -0.000000000000000000 ) ) ;
#6360 = VERTEX_POINT ( 'NONE', #7018 ) ;
#6361 = LINE ( 'NONE', #4040, #2928 ) ;
#6362 = ORIENTED_EDGE ( 'NONE', *, *, #2899, .T. ) ;
#6363 = DIRECTION ( 'NONE',  ( -0.000000000000000000, -1.000000000000000000, -0.000000000000000000 ) ) ;
#6364 = EDGE_LOOP ( 'NONE', ( #6377, #3322 ) ) ;
#6365 = ORIENTED_EDGE ( 'NONE', *, *, #4141, .T. ) ;
#6366 = DIRECTION ( 'NONE',  ( -0.000000000000000000, -1.000000000000000000, -0.000000000000000000 ) ) ;
#6367 = DIRECTION ( 'NONE',  ( 0.000000000000000000, 0.000000000000000000, -1.000000000000000000 ) ) ;
#6368 = EDGE_CURVE ( 'NONE', #6051, #7492, #4269, .T. ) ;
#6369 = CARTESIAN_POINT ( 'NONE',  ( -0.3134091807767939164, 0.000000000000000000, 1.942703881527100274 ) ) ;
#6370 = AXIS2_PLACEMENT_3D ( 'NONE', #6967, #1662, #2392 ) ;
#6371 = EDGE_CURVE ( 'NONE', #1643, #1426, #4731, .T. ) ;
#6372 = VECTOR ( 'NONE', #5896, 39.37007874015748143 ) ;
#6373 = VECTOR ( 'NONE', #2256, 39.37007874015748854 ) ;
#6374 = CIRCLE ( 'NONE', #3030, 0.08070866141732309373 ) ;
#6375 = DIRECTION ( 'NONE',  ( 0.000000000000000000, 0.000000000000000000, -1.000000000000000000 ) ) ;
#6376 = DIRECTION ( 'NONE',  ( 0.8660254037844362651, 0.000000000000000000, -0.5000000000000041078 ) ) ;
#6377 = ORIENTED_EDGE ( 'NONE', *, *, #432, .F. ) ;
#6378 = DIRECTION ( 'NONE',  ( 0.000000000000000000, 0.000000000000000000, -1.000000000000000000 ) ) ;
#6379 = AXIS2_PLACEMENT_3D ( 'NONE', #5947, #648, #3002 ) ;
#6380 = VECTOR ( 'NONE', #99, 39.37007874015748854 ) ;
#6381 = AXIS2_PLACEMENT_3D ( 'NONE', #7121, #1129, #1200 ) ;
#6382 = CARTESIAN_POINT ( 'NONE',  ( -1.031787612775674434, 1.200787401574803237, -1.563678072088878990 ) ) ;
#6383 =( NAMED_UNIT ( * ) PLANE_ANGLE_UNIT ( ) SI_UNIT ( $, .RADIAN. ) );
#6384 = CARTESIAN_POINT ( 'NONE',  ( -1.963293677257741177, 1.200787401574803237, -2.308983667109865134 ) ) ;
#6385 = VECTOR ( 'NONE', #1587, 39.37007874015748143 ) ;
#6386 = DIRECTION ( 'NONE',  ( -0.000000000000000000, -1.000000000000000000, -0.000000000000000000 ) ) ;
#6387 = VECTOR ( 'NONE', #4517, 39.37007874015748854 ) ;
#6388 = ORIENTED_EDGE ( 'NONE', *, *, #4236, .F. ) ;
#6389 = ORIENTED_EDGE ( 'NONE', *, *, #7663, .T. ) ;
#6390 = CIRCLE ( 'NONE', #4408, 0.08070866141732323251 ) ;
#6391 = AXIS2_PLACEMENT_3D ( 'NONE', #4585, #4703, #1098 ) ;
#6392 = CARTESIAN_POINT ( 'NONE',  ( -0.3004858503013124738, 1.200787401574803237, 1.611997491756683276 ) ) ;
#6393 = CARTESIAN_POINT ( 'NONE',  ( -2.001906358892894033, 1.200787401574803237, -0.09436673052632393865 ) ) ;
#6394 = ORIENTED_EDGE ( 'NONE', *, *, #5993, .F. ) ;
#6395 = DIRECTION ( 'NONE',  ( 0.000000000000000000, -0.000000000000000000, -1.000000000000000000 ) ) ;
#6396 = EDGE_CURVE ( 'NONE', #1877, #2458, #24, .T. ) ;
#6397 = VECTOR ( 'NONE', #6607, 39.37007874015748854 ) ;
#6398 = ADVANCED_FACE ( 'NONE', ( #1752 ), #3523, .F. ) ;
#6399 = AXIS2_PLACEMENT_3D ( 'NONE', #3425, #477, #2681 ) ;
#6400 = CARTESIAN_POINT ( 'NONE',  ( -2.290115338250715116, 1.200787401574803237, 0.9812438236346530118 ) ) ;
#6401 = EDGE_CURVE ( 'NONE', #2100, #2387, #5629, .T. ) ;
#6402 = EDGE_CURVE ( 'NONE', #2575, #2262, #1810, .T. ) ;
#6403 = EDGE_LOOP ( 'NONE', ( #6549, #60, #704, #2765 ) ) ;
#6404 = VECTOR ( 'NONE', #341, 39.37007874015748143 ) ;
#6405 = DIRECTION ( 'NONE',  ( -0.7754638790607795151, 0.000000000000000000, -0.6313919323779871862 ) ) ;
#6406 = LINE ( 'NONE', #6515, #699 ) ;
#6407 = ORIENTED_EDGE ( 'NONE', *, *, #2777, .T. ) ;
#6408 = CARTESIAN_POINT ( 'NONE',  ( -1.301433454106092569, 1.200787401574803237, -1.329026771655712258 ) ) ;
#6409 = ORIENTED_EDGE ( 'NONE', *, *, #126, .F. ) ;
#6410 = VERTEX_POINT ( 'NONE', #2334 ) ;
#6411 = DIRECTION ( 'NONE',  ( -0.000000000000000000, -1.000000000000000000, -0.000000000000000000 ) ) ;
#6412 = DIRECTION ( 'NONE',  ( -0.5000000000000041078, -1.084202172485504311E-16, -0.8660254037844363761 ) ) ;
#6413 = FACE_OUTER_BOUND ( 'NONE', #4718, .T. ) ;
#6414 = CIRCLE ( 'NONE', #730, 0.08070866141732269128 ) ;
#6415 = EDGE_CURVE ( 'NONE', #2657, #6345, #2940, .T. ) ;
#6416 = DIRECTION ( 'NONE',  ( 0.000000000000000000, -1.000000000000000000, 0.000000000000000000 ) ) ;
#6417 = DIRECTION ( 'NONE',  ( -0.3535533905932699006, 0.7071067811865610064, -0.6123724356957812587 ) ) ;
#6418 = ORIENTED_EDGE ( 'NONE', *, *, #1975, .T. ) ;
#6419 = EDGE_CURVE ( 'NONE', #6554, #4595, #7053, .T. ) ;
#6420 = AXIS2_PLACEMENT_3D ( 'NONE', #4468, #2643, #5541 ) ;
#6421 = CARTESIAN_POINT ( 'NONE',  ( -1.428842308484151280, 1.082677165354330784, 2.698257970157384555 ) ) ;
#6422 = CARTESIAN_POINT ( 'NONE',  ( -2.365839501977432757, 1.082677165354331672, 2.070558165644184712 ) ) ;
#6423 = FACE_OUTER_BOUND ( 'NONE', #1597, .T. ) ;
#6424 = DIRECTION ( 'NONE',  ( 0.000000000000000000, 1.000000000000000000, -0.000000000000000000 ) ) ;
#6425 = DIRECTION ( 'NONE',  ( 0.000000000000000000, 0.000000000000000000, -1.000000000000000000 ) ) ;
#6426 = ORIENTED_EDGE ( 'NONE', *, *, #4038, .F. ) ;
#6427 = ORIENTED_EDGE ( 'NONE', *, *, #7414, .F. ) ;
#6428 = FACE_OUTER_BOUND ( 'NONE', #600, .T. ) ;
#6429 = DIRECTION ( 'NONE',  ( 0.8660254037844362651, 0.000000000000000000, -0.5000000000000041078 ) ) ;
#6430 = FACE_OUTER_BOUND ( 'NONE', #3917, .T. ) ;
#6431 = CARTESIAN_POINT ( 'NONE',  ( -0.8321760763651093740, 1.141732283464567121, -0.1961445006252572620 ) ) ;
#6432 = ORIENTED_EDGE ( 'NONE', *, *, #4864, .F. ) ;
#6433 = CARTESIAN_POINT ( 'NONE',  ( -4.678540806714116762, 4.628586327486060049E-16, 3.064842003109420787 ) ) ;
#6434 = CARTESIAN_POINT ( 'NONE',  ( -0.8419227783873970417, 1.082677165354330784, -0.1356514444852581214 ) ) ;
#6435 = VERTEX_POINT ( 'NONE', #7123 ) ;
#6436 =( LENGTH_UNIT ( ) NAMED_UNIT ( * ) SI_UNIT ( $, .METRE. ) );
#6437 = EDGE_CURVE ( 'NONE', #5142, #4554, #1824, .T. ) ;
#6438 = FACE_OUTER_BOUND ( 'NONE', #6403, .T. ) ;
#6439 = VERTEX_POINT ( 'NONE', #4099 ) ;
#6440 = CYLINDRICAL_SURFACE ( 'NONE', #7263, 0.08070866141732351007 ) ;
#6441 = DIRECTION ( 'NONE',  ( 0.000000000000000000, 0.000000000000000000, -1.000000000000000000 ) ) ;
#6442 = EDGE_LOOP ( 'NONE', ( #1232, #4081 ) ) ;
#6443 = CYLINDRICAL_SURFACE ( 'NONE', #3160, 0.08070866141732269128 ) ;
#6444 = ORIENTED_EDGE ( 'NONE', *, *, #534, .T. ) ;
#6445 = ORIENTED_EDGE ( 'NONE', *, *, #3890, .F. ) ;
#6446 = DIRECTION ( 'NONE',  ( 0.000000000000000000, 1.000000000000000000, 0.000000000000000000 ) ) ;
#6447 = CARTESIAN_POINT ( 'NONE',  ( -2.198756752593682862, 1.082677165354330784, -0.4353216139060233636 ) ) ;
#6448 = EDGE_CURVE ( 'NONE', #276, #4338, #4657, .T. ) ;
#6449 = CARTESIAN_POINT ( 'NONE',  ( -4.533022994796533922, 0.6791338582677166613, 2.844445301875037302 ) ) ;
#6450 = DIRECTION ( 'NONE',  ( 0.5000000000000039968, -0.000000000000000000, 0.8660254037844363761 ) ) ;
#6451 = ORIENTED_EDGE ( 'NONE', *, *, #5121, .F. ) ;
#6452 = DIRECTION ( 'NONE',  ( -0.000000000000000000, -1.000000000000000000, -0.000000000000000000 ) ) ;
#6453 = DIRECTION ( 'NONE',  ( 0.000000000000000000, 0.000000000000000000, -1.000000000000000000 ) ) ;
#6454 = DIRECTION ( 'NONE',  ( 0.9345333927142711605, -0.000000000000000000, -0.3558754527948699842 ) ) ;
#6455 = LINE ( 'NONE', #7561, #452 ) ;
#6456 = CARTESIAN_POINT ( 'NONE',  ( -4.921259842519685179, 0.000000000000000000, 2.841290694830832742 ) ) ;
#6457 = DIRECTION ( 'NONE',  ( 0.000000000000000000, 0.000000000000000000, 1.000000000000000000 ) ) ;
#6458 = ORIENTED_EDGE ( 'NONE', *, *, #42, .F. ) ;
#6459 = ORIENTED_EDGE ( 'NONE', *, *, #2534, .T. ) ;
#6460 = DIRECTION ( 'NONE',  ( -0.2113248654051862740, -0.5773502691896054140, 0.7886751345948279646 ) ) ;
#6461 = CARTESIAN_POINT ( 'NONE',  ( -1.175892102454584753, 1.082677165354330784, -1.025872795008390570 ) ) ;
#6462 = DIRECTION ( 'NONE',  ( 0.5000000000000041078, 0.000000000000000000, 0.8660254037844362651 ) ) ;
#6463 = VERTEX_POINT ( 'NONE', #7672 ) ;
#6464 = CARTESIAN_POINT ( 'NONE',  ( -2.736562029674171725, 1.200787401574803237, -0.5794261035849337382 ) ) ;
#6465 = EDGE_CURVE ( 'NONE', #6641, #6410, #2977, .T. ) ;
#6466 = EDGE_CURVE ( 'NONE', #7039, #1117, #3781, .T. ) ;
#6467 = CARTESIAN_POINT ( 'NONE',  ( -1.509832702874725818, 1.082677165354330784, -0.2998563300174523216 ) ) ;
#6468 = EDGE_LOOP ( 'NONE', ( #6317, #4578 ) ) ;
#6469 = DIRECTION ( 'NONE',  ( -0.000000000000000000, -1.000000000000000000, -0.000000000000000000 ) ) ;
#6470 = FACE_BOUND ( 'NONE', #3614, .T. ) ;
#6471 = VERTEX_POINT ( 'NONE', #7632 ) ;
#6472 = DIRECTION ( 'NONE',  ( 0.000000000000000000, 0.000000000000000000, -1.000000000000000000 ) ) ;
#6473 = DIRECTION ( 'NONE',  ( -0.1590695136534932552, 0.000000000000000000, 0.9872673851728522854 ) ) ;
#6474 = ORIENTED_EDGE ( 'NONE', *, *, #1126, .T. ) ;
#6475 = PLANE ( 'NONE',  #6544 ) ;
#6476 = EDGE_LOOP ( 'NONE', ( #7411, #6365 ) ) ;
#6477 = DIRECTION ( 'NONE',  ( 0.000000000000000000, -1.000000000000000000, 0.000000000000000000 ) ) ;
#6478 = DIRECTION ( 'NONE',  ( -0.1590695136534932552, 0.000000000000000000, 0.9872673851728522854 ) ) ;
#6479 = FACE_OUTER_BOUND ( 'NONE', #5875, .T. ) ;
#6480 = DIRECTION ( 'NONE',  ( -0.8660254037844362651, 0.000000000000000000, 0.5000000000000038858 ) ) ;
#6481 = EDGE_CURVE ( 'NONE', #4995, #7094, #7564, .T. ) ;
#6482 = ORIENTED_EDGE ( 'NONE', *, *, #969, .T. ) ;
#6483 = ADVANCED_FACE ( 'NONE', ( #6977 ), #1091, .T. ) ;
#6484 = DIRECTION ( 'NONE',  ( -0.8660254037844362651, 0.000000000000000000, 0.5000000000000039968 ) ) ;
#6485 = AXIS2_PLACEMENT_3D ( 'NONE', #3174, #4579, #976 ) ;
#6486 = VECTOR ( 'NONE', #440, 39.37007874015748143 ) ;
#6487 = LINE ( 'NONE', #5225, #7231 ) ;
#6488 = CARTESIAN_POINT ( 'NONE',  ( -2.736562029674171725, 1.200787401574803237, -0.5794261035849337382 ) ) ;
#6489 = DIRECTION ( 'NONE',  ( -0.7664256734729301135, 0.000000000000000000, 0.6423330032324086059 ) ) ;
#6490 = DIRECTION ( 'NONE',  ( -0.8660254037844362651, -0.000000000000000000, 0.5000000000000041078 ) ) ;
#6491 = AXIS2_PLACEMENT_3D ( 'NONE', #5509, #6014, #7229 ) ;
#6492 = EDGE_CURVE ( 'NONE', #2040, #635, #6618, .T. ) ;
#6493 = AXIS2_PLACEMENT_3D ( 'NONE', #6255, #967, #5679 ) ;
#6494 = ORIENTED_EDGE ( 'NONE', *, *, #4475, .T. ) ;
#6495 = AXIS2_PLACEMENT_3D ( 'NONE', #5428, #36, #113 ) ;
#6496 = CYLINDRICAL_SURFACE ( 'NONE', #7644, 0.08070866141732323251 ) ;
#6497 = ORIENTED_EDGE ( 'NONE', *, *, #6505, .F. ) ;
#6498 = DIRECTION ( 'NONE',  ( 0.000000000000000000, 0.000000000000000000, -1.000000000000000000 ) ) ;
#6499 = DIRECTION ( 'NONE',  ( -0.7754638790607798482, 0.000000000000000000, -0.6313919323779866311 ) ) ;
#6500 = AXIS2_PLACEMENT_3D ( 'NONE', #5359, #4159, #6520 ) ;
#6501 = VECTOR ( 'NONE', #2585, 39.37007874015748143 ) ;
#6502 = FACE_OUTER_BOUND ( 'NONE', #3439, .T. ) ;
#6503 = VERTEX_POINT ( 'NONE', #4065 ) ;
#6504 = DIRECTION ( 'NONE',  ( 0.000000000000000000, 0.000000000000000000, -1.000000000000000000 ) ) ;
#6505 = EDGE_CURVE ( 'NONE', #1219, #5210, #3008, .T. ) ;
#6506 = EDGE_LOOP ( 'NONE', ( #1049, #7393 ) ) ;
#6507 = EDGE_LOOP ( 'NONE', ( #3391, #2682, #4957, #6540 ) ) ;
#6508 = CIRCLE ( 'NONE', #3168, 0.08070866141732296883 ) ;
#6509 = VECTOR ( 'NONE', #646, 39.37007874015748143 ) ;
#6510 = AXIS2_PLACEMENT_3D ( 'NONE', #2577, #1234, #6288 ) ;
#6511 = ORIENTED_EDGE ( 'NONE', *, *, #514, .T. ) ;
#6512 = ADVANCED_FACE ( 'NONE', ( #6061 ), #57, .F. ) ;
#6513 = ORIENTED_EDGE ( 'NONE', *, *, #1951, .T. ) ;
#6514 = CARTESIAN_POINT ( 'NONE',  ( -4.717853388903371581, 1.082677165354331672, -2.003249386619054828 ) ) ;
#6515 = CARTESIAN_POINT ( 'NONE',  ( -2.001906358892894033, 1.200787401574803237, -0.1750753919436467965 ) ) ;
#6516 = ORIENTED_EDGE ( 'NONE', *, *, #5080, .F. ) ;
#6517 = AXIS2_PLACEMENT_3D ( 'NONE', #696, #165, #4252 ) ;
#6518 = VECTOR ( 'NONE', #934, 39.37007874015748143 ) ;
#6519 = DIRECTION ( 'NONE',  ( 0.3558754527948700397, 0.000000000000000000, 0.9345333927142712716 ) ) ;
#6520 = DIRECTION ( 'NONE',  ( 0.5000000000000041078, 0.000000000000000000, 0.8660254037844362651 ) ) ;
#6521 = LINE ( 'NONE', #1910, #3080 ) ;
#6522 = VERTEX_POINT ( 'NONE', #209 ) ;
#6523 = AXIS2_PLACEMENT_3D ( 'NONE', #649, #4798, #3040 ) ;
#6524 = ORIENTED_EDGE ( 'NONE', *, *, #4121, .T. ) ;
#6525 = DIRECTION ( 'NONE',  ( 0.5000000000000041078, -0.000000000000000000, 0.8660254037844362651 ) ) ;
#6526 = LINE ( 'NONE', #6636, #2320 ) ;
#6527 = AXIS2_PLACEMENT_3D ( 'NONE', #5382, #1980, #68 ) ;
#6528 = CARTESIAN_POINT ( 'NONE',  ( -0.2387462170513900417, 1.200787401574803237, 1.479307047819510279 ) ) ;
#6529 = FACE_OUTER_BOUND ( 'NONE', #5069, .T. ) ;
#6530 = ORIENTED_EDGE ( 'NONE', *, *, #2427, .F. ) ;
#6531 = DIRECTION ( 'NONE',  ( -0.5000000000000041078, -1.084202172485504311E-16, -0.8660254037844363761 ) ) ;
#6532 = ORIENTED_EDGE ( 'NONE', *, *, #3387, .T. ) ;
#6533 = ADVANCED_FACE ( 'NONE', ( #6568 ), #7282, .T. ) ;
#6534 = AXIS2_PLACEMENT_3D ( 'NONE', #5396, #1368, #4789 ) ;
#6535 = LINE ( 'NONE', #1305, #4148 ) ;
#6536 = CARTESIAN_POINT ( 'NONE',  ( -1.267250688111616563, 1.200787401574803237, 0.3906926425322859164 ) ) ;
#6537 = EDGE_CURVE ( 'NONE', #5375, #6181, #5020, .T. ) ;
#6538 = CARTESIAN_POINT ( 'NONE',  ( -3.278884500051843176, 1.181102362204724754, 1.552109965366941013 ) ) ;
#6539 = AXIS2_PLACEMENT_3D ( 'NONE', #4234, #3518, #6668 ) ;
#6540 = ORIENTED_EDGE ( 'NONE', *, *, #764, .T. ) ;
#6541 = ORIENTED_EDGE ( 'NONE', *, *, #6267, .F. ) ;
#6542 = ADVANCED_FACE ( 'NONE', ( #3680 ), #1974, .F. ) ;
#6543 = CARTESIAN_POINT ( 'NONE',  ( -1.516846985834283901, 1.200787401574803237, -0.8290224013076015197 ) ) ;
#6544 = AXIS2_PLACEMENT_3D ( 'NONE', #3550, #4748, #613 ) ;
#6545 = DIRECTION ( 'NONE',  ( 0.000000000000000000, 1.000000000000000000, 0.000000000000000000 ) ) ;
#6546 = VERTEX_POINT ( 'NONE', #796 ) ;
#6547 = DIRECTION ( 'NONE',  ( -0.8660254037844362651, 0.000000000000000000, 0.5000000000000041078 ) ) ;
#6548 = EDGE_CURVE ( 'NONE', #512, #4809, #1068, .T. ) ;
#6549 = ORIENTED_EDGE ( 'NONE', *, *, #7609, .F. ) ;
#6550 = ORIENTED_EDGE ( 'NONE', *, *, #1870, .F. ) ;
#6551 = ORIENTED_EDGE ( 'NONE', *, *, #4936, .T. ) ;
#6552 = CARTESIAN_POINT ( 'NONE',  ( -1.123146198432706244, 1.200787401574803237, -0.1471126345482025866 ) ) ;
#6553 = DIRECTION ( 'NONE',  ( -0.000000000000000000, -1.000000000000000000, -0.000000000000000000 ) ) ;
#6554 = VERTEX_POINT ( 'NONE', #5519 ) ;
#6555 = DIRECTION ( 'NONE',  ( 0.000000000000000000, -1.000000000000000000, 0.000000000000000000 ) ) ;
#6556 = CARTESIAN_POINT ( 'NONE',  ( -2.054652262914772987, 1.082677165354330784, -0.9731268909865119499 ) ) ;
#6557 = CARTESIAN_POINT ( 'NONE',  ( -2.645203444017139915, 1.082677165354330784, -1.915282879708286368 ) ) ;
#6558 = ORIENTED_EDGE ( 'NONE', *, *, #4163, .F. ) ;
#6559 = DIRECTION ( 'NONE',  ( -0.000000000000000000, -1.000000000000000000, -0.000000000000000000 ) ) ;
#6560 = DIRECTION ( 'NONE',  ( -0.5000000000000041078, -1.084202172485504311E-16, -0.8660254037844363761 ) ) ;
#6561 = DIRECTION ( 'NONE',  ( 0.000000000000000000, -1.000000000000000000, 0.000000000000000000 ) ) ;
#6562 = ADVANCED_FACE ( 'NONE', ( #2002 ), #3051, .F. ) ;
#6563 = CARTESIAN_POINT ( 'NONE',  ( -2.251502656615562259, 1.200787401574803237, -1.233373112948888073 ) ) ;
#6564 = ORIENTED_EDGE ( 'NONE', *, *, #3276, .T. ) ;
#6565 = LINE ( 'NONE', #5864, #5304 ) ;
#6566 = CARTESIAN_POINT ( 'NONE',  ( -2.107398166936651496, 1.200787401574803237, -1.851887051446699850 ) ) ;
#6567 = DIRECTION ( 'NONE',  ( -0.7754638790607798482, 0.000000000000000000, -0.6313919323779866311 ) ) ;
#6568 = FACE_OUTER_BOUND ( 'NONE', #872, .T. ) ;
#6569 = EDGE_CURVE ( 'NONE', #463, #5606, #690, .T. ) ;
#6570 = ORIENTED_EDGE ( 'NONE', *, *, #1761, .T. ) ;
#6571 = EDGE_CURVE ( 'NONE', #2387, #2100, #7124, .T. ) ;
#6572 = VERTEX_POINT ( 'NONE', #159 ) ;
#6573 = CARTESIAN_POINT ( 'NONE',  ( -2.789307933696049790, 1.082677165354330784, -1.377477602627798392 ) ) ;
#6574 = DIRECTION ( 'NONE',  ( 0.000000000000000000, 0.000000000000000000, -1.000000000000000000 ) ) ;
#6575 = ORIENTED_EDGE ( 'NONE', *, *, #4563, .F. ) ;
#6576 = FACE_OUTER_BOUND ( 'NONE', #5594, .T. ) ;
#6577 = EDGE_CURVE ( 'NONE', #19, #6839, #5271, .T. ) ;
#6578 = ORIENTED_EDGE ( 'NONE', *, *, #2658, .T. ) ;
#6579 = ORIENTED_EDGE ( 'NONE', *, *, #2064, .T. ) ;
#6580 = ADVANCED_FACE ( 'NONE', ( #4286 ), #6714, .F. ) ;
#6581 = ADVANCED_FACE ( 'NONE', ( #6647 ), #5374, .T. ) ;
#6582 = EDGE_LOOP ( 'NONE', ( #5079, #6513, #2270, #5171 ) ) ;
#6583 = DIRECTION ( 'NONE',  ( -0.000000000000000000, -1.000000000000000000, -0.000000000000000000 ) ) ;
#6584 = CARTESIAN_POINT ( 'NONE',  ( -1.228638006476463485, 1.200787401574803237, -1.823924294051255224 ) ) ;
#6585 = ORIENTED_EDGE ( 'NONE', *, *, #5922, .F. ) ;
#6586 = DIRECTION ( 'NONE',  ( 0.000000000000000000, 0.000000000000000000, -1.000000000000000000 ) ) ;
#6587 = CARTESIAN_POINT ( 'NONE',  ( -5.404891036811910965, 1.181102362204724532, 1.483931854821420870 ) ) ;
#6588 = DIRECTION ( 'NONE',  ( 0.000000000000000000, -0.000000000000000000, -1.000000000000000000 ) ) ;
#6589 = EDGE_CURVE ( 'NONE', #5586, #5175, #1861, .T. ) ;
#6590 = DIRECTION ( 'NONE',  ( 0.000000000000000000, 0.000000000000000000, -1.000000000000000000 ) ) ;
#6591 = EDGE_LOOP ( 'NONE', ( #7250, #120, #5962, #1644 ) ) ;
#6592 = ORIENTED_EDGE ( 'NONE', *, *, #5170, .F. ) ;
#6593 = CYLINDRICAL_SURFACE ( 'NONE', #2536, 0.08070866141732323251 ) ;
#6594 = AXIS2_PLACEMENT_3D ( 'NONE', #2091, #3961, #4994 ) ;
#6595 = CARTESIAN_POINT ( 'NONE',  ( -1.910547773235862445, 1.200787401574803237, -1.591640829484323616 ) ) ;
#6596 = CARTESIAN_POINT ( 'NONE',  ( -1.464101081812405836, 1.082677165354330784, -0.03097090226473669244 ) ) ;
#6597 = ORIENTED_EDGE ( 'NONE', *, *, #4843, .T. ) ;
#6598 = DIRECTION ( 'NONE',  ( 0.000000000000000000, 0.000000000000000000, -1.000000000000000000 ) ) ;
#6599 = EDGE_CURVE ( 'NONE', #6410, #4583, #6681, .T. ) ;
#6600 = EDGE_CURVE ( 'NONE', #7642, #5142, #3747, .T. ) ;
#6601 = FACE_OUTER_BOUND ( 'NONE', #7364, .T. ) ;
#6602 = DIRECTION ( 'NONE',  ( 0.000000000000000000, -1.000000000000000000, 0.000000000000000000 ) ) ;
#6603 = DIRECTION ( 'NONE',  ( 0.000000000000000000, -0.000000000000000000, -1.000000000000000000 ) ) ;
#6604 = ORIENTED_EDGE ( 'NONE', *, *, #6465, .T. ) ;
#6605 = CARTESIAN_POINT ( 'NONE',  ( -1.857801869213983714, 1.082677165354330784, -0.6321720076068124694 ) ) ;
#6606 = ORIENTED_EDGE ( 'NONE', *, *, #7109, .F. ) ;
#6607 = DIRECTION ( 'NONE',  ( 0.8660254037844362651, 0.000000000000000000, -0.5000000000000038858 ) ) ;
#6608 = CARTESIAN_POINT ( 'NONE',  ( -2.880666519353082489, 1.200787401574803237, -0.04162082650444507564 ) ) ;
#6609 = ORIENTED_EDGE ( 'NONE', *, *, #5729, .T. ) ;
#6610 = DIRECTION ( 'NONE',  ( 0.000000000000000000, 0.000000000000000000, -1.000000000000000000 ) ) ;
#6611 = VECTOR ( 'NONE', #125, 39.37007874015748143 ) ;
#6612 = AXIS2_PLACEMENT_3D ( 'NONE', #1477, #1515, #3964 ) ;
#6613 = AXIS2_PLACEMENT_3D ( 'NONE', #7569, #6946, #982 ) ;
#6614 = EDGE_LOOP ( 'NONE', ( #5760, #3343, #908, #6286, #3497, #5381 ) ) ;
#6615 = VERTEX_POINT ( 'NONE', #2483 ) ;
#6616 = VERTEX_POINT ( 'NONE', #131 ) ;
#6617 = AXIS2_PLACEMENT_3D ( 'NONE', #4663, #7490, #1727 ) ;
#6618 = CIRCLE ( 'NONE', #5874, 0.08070866141732316312 ) ;
#6619 = AXIS2_PLACEMENT_3D ( 'NONE', #4750, #1076, #3448 ) ;
#6620 = EDGE_CURVE ( 'NONE', #6224, #19, #7202, .T. ) ;
#6621 = CARTESIAN_POINT ( 'NONE',  ( -0.1569893269076513831, 1.377952755905512028, 0.9718816505941227923 ) ) ;
#6622 = CARTESIAN_POINT ( 'NONE',  ( -3.130262817075749826, 1.200787401574803237, -1.261335870344332699 ) ) ;
#6623 = VERTEX_POINT ( 'NONE', #920 ) ;
#6624 = CYLINDRICAL_SURFACE ( 'NONE', #4048, 0.08070866141732323251 ) ;
#6625 = EDGE_CURVE ( 'NONE', #7565, #7187, #4987, .T. ) ;
#6626 = ADVANCED_FACE ( 'NONE', ( #3784 ), #1006, .F. ) ;
#6627 = AXIS2_PLACEMENT_3D ( 'NONE', #3405, #5122, #2184 ) ;
#6628 = PLANE ( 'NONE',  #7253 ) ;
#6629 = AXIS2_PLACEMENT_3D ( 'NONE', #7382, #5055, #1993 ) ;
#6630 = EDGE_CURVE ( 'NONE', #2022, #3725, #2430, .T. ) ;
#6631 = PLANE ( 'NONE',  #6534 ) ;
#6632 = DIRECTION ( 'NONE',  ( 0.000000000000000000, -1.000000000000000000, 0.000000000000000000 ) ) ;
#6633 = VERTEX_POINT ( 'NONE', #5027 ) ;
#6634 = VECTOR ( 'NONE', #4584, 39.37007874015748143 ) ;
#6635 = AXIS2_PLACEMENT_3D ( 'NONE', #6353, #6856, #4463 ) ;
#6636 = CARTESIAN_POINT ( 'NONE',  ( -0.0002485795009393979471, 1.082677165354330784, 0.0003053007397916138134 ) ) ;
#6637 = LINE ( 'NONE', #7112, #5496 ) ;
#6638 = AXIS2_PLACEMENT_3D ( 'NONE', #7489, #1614, #2182 ) ;
#6639 = VECTOR ( 'NONE', #6733, 39.37007874015748143 ) ;
#6640 = CARTESIAN_POINT ( 'NONE',  ( -1.256533434598305021, 1.082677165354330784, -1.022576800793862262 ) ) ;
#6641 = VERTEX_POINT ( 'NONE', #5717 ) ;
#6642 = DIRECTION ( 'NONE',  ( 0.000000000000000000, 1.000000000000000000, -0.000000000000000000 ) ) ;
#6643 = CARTESIAN_POINT ( 'NONE',  ( -1.376096404462285205, 1.200787401574803237, 1.900206471114519458 ) ) ;
#6644 = ADVANCED_FACE ( 'NONE', ( #378 ), #5141, .F. ) ;
#6645 = VECTOR ( 'NONE', #513, 39.37007874015748143 ) ;
#6646 = LINE ( 'NONE', #4760, #1407 ) ;
#6647 = FACE_OUTER_BOUND ( 'NONE', #6468, .T. ) ;
#6648 = ADVANCED_FACE ( 'NONE', ( #7473 ), #287, .F. ) ;
#6649 = VERTEX_POINT ( 'NONE', #1415 ) ;
#6650 = AXIS2_PLACEMENT_3D ( 'NONE', #6863, #3357, #4972 ) ;
#6651 = EDGE_LOOP ( 'NONE', ( #7576, #4950, #6524, #6043 ) ) ;
#6652 = LINE ( 'NONE', #1353, #6899 ) ;
#6653 = CARTESIAN_POINT ( 'NONE',  ( -2.683816125652293216, 1.200787401574803237, 0.2993340568752542175 ) ) ;
#6654 = DIRECTION ( 'NONE',  ( 0.5000000000000041078, 0.000000000000000000, 0.8660254037844362651 ) ) ;
#6655 = CIRCLE ( 'NONE', #3703, 0.08070866141732309373 ) ;
#6656 = DIRECTION ( 'NONE',  ( -0.6423330032324080507, -0.000000000000000000, -0.7664256734729305576 ) ) ;
#6657 = ORIENTED_EDGE ( 'NONE', *, *, #811, .T. ) ;
#6658 = ORIENTED_EDGE ( 'NONE', *, *, #3052, .T. ) ;
#6659 = AXIS2_PLACEMENT_3D ( 'NONE', #72, #1257, #2457 ) ;
#6660 = EDGE_LOOP ( 'NONE', ( #1864, #2294, #3134, #4505 ) ) ;
#6661 = DIRECTION ( 'NONE',  ( 0.000000000000000000, -1.000000000000000000, 0.000000000000000000 ) ) ;
#6662 = DIRECTION ( 'NONE',  ( 0.000000000000000000, 0.000000000000000000, 1.000000000000000000 ) ) ;
#6663 = VERTEX_POINT ( 'NONE', #6303 ) ;
#6664 = CARTESIAN_POINT ( 'NONE',  ( -3.327113210776539098, 1.200787401574803237, -1.602290753724031847 ) ) ;
#6665 = EDGE_CURVE ( 'NONE', #4047, #7563, #7010, .T. ) ;
#6666 = CARTESIAN_POINT ( 'NONE',  ( -2.818595407489249194, 0.000000000000000000, 1.286361933870877383 ) ) ;
#6667 = DIRECTION ( 'NONE',  ( 0.000000000000000000, -0.000000000000000000, 1.000000000000000000 ) ) ;
#6668 = DIRECTION ( 'NONE',  ( 0.000000000000000000, 0.000000000000000000, -1.000000000000000000 ) ) ;
#6669 = ORIENTED_EDGE ( 'NONE', *, *, #540, .T. ) ;
#6670 = CARTESIAN_POINT ( 'NONE',  ( -2.769193459787799849, 0.000000000000000000, 1.962479798385002416 ) ) ;
#6671 = DIRECTION ( 'NONE',  ( -0.1590695136534806542, 0.000000000000000000, 0.9872673851728543948 ) ) ;
#6672 = FACE_BOUND ( 'NONE', #7622, .T. ) ;
#6673 = VERTEX_POINT ( 'NONE', #416 ) ;
#6674 = FACE_OUTER_BOUND ( 'NONE', #1370, .T. ) ;
#6675 = ORIENTED_EDGE ( 'NONE', *, *, #264, .T. ) ;
#6676 = DIRECTION ( 'NONE',  ( 0.000000000000000000, 0.000000000000000000, -1.000000000000000000 ) ) ;
#6677 = ADVANCED_FACE ( 'NONE', ( #245 ), #2779, .T. ) ;
#6678 = DIRECTION ( 'NONE',  ( 0.000000000000000000, 0.000000000000000000, -1.000000000000000000 ) ) ;
#6679 = CARTESIAN_POINT ( 'NONE',  ( -0.0003886879469185648543, 1.082677165354330784, -6.262579277698502754E-05 ) ) ;
#6680 = LINE ( 'NONE', #2510, #6981 ) ;
#6681 = LINE ( 'NONE', #1386, #1427 ) ;
#6682 = VERTEX_POINT ( 'NONE', #6838 ) ;
#6683 = DIRECTION ( 'NONE',  ( 0.000000000000000000, -1.000000000000000000, 0.000000000000000000 ) ) ;
#6684 = DIRECTION ( 'NONE',  ( 0.000000000000000000, 0.000000000000000000, -1.000000000000000000 ) ) ;
#6685 = PLANE ( 'NONE',  #814 ) ;
#6686 = DIRECTION ( 'NONE',  ( -0.6123724356957771509, 0.7071067811865658914, 0.3535533905932675691 ) ) ;
#6687 = DIRECTION ( 'NONE',  ( 0.000000000000000000, 0.000000000000000000, -1.000000000000000000 ) ) ;
#6688 = FACE_OUTER_BOUND ( 'NONE', #3364, .T. ) ;
#6689 = CARTESIAN_POINT ( 'NONE',  ( -1.564132145497158843, 15.67005943375638211, 4.289497547441923686 ) ) ;
#6690 = ORIENTED_EDGE ( 'NONE', *, *, #5026, .T. ) ;
#6691 = ORIENTED_EDGE ( 'NONE', *, *, #6123, .T. ) ;
#6692 = ORIENTED_EDGE ( 'NONE', *, *, #2899, .F. ) ;
#6693 = ADVANCED_FACE ( 'NONE', ( #6133 ), #845, .T. ) ;
#6694 = EDGE_CURVE ( 'NONE', #2498, #6649, #3281, .T. ) ;
#6695 = CARTESIAN_POINT ( 'NONE',  ( -4.558412059106971448, 0.5807086614173232464, -0.6640967766011043327 ) ) ;
#6696 = LINE ( 'NONE', #3183, #2070 ) ;
#6697 = VERTEX_POINT ( 'NONE', #2036 ) ;
#6698 = LINE ( 'NONE', #1908, #7151 ) ;
#6699 = CARTESIAN_POINT ( 'NONE',  ( -4.698225846084195467, 0.6791338582677166613, 3.030746514771450517 ) ) ;
#6700 = DIRECTION ( 'NONE',  ( 0.000000000000000000, 0.000000000000000000, -1.000000000000000000 ) ) ;
#6701 = DIRECTION ( 'NONE',  ( -0.000000000000000000, -1.000000000000000000, -0.000000000000000000 ) ) ;
#6702 = CARTESIAN_POINT ( 'NONE',  ( -2.789307933696049790, 1.082677165354330784, -1.458186264045121971 ) ) ;
#6703 = ORIENTED_EDGE ( 'NONE', *, *, #1184, .F. ) ;
#6704 = CARTESIAN_POINT ( 'NONE',  ( -5.732401006825401879, 1.102362204724409489, -0.1581352028335849258 ) ) ;
#6705 = FACE_BOUND ( 'NONE', #2293, .T. ) ;
#6706 = ORIENTED_EDGE ( 'NONE', *, *, #3470, .T. ) ;
#6707 = CARTESIAN_POINT ( 'NONE',  ( -2.251502656615562259, 1.082677165354330784, -1.314081774366211430 ) ) ;
#6708 = ORIENTED_EDGE ( 'NONE', *, *, #4314, .F. ) ;
#6709 = LINE ( 'NONE', #3861, #7285 ) ;
#6710 = ORIENTED_EDGE ( 'NONE', *, *, #1583, .T. ) ;
#6711 = DIRECTION ( 'NONE',  ( 0.000000000000000000, -1.000000000000000000, 0.000000000000000000 ) ) ;
#6712 = DIRECTION ( 'NONE',  ( 0.000000000000000000, -1.000000000000000000, 0.000000000000000000 ) ) ;
#6713 = ADVANCED_FACE ( 'NONE', ( #4399 ), #3243, .T. ) ;
#6714 = PLANE ( 'NONE',  #932 ) ;
#6715 = AXIS2_PLACEMENT_3D ( 'NONE', #249, #4488, #4991 ) ;
#6716 = EDGE_CURVE ( 'NONE', #4939, #3017, #3830, .T. ) ;
#6717 = ORIENTED_EDGE ( 'NONE', *, *, #1833, .F. ) ;
#6718 = CARTESIAN_POINT ( 'NONE',  ( -0.6414407336810146187, 1.200787401574803237, 1.253729775221253506 ) ) ;
#6719 = CYLINDRICAL_SURFACE ( 'NONE', #789, 0.08070866141732316312 ) ;
#6720 = DIRECTION ( 'NONE',  ( 0.000000000000000000, 0.000000000000000000, -1.000000000000000000 ) ) ;
#6721 = DIRECTION ( 'NONE',  ( -0.000000000000000000, -1.000000000000000000, -0.000000000000000000 ) ) ;
#6722 = ORIENTED_EDGE ( 'NONE', *, *, #2768, .F. ) ;
#6723 = EDGE_CURVE ( 'NONE', #5101, #1174, #2660, .T. ) ;
#6724 = DIRECTION ( 'NONE',  ( 0.000000000000000000, 0.000000000000000000, -1.000000000000000000 ) ) ;
#6725 = ORIENTED_EDGE ( 'NONE', *, *, #7467, .T. ) ;
#6726 = ADVANCED_FACE ( 'NONE', ( #1540 ), #3906, .T. ) ;
#6727 = AXIS2_PLACEMENT_3D ( 'NONE', #4455, #253, #3998 ) ;
#6728 = AXIS2_PLACEMENT_3D ( 'NONE', #3389, #2227, #5733 ) ;
#6729 = PLANE ( 'NONE',  #5499 ) ;
#6730 = LINE ( 'NONE', #4304, #5518 ) ;
#6731 = AXIS2_PLACEMENT_3D ( 'NONE', #1971, #1859, #6023 ) ;
#6732 = ORIENTED_EDGE ( 'NONE', *, *, #6630, .T. ) ;
#6733 = DIRECTION ( 'NONE',  ( 0.000000000000000000, -1.000000000000000000, -0.000000000000000000 ) ) ;
#6734 = CARTESIAN_POINT ( 'NONE',  ( -1.769797191863853314, 1.200787401574803237, 2.582116237873922859 ) ) ;
#6735 = PLANE ( 'NONE',  #3432 ) ;
#6736 = AXIS2_PLACEMENT_3D ( 'NONE', #7312, #5670, #3775 ) ;
#6737 = DIRECTION ( 'NONE',  ( 0.000000000000000000, 0.000000000000000000, -1.000000000000000000 ) ) ;
#6738 = AXIS2_PLACEMENT_3D ( 'NONE', #1519, #7329, #2014 ) ;
#6739 = DIRECTION ( 'NONE',  ( 0.8660254037844362651, 0.000000000000000000, -0.5000000000000041078 ) ) ;
#6740 = ORIENTED_EDGE ( 'NONE', *, *, #4946, .T. ) ;
#6741 = LINE ( 'NONE', #366, #2962 ) ;
#6742 = DIRECTION ( 'NONE',  ( -0.000000000000000000, -1.000000000000000000, -0.000000000000000000 ) ) ;
#6743 = FACE_BOUND ( 'NONE', #4199, .T. ) ;
#6744 = EDGE_LOOP ( 'NONE', ( #3559, #3853, #334, #3736 ) ) ;
#6745 = AXIS2_PLACEMENT_3D ( 'NONE', #4265, #2996, #40 ) ;
#6746 = CIRCLE ( 'NONE', #64, 0.08070866141732309373 ) ;
#6747 = AXIS2_PLACEMENT_3D ( 'NONE', #2857, #7660, #4682 ) ;
#6748 = ORIENTED_EDGE ( 'NONE', *, *, #611, .F. ) ;
#6749 = LINE ( 'NONE', #3822, #7002 ) ;
#6750 = ORIENTED_EDGE ( 'NONE', *, *, #4220, .F. ) ;
#6751 = LINE ( 'NONE', #2582, #2087 ) ;
#6752 = VECTOR ( 'NONE', #5732, 39.37007874015748854 ) ;
#6753 = VECTOR ( 'NONE', #1119, 39.37007874015748854 ) ;
#6754 = ORIENTED_EDGE ( 'NONE', *, *, #6537, .F. ) ;
#6755 = CARTESIAN_POINT ( 'NONE',  ( -1.963293677257741177, 1.200787401574803237, -2.389692328527188270 ) ) ;
#6756 = DIRECTION ( 'NONE',  ( 0.000000000000000000, 0.000000000000000000, 1.000000000000000000 ) ) ;
#6757 = ORIENTED_EDGE ( 'NONE', *, *, #3748, .T. ) ;
#6758 = CIRCLE ( 'NONE', #1324, 0.08070866141732323251 ) ;
#6759 = VECTOR ( 'NONE', #3762, 39.37007874015748143 ) ;
#6760 = CARTESIAN_POINT ( 'NONE',  ( -1.372742496155374026, 1.200787401574803237, -1.366827678388090161 ) ) ;
#6761 = VERTEX_POINT ( 'NONE', #5102 ) ;
#6762 = LINE ( 'NONE', #2121, #4424 ) ;
#6763 = AXIS2_PLACEMENT_3D ( 'NONE', #5561, #4404, #799 ) ;
#6764 = AXIS2_PLACEMENT_3D ( 'NONE', #531, #570, #3512 ) ;
#6765 = CARTESIAN_POINT ( 'NONE',  ( -2.926673774748431267, 0.3937007874015752140, 1.689715891681243143 ) ) ;
#6766 = DIRECTION ( 'NONE',  ( -0.7754638790607795151, 0.000000000000000000, -0.6313919323779871862 ) ) ;
#6767 = ORIENTED_EDGE ( 'NONE', *, *, #3189, .F. ) ;
#6768 = DIRECTION ( 'NONE',  ( 0.000000000000000000, -1.000000000000000000, 0.000000000000000000 ) ) ;
#6769 = CIRCLE ( 'NONE', #5415, 0.08070866141732378762 ) ;
#6770 = DIRECTION ( 'NONE',  ( 0.000000000000000000, -1.000000000000000000, 0.000000000000000000 ) ) ;
#6771 = EDGE_CURVE ( 'NONE', #7238, #2344, #1744, .T. ) ;
#6772 = EDGE_LOOP ( 'NONE', ( #4624, #149, #7215, #1625 ) ) ;
#6773 = EDGE_LOOP ( 'NONE', ( #6550, #881, #192, #984 ) ) ;
#6774 = EDGE_CURVE ( 'NONE', #4448, #6340, #7499, .T. ) ;
#6775 = DIRECTION ( 'NONE',  ( 0.5000000000000041078, 0.000000000000000000, 0.8660254037844362651 ) ) ;
#6776 = AXIS2_PLACEMENT_3D ( 'NONE', #728, #6484, #3089 ) ;
#6777 = FACE_OUTER_BOUND ( 'NONE', #414, .T. ) ;
#6778 = CARTESIAN_POINT ( 'NONE',  ( -1.267250688111616563, 1.200787401574803237, 0.3906926425322859164 ) ) ;
#6779 = ORIENTED_EDGE ( 'NONE', *, *, #5571, .F. ) ;
#6780 = CARTESIAN_POINT ( 'NONE',  ( -0.9262958047319170829, 1.200787401574803237, 0.1938422488314968661 ) ) ;
#6781 = CARTESIAN_POINT ( 'NONE',  ( -0.4973362440020967501, 1.200787401574803237, 1.791535052301739928 ) ) ;
#6782 = AXIS2_PLACEMENT_3D ( 'NONE', #3884, #5005, #901 ) ;
#6783 = CYLINDRICAL_SURFACE ( 'NONE', #4702, 0.08070866141732309373 ) ;
#6784 = CARTESIAN_POINT ( 'NONE',  ( -0.7208403321445258083, 1.200787401574803237, -1.685605626781383481 ) ) ;
#6785 = VERTEX_POINT ( 'NONE', #2280 ) ;
#6786 = DIRECTION ( 'NONE',  ( 0.000000000000000000, 0.000000000000000000, -1.000000000000000000 ) ) ;
#6787 = ORIENTED_EDGE ( 'NONE', *, *, #1746, .T. ) ;
#6788 = DIRECTION ( 'NONE',  ( -0.5000000000000041078, -0.000000000000000000, -0.8660254037844362651 ) ) ;
#6789 = FACE_BOUND ( 'NONE', #7441, .T. ) ;
#6790 = VERTEX_POINT ( 'NONE', #6932 ) ;
#6791 = AXIS2_PLACEMENT_3D ( 'NONE', #4140, #5921, #6498 ) ;
#6792 = ORIENTED_EDGE ( 'NONE', *, *, #3616, .T. ) ;
#6793 = CARTESIAN_POINT ( 'NONE',  ( -2.645203444017139915, 1.200787401574803237, -2.076700202542933305 ) ) ;
#6794 = ORIENTED_EDGE ( 'NONE', *, *, #4239, .T. ) ;
#6795 = CARTESIAN_POINT ( 'NONE',  ( -3.650328545395615354, 1.377952755905512028, 1.152844494851593016 ) ) ;
#6796 = ORIENTED_EDGE ( 'NONE', *, *, #3655, .T. ) ;
#6797 = ORIENTED_EDGE ( 'NONE', *, *, #786, .F. ) ;
#6798 = CARTESIAN_POINT ( 'NONE',  ( -1.509832702874725818, 0.9842519685039373689, -0.2998563300174523216 ) ) ;
#6799 = DIRECTION ( 'NONE',  ( -0.000000000000000000, -1.000000000000000000, -0.000000000000000000 ) ) ;
#6800 = EDGE_CURVE ( 'NONE', #6057, #3066, #4125, .T. ) ;
#6801 = CARTESIAN_POINT ( 'NONE',  ( -6.568304586241691112, 1.102362204724409489, -0.2083248773356932981 ) ) ;
#6802 = EDGE_CURVE ( 'NONE', #6572, #3064, #5146, .T. ) ;
#6803 = VERTEX_POINT ( 'NONE', #14 ) ;
#6804 = DIRECTION ( 'NONE',  ( 0.000000000000000000, 0.000000000000000000, -1.000000000000000000 ) ) ;
#6805 = EDGE_LOOP ( 'NONE', ( #3755, #1278, #2852 ) ) ;
#6806 = CARTESIAN_POINT ( 'NONE',  ( -1.372742496155374026, 1.200787401574803237, -1.366827678388090161 ) ) ;
#6807 = DIRECTION ( 'NONE',  ( 0.8660254037844362651, 0.000000000000000000, -0.5000000000000041078 ) ) ;
#6808 = DIRECTION ( 'NONE',  ( 0.000000000000000000, -1.000000000000000000, 0.000000000000000000 ) ) ;
#6809 = EDGE_CURVE ( 'NONE', #3795, #2505, #4906, .T. ) ;
#6810 = PLANE ( 'NONE',  #1842 ) ;
#6811 = ORIENTED_EDGE ( 'NONE', *, *, #1953, .T. ) ;
#6812 = DIRECTION ( 'NONE',  ( 0.000000000000000000, -1.000000000000000000, 0.000000000000000000 ) ) ;
#6813 = ORIENTED_EDGE ( 'NONE', *, *, #4266, .F. ) ;
#6814 = ORIENTED_EDGE ( 'NONE', *, *, #3609, .F. ) ;
#6815 = CARTESIAN_POINT ( 'NONE',  ( -2.483432426354822198, 0.000000000000000000, 1.433810379870217311 ) ) ;
#6816 = CARTESIAN_POINT ( 'NONE',  ( -0.0003886879469145192081, 1.082677165354330784, -6.262579277633358466E-05 ) ) ;
#6817 = CARTESIAN_POINT ( 'NONE',  ( -5.220968681755850938, 1.377952755905512028, -0.4534107933847681959 ) ) ;
#6818 = ORIENTED_EDGE ( 'NONE', *, *, #2883, .T. ) ;
#6819 = CYLINDRICAL_SURFACE ( 'NONE', #337, 0.08070866141732337129 ) ;
#6820 = ADVANCED_FACE ( 'NONE', ( #617 ), #7620, .T. ) ;
#6821 = CARTESIAN_POINT ( 'NONE',  ( -1.031787612775674434, 1.082677165354330784, -1.644386733506202347 ) ) ;
#6822 = CARTESIAN_POINT ( 'NONE',  ( -3.837974946200396253, 0.9842519685039370358, -2.740665919157506458 ) ) ;
#6823 = ADVANCED_FACE ( 'NONE', ( #5219 ), #3407, .F. ) ;
#6824 = DIRECTION ( 'NONE',  ( 0.000000000000000000, 0.000000000000000000, -1.000000000000000000 ) ) ;
#6825 = DIRECTION ( 'NONE',  ( -0.000000000000000000, -1.000000000000000000, -0.000000000000000000 ) ) ;
#6826 = EDGE_LOOP ( 'NONE', ( #2086, #7578, #1795, #3215 ) ) ;
#6827 = DIRECTION ( 'NONE',  ( 0.000000000000000000, 0.000000000000000000, -1.000000000000000000 ) ) ;
#6828 = DIRECTION ( 'NONE',  ( 0.000000000000000000, 1.000000000000000000, 0.000000000000000000 ) ) ;
#6829 = EDGE_CURVE ( 'NONE', #1175, #2201, #457, .T. ) ;
#6830 = VERTEX_POINT ( 'NONE', #7044 ) ;
#6831 = CARTESIAN_POINT ( 'NONE',  ( -2.645203444017139915, 1.200787401574803237, -2.076700202542933305 ) ) ;
#6832 = ORIENTED_EDGE ( 'NONE', *, *, #5539, .F. ) ;
#6833 = ORIENTED_EDGE ( 'NONE', *, *, #3587, .F. ) ;
#6834 = ORIENTED_EDGE ( 'NONE', *, *, #4494, .T. ) ;
#6835 = CARTESIAN_POINT ( 'NONE',  ( -4.572393073536692221, 0.6791338582677166613, 2.776254325199097206 ) ) ;
#6836 = PLANE ( 'NONE',  #3671 ) ;
#6837 = EDGE_LOOP ( 'NONE', ( #6205, #431 ) ) ;
#6838 = CARTESIAN_POINT ( 'NONE',  ( -1.519837686885809669, 1.082677165354330784, 4.071837870788855618 ) ) ;
#6839 = VERTEX_POINT ( 'NONE', #4689 ) ;
#6840 = ADVANCED_FACE ( 'NONE', ( #4092 ), #5333, .F. ) ;
#6841 = DIRECTION ( 'NONE',  ( -0.000000000000000000, -1.000000000000000000, -0.000000000000000000 ) ) ;
#6842 = EDGE_CURVE ( 'NONE', #6895, #7024, #459, .T. ) ;
#6843 = VERTEX_POINT ( 'NONE', #1123 ) ;
#6844 = FACE_OUTER_BOUND ( 'NONE', #5488, .T. ) ;
#6845 = CARTESIAN_POINT ( 'NONE',  ( -6.469879389391296698, 0.6791338582677166613, -0.03784743564584416159 ) ) ;
#6846 = CYLINDRICAL_SURFACE ( 'NONE', #3295, 0.08070866141732378762 ) ;
#6847 = AXIS2_PLACEMENT_3D ( 'NONE', #6536, #1890, #2399 ) ;
#6848 = DIRECTION ( 'NONE',  ( -0.4999999999999995559, 0.000000000000000000, -0.8660254037844388186 ) ) ;
#6849 = ORIENTED_EDGE ( 'NONE', *, *, #1793, .T. ) ;
#6850 = PLANE ( 'NONE',  #3902 ) ;
#6851 = ORIENTED_EDGE ( 'NONE', *, *, #862, .F. ) ;
#6852 = VECTOR ( 'NONE', #6454, 39.37007874015748854 ) ;
#6853 = ORIENTED_EDGE ( 'NONE', *, *, #1478, .F. ) ;
#6854 = DIRECTION ( 'NONE',  ( -0.8660254037844362651, -0.000000000000000000, 0.5000000000000041078 ) ) ;
#6855 = DIRECTION ( 'NONE',  ( 0.000000000000000000, -1.000000000000000000, 0.000000000000000000 ) ) ;
#6856 = DIRECTION ( 'NONE',  ( 0.000000000000000000, -1.000000000000000000, 0.000000000000000000 ) ) ;
#6857 = VERTEX_POINT ( 'NONE', #3483 ) ;
#6858 = CARTESIAN_POINT ( 'NONE',  ( -4.836021121674747292, 0.000000000000000000, 2.792078096405661292 ) ) ;
#6859 = DIRECTION ( 'NONE',  ( -0.000000000000000000, -1.000000000000000000, -0.000000000000000000 ) ) ;
#6860 = CARTESIAN_POINT ( 'NONE',  ( -1.713697379535073173, 1.200787401574803237, -1.250685946104624024 ) ) ;
#6861 = FACE_OUTER_BOUND ( 'NONE', #6954, .T. ) ;
#6862 = DIRECTION ( 'NONE',  ( 0.000000000000000000, 0.000000000000000000, -1.000000000000000000 ) ) ;
#6863 = CARTESIAN_POINT ( 'NONE',  ( -0.6414407336810146187, 1.200787401574803237, 1.334438436638576420 ) ) ;
#6864 = ADVANCED_FACE ( 'NONE', ( #6479 ), #1702, .T. ) ;
#6865 = EDGE_LOOP ( 'NONE', ( #6592, #2601 ) ) ;
#6866 = VECTOR ( 'NONE', #1225, 39.37007874015748143 ) ;
#6867 = CIRCLE ( 'NONE', #4168, 0.08070866141732289945 ) ;
#6868 = DIRECTION ( 'NONE',  ( 0.000000000000000000, -1.000000000000000000, 0.000000000000000000 ) ) ;
#6869 = CIRCLE ( 'NONE', #6995, 0.08070866141732285781 ) ;
#6870 = EDGE_CURVE ( 'NONE', #7476, #1352, #4016, .T. ) ;
#6871 = DIRECTION ( 'NONE',  ( -0.8660254037844363761, 0.000000000000000000, 0.5000000000000041078 ) ) ;
#6872 = ORIENTED_EDGE ( 'NONE', *, *, #5360, .F. ) ;
#6873 = EDGE_CURVE ( 'NONE', #4562, #2297, #6508, .T. ) ;
#6874 = AXIS2_PLACEMENT_3D ( 'NONE', #4474, #4512, #1532 ) ;
#6875 = AXIS2_PLACEMENT_3D ( 'NONE', #4781, #4854, #4197 ) ;
#6876 = VERTEX_POINT ( 'NONE', #2358 ) ;
#6877 = DIRECTION ( 'NONE',  ( -0.7754638790607760734, 0.000000000000000000, -0.6313919323779914050 ) ) ;
#6878 = ORIENTED_EDGE ( 'NONE', *, *, #7649, .T. ) ;
#6879 = ADVANCED_FACE ( 'NONE', ( #4722 ), #6336, .F. ) ;
#6880 = EDGE_LOOP ( 'NONE', ( #6064, #7530, #4626, #1580 ) ) ;
#6881 = ORIENTED_EDGE ( 'NONE', *, *, #2434, .F. ) ;
#6883 = LINE ( 'NONE', #2704, #6385 ) ;
#6882 = AXIS2_PLACEMENT_3D ( 'NONE', #1523, #1989, #6078 ) ;
#6884 = CIRCLE ( 'NONE', #4534, 0.08070866141732316312 ) ;
#6885 = LINE ( 'NONE', #1808, #3163 ) ;
#6886 = DIRECTION ( 'NONE',  ( -0.000000000000000000, -1.000000000000000000, -0.000000000000000000 ) ) ;
#6887 = EDGE_CURVE ( 'NONE', #5827, #4980, #1083, .T. ) ;
#6888 = ORIENTED_EDGE ( 'NONE', *, *, #3087, .F. ) ;
#6889 = CARTESIAN_POINT ( 'NONE',  ( -6.568304586241691112, 1.102362204724409489, -0.2083248773356932981 ) ) ;
#6890 = VECTOR ( 'NONE', #2656, 39.37007874015748854 ) ;
#6891 = ORIENTED_EDGE ( 'NONE', *, *, #1988, .F. ) ;
#6892 = CIRCLE ( 'NONE', #2194, 0.08070866141732285781 ) ;
#6893 = AXIS2_PLACEMENT_3D ( 'NONE', #7185, #2525, #4261 ) ;
#6894 = CARTESIAN_POINT ( 'NONE',  ( -2.887303696008273857, 1.102362204724409933, 1.757906868357182351 ) ) ;
#6895 = VERTEX_POINT ( 'NONE', #4603 ) ;
#6896 = LINE ( 'NONE', #2123, #4076 ) ;
#6897 = EDGE_CURVE ( 'NONE', #7673, #6926, #2060, .T. ) ;
#6898 = DIRECTION ( 'NONE',  ( 0.000000000000000000, -1.000000000000000000, 0.000000000000000000 ) ) ;
#6899 = VECTOR ( 'NONE', #6066, 39.37007874015748143 ) ;
#6900 = CYLINDRICAL_SURFACE ( 'NONE', #4901, 0.08070866141732255250 ) ;
#6902 = ADVANCED_FACE ( 'NONE', ( #6674 ), #200, .F. ) ;
#6901 = CARTESIAN_POINT ( 'NONE',  ( -2.645203444017139915, 1.200787401574803237, -1.915282879708286368 ) ) ;
#6903 = ORIENTED_EDGE ( 'NONE', *, *, #6887, .F. ) ;
#6904 = CARTESIAN_POINT ( 'NONE',  ( -2.976577355925106971, 0.9842519685039373689, -2.049962198577688355 ) ) ;
#6905 = EDGE_CURVE ( 'NONE', #2581, #659, #1575, .T. ) ;
#6906 = ORIENTED_EDGE ( 'NONE', *, *, #1289, .T. ) ;
#6907 = CIRCLE ( 'NONE', #4687, 0.08070866141732316312 ) ;
#6908 = ORIENTED_EDGE ( 'NONE', *, *, #1911, .F. ) ;
#6909 = CARTESIAN_POINT ( 'NONE',  ( -1.963293677257741177, 1.200787401574803237, -2.389692328527188270 ) ) ;
#6910 = DIRECTION ( 'NONE',  ( 0.000000000000000000, -1.000000000000000000, 0.000000000000000000 ) ) ;
#6911 = CARTESIAN_POINT ( 'NONE',  ( -4.665543679984905268, 1.082677165354331672, 2.693652899555251778 ) ) ;
#6912 = ORIENTED_EDGE ( 'NONE', *, *, #3406, .F. ) ;
#6913 = PLANE ( 'NONE',  #2208 ) ;
#6914 = CIRCLE ( 'NONE', #3944, 0.08070866141732323251 ) ;
#6915 = CIRCLE ( 'NONE', #4559, 0.08070866141732323251 ) ;
#6916 = ORIENTED_EDGE ( 'NONE', *, *, #2534, .F. ) ;
#6917 = DIRECTION ( 'NONE',  ( 0.000000000000000000, 0.000000000000000000, -1.000000000000000000 ) ) ;
#6918 = CARTESIAN_POINT ( 'NONE',  ( -2.251502656615562259, 1.200787401574803237, -1.233373112948888073 ) ) ;
#6919 = ORIENTED_EDGE ( 'NONE', *, *, #7401, .T. ) ;
#6920 = EDGE_CURVE ( 'NONE', #3253, #3358, #4166, .T. ) ;
#6921 = AXIS2_PLACEMENT_3D ( 'NONE', #2234, #4590, #5783 ) ;
#6922 = ORIENTED_EDGE ( 'NONE', *, *, #1086, .T. ) ;
#6923 = CARTESIAN_POINT ( 'NONE',  ( -2.448353050316350643, 1.200787401574803237, -1.655036657745910800 ) ) ;
#6924 = VERTEX_POINT ( 'NONE', #6528 ) ;
#6925 = EDGE_LOOP ( 'NONE', ( #7078, #1054, #4741, #2726, #3706, #3726 ) ) ;
#6926 = VERTEX_POINT ( 'NONE', #6595 ) ;
#6927 = VECTOR ( 'NONE', #5544, 39.37007874015748143 ) ;
#6928 = DIRECTION ( 'NONE',  ( 0.000000000000000000, 1.000000000000000000, 0.000000000000000000 ) ) ;
#6929 = CARTESIAN_POINT ( 'NONE',  ( -4.836021121674747292, 0.3937007874015752140, 2.792078096405661292 ) ) ;
#6930 = FACE_BOUND ( 'NONE', #3041, .T. ) ;
#6931 = PLANE ( 'NONE',  #6627 ) ;
#6932 = CARTESIAN_POINT ( 'NONE',  ( -2.001906358892894033, 1.082677165354330784, -0.01365806910900107737 ) ) ;
#6933 = CARTESIAN_POINT ( 'NONE',  ( -1.376096404462285205, 1.082677165354330784, 1.819497809697196322 ) ) ;
#6934 = VERTEX_POINT ( 'NONE', #4752 ) ;
#6935 = EDGE_CURVE ( 'NONE', #6697, #298, #6637, .T. ) ;
#6936 = DIRECTION ( 'NONE',  ( 0.000000000000000000, 0.000000000000000000, -1.000000000000000000 ) ) ;
#6937 = ORIENTED_EDGE ( 'NONE', *, *, #1059, .F. ) ;
#6938 = CARTESIAN_POINT ( 'NONE',  ( 1.161718239110982154, 1.082677165354330784, 3.050686634462036029 ) ) ;
#6939 = CARTESIAN_POINT ( 'NONE',  ( -5.958778959581309209, 0.000000000000000000, -0.5502333187202393949 ) ) ;
#6940 =( GEOMETRIC_REPRESENTATION_CONTEXT ( 3 ) GLOBAL_UNCERTAINTY_ASSIGNED_CONTEXT ( ( #7269 ) ) GLOBAL_UNIT_ASSIGNED_CONTEXT ( ( #1650, #3971, #4589 ) ) REPRESENTATION_CONTEXT ( 'NONE', 'WORKASPACE' ) );
#6941 = VERTEX_POINT ( 'NONE', #4170 ) ;
#6942 = DIRECTION ( 'NONE',  ( 0.000000000000000000, -1.000000000000000000, 0.000000000000000000 ) ) ;
#6943 = ORIENTED_EDGE ( 'NONE', *, *, #4649, .T. ) ;
#6944 = EDGE_LOOP ( 'NONE', ( #2854, #1963, #2105, #5416 ) ) ;
#6945 = DIRECTION ( 'NONE',  ( 0.000000000000000000, -1.000000000000000000, 0.000000000000000000 ) ) ;
#6946 = DIRECTION ( 'NONE',  ( 0.000000000000000000, -1.000000000000000000, 0.000000000000000000 ) ) ;
#6947 = DIRECTION ( 'NONE',  ( 0.000000000000000000, 1.000000000000000000, 0.000000000000000000 ) ) ;
#6948 = ORIENTED_EDGE ( 'NONE', *, *, #5729, .F. ) ;
#6949 = FACE_BOUND ( 'NONE', #448, .T. ) ;
#6950 = DIRECTION ( 'NONE',  ( 0.000000000000000000, -1.000000000000000000, 0.000000000000000000 ) ) ;
#6951 = CARTESIAN_POINT ( 'NONE',  ( -2.395607146294472134, 1.200787401574803237, -0.7762764972857227885 ) ) ;
#6952 = CARTESIAN_POINT ( 'NONE',  ( -2.054652262914772987, 1.082677165354330784, -0.9731268909865119499 ) ) ;
#6953 = EDGE_CURVE ( 'NONE', #6857, #6115, #4778, .T. ) ;
#6954 = EDGE_LOOP ( 'NONE', ( #3268, #6979, #491, #834 ) ) ;
#6955 = EDGE_CURVE ( 'NONE', #7546, #5041, #1378, .T. ) ;
#6956 = LINE ( 'NONE', #2236, #5515 ) ;
#6957 = ORIENTED_EDGE ( 'NONE', *, *, #152, .F. ) ;
#6958 = DIRECTION ( 'NONE',  ( 0.000000000000000000, 0.000000000000000000, -1.000000000000000000 ) ) ;
#6959 = ORIENTED_EDGE ( 'NONE', *, *, #2391, .F. ) ;
#6960 = EDGE_LOOP ( 'NONE', ( #3165, #6551, #3103, #3414 ) ) ;
#6961 = ORIENTED_EDGE ( 'NONE', *, *, #4090, .F. ) ;
#6962 = CARTESIAN_POINT ( 'NONE',  ( -2.342861242272594069, 1.200787401574803237, 0.1024836631744651533 ) ) ;
#6963 = CARTESIAN_POINT ( 'NONE',  ( -1.564132145497158843, 1.082677165354331672, 4.289497547441923686 ) ) ;
#6964 = FACE_BOUND ( 'NONE', #1463, .T. ) ;
#6965 = CARTESIAN_POINT ( 'NONE',  ( -2.198756752593682862, 1.082677165354330784, -0.5160302753233464435 ) ) ;
#6966 = ADVANCED_FACE ( 'NONE', ( #1299 ), #2537, .T. ) ;
#6967 = CARTESIAN_POINT ( 'NONE',  ( -0.9823956170607164307, 1.200787401574803237, 1.137588042937792254 ) ) ;
#6968 = CARTESIAN_POINT ( 'NONE',  ( 0.3051181102362229280, 15.67005943375638211, 0.5284800692385339671 ) ) ;
#6969 = ORIENTED_EDGE ( 'NONE', *, *, #1884, .T. ) ;
#6970 = CYLINDRICAL_SURFACE ( 'NONE', #1841, 0.08070866141732283006 ) ;
#6971 = VERTEX_POINT ( 'NONE', #3741 ) ;
#6972 = CARTESIAN_POINT ( 'NONE',  ( -0.9823956170607164307, 1.082677165354330784, 1.137588042937792254 ) ) ;
#6973 = ADVANCED_FACE ( 'NONE', ( #2433 ), #1236, .F. ) ;
#6974 = SURFACE_STYLE_USAGE ( .BOTH. , #3521 ) ;
#6975 = CYLINDRICAL_SURFACE ( 'NONE', #1168, 0.07874015748031472361 ) ;
#6976 = EDGE_CURVE ( 'NONE', #7296, #4287, #1343, .T. ) ;
#6977 = FACE_OUTER_BOUND ( 'NONE', #2259, .T. ) ;
#6978 = EDGE_CURVE ( 'NONE', #1183, #1886, #3600, .T. ) ;
#6979 = ORIENTED_EDGE ( 'NONE', *, *, #2395, .T. ) ;
#6980 = VERTEX_POINT ( 'NONE', #4318 ) ;
#6981 = VECTOR ( 'NONE', #5446, 39.37007874015748143 ) ;
#6982 = CARTESIAN_POINT ( 'NONE',  ( -1.857801869213983714, 1.200787401574803237, -0.6321720076068124694 ) ) ;
#6983 = CARTESIAN_POINT ( 'NONE',  ( -2.054652262914772987, 1.200787401574803237, -0.9731268909865119499 ) ) ;
#6984 = DIRECTION ( 'NONE',  ( 0.000000000000000000, 0.000000000000000000, -1.000000000000000000 ) ) ;
#6985 = ORIENTED_EDGE ( 'NONE', *, *, #3941, .T. ) ;
#6986 = LINE ( 'NONE', #2342, #2830 ) ;
#6987 = CYLINDRICAL_SURFACE ( 'NONE', #3315, 0.08070866141732296883 ) ;
#6988 = FACE_OUTER_BOUND ( 'NONE', #1862, .T. ) ;
#6989 = ORIENTED_EDGE ( 'NONE', *, *, #6052, .F. ) ;
#6990 = PRODUCT_DEFINITION ( 'UNKNOWN', '', #3218, #1763 ) ;
#6991 = DIRECTION ( 'NONE',  ( 0.000000000000000000, 1.000000000000000000, 0.000000000000000000 ) ) ;
#6992 = EDGE_LOOP ( 'NONE', ( #4223, #237, #3832, #6989 ) ) ;
#6993 = EDGE_CURVE ( 'NONE', #4191, #4769, #5386, .T. ) ;
#6994 = CARTESIAN_POINT ( 'NONE',  ( -2.395607146294472134, 1.200787401574803237, -0.6955678358684000973 ) ) ;
#6995 = AXIS2_PLACEMENT_3D ( 'NONE', #732, #21, #4177 ) ;
#6996 = VERTEX_POINT ( 'NONE', #5367 ) ;
#6997 = ORIENTED_EDGE ( 'NONE', *, *, #2035, .T. ) ;
#6998 = EDGE_CURVE ( 'NONE', #1521, #958, #3035, .T. ) ;
#6999 = CYLINDRICAL_SURFACE ( 'NONE', #7017, 0.08070866141732351007 ) ;
#7000 = DIRECTION ( 'NONE',  ( 0.000000000000000000, 0.000000000000000000, -1.000000000000000000 ) ) ;
#7001 = DIRECTION ( 'NONE',  ( 0.000000000000000000, -1.000000000000000000, 0.000000000000000000 ) ) ;
#7002 = VECTOR ( 'NONE', #878, 39.37007874015748143 ) ;
#7003 = CIRCLE ( 'NONE', #7618, 0.08070866141732351007 ) ;
#7004 = AXIS2_PLACEMENT_3D ( 'NONE', #1984, #2636, #5492 ) ;
#7005 = DIRECTION ( 'NONE',  ( 0.000000000000000000, 0.000000000000000000, -1.000000000000000000 ) ) ;
#7006 = PLANE ( 'NONE',  #3807 ) ;
#7007 = ORIENTED_EDGE ( 'NONE', *, *, #6054, .T. ) ;
#7008 = DIRECTION ( 'NONE',  ( -0.1590695136534933385, 0.000000000000000000, 0.9872673851728522854 ) ) ;
#7009 = AXIS2_PLACEMENT_3D ( 'NONE', #5394, #5939, #1367 ) ;
#7010 = CIRCLE ( 'NONE', #169, 0.08070866141732316312 ) ;
#7011 = AXIS2_PLACEMENT_3D ( 'NONE', #7279, #6711, #5591 ) ;
#7012 = CYLINDRICAL_SURFACE ( 'NONE', #2165, 0.08070866141732283006 ) ;
#7013 = DIRECTION ( 'NONE',  ( 0.000000000000000000, 0.000000000000000000, -1.000000000000000000 ) ) ;
#7014 = PLANE ( 'NONE',  #7596 ) ;
#7015 = EDGE_CURVE ( 'NONE', #6360, #5375, #46, .T. ) ;
#7016 = AXIS2_PLACEMENT_3D ( 'NONE', #4397, #2622, #6253 ) ;
#7017 = AXIS2_PLACEMENT_3D ( 'NONE', #5859, #6411, #11 ) ;
#7018 = CARTESIAN_POINT ( 'NONE',  ( -2.304248560637440324, 1.200787401574803237, -2.112133273409074974 ) ) ;
#7019 = VECTOR ( 'NONE', #2319, 39.37007874015748143 ) ;
#7020 = ORIENTED_EDGE ( 'NONE', *, *, #6978, .F. ) ;
#7021 = EDGE_LOOP ( 'NONE', ( #3514, #5501, #6289, #2734 ) ) ;
#7022 = VECTOR ( 'NONE', #546, 39.37007874015748143 ) ;
#7023 = VECTOR ( 'NONE', #4262, 39.37007874015748854 ) ;
#7024 = VERTEX_POINT ( 'NONE', #7159 ) ;
#7025 = DIRECTION ( 'NONE',  ( 0.000000000000000000, 0.000000000000000000, -1.000000000000000000 ) ) ;
#7026 = ORIENTED_EDGE ( 'NONE', *, *, #3, .F. ) ;
#7027 = CYLINDRICAL_SURFACE ( 'NONE', #481, 0.08070866141732323251 ) ;
#7028 = DIRECTION ( 'NONE',  ( -0.000000000000000000, -1.000000000000000000, -0.000000000000000000 ) ) ;
#7029 = ORIENTED_EDGE ( 'NONE', *, *, #3229, .F. ) ;
#7030 = PLANE ( 'NONE',  #4900 ) ;
#7031 = EDGE_CURVE ( 'NONE', #5747, #4569, #6110, .T. ) ;
#7032 = AXIS2_PLACEMENT_3D ( 'NONE', #4733, #5342, #4763 ) ;
#7033 = VECTOR ( 'NONE', #3059, 39.37007874015748143 ) ;
#7034 = CARTESIAN_POINT ( 'NONE',  ( -2.001906358892894033, 1.200787401574803237, -0.1750753919436467965 ) ) ;
#7035 = CYLINDRICAL_SURFACE ( 'NONE', #952, 0.08070866141732309373 ) ;
#7036 = EDGE_LOOP ( 'NONE', ( #7488, #2882, #1106, #6692 ) ) ;
#7037 = FACE_OUTER_BOUND ( 'NONE', #1693, .T. ) ;
#7038 = ORIENTED_EDGE ( 'NONE', *, *, #3538, .T. ) ;
#7039 = VERTEX_POINT ( 'NONE', #6563 ) ;
#7040 = FACE_OUTER_BOUND ( 'NONE', #4498, .T. ) ;
#7041 = CARTESIAN_POINT ( 'NONE',  ( -3.077516913053870873, 1.200787401574803237, -0.4632843713014677678 ) ) ;
#7042 = CARTESIAN_POINT ( 'NONE',  ( -1.480793798439511422, 1.082677165354330784, -2.304368796230997329 ) ) ;
#7043 = AXIS2_PLACEMENT_3D ( 'NONE', #1887, #6452, #7198 ) ;
#7044 = CARTESIAN_POINT ( 'NONE',  ( -2.789307933696049790, 1.200787401574803237, -1.538894925462445329 ) ) ;
#7045 = DIRECTION ( 'NONE',  ( 0.000000000000000000, -1.000000000000000000, 0.000000000000000000 ) ) ;
#7046 = AXIS2_PLACEMENT_3D ( 'NONE', #189, #4161, #1263 ) ;
#7047 = DIRECTION ( 'NONE',  ( 0.000000000000000000, 0.000000000000000000, -1.000000000000000000 ) ) ;
#7048 = CARTESIAN_POINT ( 'NONE',  ( -3.910597780685542979, 1.082677165354330784, -1.038112524632603506 ) ) ;
#7049 = EDGE_CURVE ( 'NONE', #4986, #5110, #3115, .T. ) ;
#7050 = EDGE_CURVE ( 'NONE', #797, #5312, #7498, .T. ) ;
#7051 = CARTESIAN_POINT ( 'NONE',  ( -2.107398166936651496, 1.200787401574803237, -1.851887051446699850 ) ) ;
#7052 = DIRECTION ( 'NONE',  ( -0.8660254037844363761, -0.000000000000000000, 0.5000000000000039968 ) ) ;
#7053 = LINE ( 'NONE', #2260, #4029 ) ;
#7054 = VERTEX_POINT ( 'NONE', #5058 ) ;
#7055 = ORIENTED_EDGE ( 'NONE', *, *, #803, .F. ) ;
#7056 = CARTESIAN_POINT ( 'NONE',  ( -0.9823956170607164307, 1.082677165354330784, 1.137588042937792254 ) ) ;
#7057 = DIRECTION ( 'NONE',  ( 0.000000000000000000, 0.000000000000000000, -1.000000000000000000 ) ) ;
#7058 = CARTESIAN_POINT ( 'NONE',  ( -1.857801869213983714, 1.200787401574803237, -0.6321720076068124694 ) ) ;
#7059 = ORIENTED_EDGE ( 'NONE', *, *, #5843, .F. ) ;
#7060 = CARTESIAN_POINT ( 'NONE',  ( -2.976577355925106971, 0.9842519685039373689, -1.985001568656428406 ) ) ;
#7061 = CYLINDRICAL_SURFACE ( 'NONE', #2822, 0.08070866141732287169 ) ;
#7062 = DIRECTION ( 'NONE',  ( 0.7754638790607795151, 0.000000000000000000, 0.6313919323779871862 ) ) ;
#7063 = ORIENTED_EDGE ( 'NONE', *, *, #2013, .F. ) ;
#7064 = LINE ( 'NONE', #3395, #7494 ) ;
#7065 = DIRECTION ( 'NONE',  ( 0.000000000000000000, 0.000000000000000000, -1.000000000000000000 ) ) ;
#7066 = ORIENTED_EDGE ( 'NONE', *, *, #5975, .F. ) ;
#7067 = EDGE_CURVE ( 'NONE', #7134, #1948, #3895, .T. ) ;
#7068 = LINE ( 'NONE', #2995, #1181 ) ;
#7069 = EDGE_CURVE ( 'NONE', #4173, #2740, #6242, .T. ) ;
#7070 = DIRECTION ( 'NONE',  ( -0.8660254037844362651, -0.000000000000000000, 0.5000000000000041078 ) ) ;
#7071 = VERTEX_POINT ( 'NONE', #2075 ) ;
#7072 = ORIENTED_EDGE ( 'NONE', *, *, #514, .F. ) ;
#7073 = FACE_OUTER_BOUND ( 'NONE', #4637, .T. ) ;
#7074 = DIRECTION ( 'NONE',  ( -0.000000000000000000, -1.000000000000000000, -0.000000000000000000 ) ) ;
#7075 = EDGE_CURVE ( 'NONE', #744, #4417, #3943, .T. ) ;
#7076 = CARTESIAN_POINT ( 'NONE',  ( -2.486965731951503944, 1.200787401574803237, 0.6402889402549535314 ) ) ;
#7077 = LINE ( 'NONE', #1703, #4805 ) ;
#7078 = ORIENTED_EDGE ( 'NONE', *, *, #6600, .T. ) ;
#7079 = EDGE_CURVE ( 'NONE', #2631, #2485, #5873, .T. ) ;
#7080 = CARTESIAN_POINT ( 'NONE',  ( -1.228638006476463485, 1.082677165354330784, -1.904632955468578581 ) ) ;
#7081 = DIRECTION ( 'NONE',  ( 0.000000000000000000, -1.000000000000000000, 0.000000000000000000 ) ) ;
#7082 = CYLINDRICAL_SURFACE ( 'NONE', #4134, 0.08070866141732323251 ) ;
#7083 = LINE ( 'NONE', #6384, #3761 ) ;
#7084 = CARTESIAN_POINT ( 'NONE',  ( -1.464101081812405836, 1.082677165354330784, 0.04973775915258649150 ) ) ;
#7085 = EDGE_CURVE ( 'NONE', #6785, #7238, #3284, .T. ) ;
#7086 = ORIENTED_EDGE ( 'NONE', *, *, #2491, .F. ) ;
#7087 = ORIENTED_EDGE ( 'NONE', *, *, #4929, .F. ) ;
#7088 = DIRECTION ( 'NONE',  ( 0.000000000000000000, 0.000000000000000000, -1.000000000000000000 ) ) ;
#7089 = CARTESIAN_POINT ( 'NONE',  ( -0.3004858503013124738, 1.082677165354330784, 1.611997491756683276 ) ) ;
#7090 = PLANE ( 'NONE',  #53 ) ;
#7091 = CARTESIAN_POINT ( 'NONE',  ( -2.986158327396839063, 1.200787401574803237, -1.879849808842144476 ) ) ;
#7092 = ORIENTED_EDGE ( 'NONE', *, *, #5942, .T. ) ;
#7093 = LINE ( 'NONE', #6433, #3815 ) ;
#7094 = VERTEX_POINT ( 'NONE', #5623 ) ;
#7095 = ORIENTED_EDGE ( 'NONE', *, *, #4999, .T. ) ;
#7096 = ORIENTED_EDGE ( 'NONE', *, *, #2290, .F. ) ;
#7097 = DIRECTION ( 'NONE',  ( -0.000000000000000000, -1.000000000000000000, -0.000000000000000000 ) ) ;
#7098 = FACE_BOUND ( 'NONE', #4387, .T. ) ;
#7099 = ORIENTED_EDGE ( 'NONE', *, *, #5128, .F. ) ;
#7100 = AXIS2_PLACEMENT_3D ( 'NONE', #3522, #3459, #5807 ) ;
#7101 = DIRECTION ( 'NONE',  ( 0.000000000000000000, 0.000000000000000000, -1.000000000000000000 ) ) ;
#7102 = CARTESIAN_POINT ( 'NONE',  ( -5.109615446260727722, 1.358267716535431102, 1.995364179890969591 ) ) ;
#7103 = ADVANCED_FACE ( 'NONE', ( #2733 ), #1995, .T. ) ;
#7104 = DIRECTION ( 'NONE',  ( -0.5000000000000041078, -0.000000000000000000, -0.8660254037844362651 ) ) ;
#7105 = ORIENTED_EDGE ( 'NONE', *, *, #4721, .T. ) ;
#7106 = EDGE_CURVE ( 'NONE', #6340, #4448, #1303, .T. ) ;
#7107 = FACE_OUTER_BOUND ( 'NONE', #6826, .T. ) ;
#7108 = ORIENTED_EDGE ( 'NONE', *, *, #3485, .F. ) ;
#7109 = EDGE_CURVE ( 'NONE', #7137, #797, #3363, .T. ) ;
#7110 = CYLINDRICAL_SURFACE ( 'NONE', #6003, 0.08070866141732378762 ) ;
#7111 = CARTESIAN_POINT ( 'NONE',  ( -1.319996592133495295, 1.200787401574803237, -0.4880675179279020948 ) ) ;
#7112 = CARTESIAN_POINT ( 'NONE',  ( -4.360425569748676011, 15.67005943375638211, 3.222132968793801400 ) ) ;
#7113 = EDGE_CURVE ( 'NONE', #4583, #4928, #3860, .T. ) ;
#7114 = FACE_OUTER_BOUND ( 'NONE', #3256, .T. ) ;
#7115 = ORIENTED_EDGE ( 'NONE', *, *, #5898, .T. ) ;
#7116 = CARTESIAN_POINT ( 'NONE',  ( -1.713697379535073173, 1.200787401574803237, -1.169977284687301111 ) ) ;
#7117 = ADVANCED_FACE ( 'NONE', ( #6292 ), #4439, .T. ) ;
#7118 = VECTOR ( 'NONE', #4961, 39.37007874015748854 ) ;
#7119 = AXIS2_PLACEMENT_3D ( 'NONE', #5284, #2349, #4713 ) ;
#7120 = DIRECTION ( 'NONE',  ( -0.5000000000000041078, 0.000000000000000000, -0.8660254037844363761 ) ) ;
#7121 = CARTESIAN_POINT ( 'NONE',  ( -0.7635004289702077562, 0.000000000000000000, -0.6211434516007497963 ) ) ;
#7122 = DIRECTION ( 'NONE',  ( -0.000000000000000000, -1.000000000000000000, -0.000000000000000000 ) ) ;
#7123 = CARTESIAN_POINT ( 'NONE',  ( -2.342861242272594069, 1.200787401574803237, 0.02177500175714228506 ) ) ;
#7124 = CIRCLE ( 'NONE', #1690, 0.08070866141732319088 ) ;
#7125 = ORIENTED_EDGE ( 'NONE', *, *, #554, .F. ) ;
#7126 = AXIS2_PLACEMENT_3D ( 'NONE', #662, #3530, #4253 ) ;
#7127 = DIRECTION ( 'NONE',  ( -0.000000000000000000, -1.000000000000000000, 0.000000000000000000 ) ) ;
#7128 = VERTEX_POINT ( 'NONE', #1409 ) ;
#7129 = LINE ( 'NONE', #4104, #4260 ) ;
#7130 = ADVANCED_FACE ( 'NONE', ( #3320 ), #5092, .T. ) ;
#7131 = DIRECTION ( 'NONE',  ( 0.000000000000000000, 0.000000000000000000, 1.000000000000000000 ) ) ;
#7132 = AXIS2_PLACEMENT_3D ( 'NONE', #6951, #4034, #5237 ) ;
#7133 = CARTESIAN_POINT ( 'NONE',  ( -0.9823956170607164307, 1.200787401574803237, 1.218296704355114723 ) ) ;
#7134 = VERTEX_POINT ( 'NONE', #7389 ) ;
#7135 = DIRECTION ( 'NONE',  ( 0.000000000000000000, -0.000000000000000000, -1.000000000000000000 ) ) ;
#7136 = VERTEX_POINT ( 'NONE', #3199 ) ;
#7137 = VERTEX_POINT ( 'NONE', #6793 ) ;
#7138 = AXIS2_PLACEMENT_3D ( 'NONE', #564, #4749, #2925 ) ;
#7139 = ORIENTED_EDGE ( 'NONE', *, *, #2146, .T. ) ;
#7140 = EDGE_CURVE ( 'NONE', #2371, #5963, #1498, .T. ) ;
#7141 = FACE_OUTER_BOUND ( 'NONE', #132, .T. ) ;
#7142 = FACE_BOUND ( 'NONE', #930, .T. ) ;
#7143 = VERTEX_POINT ( 'NONE', #370 ) ;
#7144 = VECTOR ( 'NONE', #3347, 39.37007874015748854 ) ;
#7145 = CIRCLE ( 'NONE', #6011, 0.08070866141732287169 ) ;
#7146 = DIRECTION ( 'NONE',  ( 0.000000000000000000, 0.000000000000000000, -1.000000000000000000 ) ) ;
#7147 = DIRECTION ( 'NONE',  ( 0.000000000000000000, 1.000000000000000000, 0.000000000000000000 ) ) ;
#7148 = DIRECTION ( 'NONE',  ( 0.000000000000000000, 1.000000000000000000, 0.000000000000000000 ) ) ;
#7149 = AXIS2_PLACEMENT_3D ( 'NONE', #4622, #3467, #5697 ) ;
#7150 = ORIENTED_EDGE ( 'NONE', *, *, #2552, .F. ) ;
#7151 = VECTOR ( 'NONE', #752, 39.37007874015748854 ) ;
#7152 = DIRECTION ( 'NONE',  ( 0.000000000000000000, -0.000000000000000000, -1.000000000000000000 ) ) ;
#7153 = EDGE_CURVE ( 'NONE', #7642, #2808, #5709, .T. ) ;
#7154 = ORIENTED_EDGE ( 'NONE', *, *, #3513, .F. ) ;
#7155 = CARTESIAN_POINT ( 'NONE',  ( -3.077516913053870873, 1.200787401574803237, -0.3018670484668212750 ) ) ;
#7156 = ADVANCED_FACE ( 'NONE', ( #236 ), #4979, .F. ) ;
#7157 = AXIS2_PLACEMENT_3D ( 'NONE', #381, #6339, #5104 ) ;
#7158 = AXIS2_PLACEMENT_3D ( 'NONE', #2520, #3754, #214 ) ;
#7159 = CARTESIAN_POINT ( 'NONE',  ( -0.6414407336810146187, 1.082677165354330784, 1.253729775221253506 ) ) ;
#7160 = DIRECTION ( 'NONE',  ( 0.000000000000000000, -1.000000000000000000, 0.000000000000000000 ) ) ;
#7161 = ORIENTED_EDGE ( 'NONE', *, *, #6492, .F. ) ;
#7162 = CYLINDRICAL_SURFACE ( 'NONE', #1729, 0.08070866141732323251 ) ;
#7163 = ORIENTED_EDGE ( 'NONE', *, *, #2098, .F. ) ;
#7164 = CIRCLE ( 'NONE', #5674, 0.06496062992125996305 ) ;
#7165 = EDGE_CURVE ( 'NONE', #2808, #4554, #6749, .T. ) ;
#7166 = LINE ( 'NONE', #5445, #3418 ) ;
#7167 = EDGE_LOOP ( 'NONE', ( #3285, #492, #5590, #2984, #7388, #318, #2141, #1633 ) ) ;
#7168 = CARTESIAN_POINT ( 'NONE',  ( -0.3004858503013124738, 1.200787401574803237, 1.450580168922038338 ) ) ;
#7169 = CARTESIAN_POINT ( 'NONE',  ( -3.667376289564603375, 1.181102362204724532, 1.162687014536634145 ) ) ;
#7170 = EDGE_CURVE ( 'NONE', #2033, #1457, #3234, .T. ) ;
#7171 = ORIENTED_EDGE ( 'NONE', *, *, #3975, .T. ) ;
#7172 = DIRECTION ( 'NONE',  ( -0.000000000000000000, -1.000000000000000000, -0.000000000000000000 ) ) ;
#7173 = ORIENTED_EDGE ( 'NONE', *, *, #1048, .T. ) ;
#7174 = LINE ( 'NONE', #3643, #6397 ) ;
#7175 = AXIS2_PLACEMENT_3D ( 'NONE', #6082, #4379, #788 ) ;
#7176 = CARTESIAN_POINT ( 'NONE',  ( -1.769797191863853314, 1.200787401574803237, 2.501407576456600168 ) ) ;
#7177 = ORIENTED_EDGE ( 'NONE', *, *, #4808, .T. ) ;
#7178 = CARTESIAN_POINT ( 'NONE',  ( -3.122413029667135298, 1.377952755905512028, -3.725633739945664935 ) ) ;
#7179 = ADVANCED_FACE ( 'NONE', ( #3442 ), #2918, .F. ) ;
#7180 = DIRECTION ( 'NONE',  ( 0.000000000000000000, 1.000000000000000000, -0.000000000000000000 ) ) ;
#7181 = ORIENTED_EDGE ( 'NONE', *, *, #2806, .F. ) ;
#7182 = CARTESIAN_POINT ( 'NONE',  ( -1.910547773235862445, 1.082677165354330784, -1.430223506649677567 ) ) ;
#7183 = EDGE_LOOP ( 'NONE', ( #5588, #7675 ) ) ;
#7184 = VERTEX_POINT ( 'NONE', #3505 ) ;
#7185 = CARTESIAN_POINT ( 'NONE',  ( -4.533022994796533922, 0.6791338582677166613, 2.844445301875037302 ) ) ;
#7186 = DIRECTION ( 'NONE',  ( 0.000000000000000000, 0.000000000000000000, -1.000000000000000000 ) ) ;
#7187 = VERTEX_POINT ( 'NONE', #1070 ) ;
#7188 = CARTESIAN_POINT ( 'NONE',  ( -1.179246010761500818, 1.200787401574803237, 1.478542926317494288 ) ) ;
#7189 = CARTESIAN_POINT ( 'NONE',  ( -5.220968681755852714, 0.000000000000000000, -0.4534107933847684735 ) ) ;
#7190 = EDGE_CURVE ( 'NONE', #702, #2498, #5289, .T. ) ;
#7191 = LINE ( 'NONE', #4309, #5187 ) ;
#7192 = ADVANCED_FACE ( 'NONE', ( #7037 ), #4116, .F. ) ;
#7193 = ORIENTED_EDGE ( 'NONE', *, *, #1112, .T. ) ;
#7194 = DIRECTION ( 'NONE',  ( -0.7754638790607775167, 0.000000000000000000, -0.6313919323779896287 ) ) ;
#7195 = CARTESIAN_POINT ( 'NONE',  ( -5.844999432022253139, 0.3937007874015748254, -0.3531613961267733304 ) ) ;
#7196 = CARTESIAN_POINT ( 'NONE',  ( -2.880666519353082489, 1.082677165354330784, -0.04162082650444507564 ) ) ;
#7197 = ORIENTED_EDGE ( 'NONE', *, *, #3847, .T. ) ;
#7198 = DIRECTION ( 'NONE',  ( 0.000000000000000000, 0.000000000000000000, -1.000000000000000000 ) ) ;
#7199 = FACE_OUTER_BOUND ( 'NONE', #2867, .T. ) ;
#7200 = EDGE_LOOP ( 'NONE', ( #6750, #4069, #7682, #6451 ) ) ;
#7201 = DIRECTION ( 'NONE',  ( 0.000000000000000000, 0.000000000000000000, -1.000000000000000000 ) ) ;
#7202 = LINE ( 'NONE', #6213, #3909 ) ;
#7203 = VERTEX_POINT ( 'NONE', #405 ) ;
#7204 = EDGE_CURVE ( 'NONE', #898, #601, #3154, .T. ) ;
#7205 = ORIENTED_EDGE ( 'NONE', *, *, #7264, .T. ) ;
#7206 = ADVANCED_FACE ( 'NONE', ( #522 ), #4716, .F. ) ;
#7207 = EDGE_CURVE ( 'NONE', #5078, #6233, #2850, .T. ) ;
#7208 = CARTESIAN_POINT ( 'NONE',  ( -0.7399489587990141226, 15.67005943375638211, 4.590029579885126054 ) ) ;
#7209 = CARTESIAN_POINT ( 'NONE',  ( 5.270235652629458478, 0.9842519685039370358, 6.288395410325986923 ) ) ;
#7210 = DIRECTION ( 'NONE',  ( 0.000000000000000000, -1.000000000000000000, 0.000000000000000000 ) ) ;
#7211 = ORIENTED_EDGE ( 'NONE', *, *, #6072, .T. ) ;
#7212 = CYLINDRICAL_SURFACE ( 'NONE', #6280, 0.08070866141732309373 ) ;
#7213 = EDGE_CURVE ( 'NONE', #2150, #5203, #2197, .T. ) ;
#7214 = ORIENTED_EDGE ( 'NONE', *, *, #3681, .F. ) ;
#7215 = ORIENTED_EDGE ( 'NONE', *, *, #3850, .F. ) ;
#7216 = ORIENTED_EDGE ( 'NONE', *, *, #3082, .T. ) ;
#7217 = CYLINDRICAL_SURFACE ( 'NONE', #445, 0.08070866141732337129 ) ;
#7218 = CARTESIAN_POINT ( 'NONE',  ( -1.031787612775674434, 1.200787401574803237, -1.563678072088878990 ) ) ;
#7219 = ORIENTED_EDGE ( 'NONE', *, *, #2662, .F. ) ;
#7220 = CARTESIAN_POINT ( 'NONE',  ( -0.1569893269076513831, 1.082677165354330784, 0.9718816505941227923 ) ) ;
#7221 = LINE ( 'NONE', #5969, #7506 ) ;
#7222 = DIRECTION ( 'NONE',  ( 0.000000000000000000, -0.000000000000000000, -1.000000000000000000 ) ) ;
#7223 = FACE_OUTER_BOUND ( 'NONE', #5213, .T. ) ;
#7224 = ORIENTED_EDGE ( 'NONE', *, *, #1911, .T. ) ;
#7225 = ADVANCED_FACE ( 'NONE', ( #5212 ), #5177, .T. ) ;
#7226 = DIRECTION ( 'NONE',  ( 0.000000000000000000, 0.000000000000000000, 1.000000000000000000 ) ) ;
#7227 = VECTOR ( 'NONE', #4644, 39.37007874015748143 ) ;
#7228 = EDGE_CURVE ( 'NONE', #7136, #6633, #1736, .T. ) ;
#7229 = DIRECTION ( 'NONE',  ( 0.000000000000000000, 0.000000000000000000, -1.000000000000000000 ) ) ;
#7230 = EDGE_LOOP ( 'NONE', ( #7412, #1467 ) ) ;
#7231 = VECTOR ( 'NONE', #577, 39.37007874015748854 ) ;
#7232 = CARTESIAN_POINT ( 'NONE',  ( -1.179246010761500818, 1.200787401574803237, 1.559251587734817646 ) ) ;
#7233 = CARTESIAN_POINT ( 'NONE',  ( -5.732401006825401879, 0.000000000000000000, -0.1581352028335849258 ) ) ;
#7234 = DIRECTION ( 'NONE',  ( -0.6423330032324080507, -0.000000000000000000, -0.7664256734729305576 ) ) ;
#7235 = DIMENSIONAL_EXPONENTS ( 1.000000000000000000, 0.000000000000000000, 0.000000000000000000, 0.000000000000000000, 0.000000000000000000, 0.000000000000000000, 0.000000000000000000 ) ;
#7236 = CARTESIAN_POINT ( 'NONE',  ( -1.267250688111616563, 1.082677165354330784, 0.3906926425322859164 ) ) ;
#7237 = DIRECTION ( 'NONE',  ( 0.6313919323779867421, 0.000000000000000000, -0.7754638790607799592 ) ) ;
#7238 = VERTEX_POINT ( 'NONE', #6994 ) ;
#7239 = ORIENTED_EDGE ( 'NONE', *, *, #4266, .T. ) ;
#7240 = AXIS2_PLACEMENT_3D ( 'NONE', #4700, #2405, #4765 ) ;
#7241 = AXIS2_PLACEMENT_3D ( 'NONE', #5892, #2957, #4592 ) ;
#7242 = VECTOR ( 'NONE', #1749, 39.37007874015748143 ) ;
#7243 = ADVANCED_FACE ( 'NONE', ( #5854 ), #2312, .F. ) ;
#7244 = DIRECTION ( 'NONE',  ( 0.000000000000000000, 0.000000000000000000, -1.000000000000000000 ) ) ;
#7245 = DIRECTION ( 'NONE',  ( 0.000000000000000000, -1.000000000000000000, 0.000000000000000000 ) ) ;
#7246 = CARTESIAN_POINT ( 'NONE',  ( -0.6414407336810146187, 1.200787401574803237, 1.253729775221253506 ) ) ;
#7247 = AXIS2_PLACEMENT_3D ( 'NONE', #1769, #2274, #2240 ) ;
#7248 = VECTOR ( 'NONE', #4839, 39.37007874015748854 ) ;
#7249 = AXIS2_PLACEMENT_3D ( 'NONE', #6105, #817, #3182 ) ;
#7250 = ORIENTED_EDGE ( 'NONE', *, *, #5932, .F. ) ;
#7251 = ORIENTED_EDGE ( 'NONE', *, *, #4435, .T. ) ;
#7252 = ORIENTED_EDGE ( 'NONE', *, *, #5857, .T. ) ;
#7253 = AXIS2_PLACEMENT_3D ( 'NONE', #2466, #4202, #2419 ) ;
#7254 = CIRCLE ( 'NONE', #4402, 0.08070866141732323251 ) ;
#7255 = VECTOR ( 'NONE', #6412, 39.37007874015747433 ) ;
#7256 = EDGE_LOOP ( 'NONE', ( #4006, #3161 ) ) ;
#7257 = CARTESIAN_POINT ( 'NONE',  ( -3.838582677165335078, 0.9842519685039370358, -3.125419764313941418 ) ) ;
#7258 = CARTESIAN_POINT ( 'NONE',  ( -14.02994487304668958, 0.5511811023622049666, 4.109656494093179901 ) ) ;
#7259 = EDGE_LOOP ( 'NONE', ( #2915, #6316 ) ) ;
#7260 = AXIS2_PLACEMENT_3D ( 'NONE', #4052, #6335, #5715 ) ;
#7261 = VECTOR ( 'NONE', #5904, 39.37007874015748854 ) ;
#7262 = DIRECTION ( 'NONE',  ( 0.000000000000000000, -1.000000000000000000, 0.000000000000000000 ) ) ;
#7263 = AXIS2_PLACEMENT_3D ( 'NONE', #1145, #3503, #5850 ) ;
#7264 = EDGE_CURVE ( 'NONE', #474, #2952, #2353, .T. ) ;
#7265 = DIRECTION ( 'NONE',  ( 0.000000000000000000, -0.000000000000000000, -1.000000000000000000 ) ) ;
#7266 = DIRECTION ( 'NONE',  ( 0.000000000000000000, -1.000000000000000000, 0.000000000000000000 ) ) ;
#7267 = ORIENTED_EDGE ( 'NONE', *, *, #7528, .F. ) ;
#7268 = VECTOR ( 'NONE', #6499, 39.37007874015748854 ) ;
#7269 = UNCERTAINTY_MEASURE_WITH_UNIT (LENGTH_MEASURE( 1.000000000000000082E-05 ), #1650, 'distance_accuracy_value', 'NONE');
#7270 = VECTOR ( 'NONE', #4602, 39.37007874015748854 ) ;
#7271 = DIRECTION ( 'NONE',  ( 4.550094363217894731E-16, -1.000000000000000000, 7.880994616326065373E-16 ) ) ;
#7272 = ORIENTED_EDGE ( 'NONE', *, *, #5464, .T. ) ;
#7273 = CARTESIAN_POINT ( 'NONE',  ( -2.736562029674171725, 1.082677165354330784, -0.6601347650022570956 ) ) ;
#7274 = DIRECTION ( 'NONE',  ( 0.000000000000000000, -1.000000000000000000, 0.000000000000000000 ) ) ;
#7275 = AXIS2_PLACEMENT_3D ( 'NONE', #1828, #7127, #2514 ) ;
#7276 = ORIENTED_EDGE ( 'NONE', *, *, #2401, .T. ) ;
#7277 = AXIS2_PLACEMENT_3D ( 'NONE', #2250, #6417, #5862 ) ;
#7278 = LINE ( 'NONE', #204, #2951 ) ;
#7279 = CARTESIAN_POINT ( 'NONE',  ( -2.486965731951503944, 1.082677165354330784, 0.6402889402549535314 ) ) ;
#7280 = DIRECTION ( 'NONE',  ( -0.000000000000000000, 1.000000000000000000, -0.000000000000000000 ) ) ;
#7281 = CARTESIAN_POINT ( 'NONE',  ( -2.932747772807172026, 1.082677165354331672, -3.499326946597358212 ) ) ;
#7282 = PLANE ( 'NONE',  #1309 ) ;
#7283 = VERTEX_POINT ( 'NONE', #4676 ) ;
#7284 = ADVANCED_FACE ( 'NONE', ( #7502 ), #6443, .F. ) ;
#7285 = VECTOR ( 'NONE', #277, 39.37007874015748143 ) ;
#7286 = DIRECTION ( 'NONE',  ( -0.000000000000000000, -1.000000000000000000, -0.000000000000000000 ) ) ;
#7287 = EDGE_CURVE ( 'NONE', #7137, #5470, #3665, .T. ) ;
#7288 = CARTESIAN_POINT ( 'NONE',  ( -3.838831256666276115, 1.377952755905512028, -3.125114463574150125 ) ) ;
#7289 = DIRECTION ( 'NONE',  ( -0.000000000000000000, -1.000000000000000000, -0.000000000000000000 ) ) ;
#7290 = FACE_OUTER_BOUND ( 'NONE', #371, .T. ) ;
#7291 = ORIENTED_EDGE ( 'NONE', *, *, #3528, .T. ) ;
#7292 = CARTESIAN_POINT ( 'NONE',  ( -3.274367306754660145, 1.200787401574803237, -0.8042392546811671927 ) ) ;
#7293 = PLANE ( 'NONE',  #5781 ) ;
#7294 = ORIENTED_EDGE ( 'NONE', *, *, #6897, .F. ) ;
#7295 = VECTOR ( 'NONE', #248, 39.37007874015748143 ) ;
#7296 = VERTEX_POINT ( 'NONE', #5744 ) ;
#7297 = ORIENTED_EDGE ( 'NONE', *, *, #3485, .T. ) ;
#7298 = DIRECTION ( 'NONE',  ( 0.000000000000000000, -1.000000000000000000, 0.000000000000000000 ) ) ;
#7299 = DIRECTION ( 'NONE',  ( -0.000000000000000000, -1.000000000000000000, -0.000000000000000000 ) ) ;
#7300 = ORIENTED_EDGE ( 'NONE', *, *, #6466, .T. ) ;
#7301 = LINE ( 'NONE', #6077, #6639 ) ;
#7302 = CARTESIAN_POINT ( 'NONE',  ( -4.447995384760541349, -0.4493119067900645525, -0.4738355049348236259 ) ) ;
#7303 = CARTESIAN_POINT ( 'NONE',  ( -1.256533434598305021, 1.200787401574803237, -1.022576800793862262 ) ) ;
#7304 = DIRECTION ( 'NONE',  ( -0.000000000000000000, -1.000000000000000000, -0.000000000000000000 ) ) ;
#7305 = CARTESIAN_POINT ( 'NONE',  ( -1.509832702874725818, 1.082677165354330784, -0.4238720780489483864 ) ) ;
#7306 = VERTEX_POINT ( 'NONE', #446 ) ;
#7307 = DIRECTION ( 'NONE',  ( -0.8660254037844363761, -0.000000000000000000, 0.5000000000000041078 ) ) ;
#7308 = ADVANCED_FACE ( 'NONE', ( #2813 ), #1654, .F. ) ;
#7309 = CARTESIAN_POINT ( 'NONE',  ( -1.400845875831453036, 1.200787401574803237, -1.291169975022482541 ) ) ;
#7310 = ORIENTED_EDGE ( 'NONE', *, *, #2363, .T. ) ;
#7311 = ADVANCED_FACE ( 'NONE', ( #1954 ), #4858, .T. ) ;
#7312 = CARTESIAN_POINT ( 'NONE',  ( -1.319996592133495295, 1.200787401574803237, -0.4880675179279020948 ) ) ;
#7313 = EDGE_LOOP ( 'NONE', ( #408, #139, #7297, #4955, #4495, #1020, #5741, #1845 ) ) ;
#7314 = DIRECTION ( 'NONE',  ( -0.000000000000000000, -1.000000000000000000, -0.000000000000000000 ) ) ;
#7315 = VERTEX_POINT ( 'NONE', #3702 ) ;
#7316 = VERTEX_POINT ( 'NONE', #6666 ) ;
#7317 = EDGE_CURVE ( 'NONE', #3318, #2769, #5897, .T. ) ;
#7318 = DIRECTION ( 'NONE',  ( 0.000000000000000000, 0.000000000000000000, 1.000000000000000000 ) ) ;
#7319 = DIRECTION ( 'NONE',  ( 0.000000000000000000, 0.000000000000000000, -1.000000000000000000 ) ) ;
#7320 = ORIENTED_EDGE ( 'NONE', *, *, #7228, .T. ) ;
#7321 = CARTESIAN_POINT ( 'NONE',  ( -1.175892102454584753, 1.200787401574803237, -1.025872795008390570 ) ) ;
#7322 = EDGE_CURVE ( 'NONE', #3804, #2414, #2530, .T. ) ;
#7323 = CARTESIAN_POINT ( 'NONE',  ( -2.932747772807171138, 0.1968503937007874127, -3.499326946597359100 ) ) ;
#7324 = CARTESIAN_POINT ( 'NONE',  ( -2.986158327396839063, 1.200787401574803237, -1.799141147424821119 ) ) ;
#7325 = PLANE ( 'NONE',  #1599 ) ;
#7326 = EDGE_CURVE ( 'NONE', #3023, #6294, #5153, .T. ) ;
#7327 = DIRECTION ( 'NONE',  ( 0.5000000000000018874, 0.000000000000000000, 0.8660254037844375974 ) ) ;
#7328 = ORIENTED_EDGE ( 'NONE', *, *, #4582, .F. ) ;
#7329 = DIRECTION ( 'NONE',  ( 0.000000000000000000, -1.000000000000000000, 0.000000000000000000 ) ) ;
#7330 = CARTESIAN_POINT ( 'NONE',  ( -1.949160454871015524, 1.082677165354330784, 0.7036847685165409372 ) ) ;
#7331 = VERTEX_POINT ( 'NONE', #1226 ) ;
#7332 = CARTESIAN_POINT ( 'NONE',  ( -2.683816125652293216, 1.082677165354330784, 0.2993340568752542175 ) ) ;
#7333 = DIRECTION ( 'NONE',  ( -0.2113248654051680386, 0.5773502691896190697, 0.7886751345948227465 ) ) ;
#7334 = DIRECTION ( 'NONE',  ( 0.000000000000000000, 1.000000000000000000, 0.000000000000000000 ) ) ;
#7335 = DIRECTION ( 'NONE',  ( 0.000000000000000000, 0.000000000000000000, -1.000000000000000000 ) ) ;
#7336 = CARTESIAN_POINT ( 'NONE',  ( -4.558412059106971448, 1.102362204724409711, -0.6640967766011043327 ) ) ;
#7337 = ORIENTED_EDGE ( 'NONE', *, *, #6419, .F. ) ;
#7338 = FACE_OUTER_BOUND ( 'NONE', #280, .T. ) ;
#7339 = DIRECTION ( 'NONE',  ( 0.000000000000000000, -1.000000000000000000, 0.000000000000000000 ) ) ;
#7340 = FACE_BOUND ( 'NONE', #3394, .T. ) ;
#7341 = ORIENTED_EDGE ( 'NONE', *, *, #1384, .T. ) ;
#7342 = EDGE_CURVE ( 'NONE', #6345, #2676, #2546, .T. ) ;
#7343 = ORIENTED_EDGE ( 'NONE', *, *, #3955, .F. ) ;
#7344 = CARTESIAN_POINT ( 'NONE',  ( -2.922929037303154232, 0.000000000000000000, -2.379375960765498288 ) ) ;
#7345 = ORIENTED_EDGE ( 'NONE', *, *, #69, .F. ) ;
#7346 = DIRECTION ( 'NONE',  ( -0.000000000000000000, -1.000000000000000000, -0.000000000000000000 ) ) ;
#7347 = VERTEX_POINT ( 'NONE', #4307 ) ;
#7348 = AXIS2_PLACEMENT_3D ( 'NONE', #1639, #7671, #3995 ) ;
#7349 = ORIENTED_EDGE ( 'NONE', *, *, #5639, .F. ) ;
#7350 = DIRECTION ( 'NONE',  ( 0.5000000000000039968, 0.000000000000000000, 0.8660254037844363761 ) ) ;
#7351 = FACE_OUTER_BOUND ( 'NONE', #1858, .T. ) ;
#7352 = DIRECTION ( 'NONE',  ( -0.000000000000000000, -1.000000000000000000, -0.000000000000000000 ) ) ;
#7353 = ORIENTED_EDGE ( 'NONE', *, *, #6600, .F. ) ;
#7354 = EDGE_CURVE ( 'NONE', #2382, #3358, #7221, .T. ) ;
#7355 = DIRECTION ( 'NONE',  ( -0.7754638790607774057, 0.000000000000000000, -0.6313919323779896287 ) ) ;
#7356 = AXIS2_PLACEMENT_3D ( 'NONE', #5152, #6186, #3292 ) ;
#7357 = EDGE_LOOP ( 'NONE', ( #5181, #3699 ) ) ;
#7358 = EDGE_CURVE ( 'NONE', #4351, #6803, #2183, .T. ) ;
#7359 = FACE_OUTER_BOUND ( 'NONE', #6772, .T. ) ;
#7360 = DIRECTION ( 'NONE',  ( 0.000000000000000000, 0.000000000000000000, -1.000000000000000000 ) ) ;
#7361 = EDGE_CURVE ( 'NONE', #1918, #4338, #609, .T. ) ;
#7362 = CARTESIAN_POINT ( 'NONE',  ( -2.683816125652293216, 1.082677165354330784, 0.2186253954579312764 ) ) ;
#7363 = DIRECTION ( 'NONE',  ( -0.9872673851728521743, 0.000000000000000000, -0.1590695136534942544 ) ) ;
#7364 = EDGE_LOOP ( 'NONE', ( #1541, #7458 ) ) ;
#7365 = LINE ( 'NONE', #1641, #2907 ) ;
#7366 = DIRECTION ( 'NONE',  ( -0.000000000000000000, -1.000000000000000000, -0.000000000000000000 ) ) ;
#7367 = ORIENTED_EDGE ( 'NONE', *, *, #2883, .F. ) ;
#7368 = VECTOR ( 'NONE', #2888, 39.37007874015748143 ) ;
#7369 = AXIS2_PLACEMENT_3D ( 'NONE', #5156, #6942, #5039 ) ;
#7370 = AXIS2_PLACEMENT_3D ( 'NONE', #394, #5273, #5163 ) ;
#7371 = PLANE ( 'NONE',  #5147 ) ;
#7372 = PLANE ( 'NONE',  #3179 ) ;
#7373 = ORIENTED_EDGE ( 'NONE', *, *, #2134, .F. ) ;
#7374 = DIRECTION ( 'NONE',  ( 0.000000000000000000, -0.000000000000000000, -1.000000000000000000 ) ) ;
#7375 = DIRECTION ( 'NONE',  ( 0.000000000000000000, -1.000000000000000000, 0.000000000000000000 ) ) ;
#7376 = DIRECTION ( 'NONE',  ( 0.000000000000000000, 0.000000000000000000, -1.000000000000000000 ) ) ;
#7377 = AXIS2_PLACEMENT_3D ( 'NONE', #3271, #4350, #5015 ) ;
#7378 = CARTESIAN_POINT ( 'NONE',  ( -3.962651880115786618, 1.181102362204724532, 0.6512546894670852016 ) ) ;
#7379 = EDGE_CURVE ( 'NONE', #2952, #1986, #6004, .T. ) ;
#7380 = VERTEX_POINT ( 'NONE', #6587 ) ;
#7381 = CARTESIAN_POINT ( 'NONE',  ( -2.054652262914772987, 1.200787401574803237, -0.9731268909865119499 ) ) ;
#7382 = CARTESIAN_POINT ( 'NONE',  ( -6.568304586241691112, 0.000000000000000000, -0.2083248773356932981 ) ) ;
#7383 = FACE_BOUND ( 'NONE', #1738, .T. ) ;
#7384 = ORIENTED_EDGE ( 'NONE', *, *, #1133, .T. ) ;
#7385 = VECTOR ( 'NONE', #4232, 39.37007874015748854 ) ;
#7386 = VECTOR ( 'NONE', #6642, 39.37007874015748143 ) ;
#7387 = AXIS2_PLACEMENT_3D ( 'NONE', #7615, #615, #6478 ) ;
#7388 = ORIENTED_EDGE ( 'NONE', *, *, #7414, .T. ) ;
#7389 = CARTESIAN_POINT ( 'NONE',  ( -1.949160454871015524, 1.200787401574803237, 0.8651020913511870969 ) ) ;
#7390 = DIRECTION ( 'NONE',  ( 0.000000000000000000, 0.000000000000000000, -1.000000000000000000 ) ) ;
#7391 = VECTOR ( 'NONE', #4190, 39.37007874015748143 ) ;
#7392 = ADVANCED_FACE ( 'NONE', ( #3024 ), #642, .F. ) ;
#7393 = ORIENTED_EDGE ( 'NONE', *, *, #5560, .F. ) ;
#7394 = CARTESIAN_POINT ( 'NONE',  ( -3.274367306754660145, 1.200787401574803237, -0.6428219318465206999 ) ) ;
#7395 = CYLINDRICAL_SURFACE ( 'NONE', #2042, 0.08070866141732323251 ) ;
#7396 = ORIENTED_EDGE ( 'NONE', *, *, #1015, .F. ) ;
#7397 = AXIS2_PLACEMENT_3D ( 'NONE', #3307, #5657, #359 ) ;
#7398 = DIRECTION ( 'NONE',  ( 0.000000000000000000, -0.000000000000000000, -1.000000000000000000 ) ) ;
#7399 = VERTEX_POINT ( 'NONE', #5433 ) ;
#7400 = DIRECTION ( 'NONE',  ( 0.000000000000000000, -1.000000000000000000, 0.000000000000000000 ) ) ;
#7401 = EDGE_CURVE ( 'NONE', #3740, #3602, #4746, .T. ) ;
#7402 = VECTOR ( 'NONE', #6841, 39.37007874015748143 ) ;
#7403 = CIRCLE ( 'NONE', #838, 0.08070866141732269128 ) ;
#7404 = DIRECTION ( 'NONE',  ( 0.000000000000000000, -1.000000000000000000, 0.000000000000000000 ) ) ;
#7405 = EDGE_CURVE ( 'NONE', #5148, #6410, #3657, .T. ) ;
#7406 = DIRECTION ( 'NONE',  ( 0.8660254037844389297, 0.000000000000000000, -0.4999999999999996114 ) ) ;
#7407 = EDGE_CURVE ( 'NONE', #5941, #2033, #5392, .T. ) ;
#7408 = EDGE_LOOP ( 'NONE', ( #6070, #1034, #6261, #2522 ) ) ;
#7409 = CARTESIAN_POINT ( 'NONE',  ( -2.486965731951503944, 1.200787401574803237, 0.5595802788376306180 ) ) ;
#7410 = AXIS2_PLACEMENT_3D ( 'NONE', #1417, #7400, #3790 ) ;
#7411 = ORIENTED_EDGE ( 'NONE', *, *, #5426, .T. ) ;
#7412 = ORIENTED_EDGE ( 'NONE', *, *, #35, .F. ) ;
#7413 = VECTOR ( 'NONE', #792, 39.37007874015747433 ) ;
#7414 = EDGE_CURVE ( 'NONE', #1457, #5513, #1879, .T. ) ;
#7415 = CARTESIAN_POINT ( 'NONE',  ( -1.519837686885809669, 1.377952755905512028, 4.071837870788855618 ) ) ;
#7416 = DIRECTION ( 'NONE',  ( -0.1590695136534932552, 0.000000000000000000, 0.9872673851728522854 ) ) ;
#7417 = EDGE_LOOP ( 'NONE', ( #6834, #3648, #964, #5267 ) ) ;
#7418 = CARTESIAN_POINT ( 'NONE',  ( -1.805055965192104983, 1.200787401574803237, 0.1658794914360526840 ) ) ;
#7419 = DIRECTION ( 'NONE',  ( 0.000000000000000000, 0.000000000000000000, -1.000000000000000000 ) ) ;
#7420 = DIRECTION ( 'NONE',  ( 0.000000000000000000, 0.000000000000000000, -1.000000000000000000 ) ) ;
#7421 = CIRCLE ( 'NONE', #6290, 0.08070866141732337129 ) ;
#7422 = CARTESIAN_POINT ( 'NONE',  ( -2.765835758967853941, 1.377952755905512028, -3.350665275736257609 ) ) ;
#7423 = ORIENTED_EDGE ( 'NONE', *, *, #4220, .T. ) ;
#7424 = LINE ( 'NONE', #1528, #6296 ) ;
#7425 = DIRECTION ( 'NONE',  ( 0.000000000000000000, 1.000000000000000000, 0.000000000000000000 ) ) ;
#7426 = AXIS2_PLACEMENT_3D ( 'NONE', #7056, #5957, #1167 ) ;
#7427 = ADVANCED_FACE ( 'NONE', ( #1292 ), #6628, .T. ) ;
#7428 = ADVANCED_FACE ( 'NONE', ( #6048 ), #753, .T. ) ;
#7429 = ORIENTED_EDGE ( 'NONE', *, *, #1356, .F. ) ;
#7430 = DIRECTION ( 'NONE',  ( 0.6313919323779914050, 0.000000000000000000, -0.7754638790607760734 ) ) ;
#7431 = ORIENTED_EDGE ( 'NONE', *, *, #5560, .T. ) ;
#7432 = ORIENTED_EDGE ( 'NONE', *, *, #6998, .F. ) ;
#7433 = ORIENTED_EDGE ( 'NONE', *, *, #2117, .T. ) ;
#7434 = CARTESIAN_POINT ( 'NONE',  ( -6.263186476005468961, 1.102362204724409489, 0.3201551919028406967 ) ) ;
#7435 = CARTESIAN_POINT ( 'NONE',  ( -0.2387462170513900417, 1.200787401574803237, 1.479307047819510279 ) ) ;
#7436 = DIRECTION ( 'NONE',  ( -0.000000000000000000, -1.000000000000000000, -0.000000000000000000 ) ) ;
#7437 = ORIENTED_EDGE ( 'NONE', *, *, #1945, .F. ) ;
#7438 = CARTESIAN_POINT ( 'NONE',  ( -1.516846985834283901, 1.200787401574803237, -0.8290224013076015197 ) ) ;
#7439 = VERTEX_POINT ( 'NONE', #1332 ) ;
#7440 = PLANE ( 'NONE',  #1459 ) ;
#7441 = EDGE_LOOP ( 'NONE', ( #2235, #3982 ) ) ;
#7442 = LINE ( 'NONE', #6183, #7295 ) ;
#7443 = DIRECTION ( 'NONE',  ( 0.000000000000000000, 0.000000000000000000, -1.000000000000000000 ) ) ;
#7444 = DIRECTION ( 'NONE',  ( 0.000000000000000000, -1.000000000000000000, 0.000000000000000000 ) ) ;
#7445 = CYLINDRICAL_SURFACE ( 'NONE', #6594, 0.08070866141732309373 ) ;
#7446 = VERTEX_POINT ( 'NONE', #1444 ) ;
#7447 = CARTESIAN_POINT ( 'NONE',  ( -2.789307933696049790, 1.200787401574803237, -1.458186264045121971 ) ) ;
#7448 = EDGE_CURVE ( 'NONE', #6471, #2371, #4785, .T. ) ;
#7449 = ORIENTED_EDGE ( 'NONE', *, *, #4061, .T. ) ;
#7450 = EDGE_CURVE ( 'NONE', #2382, #1536, #4158, .T. ) ;
#7451 = ADVANCED_FACE ( 'NONE', ( #3224 ), #6735, .T. ) ;
#7452 = FACE_OUTER_BOUND ( 'NONE', #5983, .T. ) ;
#7453 = LINE ( 'NONE', #1559, #2062 ) ;
#7454 = ORIENTED_EDGE ( 'NONE', *, *, #5826, .T. ) ;
#7455 = DIRECTION ( 'NONE',  ( 0.000000000000000000, -1.000000000000000000, 0.000000000000000000 ) ) ;
#7456 = DIRECTION ( 'NONE',  ( -0.5000000000000038858, 0.000000000000000000, -0.8660254037844362651 ) ) ;
#7457 = PLANE ( 'NONE',  #582 ) ;
#7458 = ORIENTED_EDGE ( 'NONE', *, *, #6013, .T. ) ;
#7459 = LINE ( 'NONE', #193, #5924 ) ;
#7460 = DIRECTION ( 'NONE',  ( -0.5000000000000041078, -1.084202172485504311E-16, -0.8660254037844363761 ) ) ;
#7461 = VERTEX_POINT ( 'NONE', #3734 ) ;
#7462 = ORIENTED_EDGE ( 'NONE', *, *, #597, .F. ) ;
#7463 = DIRECTION ( 'NONE',  ( 0.000000000000000000, 0.000000000000000000, -1.000000000000000000 ) ) ;
#7464 = EDGE_CURVE ( 'NONE', #2040, #7563, #3809, .T. ) ;
#7465 = VERTEX_POINT ( 'NONE', #6781 ) ;
#7466 = ORIENTED_EDGE ( 'NONE', *, *, #1250, .T. ) ;
#7467 = EDGE_CURVE ( 'NONE', #1484, #3740, #63, .T. ) ;
#7468 = ORIENTED_EDGE ( 'NONE', *, *, #1746, .F. ) ;
#7469 = CYLINDRICAL_SURFACE ( 'NONE', #3923, 0.08070866141732323251 ) ;
#7470 = DIRECTION ( 'NONE',  ( -0.000000000000000000, -1.000000000000000000, -0.000000000000000000 ) ) ;
#7471 = LINE ( 'NONE', #6177, #1553 ) ;
#7472 = ORIENTED_EDGE ( 'NONE', *, *, #7464, .F. ) ;
#7473 = FACE_OUTER_BOUND ( 'NONE', #5112, .T. ) ;
#7474 = EDGE_LOOP ( 'NONE', ( #406, #1185, #751, #67 ) ) ;
#7475 = CARTESIAN_POINT ( 'NONE',  ( -1.857801869213983714, 1.200787401574803237, -0.6321720076068124694 ) ) ;
#7476 = VERTEX_POINT ( 'NONE', #6860 ) ;
#7477 = DIRECTION ( 'NONE',  ( 0.5000000000000041078, -0.000000000000000000, 0.8660254037844362651 ) ) ;
#7478 = CARTESIAN_POINT ( 'NONE',  ( -0.7581182209241954517, 1.082677165354330784, -1.715957728106947133 ) ) ;
#7479 = VECTOR ( 'NONE', #2124, 39.37007874015748143 ) ;
#7480 = CARTESIAN_POINT ( 'NONE',  ( -1.123146198432706244, 1.200787401574803237, -0.1471126345482025866 ) ) ;
#7481 = EDGE_LOOP ( 'NONE', ( #6732, #2282 ) ) ;
#7482 = LINE ( 'NONE', #894, #1061 ) ;
#7483 = ORIENTED_EDGE ( 'NONE', *, *, #500, .F. ) ;
#7484 = VERTEX_POINT ( 'NONE', #938 ) ;
#7485 = ADVANCED_FACE ( 'NONE', ( #2684 ), #6158, .T. ) ;
#7486 = DIRECTION ( 'NONE',  ( -0.3535533905932671250, -0.7071067811865666686, -0.6123724356957763737 ) ) ;
#7487 = CARTESIAN_POINT ( 'NONE',  ( -2.736562029674171725, 1.200787401574803237, -0.6601347650022570956 ) ) ;
#7488 = ORIENTED_EDGE ( 'NONE', *, *, #1338, .T. ) ;
#7489 = CARTESIAN_POINT ( 'NONE',  ( -0.4973362440020967501, 1.200787401574803237, 1.872243713719063063 ) ) ;
#7490 = DIRECTION ( 'NONE',  ( 0.000000000000000000, -1.000000000000000000, 0.000000000000000000 ) ) ;
#7491 = FACE_OUTER_BOUND ( 'NONE', #7635, .T. ) ;
#7492 = VERTEX_POINT ( 'NONE', #263 ) ;
#7493 = AXIS2_PLACEMENT_3D ( 'NONE', #5344, #401, #1754 ) ;
#7494 = VECTOR ( 'NONE', #5742, 39.37007874015748854 ) ;
#7495 = DIRECTION ( 'NONE',  ( 0.1590695136534932552, 0.000000000000000000, -0.9872673851728522854 ) ) ;
#7496 = ORIENTED_EDGE ( 'NONE', *, *, #5502, .T. ) ;
#7497 = ADVANCED_FACE ( 'NONE', ( #2724 ), #900, .F. ) ;
#7498 = CIRCLE ( 'NONE', #3421, 0.08070866141732351007 ) ;
#7499 = CIRCLE ( 'NONE', #4152, 0.08070866141732323251 ) ;
#7500 = AXIS2_PLACEMENT_3D ( 'NONE', #6393, #1719, #1138 ) ;
#7501 = ORIENTED_EDGE ( 'NONE', *, *, #2777, .F. ) ;
#7502 = FACE_OUTER_BOUND ( 'NONE', #3867, .T. ) ;
#7503 = ORIENTED_EDGE ( 'NONE', *, *, #469, .T. ) ;
#7504 = ORIENTED_EDGE ( 'NONE', *, *, #5539, .T. ) ;
#7505 = ORIENTED_EDGE ( 'NONE', *, *, #6415, .F. ) ;
#7507 = DIRECTION ( 'NONE',  ( 0.000000000000000000, -1.000000000000000000, 0.000000000000000000 ) ) ;
#7506 = VECTOR ( 'NONE', #3594, 39.37007874015748143 ) ;
#7508 = CIRCLE ( 'NONE', #4275, 0.08070866141732296883 ) ;
#7509 = CARTESIAN_POINT ( 'NONE',  ( -1.231991914783367559, 1.082677165354330784, 2.276594425360359608 ) ) ;
#7510 = AXIS2_PLACEMENT_3D ( 'NONE', #4862, #3739, #7226 ) ;
#7511 = DIRECTION ( 'NONE',  ( -0.8660254037844362651, 0.000000000000000000, 0.5000000000000038858 ) ) ;
#7512 = CARTESIAN_POINT ( 'NONE',  ( -1.509832702874725818, 0.9842519685039373689, -0.1758405819859562569 ) ) ;
#7513 = DIRECTION ( 'NONE',  ( -0.6423330032324081618, 0.000000000000000000, -0.7664256734729305576 ) ) ;
#7514 = VECTOR ( 'NONE', #1446, 39.37007874015748143 ) ;
#7515 = CYLINDRICAL_SURFACE ( 'NONE', #1210, 0.08070866141732323251 ) ;
#7516 = AXIS2_PLACEMENT_3D ( 'NONE', #4832, #5403, #6085 ) ;
#7517 = ORIENTED_EDGE ( 'NONE', *, *, #5427, .T. ) ;
#7518 = VECTOR ( 'NONE', #2958, 39.37007874015748143 ) ;
#7519 = VECTOR ( 'NONE', #317, 39.37007874015748143 ) ;
#7520 = CARTESIAN_POINT ( 'NONE',  ( -5.844999432022253139, 1.102362204724409489, -0.3531613961267733304 ) ) ;
#7521 = EDGE_LOOP ( 'NONE', ( #2348, #5091, #6332, #6095 ) ) ;
#7522 = CARTESIAN_POINT ( 'NONE',  ( -2.986158327396839063, 1.082677165354330784, -1.799141147424821119 ) ) ;
#7523 = VECTOR ( 'NONE', #937, 39.37007874015748143 ) ;
#7524 = DIRECTION ( 'NONE',  ( 0.000000000000000000, 1.000000000000000000, -0.000000000000000000 ) ) ;
#7525 = DIRECTION ( 'NONE',  ( 0.000000000000000000, 0.000000000000000000, -1.000000000000000000 ) ) ;
#7526 = EDGE_LOOP ( 'NONE', ( #6558, #7594, #2360, #1325 ) ) ;
#7527 = DIRECTION ( 'NONE',  ( -0.5000000000000041078, 0.000000000000000000, -0.8660254037844361541 ) ) ;
#7528 = EDGE_CURVE ( 'NONE', #1643, #4834, #3139, .T. ) ;
#7529 = ADVANCED_FACE ( 'NONE', ( #2641 ), #2136, .F. ) ;
#7530 = ORIENTED_EDGE ( 'NONE', *, *, #3404, .T. ) ;
#7531 = VECTOR ( 'NONE', #4708, 39.37007874015748854 ) ;
#7532 = EDGE_LOOP ( 'NONE', ( #340, #372, #4114, #3617, #33, #6338, #7345, #6833 ) ) ;
#7533 = CIRCLE ( 'NONE', #1952, 0.08070866141732337129 ) ;
#7534 = CARTESIAN_POINT ( 'NONE',  ( -1.123146198432706244, 1.082677165354330784, -0.2278212959655257497 ) ) ;
#7535 = CARTESIAN_POINT ( 'NONE',  ( -1.123146198432706244, 1.200787401574803237, -0.06640397313087940956 ) ) ;
#7536 = ORIENTED_EDGE ( 'NONE', *, *, #202, .T. ) ;
#7537 = AXIS2_PLACEMENT_3D ( 'NONE', #6068, #3127, #5960 ) ;
#7538 = LINE ( 'NONE', #1649, #7531 ) ;
#7539 = VECTOR ( 'NONE', #3735, 39.37007874015748143 ) ;
#7540 = EDGE_LOOP ( 'NONE', ( #1395, #525, #2016, #7099 ) ) ;
#7541 = DIRECTION ( 'NONE',  ( -0.000000000000000000, -1.000000000000000000, -0.000000000000000000 ) ) ;
#7542 = ORIENTED_EDGE ( 'NONE', *, *, #2230, .F. ) ;
#7543 = AXIS2_PLACEMENT_3D ( 'NONE', #755, #5435, #148 ) ;
#7544 = DIRECTION ( 'NONE',  ( 0.000000000000000000, 0.000000000000000000, -1.000000000000000000 ) ) ;
#7545 = ORIENTED_EDGE ( 'NONE', *, *, #6402, .F. ) ;
#7546 = VERTEX_POINT ( 'NONE', #7303 ) ;
#7547 = EDGE_CURVE ( 'NONE', #1158, #3465, #5627, .T. ) ;
#7548 = ORIENTED_EDGE ( 'NONE', *, *, #5481, .T. ) ;
#7549 = EDGE_CURVE ( 'NONE', #349, #25, #1818, .T. ) ;
#7550 = CIRCLE ( 'NONE', #4201, 0.08070866141732323251 ) ;
#7551 = CYLINDRICAL_SURFACE ( 'NONE', #4795, 0.08070866141732285781 ) ;
#7552 = CARTESIAN_POINT ( 'NONE',  ( -1.713697379535073173, 1.200787401574803237, -1.089268623269977754 ) ) ;
#7553 = DIRECTION ( 'NONE',  ( -0.000000000000000000, 1.000000000000000000, -0.000000000000000000 ) ) ;
#7554 = DIRECTION ( 'NONE',  ( 0.000000000000000000, 0.000000000000000000, 1.000000000000000000 ) ) ;
#7555 = CARTESIAN_POINT ( 'NONE',  ( -1.076769501301017229, 1.377952755905512028, 1.321928356458911491 ) ) ;
#7556 = EDGE_LOOP ( 'NONE', ( #2375, #395, #7252, #4299 ) ) ;
#7557 = FACE_OUTER_BOUND ( 'NONE', #6660, .T. ) ;
#7558 = ADVANCED_FACE ( 'NONE', ( #3309 ), #5658, .F. ) ;
#7559 = ORIENTED_EDGE ( 'NONE', *, *, #5080, .T. ) ;
#7560 = CARTESIAN_POINT ( 'NONE',  ( -2.986158327396839063, 1.082677165354330784, -1.799141147424821119 ) ) ;
#7561 = CARTESIAN_POINT ( 'NONE',  ( -5.135988398271656763, 1.161417322834639831, 1.555984099660887132 ) ) ;
#7562 = DIRECTION ( 'NONE',  ( 0.000000000000000000, -1.000000000000000000, 0.000000000000000000 ) ) ;
#7563 = VERTEX_POINT ( 'NONE', #226 ) ;
#7564 = LINE ( 'NONE', #4136, #1556 ) ;
#7565 = VERTEX_POINT ( 'NONE', #1489 ) ;
#7566 = ADVANCED_FACE ( 'NONE', ( #784 ), #2063, .T. ) ;
#7567 = EDGE_CURVE ( 'NONE', #1590, #5641, #2916, .T. ) ;
#7568 = PLANE ( 'NONE',  #4416 ) ;
#7569 = CARTESIAN_POINT ( 'NONE',  ( -1.769797191863853314, 1.082677165354330784, 2.501407576456600168 ) ) ;
#7570 = VERTEX_POINT ( 'NONE', #6822 ) ;
#7571 = CARTESIAN_POINT ( 'NONE',  ( -2.054652262914772987, 1.200787401574803237, -1.053835552403835196 ) ) ;
#7572 = DIRECTION ( 'NONE',  ( 0.000000000000000000, 0.000000000000000000, -1.000000000000000000 ) ) ;
#7573 = CARTESIAN_POINT ( 'NONE',  ( -1.179246010761500818, 1.200787401574803237, 1.397834264900171153 ) ) ;
#7574 = ORIENTED_EDGE ( 'NONE', *, *, #597, .T. ) ;
#7575 = CARTESIAN_POINT ( 'NONE',  ( -4.836021121674747292, 0.3937007874015752140, 2.792078096405661292 ) ) ;
#7576 = ORIENTED_EDGE ( 'NONE', *, *, #6481, .F. ) ;
#7577 = CARTESIAN_POINT ( 'NONE',  ( -4.540847003094901524, 1.102362204724409489, -1.106114152032292353 ) ) ;
#7578 = ORIENTED_EDGE ( 'NONE', *, *, #1814, .T. ) ;
#7579 = VERTEX_POINT ( 'NONE', #5169 ) ;
#7580 = CARTESIAN_POINT ( 'NONE',  ( -4.428248577898052929, 0.8464566929133909845, -0.9110879587391023104 ) ) ;
#7581 = CARTESIAN_POINT ( 'NONE',  ( -2.922400240910253633, 1.377952755905512028, -2.378945408440156672 ) ) ;
#7582 = DIRECTION ( 'NONE',  ( 0.000000000000000000, 0.000000000000000000, -1.000000000000000000 ) ) ;
#7583 = DIRECTION ( 'NONE',  ( 0.000000000000000000, -1.000000000000000000, 0.000000000000000000 ) ) ;
#7584 = DIRECTION ( 'NONE',  ( 0.000000000000000000, 0.000000000000000000, -1.000000000000000000 ) ) ;
#7585 = ORIENTED_EDGE ( 'NONE', *, *, #869, .F. ) ;
#7586 = DIRECTION ( 'NONE',  ( 0.6123724356957940262, 0.7071067811865462405, -0.3535533905932773391 ) ) ;
#7587 = ADVANCED_FACE ( 'NONE', ( #5207 ), #4623, .T. ) ;
#7588 = LINE ( 'NONE', #1779, #4250 ) ;
#7589 = DIRECTION ( 'NONE',  ( -0.000000000000000000, -1.000000000000000000, -0.000000000000000000 ) ) ;
#7590 = CYLINDRICAL_SURFACE ( 'NONE', #2283, 0.08070866141732351007 ) ;
#7591 = CARTESIAN_POINT ( 'NONE',  ( -1.123146198432706244, 1.200787401574803237, -0.1471126345482025866 ) ) ;
#7592 = EDGE_CURVE ( 'NONE', #6439, #4107, #3785, .T. ) ;
#7593 = ORIENTED_EDGE ( 'NONE', *, *, #3842, .T. ) ;
#7594 = ORIENTED_EDGE ( 'NONE', *, *, #4936, .F. ) ;
#7595 = EDGE_CURVE ( 'NONE', #3325, #837, #3469, .T. ) ;
#7596 = AXIS2_PLACEMENT_3D ( 'NONE', #2832, #1130, #1712 ) ;
#7597 = CARTESIAN_POINT ( 'NONE',  ( -3.668068094156238246, 1.200787401574803237, -1.324731698605919439 ) ) ;
#7598 = DIRECTION ( 'NONE',  ( 0.000000000000000000, -1.000000000000000000, 0.000000000000000000 ) ) ;
#7599 = ORIENTED_EDGE ( 'NONE', *, *, #4615, .T. ) ;
#7600 = CARTESIAN_POINT ( 'NONE',  ( -1.665286949155805774, 1.377952755905512028, 4.566905874772105633 ) ) ;
#7601 = DIRECTION ( 'NONE',  ( 0.000000000000000000, -1.000000000000000000, 0.000000000000000000 ) ) ;
#7602 = AXIS2_PLACEMENT_3D ( 'NONE', #7560, #503, #2863 ) ;
#7603 = EDGE_LOOP ( 'NONE', ( #1161, #4237 ) ) ;
#7604 = LINE ( 'NONE', #5209, #6486 ) ;
#7605 = DIRECTION ( 'NONE',  ( 0.000000000000000000, 0.000000000000000000, 1.000000000000000000 ) ) ;
#7606 = ORIENTED_EDGE ( 'NONE', *, *, #4967, .F. ) ;
#7607 = DIRECTION ( 'NONE',  ( 0.000000000000000000, 0.000000000000000000, -1.000000000000000000 ) ) ;
#7608 = EDGE_CURVE ( 'NONE', #380, #1944, #3916, .T. ) ;
#7609 = EDGE_CURVE ( 'NONE', #6324, #1310, #5029, .T. ) ;
#7610 = CIRCLE ( 'NONE', #3416, 0.08070866141732316312 ) ;
#7611 = AXIS2_PLACEMENT_3D ( 'NONE', #5371, #157, #622 ) ;
#7612 = EDGE_LOOP ( 'NONE', ( #6307, #373, #1448, #733 ) ) ;
#7613 = ORIENTED_EDGE ( 'NONE', *, *, #7326, .T. ) ;
#7614 = DIRECTION ( 'NONE',  ( 0.000000000000000000, -1.000000000000000000, 0.000000000000000000 ) ) ;
#7615 = CARTESIAN_POINT ( 'NONE',  ( -0.1569531698893333882, 0.000000000000000000, 0.9716572415033387644 ) ) ;
#7616 = DIRECTION ( 'NONE',  ( -0.000000000000000000, -1.000000000000000000, -0.000000000000000000 ) ) ;
#7617 = VECTOR ( 'NONE', #7070, 39.37007874015748854 ) ;
#7618 = AXIS2_PLACEMENT_3D ( 'NONE', #1981, #6143, #6687 ) ;
#7619 = VECTOR ( 'NONE', #142, 39.37007874015747433 ) ;
#7620 = PLANE ( 'NONE',  #6370 ) ;
#7621 = DIRECTION ( 'NONE',  ( -0.5000000000000041078, 0.000000000000000000, -0.8660254037844362651 ) ) ;
#7622 = EDGE_LOOP ( 'NONE', ( #1323, #5991 ) ) ;
#7623 = CARTESIAN_POINT ( 'NONE',  ( -2.107398166936651496, 1.082677165354330784, -1.771178390029376493 ) ) ;
#7624 = CARTESIAN_POINT ( 'NONE',  ( -3.962651880115786618, 1.181102362204724532, 0.6512546894670852016 ) ) ;
#7625 = AXIS2_PLACEMENT_3D ( 'NONE', #868, #5576, #5084 ) ;
#7626 = VECTOR ( 'NONE', #1602, 39.37007874015748143 ) ;
#7627 = VECTOR ( 'NONE', #3368, 39.37007874015748143 ) ;
#7628 = CARTESIAN_POINT ( 'NONE',  ( -5.732401006825401879, 1.377952755905512028, -0.1581352028335849258 ) ) ;
#7629 = CARTESIAN_POINT ( 'NONE',  ( -0.01419902979620381832, 1.141732283464567121, 0.7798579866315596965 ) ) ;
#7630 = CIRCLE ( 'NONE', #1936, 0.08070866141732337129 ) ;
#7631 = AXIS2_PLACEMENT_3D ( 'NONE', #4087, #6446, #1154 ) ;
#7632 = CARTESIAN_POINT ( 'NONE',  ( -1.569592889856162632, 1.200787401574803237, -1.627073900350465951 ) ) ;
#7633 = VECTOR ( 'NONE', #6991, 39.37007874015748143 ) ;
#7634 = VERTEX_POINT ( 'NONE', #987 ) ;
#7635 = EDGE_LOOP ( 'NONE', ( #3265, #5368 ) ) ;
#7636 = AXIS2_PLACEMENT_3D ( 'NONE', #1866, #1317, #62 ) ;
#7637 = EDGE_CURVE ( 'NONE', #7315, #7296, #3393, .T. ) ;
#7638 = CARTESIAN_POINT ( 'NONE',  ( -4.776966003564511176, 0.6791338582677166613, 2.894364561419570325 ) ) ;
#7639 = CIRCLE ( 'NONE', #3050, 0.08070866141732309373 ) ;
#7640 = EDGE_CURVE ( 'NONE', #1536, #3253, #1682, .T. ) ;
#7641 = DIRECTION ( 'NONE',  ( -0.000000000000000000, -1.000000000000000000, -0.000000000000000000 ) ) ;
#7642 = VERTEX_POINT ( 'NONE', #1058 ) ;
#7643 = FACE_OUTER_BOUND ( 'NONE', #5710, .T. ) ;
#7644 = AXIS2_PLACEMENT_3D ( 'NONE', #7674, #2445, #4841 ) ;
#7645 = LINE ( 'NONE', #3969, #335 ) ;
#7646 = VECTOR ( 'NONE', #5166, 39.37007874015748143 ) ;
#7647 = LENGTH_MEASURE_WITH_UNIT ( LENGTH_MEASURE( 0.02539999999999999897 ), #6436 );
#7648 = CARTESIAN_POINT ( 'NONE',  ( -0.8321760763651089299, 1.082677165354331006, -0.1961445006252572898 ) ) ;
#7649 = EDGE_CURVE ( 'NONE', #865, #769, #2345, .T. ) ;
#7650 = CIRCLE ( 'NONE', #4813, 0.08070866141732351007 ) ;
#7651 = CARTESIAN_POINT ( 'NONE',  ( -0.3004858503013124738, 1.200787401574803237, 1.450580168922038338 ) ) ;
#7652 = DIRECTION ( 'NONE',  ( -0.000000000000000000, -1.000000000000000000, 0.000000000000000000 ) ) ;
#7653 = EDGE_LOOP ( 'NONE', ( #3907, #5200 ) ) ;
#7654 = ADVANCED_FACE ( 'NONE', ( #6988 ), #7030, .F. ) ;
#7655 = CARTESIAN_POINT ( 'NONE',  ( -2.592457539995261406, 1.082677165354330784, -1.117231380665422380 ) ) ;
#7656 = AXIS2_PLACEMENT_3D ( 'NONE', #5407, #95, #1194 ) ;
#7657 = ORIENTED_EDGE ( 'NONE', *, *, #4561, .F. ) ;
#7658 = ORIENTED_EDGE ( 'NONE', *, *, #5872, .F. ) ;
#7659 = CARTESIAN_POINT ( 'NONE',  ( -1.267250688111616563, 1.200787401574803237, 0.3099839811149628366 ) ) ;
#7660 = DIRECTION ( 'NONE',  ( -0.8660254037844362651, 0.000000000000000000, 0.5000000000000041078 ) ) ;
#7661 = EDGE_CURVE ( 'NONE', #4595, #7579, #517, .T. ) ;
#7662 = AXIS2_PLACEMENT_3D ( 'NONE', #3851, #3310, #6824 ) ;
#7663 = EDGE_CURVE ( 'NONE', #1426, #5610, #1143, .T. ) ;
#7664 = DIRECTION ( 'NONE',  ( 0.000000000000000000, 0.000000000000000000, -1.000000000000000000 ) ) ;
#7665 = DIRECTION ( 'NONE',  ( -0.8660254037844362651, 0.000000000000000000, 0.5000000000000038858 ) ) ;
#7666 = EDGE_LOOP ( 'NONE', ( #1555, #2524 ) ) ;
#7667 = CIRCLE ( 'NONE', #3335, 0.08070866141732269128 ) ;
#7668 = DIRECTION ( 'NONE',  ( 0.000000000000000000, 0.000000000000000000, -1.000000000000000000 ) ) ;
#7669 = CARTESIAN_POINT ( 'NONE',  ( -5.732401006825401879, 1.377952755905512028, -0.1581352028335849258 ) ) ;
#7670 = FACE_OUTER_BOUND ( 'NONE', #1827, .T. ) ;
#7671 = DIRECTION ( 'NONE',  ( 0.000000000000000000, -1.000000000000000000, 0.000000000000000000 ) ) ;
#7672 = CARTESIAN_POINT ( 'NONE',  ( -2.342861242272594069, 1.082677165354330784, 0.02177500175714228506 ) ) ;
#7673 = VERTEX_POINT ( 'NONE', #5849 ) ;
#7674 = CARTESIAN_POINT ( 'NONE',  ( -1.372742496155374026, 1.200787401574803237, -1.366827678388090161 ) ) ;
#7675 = ORIENTED_EDGE ( 'NONE', *, *, #691, .F. ) ;
#7676 = DIRECTION ( 'NONE',  ( 0.000000000000000000, -0.000000000000000000, -1.000000000000000000 ) ) ;
#7677 = LINE ( 'NONE', #4189, #3782 ) ;
#7678 = ORIENTED_EDGE ( 'NONE', *, *, #1255, .T. ) ;
#7679 = DIRECTION ( 'NONE',  ( 0.000000000000000000, 0.000000000000000000, -1.000000000000000000 ) ) ;
#7680 = EDGE_CURVE ( 'NONE', #1174, #6980, #6065, .T. ) ;
#7681 = EDGE_CURVE ( 'NONE', #4927, #324, #3502, .T. ) ;
#7682 = ORIENTED_EDGE ( 'NONE', *, *, #1502, .T. ) ;
#7683 = EDGE_CURVE ( 'NONE', #6503, #2808, #2801, .T. ) ;
#7684 = ORIENTED_EDGE ( 'NONE', *, *, #1132, .T. ) ;
#7685 = ORIENTED_EDGE ( 'NONE', *, *, #3513, .T. ) ;
ENDSEC;
END-ISO-10303-21;
