ISO-10303-21;
HEADER;
FILE_DESCRIPTION (( 'STEP AP214' ),
    '1' );
FILE_NAME ('BasePlate-Thirds Split 2.STEP',
    '2025-07-27T20:04:21',
    ( '' ),
    ( '' ),
    'SwSTEP 2.0',
    'SolidWorks 2024',
    '' );
FILE_SCHEMA (( 'AUTOMOTIVE_DESIGN' ));
ENDSEC;

DATA;
#1 = CARTESIAN_POINT ( 'NONE',  ( 0.5384389861779859121, 1.082677165354330784, -0.6613007918656322870 ) ) ;
#2 = CIRCLE ( 'NONE', #6369, 0.08070866141732309373 ) ;
#3 = AXIS2_PLACEMENT_3D ( 'NONE', #7200, #6044, #1797 ) ;
#4 = CIRCLE ( 'NONE', #6490, 0.08070866141732323251 ) ;
#5 = DIRECTION ( 'NONE',  ( -0.7664256734729305576, 2.321282264510197004E-33, 0.6423330032324080507 ) ) ;
#6 = EDGE_CURVE ( 'NONE', #6062, #5192, #1175, .T. ) ;
#7 = ORIENTED_EDGE ( 'NONE', *, *, #4652, .T. ) ;
#8 = ORIENTED_EDGE ( 'NONE', *, *, #2765, .T. ) ;
#9 = PLANE ( 'NONE',  #3250 ) ;
#10 = CARTESIAN_POINT ( 'NONE',  ( 6.248408823445903870, 0.1968503937007874127, 5.087021236003482549 ) ) ;
#11 = AXIS2_PLACEMENT_3D ( 'NONE', #2690, #6360, #5157 ) ;
#12 = DIRECTION ( 'NONE',  ( 0.000000000000000000, 1.000000000000000000, 0.000000000000000000 ) ) ;
#13 = CARTESIAN_POINT ( 'NONE',  ( 3.051181102362205966, 1.200787401574803237, -0.5054160353309620213 ) ) ;
#14 = CARTESIAN_POINT ( 'NONE',  ( 4.787699978822939961, 0.000000000000000000, -0.8412721348264398102 ) ) ;
#15 = EDGE_CURVE ( 'NONE', #6050, #7393, #3102, .T. ) ;
#16 = VECTOR ( 'NONE', #6317, 39.37007874015748143 ) ;
#17 = LINE ( 'NONE', #4443, #3864 ) ;
#18 = AXIS2_PLACEMENT_3D ( 'NONE', #4449, #1375, #817 ) ;
#19 = AXIS2_PLACEMENT_3D ( 'NONE', #2435, #2355, #1803 ) ;
#20 = ORIENTED_EDGE ( 'NONE', *, *, #1425, .F. ) ;
#21 = ORIENTED_EDGE ( 'NONE', *, *, #811, .F. ) ;
#22 = CARTESIAN_POINT ( 'NONE',  ( -3.222831243985248229, 1.082677165354330784, -0.5192658101211539146 ) ) ;
#23 = EDGE_LOOP ( 'NONE', ( #263, #4372 ) ) ;
#24 = LINE ( 'NONE', #1972, #2447 ) ;
#25 = CARTESIAN_POINT ( 'NONE',  ( 2.657480314960631418, 1.082677165354330784, -1.292817610134111783 ) ) ;
#26 = DIRECTION ( 'NONE',  ( 0.000000000000000000, 0.000000000000000000, -1.000000000000000000 ) ) ;
#27 = VECTOR ( 'NONE', #61, 39.37007874015748854 ) ;
#28 = ADVANCED_FACE ( 'NONE', ( #3813 ), #6754, .T. ) ;
#29 = VERTEX_POINT ( 'NONE', #7392 ) ;
#30 = ORIENTED_EDGE ( 'NONE', *, *, #7505, .T. ) ;
#31 = CARTESIAN_POINT ( 'NONE',  ( 1.870078740157481434, 1.082677165354330784, -1.212108948716788648 ) ) ;
#32 = CIRCLE ( 'NONE', #3089, 0.08070866141732241372 ) ;
#33 = CARTESIAN_POINT ( 'NONE',  ( 0.000000000000000000, 0.000000000000000000, -3.379431783362458308 ) ) ;
#34 = ORIENTED_EDGE ( 'NONE', *, *, #4681, .F. ) ;
#35 = CARTESIAN_POINT ( 'NONE',  ( 0.6889763779527567911, 1.200787401574803237, -1.292817610134111783 ) ) ;
#36 = EDGE_CURVE ( 'NONE', #2836, #3794, #5737, .T. ) ;
#37 = FACE_BOUND ( 'NONE', #617, .T. ) ;
#38 = ORIENTED_EDGE ( 'NONE', *, *, #7362, .T. ) ;
#39 = ORIENTED_EDGE ( 'NONE', *, *, #6902, .F. ) ;
#40 = ORIENTED_EDGE ( 'NONE', *, *, #341, .T. ) ;
#41 = CIRCLE ( 'NONE', #6776, 0.08070866141732323251 ) ;
#42 = CYLINDRICAL_SURFACE ( 'NONE', #6850, 0.08070866141732241372 ) ;
#43 = DIRECTION ( 'NONE',  ( 0.000000000000000000, -0.000000000000000000, -1.000000000000000000 ) ) ;
#44 = DIRECTION ( 'NONE',  ( -0.000000000000000000, -1.000000000000000000, -0.000000000000000000 ) ) ;
#45 = AXIS2_PLACEMENT_3D ( 'NONE', #3303, #6336, #1399 ) ;
#46 = DIRECTION ( 'NONE',  ( 0.000000000000000000, 0.000000000000000000, -1.000000000000000000 ) ) ;
#47 = CARTESIAN_POINT ( 'NONE',  ( -2.932747772807172026, 1.082677165354331672, -3.499326946597358212 ) ) ;
#48 = VECTOR ( 'NONE', #7684, 39.37007874015748143 ) ;
#49 = ORIENTED_EDGE ( 'NONE', *, *, #7018, .T. ) ;
#50 = ORIENTED_EDGE ( 'NONE', *, *, #3070, .F. ) ;
#51 = CARTESIAN_POINT ( 'NONE',  ( 2.657480314960631418, 1.200787401574803237, -2.160927846354584680 ) ) ;
#52 = CARTESIAN_POINT ( 'NONE',  ( 3.051181102362205966, 1.082677165354330784, -2.554628633756159672 ) ) ;
#53 = ADVANCED_FACE ( 'NONE', ( #1342 ), #742, .F. ) ;
#54 = CARTESIAN_POINT ( 'NONE',  ( -0.8876831230967642261, 1.082677165354330784, -2.101483349169367632 ) ) ;
#55 = CARTESIAN_POINT ( 'NONE',  ( 1.870078740157481434, 1.200787401574803237, -0.4247073739136388859 ) ) ;
#56 = DIRECTION ( 'NONE',  ( 0.000000000000000000, -1.000000000000000000, 0.000000000000000000 ) ) ;
#57 = ORIENTED_EDGE ( 'NONE', *, *, #2276, .F. ) ;
#58 = VERTEX_POINT ( 'NONE', #6825 ) ;
#59 = FACE_OUTER_BOUND ( 'NONE', #6051, .T. ) ;
#60 = ORIENTED_EDGE ( 'NONE', *, *, #3430, .F. ) ;
#61 = DIRECTION ( 'NONE',  ( -0.5773502691896247319, -0.5773502691896248429, 0.5773502691896276184 ) ) ;
#62 = CARTESIAN_POINT ( 'NONE',  ( 1.476377952755906664, 1.200787401574803237, -0.8991168227325369022 ) ) ;
#63 = CARTESIAN_POINT ( 'NONE',  ( 0.6889763779527567911, 1.200787401574803237, -0.8991168227325369022 ) ) ;
#64 = VERTEX_POINT ( 'NONE', #227 ) ;
#65 = CARTESIAN_POINT ( 'NONE',  ( 2.263779527559056426, 1.082677165354330784, -0.5861246967482850456 ) ) ;
#66 = PLANE ( 'NONE',  #1432 ) ;
#67 = CARTESIAN_POINT ( 'NONE',  ( 2.263779527559056426, 1.200787401574803237, -2.080219184937261545 ) ) ;
#68 = CARTESIAN_POINT ( 'NONE',  ( 0.6889763779527567911, 1.082677165354330784, -1.292817610134111783 ) ) ;
#69 = ORIENTED_EDGE ( 'NONE', *, *, #6345, .F. ) ;
#70 = EDGE_CURVE ( 'NONE', #3137, #6854, #6260, .T. ) ;
#71 = LINE ( 'NONE', #1434, #5454 ) ;
#72 = EDGE_CURVE ( 'NONE', #5004, #2942, #6241, .T. ) ;
#73 = FACE_OUTER_BOUND ( 'NONE', #4846, .T. ) ;
#74 = ORIENTED_EDGE ( 'NONE', *, *, #3972, .T. ) ;
#75 = ORIENTED_EDGE ( 'NONE', *, *, #3008, .T. ) ;
#76 = VERTEX_POINT ( 'NONE', #822 ) ;
#77 = DIRECTION ( 'NONE',  ( 0.000000000000000000, -1.000000000000000000, 0.000000000000000000 ) ) ;
#78 = ADVANCED_FACE ( 'NONE', ( #152 ), #5669, .F. ) ;
#79 = EDGE_CURVE ( 'NONE', #7850, #6078, #406, .T. ) ;
#80 = VECTOR ( 'NONE', #6863, 39.37007874015748143 ) ;
#81 = CARTESIAN_POINT ( 'NONE',  ( 2.263779527559056426, 1.082677165354330784, -1.373526271551434919 ) ) ;
#82 = LINE ( 'NONE', #4396, #1073 ) ;
#83 = ORIENTED_EDGE ( 'NONE', *, *, #5300, .F. ) ;
#84 = ORIENTED_EDGE ( 'NONE', *, *, #7843, .T. ) ;
#85 = CARTESIAN_POINT ( 'NONE',  ( 2.263779527559056426, 1.200787401574803237, -1.999510523519938410 ) ) ;
#86 = DIRECTION ( 'NONE',  ( 0.000000000000000000, 0.000000000000000000, -1.000000000000000000 ) ) ;
#87 = FACE_OUTER_BOUND ( 'NONE', #2075, .T. ) ;
#88 = VECTOR ( 'NONE', #3928, 39.37007874015748143 ) ;
#89 = FACE_OUTER_BOUND ( 'NONE', #1250, .T. ) ;
#90 = CARTESIAN_POINT ( 'NONE',  ( 0.6889763779527567911, 1.200787401574803237, -0.5054160353309620213 ) ) ;
#91 = VECTOR ( 'NONE', #2103, 39.37007874015748143 ) ;
#92 = CIRCLE ( 'NONE', #3152, 0.08070866141732323251 ) ;
#93 = ORIENTED_EDGE ( 'NONE', *, *, #4247, .F. ) ;
#94 = VERTEX_POINT ( 'NONE', #3855 ) ;
#95 = ORIENTED_EDGE ( 'NONE', *, *, #244, .F. ) ;
#96 = CARTESIAN_POINT ( 'NONE',  ( 2.263779527559056426, 1.082677165354330784, -0.8184081613152137669 ) ) ;
#97 = DIRECTION ( 'NONE',  ( -0.000000000000000000, 0.000000000000000000, 1.000000000000000000 ) ) ;
#98 = ADVANCED_FACE ( 'NONE', ( #2642 ), #5078, .F. ) ;
#99 = CARTESIAN_POINT ( 'NONE',  ( 1.870078740157481434, 1.082677165354330784, -0.8184081613152137669 ) ) ;
#100 = ADVANCED_FACE ( 'NONE', ( #184 ), #2611, .F. ) ;
#101 = VECTOR ( 'NONE', #1076, 39.37007874015748143 ) ;
#102 = EDGE_CURVE ( 'NONE', #5448, #1456, #3696, .T. ) ;
#103 = ORIENTED_EDGE ( 'NONE', *, *, #1394, .F. ) ;
#104 = AXIS2_PLACEMENT_3D ( 'NONE', #2708, #6340, #2628 ) ;
#105 = CARTESIAN_POINT ( 'NONE',  ( 3.051181102362205966, 1.200787401574803237, -1.767227058953009911 ) ) ;
#106 = DIRECTION ( 'NONE',  ( 0.000000000000000000, 0.000000000000000000, -1.000000000000000000 ) ) ;
#107 = DIRECTION ( 'NONE',  ( 0.000000000000000000, 0.000000000000000000, -1.000000000000000000 ) ) ;
#108 = FACE_OUTER_BOUND ( 'NONE', #2620, .T. ) ;
#109 = EDGE_LOOP ( 'NONE', ( #1923, #5211 ) ) ;
#110 = ADVANCED_FACE ( 'NONE', ( #5518 ), #4453, .F. ) ;
#111 = DIRECTION ( 'NONE',  ( 0.000000000000000000, 0.000000000000000000, -1.000000000000000000 ) ) ;
#112 = DIRECTION ( 'NONE',  ( 0.000000000000000000, -1.000000000000000000, 0.000000000000000000 ) ) ;
#113 = ADVANCED_FACE ( 'NONE', ( #7500 ), #66, .T. ) ;
#114 = CARTESIAN_POINT ( 'NONE',  ( 0.000000000000000000, 15.67005943375638211, -3.084156192811276842 ) ) ;
#115 = EDGE_LOOP ( 'NONE', ( #182, #7004, #1805, #4486 ) ) ;
#116 = EDGE_LOOP ( 'NONE', ( #1170, #879, #5273, #5794 ) ) ;
#117 = ORIENTED_EDGE ( 'NONE', *, *, #2826, .F. ) ;
#118 = AXIS2_PLACEMENT_3D ( 'NONE', #2783, #3026, #1203 ) ;
#119 = FACE_OUTER_BOUND ( 'NONE', #3341, .T. ) ;
#120 = CARTESIAN_POINT ( 'NONE',  ( 1.476377952755906664, 1.200787401574803237, -1.999510523519938410 ) ) ;
#121 = AXIS2_PLACEMENT_3D ( 'NONE', #313, #2857, #919 ) ;
#122 = DIRECTION ( 'NONE',  ( -0.000000000000000000, -1.000000000000000000, -0.000000000000000000 ) ) ;
#123 = LINE ( 'NONE', #3716, #5894 ) ;
#124 = EDGE_CURVE ( 'NONE', #3609, #4407, #7269, .T. ) ;
#125 = ORIENTED_EDGE ( 'NONE', *, *, #2227, .F. ) ;
#126 = ORIENTED_EDGE ( 'NONE', *, *, #5170, .F. ) ;
#127 = DIRECTION ( 'NONE',  ( -0.000000000000000000, -1.000000000000000000, -0.000000000000000000 ) ) ;
#128 = FACE_OUTER_BOUND ( 'NONE', #2297, .T. ) ;
#129 = DIRECTION ( 'NONE',  ( 0.000000000000000000, -1.000000000000000000, 0.000000000000000000 ) ) ;
#130 = VECTOR ( 'NONE', #3438, 39.37007874015748143 ) ;
#131 = CARTESIAN_POINT ( 'NONE',  ( -1.281383910498342216, 1.200787401574803237, -2.783393115928765926 ) ) ;
#132 = EDGE_CURVE ( 'NONE', #4302, #357, #4856, .T. ) ;
#133 = EDGE_CURVE ( 'NONE', #3461, #2942, #1500, .T. ) ;
#134 = LINE ( 'NONE', #4908, #4745 ) ;
#135 = AXIS2_PLACEMENT_3D ( 'NONE', #6848, #2003, #5065 ) ;
#136 = ORIENTED_EDGE ( 'NONE', *, *, #4679, .T. ) ;
#137 = CIRCLE ( 'NONE', #7620, 0.08070866141732323251 ) ;
#138 = EDGE_LOOP ( 'NONE', ( #5690, #3597, #5069, #2604 ) ) ;
#139 = EDGE_CURVE ( 'NONE', #3590, #2722, #6512, .T. ) ;
#140 = ORIENTED_EDGE ( 'NONE', *, *, #4514, .T. ) ;
#141 = CIRCLE ( 'NONE', #1279, 0.08070866141732296883 ) ;
#142 = CARTESIAN_POINT ( 'NONE',  ( 0.6889763779527567911, 1.200787401574803237, -2.554628633756159672 ) ) ;
#143 = FACE_OUTER_BOUND ( 'NONE', #6183, .T. ) ;
#144 = CARTESIAN_POINT ( 'NONE',  ( -0.07874015748031448769, 0.3937007874015752140, -3.379431783362458308 ) ) ;
#145 = AXIS2_PLACEMENT_3D ( 'NONE', #5226, #4524, #367 ) ;
#146 = AXIS2_PLACEMENT_3D ( 'NONE', #2138, #3221, #3179 ) ;
#147 = CIRCLE ( 'NONE', #5096, 0.08070866141732296883 ) ;
#148 = AXIS2_PLACEMENT_3D ( 'NONE', #6417, #446, #930 ) ;
#149 = CIRCLE ( 'NONE', #1802, 0.08070866141732309373 ) ;
#150 = ORIENTED_EDGE ( 'NONE', *, *, #5281, .F. ) ;
#151 = DIRECTION ( 'NONE',  ( 0.000000000000000000, 0.000000000000000000, -1.000000000000000000 ) ) ;
#152 = FACE_OUTER_BOUND ( 'NONE', #4732, .T. ) ;
#153 = CARTESIAN_POINT ( 'NONE',  ( 1.476377952755906664, 1.200787401574803237, -1.212108948716788648 ) ) ;
#154 = AXIS2_PLACEMENT_3D ( 'NONE', #7532, #3169, #737 ) ;
#155 = LINE ( 'NONE', #2579, #7635 ) ;
#156 = ORIENTED_EDGE ( 'NONE', *, *, #5746, .T. ) ;
#157 = DIRECTION ( 'NONE',  ( 0.000000000000000000, -1.000000000000000000, 0.000000000000000000 ) ) ;
#158 = VECTOR ( 'NONE', #5648, 39.37007874015748143 ) ;
#159 = FACE_OUTER_BOUND ( 'NONE', #4813, .T. ) ;
#160 = CARTESIAN_POINT ( 'NONE',  ( -1.399713076934712808, 1.082677165354330784, -1.290758789871159218 ) ) ;
#161 = ORIENTED_EDGE ( 'NONE', *, *, #5162, .F. ) ;
#162 = ORIENTED_EDGE ( 'NONE', *, *, #5067, .F. ) ;
#163 = CARTESIAN_POINT ( 'NONE',  ( 1.476377952755906664, 1.200787401574803237, -2.080219184937261545 ) ) ;
#164 = DIRECTION ( 'NONE',  ( 0.000000000000000000, 0.000000000000000000, -1.000000000000000000 ) ) ;
#165 = DIRECTION ( 'NONE',  ( -1.000000000000000000, 0.000000000000000000, 0.000000000000000000 ) ) ;
#166 = DIRECTION ( 'NONE',  ( 1.000000000000000000, 0.000000000000000000, -1.110223024625156294E-16 ) ) ;
#167 = ORIENTED_EDGE ( 'NONE', *, *, #1899, .F. ) ;
#168 = ORIENTED_EDGE ( 'NONE', *, *, #5371, .T. ) ;
#169 = CARTESIAN_POINT ( 'NONE',  ( -2.766396192751782834, 1.082677165354330784, -3.352136981866516319 ) ) ;
#170 = FILL_AREA_STYLE_COLOUR ( '', #1400 ) ;
#171 = CARTESIAN_POINT ( 'NONE',  ( 1.810148305252713197, 1.200787401574803237, -0.5150720872541955098 ) ) ;
#172 = EDGE_CURVE ( 'NONE', #4249, #7025, #1684, .T. ) ;
#173 = LINE ( 'NONE', #249, #2755 ) ;
#174 = CIRCLE ( 'NONE', #4243, 0.07874015748031502893 ) ;
#175 = CARTESIAN_POINT ( 'NONE',  ( 1.870078740157481434, 1.200787401574803237, -0.8991168227325369022 ) ) ;
#176 = VERTEX_POINT ( 'NONE', #5876 ) ;
#177 =( NAMED_UNIT ( * ) PLANE_ANGLE_UNIT ( ) SI_UNIT ( $, .RADIAN. ) );
#178 = ORIENTED_EDGE ( 'NONE', *, *, #7763, .F. ) ;
#179 = CARTESIAN_POINT ( 'NONE',  ( -0.6102362204724406380, 15.67005943375638211, 0.000000000000000000 ) ) ;
#180 = CYLINDRICAL_SURFACE ( 'NONE', #1428, 0.08070866141732309373 ) ;
#181 = DIRECTION ( 'NONE',  ( 0.000000000000000000, 0.000000000000000000, -1.000000000000000000 ) ) ;
#182 = ORIENTED_EDGE ( 'NONE', *, *, #3376, .T. ) ;
#183 = CYLINDRICAL_SURFACE ( 'NONE', #7447, 0.08070866141732313537 ) ;
#184 = FACE_OUTER_BOUND ( 'NONE', #7552, .T. ) ;
#185 = CARTESIAN_POINT ( 'NONE',  ( 3.051181102362205966, 1.200787401574803237, -0.5861246967482850456 ) ) ;
#186 = CARTESIAN_POINT ( 'NONE',  ( 3.455905511811023789, 0.5511811023622049666, -5.849388579488668860 ) ) ;
#187 = ORIENTED_EDGE ( 'NONE', *, *, #3288, .T. ) ;
#188 = DIRECTION ( 'NONE',  ( -0.000000000000000000, -1.000000000000000000, -0.000000000000000000 ) ) ;
#189 = CARTESIAN_POINT ( 'NONE',  ( 2.263779527559056426, 1.200787401574803237, -0.1117152479293870848 ) ) ;
#190 = ADVANCED_FACE ( 'NONE', ( #6904 ), #4497, .F. ) ;
#191 = EDGE_CURVE ( 'NONE', #656, #4108, #6316, .T. ) ;
#192 = DIRECTION ( 'NONE',  ( -0.000000000000000000, -1.000000000000000000, -0.000000000000000000 ) ) ;
#193 = VERTEX_POINT ( 'NONE', #6358 ) ;
#194 = EDGE_LOOP ( 'NONE', ( #7426, #4774, #7291, #6404 ) ) ;
#195 = DIRECTION ( 'NONE',  ( 0.000000000000000000, -1.000000000000000000, 0.000000000000000000 ) ) ;
#196 = EDGE_CURVE ( 'NONE', #7318, #3330, #2812, .T. ) ;
#197 = CARTESIAN_POINT ( 'NONE',  ( 2.657480314960631418, 1.082677165354330784, -1.767227058953009911 ) ) ;
#198 = AXIS2_PLACEMENT_3D ( 'NONE', #2558, #4363, #3756 ) ;
#199 = EDGE_CURVE ( 'NONE', #5509, #3735, #5155, .T. ) ;
#200 = EDGE_CURVE ( 'NONE', #934, #940, #7614, .T. ) ;
#201 = FACE_OUTER_BOUND ( 'NONE', #673, .T. ) ;
#202 = DIRECTION ( 'NONE',  ( 0.000000000000000000, 1.000000000000000000, 0.000000000000000000 ) ) ;
#203 = EDGE_LOOP ( 'NONE', ( #872, #627, #7655, #3317 ) ) ;
#204 = VERTEX_POINT ( 'NONE', #4012 ) ;
#205 = DIRECTION ( 'NONE',  ( -0.7754638790607945031, 0.000000000000000000, -0.6313919323779687565 ) ) ;
#206 = CARTESIAN_POINT ( 'NONE',  ( -1.084533516797553387, 1.082677165354330784, -2.361729571131744088 ) ) ;
#207 = CARTESIAN_POINT ( 'NONE',  ( -0.8349372190748853839, 1.082677165354330784, -1.222723188709179620 ) ) ;
#208 = ADVANCED_FACE ( 'NONE', ( #2094 ), #4532, .F. ) ;
#209 = CARTESIAN_POINT ( 'NONE',  ( 3.937007874015748143, 1.377952755905512028, -5.682581389661670812 ) ) ;
#210 = VECTOR ( 'NONE', #4115, 39.37007874015748143 ) ;
#211 = CARTESIAN_POINT ( 'NONE',  ( 0.2757742074638847574, 1.200787401574803237, -0.8751655851565830480 ) ) ;
#212 = ORIENTED_EDGE ( 'NONE', *, *, #613, .F. ) ;
#213 = EDGE_CURVE ( 'NONE', #6189, #3710, #4981, .T. ) ;
#214 = DIRECTION ( 'NONE',  ( 0.000000000000000000, -1.000000000000000000, 0.000000000000000000 ) ) ;
#215 = ORIENTED_EDGE ( 'NONE', *, *, #6067, .F. ) ;
#216 = CYLINDRICAL_SURFACE ( 'NONE', #517, 0.08070866141732323251 ) ;
#217 = EDGE_CURVE ( 'NONE', #7476, #2789, #149, .T. ) ;
#218 = CARTESIAN_POINT ( 'NONE',  ( 0.2952755905511819101, 1.082677165354330784, -2.473919972338836537 ) ) ;
#219 = AXIS2_PLACEMENT_3D ( 'NONE', #6147, #6741, #7302 ) ;
#220 = VECTOR ( 'NONE', #5063, 39.37007874015748143 ) ;
#221 = LINE ( 'NONE', #5038, #4844 ) ;
#222 = VECTOR ( 'NONE', #3240, 39.37007874015748143 ) ;
#223 = EDGE_LOOP ( 'NONE', ( #4637, #869, #4654, #4628 ) ) ;
#224 = DIRECTION ( 'NONE',  ( 0.000000000000000000, -0.000000000000000000, -1.000000000000000000 ) ) ;
#225 = CARTESIAN_POINT ( 'NONE',  ( 3.455905511811023789, 1.377952755905512028, -4.294786114071121652 ) ) ;
#226 = EDGE_CURVE ( 'NONE', #7615, #6204, #6378, .T. ) ;
#227 = CARTESIAN_POINT ( 'NONE',  ( 1.870078740157481434, 1.200787401574803237, -0.8184081613152137669 ) ) ;
#228 = ORIENTED_EDGE ( 'NONE', *, *, #1787, .T. ) ;
#229 = CARTESIAN_POINT ( 'NONE',  ( 3.051181102362205966, 1.082677165354330784, -1.686518397535686553 ) ) ;
#230 = DIRECTION ( 'NONE',  ( 0.000000000000000000, 0.000000000000000000, -1.000000000000000000 ) ) ;
#231 = CYLINDRICAL_SURFACE ( 'NONE', #2041, 0.08070866141732323251 ) ;
#232 = AXIS2_PLACEMENT_3D ( 'NONE', #7467, #2024, #5126 ) ;
#233 = DIRECTION ( 'NONE',  ( -0.000000000000000000, -1.000000000000000000, -0.000000000000000000 ) ) ;
#234 = DIRECTION ( 'NONE',  ( 0.000000000000000000, 0.000000000000000000, -1.000000000000000000 ) ) ;
#235 = ORIENTED_EDGE ( 'NONE', *, *, #6451, .F. ) ;
#236 = ADVANCED_FACE ( 'NONE', ( #3978 ), #6396, .T. ) ;
#237 = VERTEX_POINT ( 'NONE', #7024 ) ;
#238 = DIRECTION ( 'NONE',  ( -0.000000000000000000, 1.000000000000000000, -0.000000000000000000 ) ) ;
#239 = DIRECTION ( 'NONE',  ( 0.000000000000000000, 0.000000000000000000, -1.000000000000000000 ) ) ;
#240 = DIRECTION ( 'NONE',  ( 0.000000000000000000, -1.000000000000000000, 0.000000000000000000 ) ) ;
#241 = DIRECTION ( 'NONE',  ( 0.000000000000000000, 0.000000000000000000, -1.000000000000000000 ) ) ;
#242 = EDGE_CURVE ( 'NONE', #1305, #204, #5605, .T. ) ;
#243 = ORIENTED_EDGE ( 'NONE', *, *, #3246, .F. ) ;
#244 = EDGE_CURVE ( 'NONE', #1033, #5440, #1018, .T. ) ;
#245 = VERTEX_POINT ( 'NONE', #2847 ) ;
#246 = LINE ( 'NONE', #7593, #5955 ) ;
#247 = SURFACE_SIDE_STYLE ('',( #1361 ) ) ;
#248 = LINE ( 'NONE', #2037, #508 ) ;
#249 = CARTESIAN_POINT ( 'NONE',  ( -2.922960674694182526, 0.000000000000000000, -2.380417114570415382 ) ) ;
#250 = VECTOR ( 'NONE', #3190, 39.37007874015748143 ) ;
#251 = ORIENTED_EDGE ( 'NONE', *, *, #244, .T. ) ;
#252 = AXIS2_PLACEMENT_3D ( 'NONE', #6677, #4735, #2893 ) ;
#253 = DIRECTION ( 'NONE',  ( 0.000000000000000000, -1.000000000000000000, 0.000000000000000000 ) ) ;
#254 = DIRECTION ( 'NONE',  ( -0.000000000000000000, -1.000000000000000000, -0.000000000000000000 ) ) ;
#255 = DIRECTION ( 'NONE',  ( 0.000000000000000000, 0.000000000000000000, -1.000000000000000000 ) ) ;
#256 = VECTOR ( 'NONE', #7090, 39.37007874015748143 ) ;
#257 = EDGE_CURVE ( 'NONE', #3555, #6945, #5428, .T. ) ;
#258 = CIRCLE ( 'NONE', #2162, 0.08070866141732323251 ) ;
#259 = CIRCLE ( 'NONE', #4717, 0.08070866141732241372 ) ;
#260 = AXIS2_PLACEMENT_3D ( 'NONE', #7756, #4861, #3593 ) ;
#261 = EDGE_LOOP ( 'NONE', ( #60, #2424 ) ) ;
#262 = CARTESIAN_POINT ( 'NONE',  ( -0.8349372190748853839, 1.200787401574803237, -1.303431850126502756 ) ) ;
#263 = ORIENTED_EDGE ( 'NONE', *, *, #3655, .F. ) ;
#264 = CARTESIAN_POINT ( 'NONE',  ( 1.476377952755906664, 1.082677165354330784, -0.5054160353309620213 ) ) ;
#265 = ORIENTED_EDGE ( 'NONE', *, *, #5736, .F. ) ;
#266 = DIRECTION ( 'NONE',  ( 0.000000000000000000, -1.000000000000000000, 0.000000000000000000 ) ) ;
#267 = ORIENTED_EDGE ( 'NONE', *, *, #199, .T. ) ;
#268 = DIRECTION ( 'NONE',  ( -0.000000000000000000, -1.000000000000000000, -0.000000000000000000 ) ) ;
#269 = VECTOR ( 'NONE', #2534, 39.37007874015748143 ) ;
#270 = CARTESIAN_POINT ( 'NONE',  ( 3.051181102362205966, 1.200787401574803237, -0.8991168227325369022 ) ) ;
#271 = AXIS2_PLACEMENT_3D ( 'NONE', #2850, #4164, #7664 ) ;
#272 = AXIS2_PLACEMENT_3D ( 'NONE', #6194, #6283, #3252 ) ;
#273 = ORIENTED_EDGE ( 'NONE', *, *, #7047, .T. ) ;
#274 = DIRECTION ( 'NONE',  ( 0.000000000000000000, 0.000000000000000000, 1.000000000000000000 ) ) ;
#275 = ORIENTED_EDGE ( 'NONE', *, *, #868, .F. ) ;
#276 = ORIENTED_EDGE ( 'NONE', *, *, #5890, .F. ) ;
#277 = CARTESIAN_POINT ( 'NONE',  ( 0.6889763779527567911, 1.200787401574803237, -1.292817610134111783 ) ) ;
#278 = DIRECTION ( 'NONE',  ( 0.3558754527948649882, 0.000000000000000000, 0.9345333927142731589 ) ) ;
#279 = FACE_OUTER_BOUND ( 'NONE', #6429, .T. ) ;
#280 = VERTEX_POINT ( 'NONE', #6517 ) ;
#281 = ORIENTED_EDGE ( 'NONE', *, *, #5190, .T. ) ;
#282 = EDGE_CURVE ( 'NONE', #1253, #7671, #398, .T. ) ;
#283 = ORIENTED_EDGE ( 'NONE', *, *, #6366, .F. ) ;
#284 = CARTESIAN_POINT ( 'NONE',  ( 1.417322834645668772, 1.358267716535431102, -5.422738869976631904 ) ) ;
#285 = CARTESIAN_POINT ( 'NONE',  ( 0.2952755905511819101, 1.200787401574803237, -2.080219184937261545 ) ) ;
#286 = LINE ( 'NONE', #5027, #7242 ) ;
#287 = DIRECTION ( 'NONE',  ( 0.000000000000000000, 1.000000000000000000, 0.000000000000000000 ) ) ;
#288 = VERTEX_POINT ( 'NONE', #496 ) ;
#289 = EDGE_CURVE ( 'NONE', #5099, #5387, #7639, .T. ) ;
#290 = ORIENTED_EDGE ( 'NONE', *, *, #3851, .T. ) ;
#291 = DIRECTION ( 'NONE',  ( 0.000000000000000000, 0.000000000000000000, 1.000000000000000000 ) ) ;
#292 = DIRECTION ( 'NONE',  ( 0.000000000000000000, -0.000000000000000000, -1.000000000000000000 ) ) ;
#293 = CARTESIAN_POINT ( 'NONE',  ( -3.605107740903009450, 0.000000000000000000, -2.935829385766367761 ) ) ;
#294 = AXIS2_PLACEMENT_3D ( 'NONE', #4156, #6548, #7773 ) ;
#295 = ORIENTED_EDGE ( 'NONE', *, *, #7483, .T. ) ;
#296 = AXIS2_PLACEMENT_3D ( 'NONE', #2436, #3031, #4865 ) ;
#297 = LINE ( 'NONE', #5822, #7398 ) ;
#298 = FACE_OUTER_BOUND ( 'NONE', #1240, .T. ) ;
#299 = VECTOR ( 'NONE', #4827, 39.37007874015748143 ) ;
#300 = ORIENTED_EDGE ( 'NONE', *, *, #6676, .T. ) ;
#301 = DIRECTION ( 'NONE',  ( 0.000000000000000000, -1.000000000000000000, 0.000000000000000000 ) ) ;
#302 = ORIENTED_EDGE ( 'NONE', *, *, #2023, .T. ) ;
#303 = FACE_OUTER_BOUND ( 'NONE', #3765, .T. ) ;
#304 = EDGE_LOOP ( 'NONE', ( #6788, #6173, #1183, #4665 ) ) ;
#305 = PLANE ( 'NONE',  #5848 ) ;
#306 = CARTESIAN_POINT ( 'NONE',  ( 2.657480314960631418, 1.200787401574803237, -0.8184081613152137669 ) ) ;
#307 = ORIENTED_EDGE ( 'NONE', *, *, #139, .T. ) ;
#308 = CARTESIAN_POINT ( 'NONE',  ( 2.263779527559056426, 1.200787401574803237, -1.373526271551434919 ) ) ;
#309 = VERTEX_POINT ( 'NONE', #7809 ) ;
#310 = ADVANCED_FACE ( 'NONE', ( #7778 ), #1104, .F. ) ;
#311 = ORIENTED_EDGE ( 'NONE', *, *, #5769, .F. ) ;
#312 = EDGE_CURVE ( 'NONE', #7088, #7683, #6632, .T. ) ;
#313 = CARTESIAN_POINT ( 'NONE',  ( 1.082677165354331672, 1.200787401574803237, -0.5054160353309620213 ) ) ;
#314 = CYLINDRICAL_SURFACE ( 'NONE', #1406, 0.08070866141732323251 ) ;
#315 = CARTESIAN_POINT ( 'NONE',  ( 0.000000000000000000, 0.000000000000000000, 0.000000000000000000 ) ) ;
#316 = ORIENTED_EDGE ( 'NONE', *, *, #5775, .T. ) ;
#317 = EDGE_LOOP ( 'NONE', ( #1077, #4782, #2602, #674 ) ) ;
#318 = ORIENTED_EDGE ( 'NONE', *, *, #6546, .F. ) ;
#319 = EDGE_CURVE ( 'NONE', #6059, #3929, #3003, .T. ) ;
#320 = DIRECTION ( 'NONE',  ( 0.000000000000000000, -1.000000000000000000, 0.000000000000000000 ) ) ;
#321 = LINE ( 'NONE', #5258, #1156 ) ;
#322 = CARTESIAN_POINT ( 'NONE',  ( 4.496879918304330204, 1.082677165354331672, -0.7901706008445642526 ) ) ;
#323 = CARTESIAN_POINT ( 'NONE',  ( 1.082677165354331672, 1.082677165354330784, -0.9798254841498597045 ) ) ;
#324 = ADVANCED_FACE ( 'NONE', ( #4796 ), #2369, .F. ) ;
#325 = DIRECTION ( 'NONE',  ( -0.000000000000000000, -0.000000000000000000, -1.000000000000000000 ) ) ;
#326 = EDGE_LOOP ( 'NONE', ( #1473, #7119, #1598, #2741 ) ) ;
#327 = CARTESIAN_POINT ( 'NONE',  ( -1.498039639382837018, 0.9842519685039373689, -3.224147913474853411 ) ) ;
#328 = CARTESIAN_POINT ( 'NONE',  ( 3.228346456692913424, 1.102362204724409489, -4.885337295173484584 ) ) ;
#329 = CARTESIAN_POINT ( 'NONE',  ( 1.870078740157481434, 1.082677165354330784, -0.1924239093467102202 ) ) ;
#330 = AXIS2_PLACEMENT_3D ( 'NONE', #7717, #3552, #2316 ) ;
#331 = LINE ( 'NONE', #5869, #6860 ) ;
#332 = AXIS2_PLACEMENT_3D ( 'NONE', #493, #5355, #3001 ) ;
#333 = ORIENTED_EDGE ( 'NONE', *, *, #5032, .T. ) ;
#334 = DIRECTION ( 'NONE',  ( 0.000000000000000000, -1.000000000000000000, 0.000000000000000000 ) ) ;
#335 = VECTOR ( 'NONE', #6298, 39.37007874015748143 ) ;
#336 = CARTESIAN_POINT ( 'NONE',  ( 2.657480314960631418, 1.200787401574803237, -1.767227058953009911 ) ) ;
#337 = EDGE_CURVE ( 'NONE', #3461, #6069, #4086, .T. ) ;
#338 = ORIENTED_EDGE ( 'NONE', *, *, #3558, .F. ) ;
#339 = DIRECTION ( 'NONE',  ( 0.000000000000000000, -1.000000000000000000, 0.000000000000000000 ) ) ;
#340 = CARTESIAN_POINT ( 'NONE',  ( -1.356305065950079269, 1.082677165354330784, -2.204023980834525887 ) ) ;
#341 = EDGE_CURVE ( 'NONE', #2877, #5440, #6508, .T. ) ;
#342 = CARTESIAN_POINT ( 'NONE',  ( 1.082677165354331672, 1.200787401574803237, -0.5861246967482850456 ) ) ;
#343 = DIRECTION ( 'NONE',  ( 0.000000000000000000, 0.000000000000000000, -1.000000000000000000 ) ) ;
#344 = VECTOR ( 'NONE', #3372, 39.37007874015748143 ) ;
#345 = EDGE_CURVE ( 'NONE', #5434, #4204, #1774, .T. ) ;
#346 = ORIENTED_EDGE ( 'NONE', *, *, #4954, .F. ) ;
#347 = CARTESIAN_POINT ( 'NONE',  ( 2.657480314960631418, 1.200787401574803237, -0.1117152479293870848 ) ) ;
#348 = VECTOR ( 'NONE', #4576, 39.37007874015748143 ) ;
#349 = EDGE_LOOP ( 'NONE', ( #2348, #6560, #1680, #5337 ) ) ;
#350 = VECTOR ( 'NONE', #7046, 39.37007874015748143 ) ;
#351 = ORIENTED_EDGE ( 'NONE', *, *, #5646, .F. ) ;
#352 = CARTESIAN_POINT ( 'NONE',  ( 1.082677165354331672, 1.200787401574803237, -2.080219184937261545 ) ) ;
#353 = PLANE ( 'NONE',  #3744 ) ;
#354 = AXIS2_PLACEMENT_3D ( 'NONE', #7408, #7439, #6209 ) ;
#355 = CARTESIAN_POINT ( 'NONE',  ( 2.657480314960631418, 1.082677165354330784, -2.080219184937261545 ) ) ;
#356 = CARTESIAN_POINT ( 'NONE',  ( -1.256569357273963794, 1.200787401574803237, -1.023621443728597757 ) ) ;
#357 = VERTEX_POINT ( 'NONE', #6666 ) ;
#358 = ORIENTED_EDGE ( 'NONE', *, *, #3050, .F. ) ;
#359 = ORIENTED_EDGE ( 'NONE', *, *, #4564, .F. ) ;
#360 = DIRECTION ( 'NONE',  ( 0.000000000000000000, -1.000000000000000000, 0.000000000000000000 ) ) ;
#361 = DIRECTION ( 'NONE',  ( 0.000000000000000000, -0.000000000000000000, -1.000000000000000000 ) ) ;
#362 = CARTESIAN_POINT ( 'NONE',  ( 1.082677165354331672, 1.082677165354330784, -1.212108948716788870 ) ) ;
#363 = CARTESIAN_POINT ( 'NONE',  ( -1.525726323044705790, 0.000000000000000000, -1.242772253095522306 ) ) ;
#364 = FACE_OUTER_BOUND ( 'NONE', #7777, .T. ) ;
#365 = ORIENTED_EDGE ( 'NONE', *, *, #5925, .F. ) ;
#366 = VERTEX_POINT ( 'NONE', #4131 ) ;
#367 = DIRECTION ( 'NONE',  ( 0.000000000000000000, 0.000000000000000000, -1.000000000000000000 ) ) ;
#368 = DIRECTION ( 'NONE',  ( 0.000000000000000000, 0.000000000000000000, -1.000000000000000000 ) ) ;
#369 = CARTESIAN_POINT ( 'NONE',  ( 3.522064545828509363, 1.377952755905512028, -1.341642819380958640 ) ) ;
#370 = AXIS2_PLACEMENT_3D ( 'NONE', #5054, #7516, #5607 ) ;
#371 = EDGE_CURVE ( 'NONE', #3528, #5650, #6030, .T. ) ;
#372 = EDGE_CURVE ( 'NONE', #686, #4204, #2331, .T. ) ;
#373 = AXIS2_PLACEMENT_3D ( 'NONE', #5481, #1149, #6600 ) ;
#374 = ORIENTED_EDGE ( 'NONE', *, *, #7725, .T. ) ;
#375 = CARTESIAN_POINT ( 'NONE',  ( 1.476377952755906220, 1.200787401574803237, -2.473919972338836537 ) ) ;
#376 = CARTESIAN_POINT ( 'NONE',  ( -0.1968503937007870241, 0.6791338582677166613, -5.347935720370331936 ) ) ;
#377 = ORIENTED_EDGE ( 'NONE', *, *, #1639, .F. ) ;
#378 = AXIS2_PLACEMENT_3D ( 'NONE', #3272, #6175, #3200 ) ;
#379 = DIRECTION ( 'NONE',  ( 0.000000000000000000, -0.000000000000000000, -1.000000000000000000 ) ) ;
#380 = DIRECTION ( 'NONE',  ( 1.000000000000000000, 0.000000000000000000, 0.000000000000000000 ) ) ;
#381 = CARTESIAN_POINT ( 'NONE',  ( 0.8267716535433065062, 1.181102362204724532, -3.757384539267974333 ) ) ;
#382 = CIRCLE ( 'NONE', #4714, 0.08070866141732323251 ) ;
#383 = CIRCLE ( 'NONE', #2169, 0.08070866141732323251 ) ;
#384 = CIRCLE ( 'NONE', #4341, 0.08070866141732323251 ) ;
#385 = CIRCLE ( 'NONE', #2553, 0.08070866141732269128 ) ;
#386 = ORIENTED_EDGE ( 'NONE', *, *, #132, .T. ) ;
#387 = CARTESIAN_POINT ( 'NONE',  ( 1.870078740157481434, 1.082677165354330784, -0.5861246967482850456 ) ) ;
#388 = VERTEX_POINT ( 'NONE', #1733 ) ;
#389 = LINE ( 'NONE', #2891, #6624 ) ;
#390 = VECTOR ( 'NONE', #823, 39.37007874015748854 ) ;
#391 = ORIENTED_EDGE ( 'NONE', *, *, #2199, .T. ) ;
#392 = VECTOR ( 'NONE', #5694, 39.37007874015748143 ) ;
#393 = DIRECTION ( 'NONE',  ( 0.000000000000000000, 0.000000000000000000, -1.000000000000000000 ) ) ;
#394 = LINE ( 'NONE', #2148, #5089 ) ;
#395 = CIRCLE ( 'NONE', #7395, 0.08070866141732323251 ) ;
#396 = VECTOR ( 'NONE', #1975, 39.37007874015748143 ) ;
#397 = FACE_BOUND ( 'NONE', #3806, .T. ) ;
#398 = CIRCLE ( 'NONE', #6630, 0.08070866141732323251 ) ;
#399 = ORIENTED_EDGE ( 'NONE', *, *, #5014, .T. ) ;
#400 = ORIENTED_EDGE ( 'NONE', *, *, #3304, .F. ) ;
#401 = ORIENTED_EDGE ( 'NONE', *, *, #7630, .F. ) ;
#402 = CARTESIAN_POINT ( 'NONE',  ( 0.000000000000000000, 0.000000000000000000, -5.682581389661670812 ) ) ;
#403 = DIRECTION ( 'NONE',  ( -0.000000000000000000, -1.000000000000000000, -0.000000000000000000 ) ) ;
#404 = CIRCLE ( 'NONE', #6259, 0.08070866141732313537 ) ;
#405 = CARTESIAN_POINT ( 'NONE',  ( 2.854330708661417582, 1.102362204724409711, -3.615652255803403214 ) ) ;
#406 = CIRCLE ( 'NONE', #6123, 0.08070866141732296883 ) ;
#407 = CARTESIAN_POINT ( 'NONE',  ( 1.476377952755906664, 1.200787401574803237, -0.8991168227325369022 ) ) ;
#408 = FACE_OUTER_BOUND ( 'NONE', #4189, .T. ) ;
#409 = VERTEX_POINT ( 'NONE', #4162 ) ;
#410 = VECTOR ( 'NONE', #7488, 39.37007874015748143 ) ;
#411 = ORIENTED_EDGE ( 'NONE', *, *, #2670, .F. ) ;
#412 = DIRECTION ( 'NONE',  ( 0.000000000000000000, 0.000000000000000000, 1.000000000000000000 ) ) ;
#413 = DIRECTION ( 'NONE',  ( 0.000000000000000000, 0.000000000000000000, -1.000000000000000000 ) ) ;
#414 = EDGE_CURVE ( 'NONE', #3433, #1297, #538, .T. ) ;
#415 = CARTESIAN_POINT ( 'NONE',  ( 0.6889763779527567911, 1.200787401574803237, -0.8991168227325369022 ) ) ;
#416 = CARTESIAN_POINT ( 'NONE',  ( 0.6889763779527567911, 1.200787401574803237, -0.5054160353309620213 ) ) ;
#417 = ORIENTED_EDGE ( 'NONE', *, *, #6176, .F. ) ;
#418 = DIRECTION ( 'NONE',  ( -0.000000000000000000, -0.000000000000000000, -1.000000000000000000 ) ) ;
#419 = LINE ( 'NONE', #5786, #7703 ) ;
#420 = VERTEX_POINT ( 'NONE', #1139 ) ;
#421 = DIRECTION ( 'NONE',  ( -0.000000000000000000, -1.000000000000000000, -0.000000000000000000 ) ) ;
#422 = ORIENTED_EDGE ( 'NONE', *, *, #7494, .F. ) ;
#423 = LINE ( 'NONE', #7184, #4606 ) ;
#424 = LINE ( 'NONE', #7811, #3964 ) ;
#425 = EDGE_CURVE ( 'NONE', #6420, #3293, #3460, .T. ) ;
#426 = ORIENTED_EDGE ( 'NONE', *, *, #2931, .T. ) ;
#427 = LINE ( 'NONE', #2260, #4165 ) ;
#428 = ORIENTED_EDGE ( 'NONE', *, *, #4769, .T. ) ;
#429 = CARTESIAN_POINT ( 'NONE',  ( 2.657480314960631418, 1.200787401574803237, -1.212108948716789314 ) ) ;
#430 = VERTEX_POINT ( 'NONE', #2926 ) ;
#431 = CARTESIAN_POINT ( 'NONE',  ( 2.586511303738356471, 1.200787401574803237, -0.07327975035346430410 ) ) ;
#432 = DIRECTION ( 'NONE',  ( 0.000000000000000000, 0.000000000000000000, -1.000000000000000000 ) ) ;
#433 = EDGE_CURVE ( 'NONE', #5685, #2259, #3649, .T. ) ;
#434 = CARTESIAN_POINT ( 'NONE',  ( 1.082677165354331672, 1.200787401574803237, -1.767227058953009688 ) ) ;
#435 = ORIENTED_EDGE ( 'NONE', *, *, #956, .F. ) ;
#436 = VERTEX_POINT ( 'NONE', #3527 ) ;
#437 = ORIENTED_EDGE ( 'NONE', *, *, #4929, .F. ) ;
#438 = EDGE_CURVE ( 'NONE', #3339, #4935, #612, .T. ) ;
#439 = FACE_OUTER_BOUND ( 'NONE', #1371, .T. ) ;
#440 = CARTESIAN_POINT ( 'NONE',  ( 1.082677165354331672, 1.082677165354330784, -1.605809736118363640 ) ) ;
#441 = EDGE_CURVE ( 'NONE', #3137, #6356, #6553, .T. ) ;
#442 = LINE ( 'NONE', #322, #495 ) ;
#443 = CARTESIAN_POINT ( 'NONE',  ( -1.302005819218903904, 1.200787401574803237, -1.327966250676777316 ) ) ;
#444 = DIRECTION ( 'NONE',  ( -0.000000000000000000, -1.000000000000000000, -0.000000000000000000 ) ) ;
#445 = ADVANCED_FACE ( 'NONE', ( #3689 ), #5510, .T. ) ;
#446 = DIRECTION ( 'NONE',  ( 0.000000000000000000, -1.000000000000000000, 0.000000000000000000 ) ) ;
#447 = EDGE_LOOP ( 'NONE', ( #1270, #4549, #4693, #3902 ) ) ;
#448 = CARTESIAN_POINT ( 'NONE',  ( 0.2952755905511819101, 1.200787401574803237, -1.767227058953009688 ) ) ;
#449 = EDGE_CURVE ( 'NONE', #1144, #1119, #6184, .T. ) ;
#450 = CARTESIAN_POINT ( 'NONE',  ( 0.2952755905511819101, 1.200787401574803237, -1.292817610134111783 ) ) ;
#451 = FACE_OUTER_BOUND ( 'NONE', #1313, .T. ) ;
#452 = EDGE_CURVE ( 'NONE', #5448, #4713, #6228, .T. ) ;
#453 = EDGE_CURVE ( 'NONE', #4476, #5175, #772, .T. ) ;
#454 = FACE_OUTER_BOUND ( 'NONE', #4847, .T. ) ;
#455 = VERTEX_POINT ( 'NONE', #96 ) ;
#456 = DIRECTION ( 'NONE',  ( -0.000000000000000000, -1.000000000000000000, -0.000000000000000000 ) ) ;
#457 = FACE_OUTER_BOUND ( 'NONE', #7468, .T. ) ;
#458 = ORIENTED_EDGE ( 'NONE', *, *, #7038, .T. ) ;
#459 = DIRECTION ( 'NONE',  ( 1.000000000000000000, 0.000000000000000000, -1.110223024625156294E-16 ) ) ;
#460 = CARTESIAN_POINT ( 'NONE',  ( 0.2952755905511819101, 1.200787401574803237, -2.554628633756159672 ) ) ;
#461 = CARTESIAN_POINT ( 'NONE',  ( 1.870078740157481434, 1.200787401574803237, 0.2819855394721875186 ) ) ;
#462 = CIRCLE ( 'NONE', #1487, 0.08070866141732241372 ) ;
#463 = ADVANCED_FACE ( 'NONE', ( #4446 ), #2492, .F. ) ;
#464 = ORIENTED_EDGE ( 'NONE', *, *, #6426, .F. ) ;
#465 = CARTESIAN_POINT ( 'NONE',  ( 2.657480314960631418, 1.200787401574803237, -2.160927846354584680 ) ) ;
#466 = VERTEX_POINT ( 'NONE', #5628 ) ;
#467 = DIRECTION ( 'NONE',  ( -0.000000000000000000, -1.000000000000000000, -0.000000000000000000 ) ) ;
#468 = ORIENTED_EDGE ( 'NONE', *, *, #4448, .F. ) ;
#469 = VECTOR ( 'NONE', #978, 39.37007874015748143 ) ;
#470 = PLANE ( 'NONE',  #252 ) ;
#471 = CIRCLE ( 'NONE', #5056, 0.08070866141732323251 ) ;
#472 = VECTOR ( 'NONE', #6321, 39.37007874015748143 ) ;
#473 = FACE_BOUND ( 'NONE', #6245, .T. ) ;
#474 = ORIENTED_EDGE ( 'NONE', *, *, #6323, .F. ) ;
#475 = ORIENTED_EDGE ( 'NONE', *, *, #4070, .T. ) ;
#476 = ORIENTED_EDGE ( 'NONE', *, *, #4343, .F. ) ;
#477 = CARTESIAN_POINT ( 'NONE',  ( -0.7594760280555631349, 1.082677165354330784, -1.718078665119856074 ) ) ;
#478 = CARTESIAN_POINT ( 'NONE',  ( 3.051181102362205966, 1.200787401574803237, -1.767227058953009911 ) ) ;
#479 = PLANE ( 'NONE',  #4186 ) ;
#480 = AXIS2_PLACEMENT_3D ( 'NONE', #2768, #7623, #5919 ) ;
#481 = CYLINDRICAL_SURFACE ( 'NONE', #7325, 0.08070866141732323251 ) ;
#482 = EDGE_CURVE ( 'NONE', #4055, #2488, #5738, .T. ) ;
#483 = CARTESIAN_POINT ( 'NONE',  ( 2.263779527559055982, 1.200787401574803237, -2.473919972338836537 ) ) ;
#484 = EDGE_CURVE ( 'NONE', #7551, #7727, #24, .T. ) ;
#485 = ORIENTED_EDGE ( 'NONE', *, *, #701, .T. ) ;
#486 = CARTESIAN_POINT ( 'NONE',  ( -0.6908327293959752868, 1.200787401574803237, -1.841237127206991175 ) ) ;
#487 = DIRECTION ( 'NONE',  ( 0.000000000000000000, -1.000000000000000000, 0.000000000000000000 ) ) ;
#488 = DIRECTION ( 'NONE',  ( 0.000000000000000000, 0.000000000000000000, -1.000000000000000000 ) ) ;
#489 = CARTESIAN_POINT ( 'NONE',  ( 2.263779527559056426, 1.082677165354330784, -0.8991168227325369022 ) ) ;
#490 = LINE ( 'NONE', #2918, #6142 ) ;
#491 = EDGE_LOOP ( 'NONE', ( #1749, #3235, #6036, #804 ) ) ;
#492 = DIRECTION ( 'NONE',  ( 0.000000000000000000, -0.000000000000000000, -1.000000000000000000 ) ) ;
#493 = CARTESIAN_POINT ( 'NONE',  ( 0.6889763779527567911, 1.082677165354330784, -0.5054160353309620213 ) ) ;
#494 = ORIENTED_EDGE ( 'NONE', *, *, #1330, .T. ) ;
#495 = VECTOR ( 'NONE', #5774, 39.37007874015748143 ) ;
#496 = CARTESIAN_POINT ( 'NONE',  ( 2.736038816443963295, 1.200787401574803237, -0.1302206490995699018 ) ) ;
#497 = ORIENTED_EDGE ( 'NONE', *, *, #1661, .T. ) ;
#498 = CARTESIAN_POINT ( 'NONE',  ( 0.2952755905511819101, 1.200787401574803237, -1.686518397535686553 ) ) ;
#499 = DIRECTION ( 'NONE',  ( 1.000000000000000000, -0.000000000000000000, 0.000000000000000000 ) ) ;
#500 = AXIS2_PLACEMENT_3D ( 'NONE', #2981, #3061, #1830 ) ;
#501 = EDGE_LOOP ( 'NONE', ( #161, #476 ) ) ;
#502 = CARTESIAN_POINT ( 'NONE',  ( 0.2952755905511819101, 1.200787401574803237, -2.080219184937261545 ) ) ;
#503 = ORIENTED_EDGE ( 'NONE', *, *, #2193, .F. ) ;
#504 = DIRECTION ( 'NONE',  ( -0.000000000000000000, -0.000000000000000000, -1.000000000000000000 ) ) ;
#505 = ORIENTED_EDGE ( 'NONE', *, *, #2639, .F. ) ;
#506 = DIRECTION ( 'NONE',  ( 0.000000000000000000, 0.000000000000000000, -1.000000000000000000 ) ) ;
#507 = AXIS2_PLACEMENT_3D ( 'NONE', #450, #7722, #2281 ) ;
#508 = VECTOR ( 'NONE', #1328, 39.37007874015748143 ) ;
#509 = FACE_BOUND ( 'NONE', #5134, .T. ) ;
#510 = AXIS2_PLACEMENT_3D ( 'NONE', #4064, #5730, #1049 ) ;
#511 = ORIENTED_EDGE ( 'NONE', *, *, #4140, .T. ) ;
#512 = ORIENTED_EDGE ( 'NONE', *, *, #2269, .F. ) ;
#513 = VECTOR ( 'NONE', #6174, 39.37007874015748143 ) ;
#514 = VERTEX_POINT ( 'NONE', #142 ) ;
#515 = DIRECTION ( 'NONE',  ( 0.000000000000000000, -1.000000000000000000, 0.000000000000000000 ) ) ;
#516 = DIRECTION ( 'NONE',  ( 0.000000000000000000, -1.000000000000000000, 0.000000000000000000 ) ) ;
#517 = AXIS2_PLACEMENT_3D ( 'NONE', #4487, #4601, #3885 ) ;
#518 = FACE_OUTER_BOUND ( 'NONE', #6558, .T. ) ;
#519 = DIRECTION ( 'NONE',  ( 0.000000000000000000, 1.000000000000000000, -0.000000000000000000 ) ) ;
#520 = VECTOR ( 'NONE', #1111, 39.37007874015748143 ) ;
#521 = FACE_OUTER_BOUND ( 'NONE', #2645, .T. ) ;
#522 = AXIS2_PLACEMENT_3D ( 'NONE', #6134, #4150, #3030 ) ;
#523 = EDGE_CURVE ( 'NONE', #4407, #6041, #7525, .T. ) ;
#524 = FACE_OUTER_BOUND ( 'NONE', #878, .T. ) ;
#525 = VECTOR ( 'NONE', #575, 39.37007874015748143 ) ;
#526 = EDGE_LOOP ( 'NONE', ( #2634, #474, #3763, #7451, #4475, #6264 ) ) ;
#527 = DIRECTION ( 'NONE',  ( -0.000000000000000000, -0.000000000000000000, -1.000000000000000000 ) ) ;
#528 = CIRCLE ( 'NONE', #1561, 0.08070866141732296883 ) ;
#529 = LINE ( 'NONE', #1846, #3820 ) ;
#530 = DIRECTION ( 'NONE',  ( 0.000000000000000000, -0.000000000000000000, -1.000000000000000000 ) ) ;
#531 = CARTESIAN_POINT ( 'NONE',  ( -0.03129498633245730854, 1.082677165354330784, -1.663018422867372559 ) ) ;
#532 = ADVANCED_FACE ( 'NONE', ( #815 ), #3095, .F. ) ;
#533 = EDGE_CURVE ( 'NONE', #819, #2253, #32, .T. ) ;
#534 = VERTEX_POINT ( 'NONE', #7342 ) ;
#535 = DIRECTION ( 'NONE',  ( 0.000000000000000000, 0.000000000000000000, -1.000000000000000000 ) ) ;
#536 = DIRECTION ( 'NONE',  ( 0.000000000000000000, -0.000000000000000000, -1.000000000000000000 ) ) ;
#537 = ORIENTED_EDGE ( 'NONE', *, *, #1258, .F. ) ;
#538 = LINE ( 'NONE', #2407, #1181 ) ;
#539 = DIRECTION ( 'NONE',  ( -0.000000000000000000, -1.000000000000000000, -0.000000000000000000 ) ) ;
#540 = DIRECTION ( 'NONE',  ( 0.000000000000000000, -1.000000000000000000, 0.000000000000000000 ) ) ;
#541 = ORIENTED_EDGE ( 'NONE', *, *, #3477, .F. ) ;
#542 = ORIENTED_EDGE ( 'NONE', *, *, #2458, .F. ) ;
#543 = DIRECTION ( 'NONE',  ( 0.000000000000000000, 0.000000000000000000, -1.000000000000000000 ) ) ;
#544 = VERTEX_POINT ( 'NONE', #736 ) ;
#545 = ADVANCED_FACE ( 'NONE', ( #699 ), #7385, .T. ) ;
#546 = CARTESIAN_POINT ( 'NONE',  ( 4.344917934081746758, 0.7957210661765513615, -1.654989912605622671 ) ) ;
#547 = VECTOR ( 'NONE', #1814, 39.37007874015748143 ) ;
#548 = ADVANCED_FACE ( 'NONE', ( #1896 ), #1414, .T. ) ;
#549 = DIRECTION ( 'NONE',  ( 0.000000000000000000, 0.000000000000000000, -1.000000000000000000 ) ) ;
#550 = ORIENTED_EDGE ( 'NONE', *, *, #6331, .F. ) ;
#551 = EDGE_CURVE ( 'NONE', #6041, #5474, #7422, .T. ) ;
#552 = ORIENTED_EDGE ( 'NONE', *, *, #1416, .T. ) ;
#553 = ORIENTED_EDGE ( 'NONE', *, *, #7490, .F. ) ;
#554 = DIRECTION ( 'NONE',  ( 0.9345333927142727148, -0.000000000000000000, -0.3558754527948657653 ) ) ;
#555 = DIRECTION ( 'NONE',  ( -1.000000000000000000, 0.000000000000000000, 1.110223024625156294E-16 ) ) ;
#556 = DIRECTION ( 'NONE',  ( 0.000000000000000000, -0.000000000000000000, -1.000000000000000000 ) ) ;
#557 = DIRECTION ( 'NONE',  ( 0.000000000000000000, 0.000000000000000000, -1.000000000000000000 ) ) ;
#558 = DIRECTION ( 'NONE',  ( -0.9345333927142727148, 0.000000000000000000, 0.3558754527948657653 ) ) ;
#559 = EDGE_CURVE ( 'NONE', #825, #6078, #2454, .T. ) ;
#560 = ORIENTED_EDGE ( 'NONE', *, *, #7093, .F. ) ;
#561 = ORIENTED_EDGE ( 'NONE', *, *, #4357, .F. ) ;
#562 = CARTESIAN_POINT ( 'NONE',  ( -0.03129498633245732936, 0.9842519685039373689, -1.539002674835876494 ) ) ;
#563 = FACE_OUTER_BOUND ( 'NONE', #1445, .T. ) ;
#564 = EDGE_CURVE ( 'NONE', #6854, #1616, #4326, .T. ) ;
#565 = CARTESIAN_POINT ( 'NONE',  ( 1.082677165354331672, 1.200787401574803237, -0.5054160353309620213 ) ) ;
#566 = DIRECTION ( 'NONE',  ( 0.000000000000000000, 0.000000000000000000, 1.000000000000000000 ) ) ;
#567 = PLANE ( 'NONE',  #4835 ) ;
#568 = CARTESIAN_POINT ( 'NONE',  ( -0.6102362204724406380, 15.67005943375638211, -5.387305799110489346 ) ) ;
#569 = ORIENTED_EDGE ( 'NONE', *, *, #2248, .F. ) ;
#570 = DIRECTION ( 'NONE',  ( -0.7754638790607796262, 0.000000000000000000, -0.6313919323779869641 ) ) ;
#571 = DIRECTION ( 'NONE',  ( -0.000000000000000000, -1.000000000000000000, -0.000000000000000000 ) ) ;
#572 = EDGE_CURVE ( 'NONE', #4060, #3384, #5035, .T. ) ;
#573 = ORIENTED_EDGE ( 'NONE', *, *, #2096, .T. ) ;
#574 = DIRECTION ( 'NONE',  ( 0.7754638790607760734, 0.000000000000000000, 0.6313919323779914050 ) ) ;
#575 = DIRECTION ( 'NONE',  ( -0.000000000000000000, -1.000000000000000000, -0.000000000000000000 ) ) ;
#576 = CYLINDRICAL_SURFACE ( 'NONE', #5601, 0.08070866141732296883 ) ;
#577 = EDGE_CURVE ( 'NONE', #4321, #686, #1457, .T. ) ;
#578 = ORIENTED_EDGE ( 'NONE', *, *, #1031, .F. ) ;
#579 = EDGE_CURVE ( 'NONE', #2102, #7610, #5990, .T. ) ;
#580 = VERTEX_POINT ( 'NONE', #327 ) ;
#581 = CARTESIAN_POINT ( 'NONE',  ( 2.657480314960630530, 1.082677165354330784, -2.554628633756159672 ) ) ;
#582 = VERTEX_POINT ( 'NONE', #890 ) ;
#583 = DIRECTION ( 'NONE',  ( 0.000000000000000000, -1.000000000000000000, 0.000000000000000000 ) ) ;
#584 = VECTOR ( 'NONE', #1054, 39.37007874015748143 ) ;
#585 = CARTESIAN_POINT ( 'NONE',  ( 1.870078740157481434, 1.082677165354330784, -1.686518397535686553 ) ) ;
#586 = ADVANCED_FACE ( 'NONE', ( #6349 ), #3395, .F. ) ;
#587 = DIRECTION ( 'NONE',  ( -0.000000000000000000, -1.000000000000000000, -0.000000000000000000 ) ) ;
#588 = EDGE_LOOP ( 'NONE', ( #4386, #2300 ) ) ;
#589 = EDGE_LOOP ( 'NONE', ( #5115, #1792, #2977, #5526 ) ) ;
#590 = AXIS2_PLACEMENT_3D ( 'NONE', #2172, #3286, #942 ) ;
#591 = EDGE_LOOP ( 'NONE', ( #1147, #998, #7012, #1520 ) ) ;
#592 = FACE_OUTER_BOUND ( 'NONE', #203, .T. ) ;
#593 = LINE ( 'NONE', #4743, #3810 ) ;
#594 = CARTESIAN_POINT ( 'NONE',  ( 0.8267716535433065062, 0.000000000000000000, 6.556435184794229752E-17 ) ) ;
#595 = CARTESIAN_POINT ( 'NONE',  ( 0.6459947659815585830, 1.200787401574803237, -0.5737275940903217020 ) ) ;
#596 = CYLINDRICAL_SURFACE ( 'NONE', #5595, 0.08070866141732309373 ) ;
#597 = CARTESIAN_POINT ( 'NONE',  ( 3.521427278380654613, 1.082677165354330784, -1.341400144433948061 ) ) ;
#598 = DIRECTION ( 'NONE',  ( 0.000000000000000000, 0.000000000000000000, -1.000000000000000000 ) ) ;
#599 = ORIENTED_EDGE ( 'NONE', *, *, #3973, .F. ) ;
#600 = ORIENTED_EDGE ( 'NONE', *, *, #3664, .T. ) ;
#601 = VECTOR ( 'NONE', #5560, 39.37007874015748854 ) ;
#602 = DIRECTION ( 'NONE',  ( 0.000000000000000000, 1.000000000000000000, 0.000000000000000000 ) ) ;
#603 = DIRECTION ( 'NONE',  ( -0.000000000000000000, -1.000000000000000000, -0.000000000000000000 ) ) ;
#604 = CYLINDRICAL_SURFACE ( 'NONE', #5586, 0.08070866141732241372 ) ;
#605 = CYLINDRICAL_SURFACE ( 'NONE', #7833, 0.08070866141732269128 ) ;
#606 = EDGE_CURVE ( 'NONE', #3092, #2350, #5740, .T. ) ;
#607 = FACE_OUTER_BOUND ( 'NONE', #1474, .T. ) ;
#608 = ORIENTED_EDGE ( 'NONE', *, *, #5041, .F. ) ;
#609 = VERTEX_POINT ( 'NONE', #1535 ) ;
#610 = DIRECTION ( 'NONE',  ( 1.000000000000000000, -1.084202172485504311E-16, -0.000000000000000000 ) ) ;
#611 = EDGE_LOOP ( 'NONE', ( #5016, #1619 ) ) ;
#612 = LINE ( 'NONE', #2254, #3981 ) ;
#613 = EDGE_CURVE ( 'NONE', #3963, #2521, #5719, .T. ) ;
#614 = DIRECTION ( 'NONE',  ( 0.000000000000000000, 0.000000000000000000, -1.000000000000000000 ) ) ;
#615 = DIRECTION ( 'NONE',  ( 0.000000000000000000, -1.000000000000000000, 0.000000000000000000 ) ) ;
#616 = AXIS2_PLACEMENT_3D ( 'NONE', #68, #515, #1048 ) ;
#617 = EDGE_LOOP ( 'NONE', ( #6606, #4860 ) ) ;
#618 = EDGE_LOOP ( 'NONE', ( #5521, #2980, #7767, #3165 ) ) ;
#619 = CYLINDRICAL_SURFACE ( 'NONE', #1164, 0.08070866141732323251 ) ;
#620 = ORIENTED_EDGE ( 'NONE', *, *, #7433, .F. ) ;
#621 = CARTESIAN_POINT ( 'NONE',  ( 0.2952755905511819101, 1.082677165354330784, -1.373526271551434697 ) ) ;
#622 = VECTOR ( 'NONE', #1123, 39.37007874015748854 ) ;
#623 = DIRECTION ( 'NONE',  ( 0.000000000000000000, -1.000000000000000000, 0.000000000000000000 ) ) ;
#624 = ADVANCED_FACE ( 'NONE', ( #3965 ), #6460, .F. ) ;
#625 = DIRECTION ( 'NONE',  ( -0.000000000000000000, -1.000000000000000000, -0.000000000000000000 ) ) ;
#626 = CIRCLE ( 'NONE', #2656, 0.08070866141732241372 ) ;
#627 = ORIENTED_EDGE ( 'NONE', *, *, #7142, .T. ) ;
#628 = ORIENTED_EDGE ( 'NONE', *, *, #917, .T. ) ;
#629 = ORIENTED_EDGE ( 'NONE', *, *, #172, .T. ) ;
#630 = AXIS2_PLACEMENT_3D ( 'NONE', #3515, #6461, #2211 ) ;
#631 = CARTESIAN_POINT ( 'NONE',  ( 4.625984251968501937, 0.000000000000000000, -1.761600230795121291 ) ) ;
#632 = PLANE ( 'NONE',  #4076 ) ;
#633 = CARTESIAN_POINT ( 'NONE',  ( 0.2952755905511819101, 1.200787401574803237, -2.160927846354584680 ) ) ;
#634 = VECTOR ( 'NONE', #2965, 39.37007874015748143 ) ;
#635 = AXIS2_PLACEMENT_3D ( 'NONE', #7587, #1566, #432 ) ;
#636 = VECTOR ( 'NONE', #86, 39.37007874015748143 ) ;
#637 = FACE_OUTER_BOUND ( 'NONE', #2461, .T. ) ;
#638 = DIRECTION ( 'NONE',  ( 0.000000000000000000, 0.000000000000000000, -1.000000000000000000 ) ) ;
#639 = ORIENTED_EDGE ( 'NONE', *, *, #2700, .F. ) ;
#640 = ORIENTED_EDGE ( 'NONE', *, *, #2068, .F. ) ;
#641 = DIRECTION ( 'NONE',  ( 0.000000000000000000, 0.000000000000000000, -1.000000000000000000 ) ) ;
#642 = CARTESIAN_POINT ( 'NONE',  ( 2.263779527559056426, 1.200787401574803237, -1.686518397535686553 ) ) ;
#643 = CIRCLE ( 'NONE', #2673, 0.08070866141732323251 ) ;
#644 = DIRECTION ( 'NONE',  ( -0.000000000000000000, -1.000000000000000000, -0.000000000000000000 ) ) ;
#645 = AXIS2_PLACEMENT_3D ( 'NONE', #6320, #6398, #2730 ) ;
#646 = DIRECTION ( 'NONE',  ( -0.000000000000000000, -1.000000000000000000, -0.000000000000000000 ) ) ;
#647 = CARTESIAN_POINT ( 'NONE',  ( 3.051181102362205966, 1.200787401574803237, -2.160927846354584680 ) ) ;
#648 = AXIS2_PLACEMENT_3D ( 'NONE', #25, #6185, #3848 ) ;
#649 = DIRECTION ( 'NONE',  ( -0.000000000000000000, -1.000000000000000000, -0.000000000000000000 ) ) ;
#650 = AXIS2_PLACEMENT_3D ( 'NONE', #3077, #7326, #6882 ) ;
#651 = ORIENTED_EDGE ( 'NONE', *, *, #3540, .F. ) ;
#652 = EDGE_CURVE ( 'NONE', #7103, #7859, #2163, .T. ) ;
#653 = ORIENTED_EDGE ( 'NONE', *, *, #2068, .T. ) ;
#654 = DIRECTION ( 'NONE',  ( 0.000000000000000000, 0.000000000000000000, -1.000000000000000000 ) ) ;
#655 = VECTOR ( 'NONE', #7182, 39.37007874015748143 ) ;
#656 = VERTEX_POINT ( 'NONE', #2751 ) ;
#657 = CARTESIAN_POINT ( 'NONE',  ( 0.2952755905511819101, 1.200787401574803237, -1.767227058953009688 ) ) ;
#658 = DIRECTION ( 'NONE',  ( -0.000000000000000000, -1.000000000000000000, -0.000000000000000000 ) ) ;
#659 = DIRECTION ( 'NONE',  ( 0.000000000000000000, -1.000000000000000000, 0.000000000000000000 ) ) ;
#660 = AXIS2_PLACEMENT_3D ( 'NONE', #7350, #1380, #6191 ) ;
#661 = VECTOR ( 'NONE', #5001, 39.37007874015748143 ) ;
#662 = ORIENTED_EDGE ( 'NONE', *, *, #3768, .T. ) ;
#663 = DIRECTION ( 'NONE',  ( 0.000000000000000000, 0.000000000000000000, -1.000000000000000000 ) ) ;
#664 = EDGE_CURVE ( 'NONE', #534, #3413, #4344, .T. ) ;
#665 = CARTESIAN_POINT ( 'NONE',  ( -1.480212191743952355, 1.200787401574803237, -2.304910639391918092 ) ) ;
#666 = LINE ( 'NONE', #2378, #6998 ) ;
#667 = CARTESIAN_POINT ( 'NONE',  ( -1.084533516797553387, 1.200787401574803237, -2.442438232549066779 ) ) ;
#668 = EDGE_LOOP ( 'NONE', ( #2453, #3434, #3132, #1222 ) ) ;
#669 = FACE_OUTER_BOUND ( 'NONE', #1480, .T. ) ;
#670 = EDGE_CURVE ( 'NONE', #4587, #5666, #5146, .T. ) ;
#671 = DIRECTION ( 'NONE',  ( 0.000000000000000000, 0.000000000000000000, 1.000000000000000000 ) ) ;
#672 = DIRECTION ( 'NONE',  ( 0.000000000000000000, -1.000000000000000000, 0.000000000000000000 ) ) ;
#673 = EDGE_LOOP ( 'NONE', ( #4301, #140, #6127, #2386 ) ) ;
#674 = ORIENTED_EDGE ( 'NONE', *, *, #6807, .F. ) ;
#675 = ORIENTED_EDGE ( 'NONE', *, *, #3973, .T. ) ;
#676 = ADVANCED_FACE ( 'NONE', ( #935 ), #5817, .T. ) ;
#677 = AXIS2_PLACEMENT_3D ( 'NONE', #2922, #5354, #1825 ) ;
#678 = CARTESIAN_POINT ( 'NONE',  ( 0.5384389861779852460, 1.082677165354330784, -0.6613007918656317319 ) ) ;
#679 = PLANE ( 'NONE',  #765 ) ;
#680 = DIRECTION ( 'NONE',  ( 0.000000000000000000, -1.000000000000000000, 0.000000000000000000 ) ) ;
#681 = CIRCLE ( 'NONE', #45, 0.08070866141732309373 ) ;
#682 = PLANE ( 'NONE',  #5733 ) ;
#683 = DIRECTION ( 'NONE',  ( -0.000000000000000000, -1.000000000000000000, -0.000000000000000000 ) ) ;
#684 = EDGE_CURVE ( 'NONE', #3609, #4310, #7603, .T. ) ;
#685 = CIRCLE ( 'NONE', #5514, 0.08070866141732283006 ) ;
#686 = VERTEX_POINT ( 'NONE', #1610 ) ;
#687 = ADVANCED_FACE ( 'NONE', ( #2048 ), #216, .F. ) ;
#688 = ORIENTED_EDGE ( 'NONE', *, *, #1252, .T. ) ;
#689 = CARTESIAN_POINT ( 'NONE',  ( 0.6889763779527567911, 1.200787401574803237, -1.999510523519938632 ) ) ;
#690 = CARTESIAN_POINT ( 'NONE',  ( 1.082677165354331672, 1.200787401574803237, -0.8991168227325369022 ) ) ;
#691 = DIRECTION ( 'NONE',  ( 0.000000000000000000, -1.000000000000000000, 0.000000000000000000 ) ) ;
#692 = EDGE_CURVE ( 'NONE', #2415, #7700, #5692, .T. ) ;
#693 = CYLINDRICAL_SURFACE ( 'NONE', #2380, 0.08070866141732309373 ) ;
#694 = CARTESIAN_POINT ( 'NONE',  ( 0.5384389861779852460, 1.082677165354330784, -0.6613007918656317319 ) ) ;
#695 = ADVANCED_FACE ( 'NONE', ( #5070 ), #7014, .T. ) ;
#696 = VERTEX_POINT ( 'NONE', #6421 ) ;
#697 = ORIENTED_EDGE ( 'NONE', *, *, #1037, .T. ) ;
#698 = ORIENTED_EDGE ( 'NONE', *, *, #3898, .T. ) ;
#699 = FACE_OUTER_BOUND ( 'NONE', #4765, .T. ) ;
#700 = CARTESIAN_POINT ( 'NONE',  ( 4.344917934081746758, 0.7957210661765513615, -1.654989912605622671 ) ) ;
#701 = EDGE_CURVE ( 'NONE', #5319, #1750, #3577, .T. ) ;
#702 = FACE_OUTER_BOUND ( 'NONE', #6327, .T. ) ;
#703 = ORIENTED_EDGE ( 'NONE', *, *, #5110, .T. ) ;
#704 = CARTESIAN_POINT ( 'NONE',  ( 2.854330708661417582, 1.181102362204724532, -3.615652255803403214 ) ) ;
#705 = DIRECTION ( 'NONE',  ( 0.000000000000000000, 0.000000000000000000, -1.000000000000000000 ) ) ;
#706 = CARTESIAN_POINT ( 'NONE',  ( 1.082677165354331672, 1.200787401574803237, -0.5861246967482850456 ) ) ;
#707 = DIRECTION ( 'NONE',  ( 0.000000000000000000, -1.000000000000000000, 0.000000000000000000 ) ) ;
#708 = EDGE_LOOP ( 'NONE', ( #3393, #4797, #1110, #6388 ) ) ;
#709 = DIRECTION ( 'NONE',  ( 0.000000000000000000, 0.000000000000000000, -1.000000000000000000 ) ) ;
#710 = EDGE_CURVE ( 'NONE', #582, #7358, #3960, .T. ) ;
#711 = CARTESIAN_POINT ( 'NONE',  ( 1.476377952755906664, 1.200787401574803237, -1.767227058953009688 ) ) ;
#712 = ORIENTED_EDGE ( 'NONE', *, *, #5395, .T. ) ;
#713 = EDGE_LOOP ( 'NONE', ( #3564, #2740, #992, #1826 ) ) ;
#714 = EDGE_CURVE ( 'NONE', #2343, #1118, #2395, .T. ) ;
#715 = ORIENTED_EDGE ( 'NONE', *, *, #6343, .T. ) ;
#716 = EDGE_CURVE ( 'NONE', #7318, #4407, #1722, .T. ) ;
#717 = LINE ( 'NONE', #3148, #2904 ) ;
#718 = LINE ( 'NONE', #3150, #7846 ) ;
#719 = EDGE_CURVE ( 'NONE', #5815, #4662, #6250, .T. ) ;
#720 = AXIS2_PLACEMENT_3D ( 'NONE', #6279, #3248, #5668 ) ;
#721 = DIRECTION ( 'NONE',  ( 0.000000000000000000, 0.000000000000000000, 1.000000000000000000 ) ) ;
#722 = DIRECTION ( 'NONE',  ( 0.000000000000000000, 0.000000000000000000, -1.000000000000000000 ) ) ;
#723 = EDGE_LOOP ( 'NONE', ( #3175, #1086 ) ) ;
#724 = ORIENTED_EDGE ( 'NONE', *, *, #7642, .T. ) ;
#725 = CARTESIAN_POINT ( 'NONE',  ( 3.003149606299212682, 1.102362204724409489, -4.885337295173484584 ) ) ;
#726 = CARTESIAN_POINT ( 'NONE',  ( -3.838275410434670132, 0.1968503937007874127, -3.125677281211837411 ) ) ;
#727 = DIRECTION ( 'NONE',  ( 0.000000000000000000, 0.000000000000000000, -1.000000000000000000 ) ) ;
#728 = VECTOR ( 'NONE', #5463, 39.37007874015748854 ) ;
#729 = FACE_OUTER_BOUND ( 'NONE', #4136, .T. ) ;
#730 = LINE ( 'NONE', #6814, #2589 ) ;
#731 = VECTOR ( 'NONE', #5242, 39.37007874015748143 ) ;
#732 = AXIS2_PLACEMENT_3D ( 'NONE', #7373, #4315, #6025 ) ;
#733 = VERTEX_POINT ( 'NONE', #4749 ) ;
#734 = EDGE_LOOP ( 'NONE', ( #3377, #6932 ) ) ;
#735 = ORIENTED_EDGE ( 'NONE', *, *, #7180, .T. ) ;
#736 = CARTESIAN_POINT ( 'NONE',  ( 2.657480314960631418, 1.200787401574803237, -0.5861246967482850456 ) ) ;
#737 = DIRECTION ( 'NONE',  ( 1.000000000000000000, 0.000000000000000000, -0.000000000000000000 ) ) ;
#738 = PLANE ( 'NONE',  #7508 ) ;
#739 = VECTOR ( 'NONE', #1476, 39.37007874015748143 ) ;
#740 = ORIENTED_EDGE ( 'NONE', *, *, #6400, .F. ) ;
#741 = CARTESIAN_POINT ( 'NONE',  ( -1.084533516797553387, 1.200787401574803237, -2.442438232549066779 ) ) ;
#742 = CYLINDRICAL_SURFACE ( 'NONE', #4098, 0.08070866141732296883 ) ;
#743 = ORIENTED_EDGE ( 'NONE', *, *, #6335, .T. ) ;
#744 = CARTESIAN_POINT ( 'NONE',  ( 2.263779527559056426, 1.200787401574803237, -0.5054160353309620213 ) ) ;
#745 = CARTESIAN_POINT ( 'NONE',  ( 0.6889763779527567911, 1.200787401574803237, -1.999510523519938632 ) ) ;
#746 = EDGE_LOOP ( 'NONE', ( #5404, #924, #333, #7067 ) ) ;
#747 = CARTESIAN_POINT ( 'NONE',  ( 2.657480314960631418, 1.200787401574803237, -1.292817610134111783 ) ) ;
#748 = CARTESIAN_POINT ( 'NONE',  ( 1.476377952755906664, 1.200787401574803237, -1.292817610134111783 ) ) ;
#749 = DIRECTION ( 'NONE',  ( 0.000000000000000000, 0.000000000000000000, -1.000000000000000000 ) ) ;
#750 = LINE ( 'NONE', #1437, #5680 ) ;
#751 = VERTEX_POINT ( 'NONE', #5266 ) ;
#752 = EDGE_CURVE ( 'NONE', #3067, #4578, #6542, .T. ) ;
#753 = VERTEX_POINT ( 'NONE', #2962 ) ;
#754 = VECTOR ( 'NONE', #4818, 39.37007874015748143 ) ;
#755 = FACE_OUTER_BOUND ( 'NONE', #3336, .T. ) ;
#756 = CARTESIAN_POINT ( 'NONE',  ( 3.455905511811023789, 0.8464566929133860995, -3.074313673126239710 ) ) ;
#757 = AXIS2_PLACEMENT_3D ( 'NONE', #7553, #5205, #993 ) ;
#758 = DIRECTION ( 'NONE',  ( -0.000000000000000000, -1.000000000000000000, -0.000000000000000000 ) ) ;
#759 = ORIENTED_EDGE ( 'NONE', *, *, #3430, .T. ) ;
#760 = ORIENTED_EDGE ( 'NONE', *, *, #7706, .T. ) ;
#761 = LINE ( 'NONE', #5570, #7687 ) ;
#762 = CARTESIAN_POINT ( 'NONE',  ( 0.8267716535433065062, 1.181102362204724532, -3.757384539267974333 ) ) ;
#763 = CARTESIAN_POINT ( 'NONE',  ( -0.8349372190748853839, 1.200787401574803237, -1.142014527291856485 ) ) ;
#764 = CIRCLE ( 'NONE', #2791, 0.08070866141732309373 ) ;
#765 = AXIS2_PLACEMENT_3D ( 'NONE', #594, #4231, #1204 ) ;
#766 = CARTESIAN_POINT ( 'NONE',  ( 3.003149606299212682, 15.67005943375638211, -3.379431783362458308 ) ) ;
#767 = VECTOR ( 'NONE', #4075, 39.37007874015748143 ) ;
#768 = DIRECTION ( 'NONE',  ( -0.000000000000000000, -1.000000000000000000, -0.000000000000000000 ) ) ;
#769 = ORIENTED_EDGE ( 'NONE', *, *, #1555, .F. ) ;
#770 = CIRCLE ( 'NONE', #2941, 0.08070866141732309373 ) ;
#771 = ORIENTED_EDGE ( 'NONE', *, *, #2834, .T. ) ;
#772 = LINE ( 'NONE', #6149, #661 ) ;
#773 = CYLINDRICAL_SURFACE ( 'NONE', #3053, 0.08070866141732309373 ) ;
#774 = CARTESIAN_POINT ( 'NONE',  ( 1.476377952755906664, 1.082677165354330784, -0.8184081613152137669 ) ) ;
#775 = EDGE_CURVE ( 'NONE', #3738, #3421, #4675, .T. ) ;
#776 = AXIS2_PLACEMENT_3D ( 'NONE', #7652, #6971, #4639 ) ;
#777 = EDGE_CURVE ( 'NONE', #5449, #4598, #4152, .T. ) ;
#778 = CIRCLE ( 'NONE', #648, 0.08070866141732241372 ) ;
#779 = AXIS2_PLACEMENT_3D ( 'NONE', #2257, #4764, #7735 ) ;
#780 = AXIS2_PLACEMENT_3D ( 'NONE', #2206, #2120, #7011 ) ;
#781 = AXIS2_PLACEMENT_3D ( 'NONE', #3486, #5999, #5391 ) ;
#782 = ORIENTED_EDGE ( 'NONE', *, *, #6345, .T. ) ;
#783 = DIRECTION ( 'NONE',  ( 0.000000000000000000, 0.000000000000000000, -1.000000000000000000 ) ) ;
#784 = ADVANCED_FACE ( 'NONE', ( #7838 ), #7801, .F. ) ;
#785 = CARTESIAN_POINT ( 'NONE',  ( -1.084533516797553387, 1.200787401574803237, -2.442438232549066779 ) ) ;
#786 = DIRECTION ( 'NONE',  ( -0.000000000000000000, -1.000000000000000000, -0.000000000000000000 ) ) ;
#787 = EDGE_CURVE ( 'NONE', #1562, #5877, #1173, .T. ) ;
#788 = DIRECTION ( 'NONE',  ( 0.000000000000000000, -0.000000000000000000, -1.000000000000000000 ) ) ;
#789 = VERTEX_POINT ( 'NONE', #1646 ) ;
#790 = PLANE ( 'NONE',  #1288 ) ;
#791 = AXIS2_PLACEMENT_3D ( 'NONE', #375, #6313, #6427 ) ;
#792 = CARTESIAN_POINT ( 'NONE',  ( 4.275206133378123496, 0.5905511811023628210, -1.255510881645135246 ) ) ;
#793 = EDGE_CURVE ( 'NONE', #4397, #436, #1690, .T. ) ;
#794 = CARTESIAN_POINT ( 'NONE',  ( 3.051181102362205966, 1.082677165354330784, -1.767227058953009911 ) ) ;
#795 = ORIENTED_EDGE ( 'NONE', *, *, #5604, .F. ) ;
#796 = EDGE_CURVE ( 'NONE', #1636, #2586, #2083, .T. ) ;
#797 = ORIENTED_EDGE ( 'NONE', *, *, #433, .F. ) ;
#798 = DIRECTION ( 'NONE',  ( 0.000000000000000000, -1.000000000000000000, 0.000000000000000000 ) ) ;
#799 = LINE ( 'NONE', #5647, #2514 ) ;
#800 = EDGE_CURVE ( 'NONE', #5904, #4575, #7250, .T. ) ;
#801 = ADVANCED_FACE ( 'NONE', ( #4190 ), #1808, .T. ) ;
#802 = PLANE ( 'NONE',  #5479 ) ;
#803 = DIRECTION ( 'NONE',  ( 0.000000000000000000, -1.000000000000000000, 0.000000000000000000 ) ) ;
#804 = ORIENTED_EDGE ( 'NONE', *, *, #6936, .T. ) ;
#805 = CIRCLE ( 'NONE', #677, 0.08070866141732313537 ) ;
#806 = ORIENTED_EDGE ( 'NONE', *, *, #7186, .T. ) ;
#807 = CARTESIAN_POINT ( 'NONE',  ( -1.622338793878041363, 1.200787401574803237, -2.505834060810653963 ) ) ;
#808 = CARTESIAN_POINT ( 'NONE',  ( 1.476377952755906664, 1.200787401574803237, -1.212108948716788648 ) ) ;
#809 = DIRECTION ( 'NONE',  ( 0.000000000000000000, -1.000000000000000000, 0.000000000000000000 ) ) ;
#810 = CIRCLE ( 'NONE', #2334, 0.08070866141732323251 ) ;
#811 = EDGE_CURVE ( 'NONE', #2870, #3422, #2358, .T. ) ;
#812 = EDGE_LOOP ( 'NONE', ( #2897, #3503, #5827, #3080 ) ) ;
#813 = APPLICATION_PROTOCOL_DEFINITION ( 'draft international standard', 'automotive_design', 1998, #3037 ) ;
#814 = VERTEX_POINT ( 'NONE', #7768 ) ;
#815 = FACE_OUTER_BOUND ( 'NONE', #4858, .T. ) ;
#816 = CARTESIAN_POINT ( 'NONE',  ( 1.082677165354331672, 1.082677165354330784, -1.686518397535686553 ) ) ;
#817 = DIRECTION ( 'NONE',  ( 0.000000000000000000, 0.000000000000000000, -1.000000000000000000 ) ) ;
#818 = EDGE_CURVE ( 'NONE', #357, #4302, #4511, .T. ) ;
#819 = VERTEX_POINT ( 'NONE', #4783 ) ;
#820 = CARTESIAN_POINT ( 'NONE',  ( 1.082677165354331672, 1.200787401574803237, -1.605809736118363640 ) ) ;
#821 = CARTESIAN_POINT ( 'NONE',  ( 2.263779527559056426, 1.082677165354330784, -2.080219184937261545 ) ) ;
#822 = CARTESIAN_POINT ( 'NONE',  ( 2.657480314960631418, 1.082677165354330784, -1.373526271551434252 ) ) ;
#823 = DIRECTION ( 'NONE',  ( 0.9345333927142731589, 0.000000000000000000, -0.3558754527948649882 ) ) ;
#824 = DIRECTION ( 'NONE',  ( -0.6423330032324081618, 0.000000000000000000, -0.7664256734729305576 ) ) ;
#825 = VERTEX_POINT ( 'NONE', #448 ) ;
#826 = CARTESIAN_POINT ( 'NONE',  ( 3.051181102362205966, 1.200787401574803237, -1.686518397535686553 ) ) ;
#827 = FACE_OUTER_BOUND ( 'NONE', #6531, .T. ) ;
#828 = EDGE_CURVE ( 'NONE', #4611, #4648, #685, .T. ) ;
#829 = ADVANCED_FACE ( 'NONE', ( #5415 ), #2871, .T. ) ;
#830 = CARTESIAN_POINT ( 'NONE',  ( -0.6102362204724406380, 0.000000000000000000, -5.387305799110489346 ) ) ;
#831 = ORIENTED_EDGE ( 'NONE', *, *, #6641, .T. ) ;
#832 = EDGE_LOOP ( 'NONE', ( #1893, #2228 ) ) ;
#833 = CARTESIAN_POINT ( 'NONE',  ( -1.084533516797553387, 1.200787401574803237, -2.523146893966389470 ) ) ;
#834 = ADVANCED_FACE ( 'NONE', ( #7721 ), #4715, .F. ) ;
#835 = DIRECTION ( 'NONE',  ( -1.000000000000000000, 0.000000000000000000, 0.000000000000000000 ) ) ;
#836 = AXIS2_PLACEMENT_3D ( 'NONE', #1243, #1211, #2001 ) ;
#837 = CARTESIAN_POINT ( 'NONE',  ( 3.003149606299212682, 0.000000000000000000, -4.885337295173484584 ) ) ;
#838 = DIRECTION ( 'NONE',  ( 1.110223024625156294E-16, -0.000000000000000000, 1.000000000000000000 ) ) ;
#839 = EDGE_LOOP ( 'NONE', ( #1714, #1863 ) ) ;
#840 = ADVANCED_FACE ( 'NONE', ( #4437 ), #9, .F. ) ;
#841 = ORIENTED_EDGE ( 'NONE', *, *, #4870, .T. ) ;
#842 = CARTESIAN_POINT ( 'NONE',  ( -0.6059099916330187297, 1.377952755905512028, -1.593043368051094921 ) ) ;
#843 = CARTESIAN_POINT ( 'NONE',  ( 1.818608936888913785, 1.200787401574803237, -0.5675831277454463919 ) ) ;
#844 = CARTESIAN_POINT ( 'NONE',  ( 1.476377952755906664, 1.200787401574803237, -2.080219184937261545 ) ) ;
#845 = CARTESIAN_POINT ( 'NONE',  ( 1.476377952755906664, 1.200787401574803237, -1.292817610134111783 ) ) ;
#846 = CIRCLE ( 'NONE', #5293, 0.08070866141732313537 ) ;
#847 = VERTEX_POINT ( 'NONE', #7369 ) ;
#848 = DIRECTION ( 'NONE',  ( 0.000000000000000000, 0.000000000000000000, -1.000000000000000000 ) ) ;
#849 = DIRECTION ( 'NONE',  ( 0.000000000000000000, -1.000000000000000000, 0.000000000000000000 ) ) ;
#850 = CIRCLE ( 'NONE', #2126, 0.08070866141732309373 ) ;
#851 = ADVANCED_FACE ( 'NONE', ( #7412 ), #4275, .F. ) ;
#852 = DIRECTION ( 'NONE',  ( -0.7754638790607798482, 0.000000000000000000, -0.6313919323779866311 ) ) ;
#853 = AXIS2_PLACEMENT_3D ( 'NONE', #1560, #6203, #234 ) ;
#854 = CIRCLE ( 'NONE', #2885, 0.08070866141732309373 ) ;
#855 = EDGE_CURVE ( 'NONE', #2950, #3496, #2863, .T. ) ;
#856 = ORIENTED_EDGE ( 'NONE', *, *, #5052, .T. ) ;
#857 = PLANE ( 'NONE',  #3971 ) ;
#858 = LINE ( 'NONE', #5193, #469 ) ;
#859 = ORIENTED_EDGE ( 'NONE', *, *, #6435, .F. ) ;
#860 = CARTESIAN_POINT ( 'NONE',  ( 3.051181102362205966, 1.200787401574803237, -0.9798254841498599266 ) ) ;
#861 = ORIENTED_EDGE ( 'NONE', *, *, #482, .T. ) ;
#862 = DIRECTION ( 'NONE',  ( 0.6313919323779871862, 0.000000000000000000, -0.7754638790607795151 ) ) ;
#863 = DIRECTION ( 'NONE',  ( 0.000000000000000000, -1.000000000000000000, 0.000000000000000000 ) ) ;
#864 = ORIENTED_EDGE ( 'NONE', *, *, #217, .F. ) ;
#865 = CYLINDRICAL_SURFACE ( 'NONE', #2047, 0.08070866141732323251 ) ;
#866 = CIRCLE ( 'NONE', #5555, 0.08070866141732323251 ) ;
#867 = CARTESIAN_POINT ( 'NONE',  ( 0.2952755905511808554, -2.687063600325504191E-16, -3.379431783362458308 ) ) ;
#868 = EDGE_CURVE ( 'NONE', #3888, #4713, #6730, .T. ) ;
#869 = ORIENTED_EDGE ( 'NONE', *, *, #7433, .T. ) ;
#870 = DIRECTION ( 'NONE',  ( 0.000000000000000000, -0.000000000000000000, -1.000000000000000000 ) ) ;
#871 = ORIENTED_EDGE ( 'NONE', *, *, #5966, .F. ) ;
#872 = ORIENTED_EDGE ( 'NONE', *, *, #4906, .F. ) ;
#873 = CARTESIAN_POINT ( 'NONE',  ( 1.082677165354331672, 1.082677165354330784, -2.080219184937261545 ) ) ;
#874 = DIRECTION ( 'NONE',  ( -0.1590695136534966692, 0.000000000000000000, 0.9872673851728517302 ) ) ;
#875 = EDGE_CURVE ( 'NONE', #3995, #1490, #761, .T. ) ;
#876 = DIRECTION ( 'NONE',  ( 0.000000000000000000, 0.000000000000000000, -1.000000000000000000 ) ) ;
#877 = VECTOR ( 'NONE', #3497, 39.37007874015748143 ) ;
#878 = EDGE_LOOP ( 'NONE', ( #1045, #2387, #20, #7033 ) ) ;
#879 = ORIENTED_EDGE ( 'NONE', *, *, #5515, .T. ) ;
#880 = EDGE_LOOP ( 'NONE', ( #2689, #4926, #2961, #497, #2880, #6290, #899, #3753 ) ) ;
#881 = CARTESIAN_POINT ( 'NONE',  ( -1.498039639382837018, 0.9842519685039373689, -3.289108543396113138 ) ) ;
#882 = CARTESIAN_POINT ( 'NONE',  ( 0.3335965836183619193, 1.082677165354330784, -0.8280859173594444789 ) ) ;
#883 = LINE ( 'NONE', #171, #2666 ) ;
#884 = DIRECTION ( 'NONE',  ( -0.000000000000000000, -1.000000000000000000, -0.000000000000000000 ) ) ;
#885 = VECTOR ( 'NONE', #7165, 39.37007874015748143 ) ;
#886 = CARTESIAN_POINT ( 'NONE',  ( 1.870078740157481434, 1.082677165354330784, -0.8991168227325369022 ) ) ;
#887 = EDGE_LOOP ( 'NONE', ( #7675, #4444 ) ) ;
#888 = ORIENTED_EDGE ( 'NONE', *, *, #4269, .F. ) ;
#889 = CIRCLE ( 'NONE', #4579, 0.08070866141732323251 ) ;
#890 = CARTESIAN_POINT ( 'NONE',  ( 1.476377952755906664, 1.082677165354330784, -1.767227058953009688 ) ) ;
#891 = CARTESIAN_POINT ( 'NONE',  ( -2.922960674694182526, 1.082677165354330784, -2.380417114570415382 ) ) ;
#892 = CARTESIAN_POINT ( 'NONE',  ( 1.818608936888913785, 1.082677165354330784, -0.5675831277454463919 ) ) ;
#893 = VECTOR ( 'NONE', #6390, 39.37007874015748143 ) ;
#894 = AXIS2_PLACEMENT_3D ( 'NONE', #2753, #7054, #7172 ) ;
#895 = EDGE_CURVE ( 'NONE', #3330, #4310, #4902, .T. ) ;
#896 = CIRCLE ( 'NONE', #4594, 0.08070866141732323251 ) ;
#897 = AXIS2_PLACEMENT_3D ( 'NONE', #3352, #1602, #5773 ) ;
#898 = EDGE_CURVE ( 'NONE', #3293, #6420, #1859, .T. ) ;
#899 = ORIENTED_EDGE ( 'NONE', *, *, #811, .T. ) ;
#900 = DIRECTION ( 'NONE',  ( 0.000000000000000000, 1.000000000000000000, -0.000000000000000000 ) ) ;
#901 = ORIENTED_EDGE ( 'NONE', *, *, #5830, .T. ) ;
#902 = DIRECTION ( 'NONE',  ( 0.000000000000000000, 0.000000000000000000, 1.000000000000000000 ) ) ;
#903 = ORIENTED_EDGE ( 'NONE', *, *, #3664, .F. ) ;
#904 = LINE ( 'NONE', #4498, #390 ) ;
#905 = VECTOR ( 'NONE', #3281, 39.37007874015748143 ) ;
#906 = LINE ( 'NONE', #2763, #7761 ) ;
#907 = CARTESIAN_POINT ( 'NONE',  ( 0.8267716535433065062, 1.181102362204724532, -5.422738869976631904 ) ) ;
#908 = CIRCLE ( 'NONE', #4217, 0.08070866141732323251 ) ;
#909 = AXIS2_PLACEMENT_3D ( 'NONE', #5412, #1207, #3554 ) ;
#910 = VECTOR ( 'NONE', #7062, 39.37007874015748143 ) ;
#911 = EDGE_CURVE ( 'NONE', #4117, #3269, #5498, .T. ) ;
#912 = VERTEX_POINT ( 'NONE', #1924 ) ;
#913 = AXIS2_PLACEMENT_3D ( 'NONE', #4881, #5393, #7810 ) ;
#914 = FACE_OUTER_BOUND ( 'NONE', #1401, .T. ) ;
#915 = AXIS2_PLACEMENT_3D ( 'NONE', #1442, #2031, #3831 ) ;
#916 = VERTEX_POINT ( 'NONE', #3678 ) ;
#917 = EDGE_CURVE ( 'NONE', #4051, #1046, #6303, .T. ) ;
#918 = EDGE_LOOP ( 'NONE', ( #4332, #7808, #3921, #1626 ) ) ;
#919 = DIRECTION ( 'NONE',  ( 0.000000000000000000, 0.000000000000000000, -1.000000000000000000 ) ) ;
#920 = CARTESIAN_POINT ( 'NONE',  ( -1.281383910498342216, 1.082677165354330784, -2.783393115928765926 ) ) ;
#921 = DIRECTION ( 'NONE',  ( 0.000000000000000000, -1.000000000000000000, 0.000000000000000000 ) ) ;
#922 = VERTEX_POINT ( 'NONE', #4868 ) ;
#923 = EDGE_LOOP ( 'NONE', ( #3466, #3417, #1224, #6347 ) ) ;
#924 = ORIENTED_EDGE ( 'NONE', *, *, #1656, .F. ) ;
#925 = DIRECTION ( 'NONE',  ( -0.000000000000000000, -1.000000000000000000, -0.000000000000000000 ) ) ;
#926 = CARTESIAN_POINT ( 'NONE',  ( 4.344917934081746758, 15.67005943375638211, -1.654989912605622449 ) ) ;
#927 = CARTESIAN_POINT ( 'NONE',  ( 1.417322834645668772, 1.181102362204724532, -3.757384539267974333 ) ) ;
#928 = DIRECTION ( 'NONE',  ( 0.000000000000000000, -0.000000000000000000, -1.000000000000000000 ) ) ;
#929 = EDGE_CURVE ( 'NONE', #5125, #3963, #1887, .T. ) ;
#930 = DIRECTION ( 'NONE',  ( 0.000000000000000000, 0.000000000000000000, -1.000000000000000000 ) ) ;
#931 = EDGE_CURVE ( 'NONE', #5099, #6189, #4312, .T. ) ;
#932 = CYLINDRICAL_SURFACE ( 'NONE', #6529, 0.08070866141732309373 ) ;
#933 = VERTEX_POINT ( 'NONE', #3159 ) ;
#934 = VERTEX_POINT ( 'NONE', #725 ) ;
#935 = FACE_OUTER_BOUND ( 'NONE', #5129, .T. ) ;
#936 = CARTESIAN_POINT ( 'NONE',  ( 0.000000000000000000, 1.082677165354331672, -5.387305799110489346 ) ) ;
#937 = ADVANCED_FACE ( 'NONE', ( #7293 ), #5026, .F. ) ;
#938 = CARTESIAN_POINT ( 'NONE',  ( 0.000000000000000000, 0.000000000000000000, -5.682581389661670812 ) ) ;
#939 = AXIS2_PLACEMENT_3D ( 'NONE', #6057, #7299, #4319 ) ;
#940 = VERTEX_POINT ( 'NONE', #6773 ) ;
#941 = DIRECTION ( 'NONE',  ( 0.000000000000000000, 0.000000000000000000, -1.000000000000000000 ) ) ;
#942 = DIRECTION ( 'NONE',  ( 0.000000000000000000, 0.000000000000000000, -1.000000000000000000 ) ) ;
#943 = VERTEX_POINT ( 'NONE', #169 ) ;
#944 = DIRECTION ( 'NONE',  ( 0.000000000000000000, -0.000000000000000000, -1.000000000000000000 ) ) ;
#945 = VERTEX_POINT ( 'NONE', #689 ) ;
#946 = DIRECTION ( 'NONE',  ( 0.000000000000000000, -1.000000000000000000, 0.000000000000000000 ) ) ;
#947 = DIRECTION ( 'NONE',  ( -1.000000000000000000, 0.000000000000000000, -0.000000000000000000 ) ) ;
#948 = DIRECTION ( 'NONE',  ( -9.100188726435714521E-16, -1.000000000000000000, 0.000000000000000000 ) ) ;
#949 = ORIENTED_EDGE ( 'NONE', *, *, #6233, .F. ) ;
#950 = DIRECTION ( 'NONE',  ( 0.1730638617519519307, 0.000000000000000000, 0.9849106049563591814 ) ) ;
#951 = EDGE_LOOP ( 'NONE', ( #6826, #5896 ) ) ;
#952 = EDGE_LOOP ( 'NONE', ( #7051, #4261, #6402, #6532 ) ) ;
#953 = CARTESIAN_POINT ( 'NONE',  ( 0.6889763779527567911, 1.082677165354330784, -2.080219184937261545 ) ) ;
#954 = EDGE_CURVE ( 'NONE', #2861, #7195, #6052, .T. ) ;
#955 = FACE_OUTER_BOUND ( 'NONE', #6272, .T. ) ;
#956 = EDGE_CURVE ( 'NONE', #1834, #3852, #6809, .T. ) ;
#957 = FACE_OUTER_BOUND ( 'NONE', #7098, .T. ) ;
#958 = EDGE_LOOP ( 'NONE', ( #6009, #3644, #4130 ) ) ;
#959 = EDGE_CURVE ( 'NONE', #5317, #4980, #5534, .T. ) ;
#960 = EDGE_LOOP ( 'NONE', ( #3729, #7765 ) ) ;
#961 = VERTEX_POINT ( 'NONE', #5618 ) ;
#962 = CARTESIAN_POINT ( 'NONE',  ( -1.084533516797553387, 1.082677165354330784, -2.442438232549066779 ) ) ;
#963 = LINE ( 'NONE', #3387, #5091 ) ;
#964 = DIRECTION ( 'NONE',  ( 0.000000000000000000, 0.000000000000000000, -1.000000000000000000 ) ) ;
#965 = ADVANCED_FACE ( 'NONE', ( #4399 ), #2200, .F. ) ;
#966 = DIRECTION ( 'NONE',  ( 0.000000000000000000, -0.000000000000000000, -1.000000000000000000 ) ) ;
#967 = CARTESIAN_POINT ( 'NONE',  ( 0.9200649109126221026, 1.377952755905512028, -0.3505764156953624644 ) ) ;
#968 = VERTEX_POINT ( 'NONE', #3386 ) ;
#969 = ORIENTED_EDGE ( 'NONE', *, *, #5512, .T. ) ;
#970 = DIRECTION ( 'NONE',  ( 0.000000000000000000, -1.000000000000000000, 0.000000000000000000 ) ) ;
#971 = DIRECTION ( 'NONE',  ( 0.000000000000000000, 0.000000000000000000, -1.000000000000000000 ) ) ;
#972 = CARTESIAN_POINT ( 'NONE',  ( 1.870078740157481434, 1.200787401574803237, -0.5054160353309620213 ) ) ;
#973 = PLANE ( 'NONE',  #4463 ) ;
#974 = VECTOR ( 'NONE', #1304, 39.37007874015748143 ) ;
#975 = VECTOR ( 'NONE', #6940, 39.37007874015748143 ) ;
#976 = EDGE_LOOP ( 'NONE', ( #50, #6646, #4352, #2470 ) ) ;
#977 = VECTOR ( 'NONE', #4707, 39.37007874015748143 ) ;
#978 = DIRECTION ( 'NONE',  ( -0.000000000000000000, -1.000000000000000000, -0.000000000000000000 ) ) ;
#979 = ORIENTED_EDGE ( 'NONE', *, *, #7019, .T. ) ;
#980 = DIRECTION ( 'NONE',  ( 0.000000000000000000, -1.000000000000000000, 0.000000000000000000 ) ) ;
#981 = ORIENTED_EDGE ( 'NONE', *, *, #3824, .F. ) ;
#982 = DIRECTION ( 'NONE',  ( 0.000000000000000000, 0.000000000000000000, -1.000000000000000000 ) ) ;
#983 = CARTESIAN_POINT ( 'NONE',  ( 1.870078740157481434, 1.200787401574803237, -0.5054160353309620213 ) ) ;
#984 = DIRECTION ( 'NONE',  ( -0.000000000000000000, -1.000000000000000000, -0.000000000000000000 ) ) ;
#985 = VECTOR ( 'NONE', #6096, 39.37007874015748143 ) ;
#986 = VERTEX_POINT ( 'NONE', #842 ) ;
#987 = FACE_OUTER_BOUND ( 'NONE', #734, .T. ) ;
#988 = CIRCLE ( 'NONE', #7465, 0.08070866141732296883 ) ;
#989 = ORIENTED_EDGE ( 'NONE', *, *, #5061, .T. ) ;
#990 = VECTOR ( 'NONE', #7681, 39.37007874015748143 ) ;
#991 = CARTESIAN_POINT ( 'NONE',  ( -0.8349372190748853839, 1.200787401574803237, -1.222723188709179620 ) ) ;
#992 = ORIENTED_EDGE ( 'NONE', *, *, #2402, .T. ) ;
#993 = DIRECTION ( 'NONE',  ( -1.000000000000000000, 0.000000000000000000, 0.000000000000000000 ) ) ;
#994 = DIRECTION ( 'NONE',  ( -0.000000000000000000, -1.000000000000000000, -0.000000000000000000 ) ) ;
#995 = EDGE_CURVE ( 'NONE', #6823, #7700, #385, .T. ) ;
#996 = FACE_BOUND ( 'NONE', #6464, .T. ) ;
#997 = ORIENTED_EDGE ( 'NONE', *, *, #3519, .T. ) ;
#998 = ORIENTED_EDGE ( 'NONE', *, *, #4094, .T. ) ;
#999 = ORIENTED_EDGE ( 'NONE', *, *, #5401, .F. ) ;
#1000 = PLANE ( 'NONE',  #5419 ) ;
#1001 = DIRECTION ( 'NONE',  ( 0.9345333927142731589, -0.000000000000000000, -0.3558754527948649882 ) ) ;
#1002 = CARTESIAN_POINT ( 'NONE',  ( 2.263779527559056426, 1.200787401574803237, -0.5054160353309620213 ) ) ;
#1003 = CARTESIAN_POINT ( 'NONE',  ( 3.346456692913386100, 0.6791338582677166613, -5.584156192811277286 ) ) ;
#1004 = LINE ( 'NONE', #4712, #1676 ) ;
#1005 = ORIENTED_EDGE ( 'NONE', *, *, #5890, .T. ) ;
#1006 = ORIENTED_EDGE ( 'NONE', *, *, #3153, .F. ) ;
#1007 = CARTESIAN_POINT ( 'NONE',  ( -1.622338793878041363, 1.200787401574803237, -2.667251383645300677 ) ) ;
#1008 = CARTESIAN_POINT ( 'NONE',  ( 2.263779527559056426, 1.200787401574803237, -1.686518397535686553 ) ) ;
#1009 = CARTESIAN_POINT ( 'NONE',  ( 2.657480314960630530, 1.200787401574803237, -2.554628633756159672 ) ) ;
#1010 = AXIS2_PLACEMENT_3D ( 'NONE', #2314, #2830, #6496 ) ;
#1011 = AXIS2_PLACEMENT_3D ( 'NONE', #1715, #5973, #3698 ) ;
#1012 = AXIS2_PLACEMENT_3D ( 'NONE', #35, #3662, #2465 ) ;
#1013 = ORIENTED_EDGE ( 'NONE', *, *, #242, .T. ) ;
#1014 = DIRECTION ( 'NONE',  ( 0.000000000000000000, 0.000000000000000000, -1.000000000000000000 ) ) ;
#1015 = DIRECTION ( 'NONE',  ( 0.000000000000000000, 0.000000000000000000, -1.000000000000000000 ) ) ;
#1016 = ORIENTED_EDGE ( 'NONE', *, *, #3898, .F. ) ;
#1017 = AXIS2_PLACEMENT_3D ( 'NONE', #2752, #3476, #2838 ) ;
#1018 = LINE ( 'NONE', #3447, #1168 ) ;
#1019 = ADVANCED_FACE ( 'NONE', ( #6266 ), #7477, .F. ) ;
#1020 = ORIENTED_EDGE ( 'NONE', *, *, #692, .F. ) ;
#1021 = DIRECTION ( 'NONE',  ( 0.000000000000000000, 0.000000000000000000, -1.000000000000000000 ) ) ;
#1022 = CARTESIAN_POINT ( 'NONE',  ( -2.027520599413945135, 1.349212488102442999E-16, -4.257987974037208190 ) ) ;
#1023 = CYLINDRICAL_SURFACE ( 'NONE', #1553, 0.08070866141732313537 ) ;
#1024 = EDGE_CURVE ( 'NONE', #3422, #29, #2663, .T. ) ;
#1025 = CIRCLE ( 'NONE', #3058, 0.08070866141732309373 ) ;
#1026 = VECTOR ( 'NONE', #2400, 39.37007874015748143 ) ;
#1027 = AXIS2_PLACEMENT_3D ( 'NONE', #6946, #3895, #5122 ) ;
#1028 = AXIS2_PLACEMENT_3D ( 'NONE', #6964, #1481, #5138 ) ;
#1029 = ADVANCED_FACE ( 'NONE', ( #3912 ), #5772, .F. ) ;
#1030 = ORIENTED_EDGE ( 'NONE', *, *, #3256, .T. ) ;
#1031 = EDGE_CURVE ( 'NONE', #7003, #5506, #1508, .T. ) ;
#1032 = CARTESIAN_POINT ( 'NONE',  ( 3.051181102362205966, 1.200787401574803237, -0.8991168227325369022 ) ) ;
#1033 = VERTEX_POINT ( 'NONE', #3951 ) ;
#1034 = CARTESIAN_POINT ( 'NONE',  ( -1.302005819218903904, 1.082677165354330784, -1.327966250676777316 ) ) ;
#1035 = CIRCLE ( 'NONE', #5217, 0.08070866141732296883 ) ;
#1036 = EDGE_LOOP ( 'NONE', ( #2234, #4734, #4825, #3270 ) ) ;
#1037 = EDGE_CURVE ( 'NONE', #1255, #5877, #246, .T. ) ;
#1038 = CARTESIAN_POINT ( 'NONE',  ( 1.476377952755906220, 1.200787401574803237, -2.473919972338836537 ) ) ;
#1039 = CARTESIAN_POINT ( 'NONE',  ( -1.425488400177252757, 1.200787401574803237, -2.245587838848277951 ) ) ;
#1040 = AXIS2_PLACEMENT_3D ( 'NONE', #5661, #2677, #292 ) ;
#1041 = VECTOR ( 'NONE', #4561, 39.37007874015748143 ) ;
#1042 = ADVANCED_FACE ( 'NONE', ( #5652 ), #3996, .F. ) ;
#1043 = LINE ( 'NONE', #3420, #4430 ) ;
#1044 = VECTOR ( 'NONE', #1658, 39.37007874015748143 ) ;
#1045 = ORIENTED_EDGE ( 'NONE', *, *, #5191, .T. ) ;
#1046 = VERTEX_POINT ( 'NONE', #7005 ) ;
#1047 = EDGE_LOOP ( 'NONE', ( #3578, #7147, #6125 ) ) ;
#1048 = DIRECTION ( 'NONE',  ( 0.000000000000000000, 0.000000000000000000, -1.000000000000000000 ) ) ;
#1049 = DIRECTION ( 'NONE',  ( 0.000000000000000000, 0.000000000000000000, 1.000000000000000000 ) ) ;
#1050 = FACE_OUTER_BOUND ( 'NONE', #1325, .T. ) ;
#1051 = AXIS2_PLACEMENT_3D ( 'NONE', #5042, #7460, #2532 ) ;
#1052 = EDGE_CURVE ( 'NONE', #4578, #1381, #6338, .T. ) ;
#1053 = VECTOR ( 'NONE', #6063, 39.37007874015748143 ) ;
#1054 = DIRECTION ( 'NONE',  ( 0.000000000000000000, 1.000000000000000000, 0.000000000000000000 ) ) ;
#1055 = PLANE ( 'NONE',  #1801 ) ;
#1056 = ORIENTED_EDGE ( 'NONE', *, *, #1871, .T. ) ;
#1057 = ORIENTED_EDGE ( 'NONE', *, *, #6929, .F. ) ;
#1058 = DIRECTION ( 'NONE',  ( -0.000000000000000000, -1.000000000000000000, -0.000000000000000000 ) ) ;
#1059 = CARTESIAN_POINT ( 'NONE',  ( 0.2952755905511819101, 1.200787401574803237, -1.605809736118363640 ) ) ;
#1060 = PLANE ( 'NONE',  #6099 ) ;
#1061 = ADVANCED_FACE ( 'NONE', ( #3835 ), #7559, .T. ) ;
#1062 = CARTESIAN_POINT ( 'NONE',  ( -0.03129498633245732936, 0.9842519685039373689, -1.474042044914616767 ) ) ;
#1063 = CARTESIAN_POINT ( 'NONE',  ( 0.6889763779527567911, 1.082677165354330784, -1.212108948716788648 ) ) ;
#1064 = EDGE_LOOP ( 'NONE', ( #103, #6284 ) ) ;
#1065 = DIRECTION ( 'NONE',  ( 0.000000000000000000, 1.000000000000000000, 0.000000000000000000 ) ) ;
#1066 = DIRECTION ( 'NONE',  ( 0.000000000000000000, 0.000000000000000000, -1.000000000000000000 ) ) ;
#1067 = ORIENTED_EDGE ( 'NONE', *, *, #1624, .F. ) ;
#1068 = DIRECTION ( 'NONE',  ( 0.000000000000000000, 0.000000000000000000, -1.000000000000000000 ) ) ;
#1069 = ORIENTED_EDGE ( 'NONE', *, *, #1396, .F. ) ;
#1070 = FACE_OUTER_BOUND ( 'NONE', #1704, .T. ) ;
#1071 = AXIS2_PLACEMENT_3D ( 'NONE', #3684, #1292, #3761 ) ;
#1072 = LINE ( 'NONE', #1662, #7254 ) ;
#1073 = VECTOR ( 'NONE', #3675, 39.37007874015748143 ) ;
#1074 = AXIS2_PLACEMENT_3D ( 'NONE', #5340, #5982, #3475 ) ;
#1075 = ORIENTED_EDGE ( 'NONE', *, *, #3737, .T. ) ;
#1076 = DIRECTION ( 'NONE',  ( 0.000000000000000000, 1.000000000000000000, 0.000000000000000000 ) ) ;
#1077 = ORIENTED_EDGE ( 'NONE', *, *, #4438, .F. ) ;
#1078 = DIRECTION ( 'NONE',  ( 0.000000000000000000, 0.000000000000000000, -1.000000000000000000 ) ) ;
#1079 = VERTEX_POINT ( 'NONE', #6412 ) ;
#1080 = DIRECTION ( 'NONE',  ( 0.000000000000000000, -1.000000000000000000, 0.000000000000000000 ) ) ;
#1081 = ADVANCED_FACE ( 'NONE', ( #6925 ), #5729, .T. ) ;
#1082 = CARTESIAN_POINT ( 'NONE',  ( 0.6889763779527567911, 1.200787401574803237, -1.767227058953009688 ) ) ;
#1083 = EDGE_CURVE ( 'NONE', #5145, #3247, #1403, .T. ) ;
#1084 = FACE_BOUND ( 'NONE', #4258, .T. ) ;
#1085 = ORIENTED_EDGE ( 'NONE', *, *, #5384, .T. ) ;
#1086 = ORIENTED_EDGE ( 'NONE', *, *, #3149, .T. ) ;
#1087 = ORIENTED_EDGE ( 'NONE', *, *, #5092, .F. ) ;
#1088 = CARTESIAN_POINT ( 'NONE',  ( 4.284679127849917890, 1.377952755905512028, -0.7199513920934462741 ) ) ;
#1089 = LINE ( 'NONE', #3628, #4839 ) ;
#1090 = CARTESIAN_POINT ( 'NONE',  ( -1.350859448076808356, 1.200787401574803237, -1.309362520273968267 ) ) ;
#1091 = CARTESIAN_POINT ( 'NONE',  ( 0.6889763779527567911, 1.200787401574803237, -2.473919972338836537 ) ) ;
#1092 = DIRECTION ( 'NONE',  ( 0.000000000000000000, 0.000000000000000000, 1.000000000000000000 ) ) ;
#1093 = EDGE_CURVE ( 'NONE', #6817, #5616, #7826, .T. ) ;
#1094 = EDGE_LOOP ( 'NONE', ( #1595, #458 ) ) ;
#1095 = DIRECTION ( 'NONE',  ( 0.000000000000000000, -1.000000000000000000, 0.000000000000000000 ) ) ;
#1096 = PLANE ( 'NONE',  #2659 ) ;
#1097 = CARTESIAN_POINT ( 'NONE',  ( -0.8876831230967642261, 1.082677165354330784, -2.182192010586690767 ) ) ;
#1098 = DIRECTION ( 'NONE',  ( 0.000000000000000000, 0.000000000000000000, -1.000000000000000000 ) ) ;
#1099 = DIRECTION ( 'NONE',  ( 0.000000000000000000, -1.000000000000000000, 0.000000000000000000 ) ) ;
#1100 = ORIENTED_EDGE ( 'NONE', *, *, #6331, .T. ) ;
#1101 = DIRECTION ( 'NONE',  ( 0.000000000000000000, 0.000000000000000000, -1.000000000000000000 ) ) ;
#1102 = LINE ( 'NONE', #22, #728 ) ;
#1103 = ORIENTED_EDGE ( 'NONE', *, *, #5229, .F. ) ;
#1104 = CYLINDRICAL_SURFACE ( 'NONE', #6877, 0.08070866141732323251 ) ;
#1105 = DIRECTION ( 'NONE',  ( 0.000000000000000000, -1.000000000000000000, 0.000000000000000000 ) ) ;
#1106 = CYLINDRICAL_SURFACE ( 'NONE', #779, 0.08070866141732323251 ) ;
#1107 = AXIS2_PLACEMENT_3D ( 'NONE', #821, #3812, #151 ) ;
#1108 = ORIENTED_EDGE ( 'NONE', *, *, #2648, .F. ) ;
#1109 = DIRECTION ( 'NONE',  ( 0.000000000000000000, 0.000000000000000000, -1.000000000000000000 ) ) ;
#1110 = ORIENTED_EDGE ( 'NONE', *, *, #7382, .T. ) ;
#1111 = DIRECTION ( 'NONE',  ( -0.000000000000000000, -1.000000000000000000, -0.000000000000000000 ) ) ;
#1112 = ORIENTED_EDGE ( 'NONE', *, *, #5515, .F. ) ;
#1113 = VECTOR ( 'NONE', #2971, 39.37007874015748143 ) ;
#1114 = CARTESIAN_POINT ( 'NONE',  ( 4.261617107474918953, 0.8249237407776607300, -1.623268499954128696 ) ) ;
#1115 = EDGE_CURVE ( 'NONE', #4427, #3555, #4550, .T. ) ;
#1116 = VECTOR ( 'NONE', #4433, 39.37007874015748143 ) ;
#1117 = FACE_BOUND ( 'NONE', #7509, .T. ) ;
#1118 = VERTEX_POINT ( 'NONE', #1448 ) ;
#1119 = VERTEX_POINT ( 'NONE', #284 ) ;
#1120 = ORIENTED_EDGE ( 'NONE', *, *, #6451, .T. ) ;
#1121 = FACE_OUTER_BOUND ( 'NONE', #7741, .T. ) ;
#1122 = DIRECTION ( 'NONE',  ( 0.000000000000000000, 0.000000000000000000, -1.000000000000000000 ) ) ;
#1123 = DIRECTION ( 'NONE',  ( -0.7754638790607798482, 0.000000000000000000, -0.6313919323779866311 ) ) ;
#1124 = CIRCLE ( 'NONE', #5559, 0.06496062992125979652 ) ;
#1125 = EDGE_CURVE ( 'NONE', #5283, #5434, #3878, .T. ) ;
#1126 = FACE_OUTER_BOUND ( 'NONE', #1828, .T. ) ;
#1127 = DIRECTION ( 'NONE',  ( -0.000000000000000000, -1.000000000000000000, -0.000000000000000000 ) ) ;
#1128 = ORIENTED_EDGE ( 'NONE', *, *, #7479, .F. ) ;
#1129 = VERTEX_POINT ( 'NONE', #1523 ) ;
#1130 = CARTESIAN_POINT ( 'NONE',  ( 3.521427278380654613, 0.000000000000000000, -1.341400144433948061 ) ) ;
#1131 = DIRECTION ( 'NONE',  ( -0.000000000000000000, -1.000000000000000000, -0.000000000000000000 ) ) ;
#1132 = DIRECTION ( 'NONE',  ( -0.7754638790607795151, 0.000000000000000000, -0.6313919323779871862 ) ) ;
#1133 = DIRECTION ( 'NONE',  ( -0.000000000000000000, -1.000000000000000000, -0.000000000000000000 ) ) ;
#1134 = ORIENTED_EDGE ( 'NONE', *, *, #3274, .T. ) ;
#1135 = DIRECTION ( 'NONE',  ( 0.000000000000000000, -0.000000000000000000, 1.000000000000000000 ) ) ;
#1136 = CARTESIAN_POINT ( 'NONE',  ( -1.281383910498342216, 1.200787401574803237, -2.783393115928765926 ) ) ;
#1137 = ORIENTED_EDGE ( 'NONE', *, *, #1883, .F. ) ;
#1138 = CIRCLE ( 'NONE', #5574, 0.08070866141732269128 ) ;
#1139 = CARTESIAN_POINT ( 'NONE',  ( -0.6102362204724406380, 0.000000000000000000, -3.084156192811276842 ) ) ;
#1140 = DIRECTION ( 'NONE',  ( 0.000000000000000000, 1.000000000000000000, -0.000000000000000000 ) ) ;
#1141 = DIRECTION ( 'NONE',  ( 0.000000000000000000, -1.000000000000000000, 0.000000000000000000 ) ) ;
#1142 = ADVANCED_FACE ( 'NONE', ( #3424 ), #2900, .T. ) ;
#1143 = ADVANCED_FACE ( 'NONE', ( #1640 ), #2236, .F. ) ;
#1144 = VERTEX_POINT ( 'NONE', #4112 ) ;
#1145 = VERTEX_POINT ( 'NONE', #7312 ) ;
#1146 = CARTESIAN_POINT ( 'NONE',  ( -0.2755905511811020947, 0.6791338582677166613, -5.347935720370331936 ) ) ;
#1147 = ORIENTED_EDGE ( 'NONE', *, *, #226, .F. ) ;
#1148 = CIRCLE ( 'NONE', #4961, 0.08070866141732323251 ) ;
#1149 = DIRECTION ( 'NONE',  ( -0.000000000000000000, -1.000000000000000000, -0.000000000000000000 ) ) ;
#1150 = AXIS2_PLACEMENT_3D ( 'NONE', #5451, #1810, #4191 ) ;
#1151 = EDGE_CURVE ( 'NONE', #2253, #4062, #5852, .T. ) ;
#1152 = AXIS2_PLACEMENT_3D ( 'NONE', #1683, #6414, #5932 ) ;
#1153 = CIRCLE ( 'NONE', #6236, 0.08070866141732241372 ) ;
#1154 = LINE ( 'NONE', #434, #6831 ) ;
#1155 = ADVANCED_FACE ( 'NONE', ( #6118 ), #1000, .T. ) ;
#1156 = VECTOR ( 'NONE', #2745, 39.37007874015748143 ) ;
#1157 = ORIENTED_EDGE ( 'NONE', *, *, #4182, .F. ) ;
#1158 = ORIENTED_EDGE ( 'NONE', *, *, #3657, .F. ) ;
#1159 = VECTOR ( 'NONE', #5808, 39.37007874015748143 ) ;
#1160 = EDGE_LOOP ( 'NONE', ( #1350, #7403 ) ) ;
#1161 = DIRECTION ( 'NONE',  ( 0.000000000000000000, 0.000000000000000000, -1.000000000000000000 ) ) ;
#1162 = VECTOR ( 'NONE', #5660, 39.37007874015748143 ) ;
#1163 = DIRECTION ( 'NONE',  ( -0.000000000000000000, 0.000000000000000000, 1.000000000000000000 ) ) ;
#1164 = AXIS2_PLACEMENT_3D ( 'NONE', #6070, #3697, #3056 ) ;
#1165 = CARTESIAN_POINT ( 'NONE',  ( 1.476377952755906664, 1.200787401574803237, -0.5861246967482844905 ) ) ;
#1166 = CIRCLE ( 'NONE', #7634, 0.08070866141732313537 ) ;
#1167 = AXIS2_PLACEMENT_3D ( 'NONE', #3180, #4455, #3136 ) ;
#1168 = VECTOR ( 'NONE', #421, 39.37007874015748143 ) ;
#1169 = DIRECTION ( 'NONE',  ( -0.000000000000000000, -1.000000000000000000, -0.000000000000000000 ) ) ;
#1170 = ORIENTED_EDGE ( 'NONE', *, *, #5256, .F. ) ;
#1171 = AXIS2_PLACEMENT_3D ( 'NONE', #1856, #1140, #2371 ) ;
#1172 = EDGE_LOOP ( 'NONE', ( #4921, #6020 ) ) ;
#1173 = LINE ( 'NONE', #1130, #299 ) ;
#1174 = VECTOR ( 'NONE', #6900, 39.37007874015748143 ) ;
#1175 = CIRCLE ( 'NONE', #5611, 0.08070866141732323251 ) ;
#1176 = LINE ( 'NONE', #7839, #4205 ) ;
#1177 = CARTESIAN_POINT ( 'NONE',  ( 0.6889763779527567911, 1.200787401574803237, -2.080219184937261545 ) ) ;
#1178 = CARTESIAN_POINT ( 'NONE',  ( 3.522064545828509363, 0.000000000000000000, -1.341642819380958640 ) ) ;
#1179 = EDGE_CURVE ( 'NONE', #4302, #6817, #5329, .T. ) ;
#1180 = EDGE_CURVE ( 'NONE', #7610, #2102, #6211, .T. ) ;
#1181 = VECTOR ( 'NONE', #4840, 39.37007874015748143 ) ;
#1182 = DIRECTION ( 'NONE',  ( 9.100188726435714521E-16, 1.000000000000000000, 0.000000000000000000 ) ) ;
#1183 = ORIENTED_EDGE ( 'NONE', *, *, #652, .T. ) ;
#1184 = ADVANCED_FACE ( 'NONE', ( #4631 ), #2862, .F. ) ;
#1185 = DIRECTION ( 'NONE',  ( 0.000000000000000000, -1.000000000000000000, 0.000000000000000000 ) ) ;
#1186 = CARTESIAN_POINT ( 'NONE',  ( 3.051181102362205966, 1.200787401574803237, -0.5054160353309620213 ) ) ;
#1187 = ORIENTED_EDGE ( 'NONE', *, *, #2101, .T. ) ;
#1188 = DIRECTION ( 'NONE',  ( 0.000000000000000000, 0.000000000000000000, -1.000000000000000000 ) ) ;
#1189 = DIRECTION ( 'NONE',  ( 0.000000000000000000, 0.000000000000000000, -1.000000000000000000 ) ) ;
#1190 = EDGE_CURVE ( 'NONE', #29, #1835, #4145, .T. ) ;
#1191 = CARTESIAN_POINT ( 'NONE',  ( -0.6908327293959752868, 1.200787401574803237, -1.760528465789668040 ) ) ;
#1192 = EDGE_LOOP ( 'NONE', ( #4095, #5164 ) ) ;
#1193 = EDGE_LOOP ( 'NONE', ( #7449, #2480, #3066 ) ) ;
#1194 = DIRECTION ( 'NONE',  ( 0.000000000000000000, 0.000000000000000000, -1.000000000000000000 ) ) ;
#1195 = ORIENTED_EDGE ( 'NONE', *, *, #5248, .F. ) ;
#1196 = DIRECTION ( 'NONE',  ( 0.000000000000000000, -0.000000000000000000, -1.000000000000000000 ) ) ;
#1197 = AXIS2_PLACEMENT_3D ( 'NONE', #4245, #3643, #6586 ) ;
#1198 = CARTESIAN_POINT ( 'NONE',  ( 1.082677165354331672, 1.200787401574803237, -1.292817610134111783 ) ) ;
#1199 = VERTEX_POINT ( 'NONE', #7678 ) ;
#1200 = ORIENTED_EDGE ( 'NONE', *, *, #3504, .F. ) ;
#1201 = ORIENTED_EDGE ( 'NONE', *, *, #4442, .F. ) ;
#1202 = CARTESIAN_POINT ( 'NONE',  ( 3.464566929133858775, 0.3937007874015748254, -5.584156192811277286 ) ) ;
#1203 = DIRECTION ( 'NONE',  ( 0.000000000000000000, 0.000000000000000000, -1.000000000000000000 ) ) ;
#1204 = DIRECTION ( 'NONE',  ( 0.000000000000000000, 0.000000000000000000, 1.000000000000000000 ) ) ;
#1205 = DIRECTION ( 'NONE',  ( 0.000000000000000000, -1.000000000000000000, 0.000000000000000000 ) ) ;
#1206 = EDGE_CURVE ( 'NONE', #2288, #2694, #2398, .T. ) ;
#1207 = DIRECTION ( 'NONE',  ( -1.000000000000000000, 0.000000000000000000, 0.000000000000000000 ) ) ;
#1208 = CYLINDRICAL_SURFACE ( 'NONE', #4752, 0.08070866141732323251 ) ;
#1209 = ORIENTED_EDGE ( 'NONE', *, *, #5262, .T. ) ;
#1210 = VERTEX_POINT ( 'NONE', #4063 ) ;
#1211 = DIRECTION ( 'NONE',  ( 0.000000000000000000, -1.000000000000000000, 0.000000000000000000 ) ) ;
#1212 = DIRECTION ( 'NONE',  ( 0.000000000000000000, 0.000000000000000000, -1.000000000000000000 ) ) ;
#1213 = CARTESIAN_POINT ( 'NONE',  ( 2.263779527559056426, 1.082677165354330784, -0.1117152479293870848 ) ) ;
#1214 = CARTESIAN_POINT ( 'NONE',  ( 0.8267716535433065062, 1.358267716535431102, -5.422738869976631904 ) ) ;
#1215 = ORIENTED_EDGE ( 'NONE', *, *, #1248, .F. ) ;
#1216 = ORIENTED_EDGE ( 'NONE', *, *, #7146, .T. ) ;
#1217 = DIRECTION ( 'NONE',  ( 0.000000000000000000, -1.000000000000000000, 0.000000000000000000 ) ) ;
#1218 = VERTEX_POINT ( 'NONE', #1262 ) ;
#1219 = DIRECTION ( 'NONE',  ( 0.000000000000000000, -1.000000000000000000, 0.000000000000000000 ) ) ;
#1220 = CYLINDRICAL_SURFACE ( 'NONE', #6503, 0.08070866141732323251 ) ;
#1221 = CYLINDRICAL_SURFACE ( 'NONE', #5858, 0.08070866141732309373 ) ;
#1222 = ORIENTED_EDGE ( 'NONE', *, *, #7658, .F. ) ;
#1223 = CARTESIAN_POINT ( 'NONE',  ( 0.6889763779527567911, 1.082677165354330784, -0.5054160353309620213 ) ) ;
#1224 = ORIENTED_EDGE ( 'NONE', *, *, #5505, .T. ) ;
#1225 = CARTESIAN_POINT ( 'NONE',  ( 0.2952755905511819101, 1.181102362204724754, -2.867620759740411085 ) ) ;
#1226 = EDGE_LOOP ( 'NONE', ( #1862, #7320, #4390, #6985 ) ) ;
#1227 = CYLINDRICAL_SURFACE ( 'NONE', #1012, 0.08070866141732323251 ) ;
#1228 = CARTESIAN_POINT ( 'NONE',  ( 2.657480314960631418, 1.082677165354330784, -1.999510523519938410 ) ) ;
#1229 = LINE ( 'NONE', #7821, #2754 ) ;
#1230 = ORIENTED_EDGE ( 'NONE', *, *, #3850, .T. ) ;
#1231 = VERTEX_POINT ( 'NONE', #477 ) ;
#1232 = AXIS2_PLACEMENT_3D ( 'NONE', #3566, #4203, #7219 ) ;
#1233 = ORIENTED_EDGE ( 'NONE', *, *, #2240, .T. ) ;
#1234 = CARTESIAN_POINT ( 'NONE',  ( 0.2952755905511813550, 1.102362204724409711, -3.615652255803403214 ) ) ;
#1235 = DIRECTION ( 'NONE',  ( 0.000000000000000000, 0.000000000000000000, -1.000000000000000000 ) ) ;
#1236 = AXIS2_PLACEMENT_3D ( 'NONE', #1365, #809, #6269 ) ;
#1237 = ADVANCED_FACE ( 'NONE', ( #439 ), #6535, .F. ) ;
#1238 = DIRECTION ( 'NONE',  ( 0.000000000000000000, -1.000000000000000000, 0.000000000000000000 ) ) ;
#1239 = FACE_OUTER_BOUND ( 'NONE', #812, .T. ) ;
#1240 = EDGE_LOOP ( 'NONE', ( #1678, #2196, #5569, #5533 ) ) ;
#1241 = ORIENTED_EDGE ( 'NONE', *, *, #4706, .T. ) ;
#1242 = VECTOR ( 'NONE', #1349, 39.37007874015748143 ) ;
#1243 = CARTESIAN_POINT ( 'NONE',  ( 1.870078740157481434, 1.082677165354330784, -0.5054160353309620213 ) ) ;
#1244 = DIRECTION ( 'NONE',  ( 0.7754638790607760734, 0.000000000000000000, 0.6313919323779914050 ) ) ;
#1245 = DIRECTION ( 'NONE',  ( 0.000000000000000000, 0.000000000000000000, -1.000000000000000000 ) ) ;
#1246 = CARTESIAN_POINT ( 'NONE',  ( 1.476377952755906664, 1.082677165354330784, -2.160927846354584680 ) ) ;
#1247 = CARTESIAN_POINT ( 'NONE',  ( 5.196018144655255308E-32, 4.242870800195554881E-16, -3.379431783362458308 ) ) ;
#1248 = EDGE_CURVE ( 'NONE', #1412, #4611, #3428, .T. ) ;
#1249 = CARTESIAN_POINT ( 'NONE',  ( -1.498039639382837018, 1.338582677165354395, -3.224147913474853411 ) ) ;
#1250 = EDGE_LOOP ( 'NONE', ( #4517, #1233, #7791, #6372 ) ) ;
#1251 = EDGE_LOOP ( 'NONE', ( #4404, #712, #3866, #1430 ) ) ;
#1252 = EDGE_CURVE ( 'NONE', #1913, #2698, #5453, .T. ) ;
#1253 = VERTEX_POINT ( 'NONE', #5257 ) ;
#1254 = CARTESIAN_POINT ( 'NONE',  ( -0.0001401084459813987915, 1.082677165354330784, -0.0003679265325624891990 ) ) ;
#1255 = VERTEX_POINT ( 'NONE', #1088 ) ;
#1256 = CARTESIAN_POINT ( 'NONE',  ( 2.263779527559055982, 1.200787401574803237, -2.554628633756159672 ) ) ;
#1257 = DIRECTION ( 'NONE',  ( -0.7754638790607798482, 0.000000000000000000, -0.6313919323779867421 ) ) ;
#1258 = EDGE_CURVE ( 'NONE', #6256, #3067, #2721, .T. ) ;
#1259 = VERTEX_POINT ( 'NONE', #6570 ) ;
#1260 = CARTESIAN_POINT ( 'NONE',  ( 0.2952755905511819101, 1.200787401574803237, -1.686518397535686553 ) ) ;
#1261 = DIRECTION ( 'NONE',  ( 0.000000000000000000, -1.000000000000000000, 0.000000000000000000 ) ) ;
#1262 = CARTESIAN_POINT ( 'NONE',  ( 1.476377952755906664, 1.200787401574803237, -1.373526271551434919 ) ) ;
#1263 = ORIENTED_EDGE ( 'NONE', *, *, #4094, .F. ) ;
#1264 = DIRECTION ( 'NONE',  ( -0.000000000000000000, -1.000000000000000000, -0.000000000000000000 ) ) ;
#1265 = AXIS2_PLACEMENT_3D ( 'NONE', #163, #6207, #3261 ) ;
#1266 = ADVANCED_FACE ( 'NONE', ( #1121 ), #5477, .T. ) ;
#1267 = ADVANCED_FACE ( 'NONE', ( #4030 ), #7396, .F. ) ;
#1268 = FACE_BOUND ( 'NONE', #5167, .T. ) ;
#1269 = CIRCLE ( 'NONE', #1908, 0.08070866141732323251 ) ;
#1270 = ORIENTED_EDGE ( 'NONE', *, *, #449, .T. ) ;
#1271 = EDGE_LOOP ( 'NONE', ( #6898, #5980, #6577, #5276 ) ) ;
#1272 = ADVANCED_FACE ( 'NONE', ( #108 ), #5080, .T. ) ;
#1273 = EDGE_LOOP ( 'NONE', ( #7689, #2150 ) ) ;
#1274 = DIRECTION ( 'NONE',  ( -0.000000000000000000, -1.000000000000000000, -0.000000000000000000 ) ) ;
#1275 = FACE_OUTER_BOUND ( 'NONE', #2530, .T. ) ;
#1276 = AXIS2_PLACEMENT_3D ( 'NONE', #1889, #4314, #5500 ) ;
#1277 = ADVANCED_FACE ( 'NONE', ( #6757 ), #5044, .T. ) ;
#1278 = AXIS2_PLACEMENT_3D ( 'NONE', #6162, #623, #5558 ) ;
#1279 = AXIS2_PLACEMENT_3D ( 'NONE', #4992, #7413, #4400 ) ;
#1280 = CARTESIAN_POINT ( 'NONE',  ( 3.051181102362205966, 1.200787401574803237, -2.554628633756159672 ) ) ;
#1281 = DIRECTION ( 'NONE',  ( 0.000000000000000000, -1.000000000000000000, 0.000000000000000000 ) ) ;
#1282 = ADVANCED_FACE ( 'NONE', ( #7502 ), #3815, .F. ) ;
#1283 = VERTEX_POINT ( 'NONE', #1905 ) ;
#1284 = DIRECTION ( 'NONE',  ( 1.000000000000000000, 0.000000000000000000, -0.000000000000000000 ) ) ;
#1285 = CARTESIAN_POINT ( 'NONE',  ( 3.003149606299212682, 1.377952755905512028, -4.885337295173484584 ) ) ;
#1286 = VECTOR ( 'NONE', #6440, 39.37007874015748143 ) ;
#1287 = DIRECTION ( 'NONE',  ( 0.000000000000000000, 0.000000000000000000, -1.000000000000000000 ) ) ;
#1288 = AXIS2_PLACEMENT_3D ( 'NONE', #6361, #5046, #5638 ) ;
#1289 = AXIS2_PLACEMENT_3D ( 'NONE', #1429, #1383, #230 ) ;
#1290 = FACE_OUTER_BOUND ( 'NONE', #7515, .T. ) ;
#1291 = AXIS2_PLACEMENT_3D ( 'NONE', #5582, #6307, #3323 ) ;
#1292 = DIRECTION ( 'NONE',  ( -0.000000000000000000, -1.000000000000000000, -0.000000000000000000 ) ) ;
#1293 = VECTOR ( 'NONE', #6803, 39.37007874015748143 ) ;
#1294 = ORIENTED_EDGE ( 'NONE', *, *, #6016, .T. ) ;
#1295 = EDGE_LOOP ( 'NONE', ( #4703, #2920, #7711, #125, #4558, #7191, #275, #4025, #7443, #5136, #2015, #4383 ) ) ;
#1296 = DIRECTION ( 'NONE',  ( -0.000000000000000000, -1.000000000000000000, -0.000000000000000000 ) ) ;
#1297 = VERTEX_POINT ( 'NONE', #4336 ) ;
#1298 = DIRECTION ( 'NONE',  ( 0.000000000000000000, 0.000000000000000000, -1.000000000000000000 ) ) ;
#1299 = CARTESIAN_POINT ( 'NONE',  ( 3.003149606299212682, 1.082677165354331672, 0.000000000000000000 ) ) ;
#1300 = LINE ( 'NONE', #5469, #6375 ) ;
#1301 = EDGE_CURVE ( 'NONE', #6033, #1512, #6793, .T. ) ;
#1302 = ADVANCED_FACE ( 'NONE', ( #4417 ), #5671, .F. ) ;
#1303 = ORIENTED_EDGE ( 'NONE', *, *, #577, .F. ) ;
#1304 = DIRECTION ( 'NONE',  ( -0.000000000000000000, 1.000000000000000000, -0.000000000000000000 ) ) ;
#1305 = VERTEX_POINT ( 'NONE', #6159 ) ;
#1306 = ORIENTED_EDGE ( 'NONE', *, *, #5832, .F. ) ;
#1307 = DIRECTION ( 'NONE',  ( 0.000000000000000000, 0.000000000000000000, -1.000000000000000000 ) ) ;
#1308 = VECTOR ( 'NONE', #3129, 39.37007874015748143 ) ;
#1309 = DIRECTION ( 'NONE',  ( 0.000000000000000000, 0.000000000000000000, 1.000000000000000000 ) ) ;
#1310 = VERTEX_POINT ( 'NONE', #4968 ) ;
#1311 = PLANE ( 'NONE',  #5325 ) ;
#1312 = CARTESIAN_POINT ( 'NONE',  ( 3.003149606299212682, 1.377952755905512028, -4.885337295173484584 ) ) ;
#1313 = EDGE_LOOP ( 'NONE', ( #1209, #7817, #2255 ) ) ;
#1314 = ORIENTED_EDGE ( 'NONE', *, *, #7405, .F. ) ;
#1315 = ORIENTED_EDGE ( 'NONE', *, *, #6886, .T. ) ;
#1316 = AXIS2_PLACEMENT_3D ( 'NONE', #2565, #6736, #2448 ) ;
#1317 = ADVANCED_FACE ( 'NONE', ( #5637 ), #1466, .T. ) ;
#1318 = DIRECTION ( 'NONE',  ( 0.000000000000000000, 0.000000000000000000, -1.000000000000000000 ) ) ;
#1319 = DIRECTION ( 'NONE',  ( -0.000000000000000000, -1.000000000000000000, -0.000000000000000000 ) ) ;
#1320 = AXIS2_PLACEMENT_3D ( 'NONE', #6171, #1281, #1804 ) ;
#1321 = FACE_OUTER_BOUND ( 'NONE', #3110, .T. ) ;
#1322 = CARTESIAN_POINT ( 'NONE',  ( 3.051181102362205966, 1.200787401574803237, -2.080219184937261545 ) ) ;
#1323 = AXIS2_PLACEMENT_3D ( 'NONE', #6021, #6505, #3436 ) ;
#1324 = EDGE_LOOP ( 'NONE', ( #3164, #5119, #4021, #38 ) ) ;
#1325 = EDGE_LOOP ( 'NONE', ( #4618, #861 ) ) ;
#1326 = DIRECTION ( 'NONE',  ( 0.000000000000000000, 0.000000000000000000, -1.000000000000000000 ) ) ;
#1327 = LINE ( 'NONE', #7370, #6365 ) ;
#1328 = DIRECTION ( 'NONE',  ( 1.000000000000000000, 0.000000000000000000, 0.000000000000000000 ) ) ;
#1329 = DIRECTION ( 'NONE',  ( 0.000000000000000000, -1.000000000000000000, 0.000000000000000000 ) ) ;
#1330 = EDGE_CURVE ( 'NONE', #945, #2859, #7352, .T. ) ;
#1331 = LINE ( 'NONE', #694, #4503 ) ;
#1332 = EDGE_LOOP ( 'NONE', ( #5427, #1006, #6798, #3986 ) ) ;
#1333 = ORIENTED_EDGE ( 'NONE', *, *, #6761, .T. ) ;
#1334 = LENGTH_MEASURE_WITH_UNIT ( LENGTH_MEASURE( 0.02539999999999999897 ), #6271 );
#1335 = ORIENTED_EDGE ( 'NONE', *, *, #752, .T. ) ;
#1336 = CARTESIAN_POINT ( 'NONE',  ( 2.657480314960631418, 1.200787401574803237, -0.5054160353309620213 ) ) ;
#1337 = AXIS2_PLACEMENT_3D ( 'NONE', #667, #5898, #5295 ) ;
#1338 = DIRECTION ( 'NONE',  ( 0.000000000000000000, 0.000000000000000000, -1.000000000000000000 ) ) ;
#1339 = DIRECTION ( 'NONE',  ( 0.000000000000000000, -1.000000000000000000, 0.000000000000000000 ) ) ;
#1340 = ORIENTED_EDGE ( 'NONE', *, *, #4070, .F. ) ;
#1341 = FACE_OUTER_BOUND ( 'NONE', #5561, .T. ) ;
#1342 = FACE_OUTER_BOUND ( 'NONE', #1689, .T. ) ;
#1343 = DIRECTION ( 'NONE',  ( 0.000000000000000000, -1.000000000000000000, 0.000000000000000000 ) ) ;
#1344 = CARTESIAN_POINT ( 'NONE',  ( 2.854330708661417582, 1.102362204724409711, -3.379431783362458308 ) ) ;
#1345 = VERTEX_POINT ( 'NONE', #1344 ) ;
#1346 = DIRECTION ( 'NONE',  ( 0.000000000000000000, 1.000000000000000000, 0.000000000000000000 ) ) ;
#1347 = DIRECTION ( 'NONE',  ( 0.7754638790607796262, 0.000000000000000000, 0.6313919323779869641 ) ) ;
#1348 = CARTESIAN_POINT ( 'NONE',  ( 3.464566929133858775, 1.102362204724409489, -5.682581389661670812 ) ) ;
#1349 = DIRECTION ( 'NONE',  ( 1.000000000000000000, -1.084202172485504311E-16, 0.000000000000000000 ) ) ;
#1350 = ORIENTED_EDGE ( 'NONE', *, *, #5968, .F. ) ;
#1351 = ORIENTED_EDGE ( 'NONE', *, *, #6670, .F. ) ;
#1352 = VERTEX_POINT ( 'NONE', #4499 ) ;
#1353 = AXIS2_PLACEMENT_3D ( 'NONE', #7797, #3028, #4268 ) ;
#1354 = CYLINDRICAL_SURFACE ( 'NONE', #1265, 0.08070866141732323251 ) ;
#1355 = DIRECTION ( 'NONE',  ( -0.000000000000000000, -1.000000000000000000, -0.000000000000000000 ) ) ;
#1356 = DIRECTION ( 'NONE',  ( -0.9345333927140838659, 0.000000000000000000, 0.3558754527953620350 ) ) ;
#1357 = EDGE_CURVE ( 'NONE', #6238, #1659, #6120, .T. ) ;
#1358 = ORIENTED_EDGE ( 'NONE', *, *, #5681, .F. ) ;
#1359 = ORIENTED_EDGE ( 'NONE', *, *, #2231, .T. ) ;
#1360 = CARTESIAN_POINT ( 'NONE',  ( 3.003149606299212682, 0.000000000000000000, -4.294786114071121652 ) ) ;
#1361 = SURFACE_STYLE_FILL_AREA ( #1482 ) ;
#1362 = EDGE_CURVE ( 'NONE', #466, #2441, #6750, .T. ) ;
#1363 = DIRECTION ( 'NONE',  ( 0.000000000000000000, 0.000000000000000000, 1.000000000000000000 ) ) ;
#1364 = AXIS2_PLACEMENT_3D ( 'NONE', #7618, #2325, #4753 ) ;
#1365 = CARTESIAN_POINT ( 'NONE',  ( 1.870078740157481434, 1.200787401574803237, -0.1117152479293870848 ) ) ;
#1366 = DIRECTION ( 'NONE',  ( 0.000000000000000000, -1.000000000000000000, 0.000000000000000000 ) ) ;
#1367 = AXIS2_PLACEMENT_3D ( 'NONE', #6219, #2668, #5141 ) ;
#1368 = ORIENTED_EDGE ( 'NONE', *, *, #3731, .T. ) ;
#1369 = EDGE_LOOP ( 'NONE', ( #7418, #7020, #7779, #4687, #2501, #2104 ) ) ;
#1370 = DIRECTION ( 'NONE',  ( -0.000000000000000000, -1.000000000000000000, -0.000000000000000000 ) ) ;
#1371 = EDGE_LOOP ( 'NONE', ( #5292, #34, #2767, #4505 ) ) ;
#1372 = CARTESIAN_POINT ( 'NONE',  ( 1.870078740157481434, 1.200787401574803237, -2.080219184937261545 ) ) ;
#1373 = CARTESIAN_POINT ( 'NONE',  ( -3.605107740903008118, 0.9842519685039370358, -2.935829385766368205 ) ) ;
#1374 = EDGE_CURVE ( 'NONE', #6794, #5434, #3774, .T. ) ;
#1375 = DIRECTION ( 'NONE',  ( 0.000000000000000000, -1.000000000000000000, 0.000000000000000000 ) ) ;
#1376 = CIRCLE ( 'NONE', #5814, 0.08070866141732323251 ) ;
#1377 = EDGE_CURVE ( 'NONE', #4662, #7390, #155, .T. ) ;
#1378 = ORIENTED_EDGE ( 'NONE', *, *, #6457, .F. ) ;
#1379 = FACE_OUTER_BOUND ( 'NONE', #713, .T. ) ;
#1380 = DIRECTION ( 'NONE',  ( 0.000000000000000000, -1.000000000000000000, 0.000000000000000000 ) ) ;
#1381 = VERTEX_POINT ( 'NONE', #2019 ) ;
#1382 = DIRECTION ( 'NONE',  ( -0.7754638790607795151, 0.000000000000000000, -0.6313919323779871862 ) ) ;
#1383 = DIRECTION ( 'NONE',  ( -0.000000000000000000, -1.000000000000000000, -0.000000000000000000 ) ) ;
#1384 = ORIENTED_EDGE ( 'NONE', *, *, #564, .T. ) ;
#1385 = LINE ( 'NONE', #5791, #3706 ) ;
#1386 = EDGE_CURVE ( 'NONE', #2327, #2350, #6828, .T. ) ;
#1387 = DIRECTION ( 'NONE',  ( -0.1730638617519519584, 0.000000000000000000, -0.9849106049563591814 ) ) ;
#1388 = EDGE_CURVE ( 'NONE', #5884, #7216, #6907, .T. ) ;
#1389 = CARTESIAN_POINT ( 'NONE',  ( -1.498039639382837018, 0.9842519685039373689, -3.289108543396113138 ) ) ;
#1390 = ORIENTED_EDGE ( 'NONE', *, *, #2851, .T. ) ;
#1391 = ORIENTED_EDGE ( 'NONE', *, *, #1557, .F. ) ;
#1392 = AXIS2_PLACEMENT_3D ( 'NONE', #2545, #4468, #1440 ) ;
#1393 = FACE_OUTER_BOUND ( 'NONE', #952, .T. ) ;
#1394 = EDGE_CURVE ( 'NONE', #7168, #4029, #6376, .T. ) ;
#1395 = CARTESIAN_POINT ( 'NONE',  ( 0.8070866141732255805, 1.377952755905512028, -5.442423909346712385 ) ) ;
#1396 = EDGE_CURVE ( 'NONE', #3548, #3094, #7762, .T. ) ;
#1397 = AXIS2_PLACEMENT_3D ( 'NONE', #5596, #2537, #3139 ) ;
#1398 = CARTESIAN_POINT ( 'NONE',  ( 2.854330708661417582, 1.082677165354330784, -3.615652255803403214 ) ) ;
#1399 = DIRECTION ( 'NONE',  ( 0.000000000000000000, 0.000000000000000000, -1.000000000000000000 ) ) ;
#1400 = COLOUR_RGB ( '',0.7921568627450980005, 0.8196078431372548767, 0.9333333333333333481 ) ;
#1401 = EDGE_LOOP ( 'NONE', ( #1057, #4226, #6719, #1522 ) ) ;
#1402 = ORIENTED_EDGE ( 'NONE', *, *, #1759, .F. ) ;
#1403 = LINE ( 'NONE', #807, #220 ) ;
#1404 = DIRECTION ( 'NONE',  ( 0.000000000000000000, -1.000000000000000000, 0.000000000000000000 ) ) ;
#1405 = VECTOR ( 'NONE', #4678, 39.37007874015748854 ) ;
#1406 = AXIS2_PLACEMENT_3D ( 'NONE', #1039, #994, #5924 ) ;
#1407 = DIRECTION ( 'NONE',  ( -0.000000000000000000, 1.000000000000000000, -0.000000000000000000 ) ) ;
#1408 = EDGE_CURVE ( 'NONE', #2942, #3032, #2728, .T. ) ;
#1409 = AXIS2_PLACEMENT_3D ( 'NONE', #1794, #5374, #2581 ) ;
#1410 = CARTESIAN_POINT ( 'NONE',  ( 3.051181102362205966, 1.200787401574803237, -2.080219184937261545 ) ) ;
#1411 = AXIS2_PLACEMENT_3D ( 'NONE', #5591, #2643, #7429 ) ;
#1412 = VERTEX_POINT ( 'NONE', #4650 ) ;
#1413 = CIRCLE ( 'NONE', #7125, 0.08070866141732309373 ) ;
#1414 = PLANE ( 'NONE',  #2695 ) ;
#1415 = CARTESIAN_POINT ( 'NONE',  ( 3.464566929133858775, 15.67005943375638211, -3.074313673126239710 ) ) ;
#1416 = EDGE_CURVE ( 'NONE', #2122, #4838, #1622, .T. ) ;
#1417 = CARTESIAN_POINT ( 'NONE',  ( 1.082677165354331672, 1.200787401574803237, -2.473919972338836537 ) ) ;
#1418 = ADVANCED_FACE ( 'NONE', ( #364 ), #4001, .F. ) ;
#1419 = VECTOR ( 'NONE', #5002, 39.37007874015748143 ) ;
#1420 = CIRCLE ( 'NONE', #5863, 0.08070866141732309373 ) ;
#1421 = VECTOR ( 'NONE', #2241, 39.37007874015748143 ) ;
#1422 = AXIS2_PLACEMENT_3D ( 'NONE', #6978, #980, #1547 ) ;
#1423 = ORIENTED_EDGE ( 'NONE', *, *, #684, .F. ) ;
#1424 = DIRECTION ( 'NONE',  ( 0.000000000000000000, -1.000000000000000000, 0.000000000000000000 ) ) ;
#1425 = EDGE_CURVE ( 'NONE', #4838, #4944, #1644, .T. ) ;
#1426 = CARTESIAN_POINT ( 'NONE',  ( -1.498039639382837018, 1.082677165354330784, -3.289108543396113138 ) ) ;
#1427 = DIRECTION ( 'NONE',  ( 0.000000000000000000, 0.000000000000000000, -1.000000000000000000 ) ) ;
#1428 = AXIS2_PLACEMENT_3D ( 'NONE', #6350, #4409, #3886 ) ;
#1429 = CARTESIAN_POINT ( 'NONE',  ( 1.082677165354331672, 1.200787401574803237, -0.5054160353309620213 ) ) ;
#1430 = ORIENTED_EDGE ( 'NONE', *, *, #2089, .T. ) ;
#1431 = CARTESIAN_POINT ( 'NONE',  ( 1.082677165354331672, 1.200787401574803237, -0.8991168227325369022 ) ) ;
#1432 = AXIS2_PLACEMENT_3D ( 'NONE', #4923, #5825, #379 ) ;
#1433 = AXIS2_PLACEMENT_3D ( 'NONE', #4880, #7452, #6744 ) ;
#1434 = CARTESIAN_POINT ( 'NONE',  ( 3.522064545828509363, 0.000000000000000000, -1.341642819380958640 ) ) ;
#1435 = EDGE_CURVE ( 'NONE', #1586, #1490, #7000, .T. ) ;
#1436 = AXIS2_PLACEMENT_3D ( 'NONE', #6818, #6855, #4373 ) ;
#1437 = CARTESIAN_POINT ( 'NONE',  ( -0.6065472590808670406, 1.082677165354330784, -1.592800693104086562 ) ) ;
#1438 = ORIENTED_EDGE ( 'NONE', *, *, #3615, .F. ) ;
#1439 = EDGE_LOOP ( 'NONE', ( #6875, #6034, #5643, #1706, #6379, #6319 ) ) ;
#1440 = DIRECTION ( 'NONE',  ( -1.000000000000000000, 0.000000000000000000, 0.000000000000000000 ) ) ;
#1441 = DIRECTION ( 'NONE',  ( 0.000000000000000000, 0.000000000000000000, -1.000000000000000000 ) ) ;
#1442 = CARTESIAN_POINT ( 'NONE',  ( 3.051181102362205966, 1.200787401574803237, -0.8991168227325369022 ) ) ;
#1443 = ADVANCED_FACE ( 'NONE', ( #7127 ), #2869, .F. ) ;
#1444 = CARTESIAN_POINT ( 'NONE',  ( 3.051181102362205966, 1.200787401574803237, -2.160927846354584680 ) ) ;
#1445 = EDGE_LOOP ( 'NONE', ( #7249, #7856, #5154, #4877 ) ) ;
#1446 = AXIS2_PLACEMENT_3D ( 'NONE', #1223, #4167, #3605 ) ;
#1447 = ORIENTED_EDGE ( 'NONE', *, *, #226, .T. ) ;
#1448 = CARTESIAN_POINT ( 'NONE',  ( 2.854330708661417582, 1.082677165354330784, -2.867620759740411085 ) ) ;
#1449 = DIRECTION ( 'NONE',  ( 0.000000000000000000, -1.000000000000000000, 0.000000000000000000 ) ) ;
#1450 = LINE ( 'NONE', #3799, #6987 ) ;
#1451 = CARTESIAN_POINT ( 'NONE',  ( 2.263779527559056426, 1.200787401574803237, -1.292817610134111783 ) ) ;
#1452 = EDGE_CURVE ( 'NONE', #1616, #6356, #6506, .T. ) ;
#1453 = AXIS2_PLACEMENT_3D ( 'NONE', #2593, #598, #6770 ) ;
#1454 = VECTOR ( 'NONE', #7089, 39.37007874015748143 ) ;
#1455 = ORIENTED_EDGE ( 'NONE', *, *, #5726, .T. ) ;
#1456 = VERTEX_POINT ( 'NONE', #7650 ) ;
#1457 = LINE ( 'NONE', #2636, #410 ) ;
#1458 = CARTESIAN_POINT ( 'NONE',  ( 1.400852806808028372, 1.200787401574803237, -0.5338737294984045034 ) ) ;
#1459 = CARTESIAN_POINT ( 'NONE',  ( -1.480212191743952355, 1.200787401574803237, -2.304910639391918092 ) ) ;
#1460 = ORIENTED_EDGE ( 'NONE', *, *, #36, .T. ) ;
#1461 = CARTESIAN_POINT ( 'NONE',  ( 0.2952755905511819101, 1.082677165354330784, -1.686518397535686553 ) ) ;
#1462 = DIRECTION ( 'NONE',  ( -0.000000000000000000, -1.000000000000000000, -0.000000000000000000 ) ) ;
#1463 = DIRECTION ( 'NONE',  ( 0.000000000000000000, 0.000000000000000000, 1.000000000000000000 ) ) ;
#1464 = ORIENTED_EDGE ( 'NONE', *, *, #6235, .T. ) ;
#1465 = CARTESIAN_POINT ( 'NONE',  ( 2.263779527559056426, 1.200787401574803237, -1.292817610134111783 ) ) ;
#1466 = PLANE ( 'NONE',  #3075 ) ;
#1467 = ORIENTED_EDGE ( 'NONE', *, *, #2720, .F. ) ;
#1468 = DIRECTION ( 'NONE',  ( 0.000000000000000000, 0.000000000000000000, -1.000000000000000000 ) ) ;
#1469 = EDGE_CURVE ( 'NONE', #1694, #6878, #5777, .T. ) ;
#1470 = LINE ( 'NONE', #3896, #472 ) ;
#1471 = ORIENTED_EDGE ( 'NONE', *, *, #1899, .T. ) ;
#1472 = CARTESIAN_POINT ( 'NONE',  ( -0.7874015748031492068, 0.000000000000000000, -5.682581389661670812 ) ) ;
#1473 = ORIENTED_EDGE ( 'NONE', *, *, #2570, .F. ) ;
#1474 = EDGE_LOOP ( 'NONE', ( #6738, #2401, #6772, #1632 ) ) ;
#1475 = CARTESIAN_POINT ( 'NONE',  ( 0.2952755905511819101, 1.200787401574803237, -0.9798254841498597045 ) ) ;
#1476 = DIRECTION ( 'NONE',  ( -0.7754638790607760734, 0.000000000000000000, -0.6313919323779914050 ) ) ;
#1477 = CARTESIAN_POINT ( 'NONE',  ( 0.2952755905511819101, 1.200787401574803237, -1.292817610134111783 ) ) ;
#1478 = DIRECTION ( 'NONE',  ( 0.000000000000000000, 0.000000000000000000, 1.000000000000000000 ) ) ;
#1479 = ORIENTED_EDGE ( 'NONE', *, *, #312, .T. ) ;
#1480 = EDGE_LOOP ( 'NONE', ( #4756, #2985 ) ) ;
#1481 = DIRECTION ( 'NONE',  ( -0.000000000000000000, -1.000000000000000000, -0.000000000000000000 ) ) ;
#1482 = FILL_AREA_STYLE ('',( #170 ) ) ;
#1483 = DIRECTION ( 'NONE',  ( 0.000000000000000000, -1.000000000000000000, 0.000000000000000000 ) ) ;
#1484 = EDGE_CURVE ( 'NONE', #6113, #4935, #1004, .T. ) ;
#1485 = DIRECTION ( 'NONE',  ( -0.000000000000000000, -1.000000000000000000, -0.000000000000000000 ) ) ;
#1486 = ADVANCED_FACE ( 'NONE', ( #7087 ), #3473, .F. ) ;
#1487 = AXIS2_PLACEMENT_3D ( 'NONE', #4964, #6239, #2497 ) ;
#1488 = DIRECTION ( 'NONE',  ( 0.000000000000000000, 0.000000000000000000, -1.000000000000000000 ) ) ;
#1489 = ORIENTED_EDGE ( 'NONE', *, *, #3378, .F. ) ;
#1490 = VERTEX_POINT ( 'NONE', #6539 ) ;
#1491 = CARTESIAN_POINT ( 'NONE',  ( 1.476377952755906664, 1.082677165354330784, -1.686518397535686553 ) ) ;
#1492 = FACE_OUTER_BOUND ( 'NONE', #6450, .T. ) ;
#1493 = DIRECTION ( 'NONE',  ( -0.9872673851728518413, 0.000000000000000000, -0.1590695136534966969 ) ) ;
#1494 = ADVANCED_FACE ( 'NONE', ( #7600 ), #4636, .F. ) ;
#1495 = CIRCLE ( 'NONE', #2633, 0.06496062992125979652 ) ;
#1496 = EDGE_CURVE ( 'NONE', #7169, #3852, #4218, .T. ) ;
#1497 = VERTEX_POINT ( 'NONE', #7719 ) ;
#1498 = LINE ( 'NONE', #262, #5418 ) ;
#1499 = ORIENTED_EDGE ( 'NONE', *, *, #6569, .F. ) ;
#1500 = LINE ( 'NONE', #4612, #2063 ) ;
#1501 = ORIENTED_EDGE ( 'NONE', *, *, #453, .T. ) ;
#1502 = DIRECTION ( 'NONE',  ( 0.000000000000000000, -1.000000000000000000, 0.000000000000000000 ) ) ;
#1503 = EDGE_LOOP ( 'NONE', ( #4311, #6704, #997, #156 ) ) ;
#1504 = DIRECTION ( 'NONE',  ( 0.000000000000000000, 0.000000000000000000, -1.000000000000000000 ) ) ;
#1505 = AXIS2_PLACEMENT_3D ( 'NONE', #5679, #3828, #239 ) ;
#1506 = LINE ( 'NONE', #2914, #4426 ) ;
#1507 = ADVANCED_FACE ( 'NONE', ( #2277 ), #7048, .F. ) ;
#1508 = CIRCLE ( 'NONE', #7348, 0.08070866141732323251 ) ;
#1509 = ORIENTED_EDGE ( 'NONE', *, *, #7479, .T. ) ;
#1510 = LINE ( 'NONE', #2066, #348 ) ;
#1511 = ORIENTED_EDGE ( 'NONE', *, *, #345, .F. ) ;
#1512 = VERTEX_POINT ( 'NONE', #4597 ) ;
#1513 = CARTESIAN_POINT ( 'NONE',  ( 1.476377952755906664, 1.200787401574803237, -2.080219184937261545 ) ) ;
#1514 = ADVANCED_FACE ( 'NONE', ( #1687 ), #7563, .F. ) ;
#1515 = CARTESIAN_POINT ( 'NONE',  ( 3.051181102362205966, 1.200787401574803237, -2.473919972338836537 ) ) ;
#1516 = ADVANCED_FACE ( 'NONE', ( #4035 ), #1055, .T. ) ;
#1517 = AXIS2_PLACEMENT_3D ( 'NONE', #7755, #2463, #3468 ) ;
#1518 = ADVANCED_FACE ( 'NONE', ( #408 ), #6458, .F. ) ;
#1519 = DIRECTION ( 'NONE',  ( -0.000000000000000000, -0.000000000000000000, -1.000000000000000000 ) ) ;
#1520 = ORIENTED_EDGE ( 'NONE', *, *, #7607, .F. ) ;
#1521 = EDGE_LOOP ( 'NONE', ( #2567, #93 ) ) ;
#1522 = ORIENTED_EDGE ( 'NONE', *, *, #5933, .F. ) ;
#1523 = CARTESIAN_POINT ( 'NONE',  ( 1.865122094822920351, 1.082677165354330784, 0.2014292256612671972 ) ) ;
#1524 = FACE_OUTER_BOUND ( 'NONE', #4151, .T. ) ;
#1525 = CARTESIAN_POINT ( 'NONE',  ( 3.051181102362205966, 1.082677165354330784, -1.292817610134111783 ) ) ;
#1526 = ADVANCED_FACE ( 'NONE', ( #4069 ), #4116, .F. ) ;
#1527 = DIRECTION ( 'NONE',  ( 0.000000000000000000, 0.000000000000000000, -1.000000000000000000 ) ) ;
#1528 = CIRCLE ( 'NONE', #1397, 0.06496062992125979652 ) ;
#1529 = ADVANCED_FACE ( 'NONE', ( #5336 ), #6651, .F. ) ;
#1530 = DIRECTION ( 'NONE',  ( 0.000000000000000000, -1.000000000000000000, 0.000000000000000000 ) ) ;
#1531 = DIRECTION ( 'NONE',  ( 0.000000000000000000, 0.000000000000000000, -1.000000000000000000 ) ) ;
#1532 = EDGE_LOOP ( 'NONE', ( #573, #2171, #6728 ) ) ;
#1533 = ORIENTED_EDGE ( 'NONE', *, *, #7860, .F. ) ;
#1534 = VECTOR ( 'NONE', #2873, 39.37007874015748143 ) ;
#1535 = CARTESIAN_POINT ( 'NONE',  ( 1.476377952755906664, 1.200787401574803237, -0.9798254841498599266 ) ) ;
#1536 = CARTESIAN_POINT ( 'NONE',  ( 2.854330708661417582, 0.5807086614173232464, -3.615652255803403214 ) ) ;
#1537 = DIRECTION ( 'NONE',  ( 0.000000000000000000, 0.000000000000000000, -1.000000000000000000 ) ) ;
#1538 = AXIS2_PLACEMENT_3D ( 'NONE', #7209, #7330, #3639 ) ;
#1539 = CIRCLE ( 'NONE', #5981, 0.08070866141732296883 ) ;
#1540 = VECTOR ( 'NONE', #5783, 39.37007874015748143 ) ;
#1541 = ORIENTED_EDGE ( 'NONE', *, *, #796, .T. ) ;
#1542 = DIRECTION ( 'NONE',  ( -0.000000000000000000, 1.000000000000000000, -0.000000000000000000 ) ) ;
#1543 = CARTESIAN_POINT ( 'NONE',  ( -0.7874015748031492068, 1.377952755905512028, -5.682581389661670812 ) ) ;
#1544 = VECTOR ( 'NONE', #3119, 39.37007874015748143 ) ;
#1545 = VERTEX_POINT ( 'NONE', #6690 ) ;
#1546 = EDGE_CURVE ( 'NONE', #7031, #6393, #6048, .T. ) ;
#1547 = DIRECTION ( 'NONE',  ( 0.000000000000000000, 0.000000000000000000, -1.000000000000000000 ) ) ;
#1548 = VERTEX_POINT ( 'NONE', #1280 ) ;
#1549 = DIRECTION ( 'NONE',  ( -0.000000000000000000, -1.000000000000000000, -0.000000000000000000 ) ) ;
#1550 = CARTESIAN_POINT ( 'NONE',  ( 1.437007874015749698, 1.377952755905512028, -3.737699499897893407 ) ) ;
#1551 = AXIS2_PLACEMENT_3D ( 'NONE', #3135, #5552, #1945 ) ;
#1552 = LINE ( 'NONE', #7174, #4930 ) ;
#1553 = AXIS2_PLACEMENT_3D ( 'NONE', #3530, #2929, #3489 ) ;
#1554 = VECTOR ( 'NONE', #7462, 39.37007874015748143 ) ;
#1555 = EDGE_CURVE ( 'NONE', #3269, #3422, #7764, .T. ) ;
#1556 = AXIS2_PLACEMENT_3D ( 'NONE', #5237, #2219, #6469 ) ;
#1557 = EDGE_CURVE ( 'NONE', #2698, #4781, #4270, .T. ) ;
#1558 = VERTEX_POINT ( 'NONE', #2991 ) ;
#1559 = VECTOR ( 'NONE', #658, 39.37007874015748143 ) ;
#1560 = CARTESIAN_POINT ( 'NONE',  ( 0.6889763779527567911, 1.200787401574803237, -0.5054160353309620213 ) ) ;
#1561 = AXIS2_PLACEMENT_3D ( 'NONE', #1461, #7498, #941 ) ;
#1562 = VERTEX_POINT ( 'NONE', #597 ) ;
#1563 = ADVANCED_FACE ( 'NONE', ( #2317 ), #4746, .T. ) ;
#1564 = ORIENTED_EDGE ( 'NONE', *, *, #7073, .T. ) ;
#1565 = DIRECTION ( 'NONE',  ( 0.000000000000000000, 1.000000000000000000, 0.000000000000000000 ) ) ;
#1566 = DIRECTION ( 'NONE',  ( 0.000000000000000000, -1.000000000000000000, 0.000000000000000000 ) ) ;
#1567 = CARTESIAN_POINT ( 'NONE',  ( 2.657480314960631418, 1.200787401574803237, -1.292817610134111783 ) ) ;
#1568 = VERTEX_POINT ( 'NONE', #7167 ) ;
#1569 = ORIENTED_EDGE ( 'NONE', *, *, #1973, .T. ) ;
#1570 = VERTEX_POINT ( 'NONE', #2392 ) ;
#1571 = CARTESIAN_POINT ( 'NONE',  ( 0.6889763779527567911, 1.200787401574803237, -2.080219184937261545 ) ) ;
#1572 = CARTESIAN_POINT ( 'NONE',  ( 0.2952755905511819101, 1.200787401574803237, -2.393211310921513402 ) ) ;
#1573 = CARTESIAN_POINT ( 'NONE',  ( 1.476377952755906664, 1.200787401574803237, -2.080219184937261545 ) ) ;
#1574 = DIRECTION ( 'NONE',  ( 0.000000000000000000, 0.000000000000000000, -1.000000000000000000 ) ) ;
#1575 = DIRECTION ( 'NONE',  ( 0.000000000000000000, 0.000000000000000000, -1.000000000000000000 ) ) ;
#1576 = ORIENTED_EDGE ( 'NONE', *, *, #2231, .F. ) ;
#1577 = ORIENTED_EDGE ( 'NONE', *, *, #4671, .F. ) ;
#1578 = CARTESIAN_POINT ( 'NONE',  ( -0.8876831230967642261, 1.200787401574803237, -2.101483349169367632 ) ) ;
#1579 = CYLINDRICAL_SURFACE ( 'NONE', #4586, 0.08070866141732309373 ) ;
#1580 = DIRECTION ( 'NONE',  ( -1.000000000000000000, 0.000000000000000000, -0.000000000000000000 ) ) ;
#1581 = VECTOR ( 'NONE', #6180, 39.37007874015748143 ) ;
#1582 = EDGE_LOOP ( 'NONE', ( #1873, #2705, #6675, #7206 ) ) ;
#1583 = PLANE ( 'NONE',  #1735 ) ;
#1584 = ORIENTED_EDGE ( 'NONE', *, *, #2318, .F. ) ;
#1585 = DIRECTION ( 'NONE',  ( 0.000000000000000000, 0.000000000000000000, -1.000000000000000000 ) ) ;
#1586 = VERTEX_POINT ( 'NONE', #3596 ) ;
#1587 = DIRECTION ( 'NONE',  ( 0.000000000000000000, 0.000000000000000000, -1.000000000000000000 ) ) ;
#1588 = CARTESIAN_POINT ( 'NONE',  ( 0.000000000000000000, 1.377952755905512028, -5.682581389661670812 ) ) ;
#1589 = DIRECTION ( 'NONE',  ( 0.000000000000000000, 0.000000000000000000, -1.000000000000000000 ) ) ;
#1590 = EDGE_CURVE ( 'NONE', #3686, #6716, #3966, .T. ) ;
#1591 = ORIENTED_EDGE ( 'NONE', *, *, #6670, .T. ) ;
#1592 = CARTESIAN_POINT ( 'NONE',  ( 1.195183497228115528E-16, 1.102362204724409933, -3.379431783362458308 ) ) ;
#1593 = ORIENTED_EDGE ( 'NONE', *, *, #3542, .T. ) ;
#1594 = DIRECTION ( 'NONE',  ( 0.000000000000000000, -0.000000000000000000, -1.000000000000000000 ) ) ;
#1595 = ORIENTED_EDGE ( 'NONE', *, *, #5840, .T. ) ;
#1596 = LINE ( 'NONE', #2229, #3560 ) ;
#1597 = FACE_BOUND ( 'NONE', #5174, .T. ) ;
#1598 = ORIENTED_EDGE ( 'NONE', *, *, #1377, .T. ) ;
#1599 = VERTEX_POINT ( 'NONE', #2907 ) ;
#1600 = VERTEX_POINT ( 'NONE', #5446 ) ;
#1601 = CARTESIAN_POINT ( 'NONE',  ( -2.932747772807172026, 15.67005943375638211, -3.499326946597358212 ) ) ;
#1602 = DIRECTION ( 'NONE',  ( -0.9849106049563591814, -0.000000000000000000, 0.1730638617519519307 ) ) ;
#1603 = DIRECTION ( 'NONE',  ( 0.000000000000000000, 0.000000000000000000, 1.000000000000000000 ) ) ;
#1604 = CARTESIAN_POINT ( 'NONE',  ( 1.801687673616512830, 1.200787401574803237, -0.4625610467629446276 ) ) ;
#1605 = EDGE_CURVE ( 'NONE', #1988, #4738, #4900, .T. ) ;
#1606 = CARTESIAN_POINT ( 'NONE',  ( 1.870078740157481434, 1.200787401574803237, -2.080219184937261545 ) ) ;
#1607 = ORIENTED_EDGE ( 'NONE', *, *, #5170, .T. ) ;
#1608 = ADVANCED_FACE ( 'NONE', ( #524 ), #2960, .T. ) ;
#1609 = EDGE_LOOP ( 'NONE', ( #7565, #7194, #4656, #5658 ) ) ;
#1610 = CARTESIAN_POINT ( 'NONE',  ( -3.605107740903009450, 1.082677165354333892, -2.935829385766367761 ) ) ;
#1611 = DIRECTION ( 'NONE',  ( 0.000000000000000000, 0.000000000000000000, -1.000000000000000000 ) ) ;
#1612 = LINE ( 'NONE', #6463, #130 ) ;
#1613 = AXIS2_PLACEMENT_3D ( 'NONE', #5491, #680, #4863 ) ;
#1614 = EDGE_CURVE ( 'NONE', #4740, #5588, #3674, .T. ) ;
#1615 = EDGE_CURVE ( 'NONE', #2356, #1988, #3840, .T. ) ;
#1616 = VERTEX_POINT ( 'NONE', #4780 ) ;
#1617 = ADVANCED_FACE ( 'NONE', ( #7204 ), #1760, .F. ) ;
#1618 = DIRECTION ( 'NONE',  ( -1.000000000000000000, 0.000000000000000000, -0.000000000000000000 ) ) ;
#1619 = ORIENTED_EDGE ( 'NONE', *, *, #701, .F. ) ;
#1620 = DIRECTION ( 'NONE',  ( 0.000000000000000000, -1.000000000000000000, 0.000000000000000000 ) ) ;
#1621 = DIRECTION ( 'NONE',  ( 0.000000000000000000, -1.000000000000000000, 0.000000000000000000 ) ) ;
#1622 = LINE ( 'NONE', #1022, #5227 ) ;
#1623 = CARTESIAN_POINT ( 'NONE',  ( 0.6889763779527567911, 1.200787401574803237, -1.686518397535686553 ) ) ;
#1624 = EDGE_CURVE ( 'NONE', #2698, #1913, #2053, .T. ) ;
#1625 = AXIS2_PLACEMENT_3D ( 'NONE', #1451, #1485, #3800 ) ;
#1626 = ORIENTED_EDGE ( 'NONE', *, *, #1301, .F. ) ;
#1627 = FACE_OUTER_BOUND ( 'NONE', #4997, .T. ) ;
#1628 = VECTOR ( 'NONE', #4141, 39.37007874015748143 ) ;
#1629 = ORIENTED_EDGE ( 'NONE', *, *, #716, .F. ) ;
#1630 = CYLINDRICAL_SURFACE ( 'NONE', #1926, 0.08070866141732309373 ) ;
#1631 = EDGE_CURVE ( 'NONE', #288, #5201, #6087, .T. ) ;
#1632 = ORIENTED_EDGE ( 'NONE', *, *, #2851, .F. ) ;
#1633 = ADVANCED_FACE ( 'NONE', ( #637 ), #7245, .F. ) ;
#1634 = CARTESIAN_POINT ( 'NONE',  ( 1.870078740157481434, 1.200787401574803237, -1.767227058953009022 ) ) ;
#1635 = FACE_BOUND ( 'NONE', #5875, .T. ) ;
#1636 = VERTEX_POINT ( 'NONE', #5057 ) ;
#1637 = ORIENTED_EDGE ( 'NONE', *, *, #3439, .T. ) ;
#1638 = ORIENTED_EDGE ( 'NONE', *, *, #5489, .T. ) ;
#1639 = EDGE_CURVE ( 'NONE', #1305, #5236, #5614, .T. ) ;
#1640 = FACE_OUTER_BOUND ( 'NONE', #4775, .T. ) ;
#1641 = LINE ( 'NONE', #1572, #5465 ) ;
#1642 = DIRECTION ( 'NONE',  ( -0.9345333927142741581, 0.000000000000000000, 0.3558754527948617685 ) ) ;
#1643 = DIRECTION ( 'NONE',  ( 0.000000000000000000, 1.000000000000000000, 0.000000000000000000 ) ) ;
#1644 = LINE ( 'NONE', #5937, #6112 ) ;
#1645 = ORIENTED_EDGE ( 'NONE', *, *, #7736, .F. ) ;
#1646 = CARTESIAN_POINT ( 'NONE',  ( 4.344917934081746758, 0.000000000000000000, -1.654989912605622671 ) ) ;
#1647 = CARTESIAN_POINT ( 'NONE',  ( 3.464566929133858775, 0.3937007874015748254, -3.379431783362458308 ) ) ;
#1648 = ADVANCED_FACE ( 'NONE', ( #2511 ), #802, .T. ) ;
#1649 = DIRECTION ( 'NONE',  ( 0.000000000000000000, -1.000000000000000000, 0.000000000000000000 ) ) ;
#1650 = AXIS2_PLACEMENT_3D ( 'NONE', #3470, #6966, #3388 ) ;
#1651 = DIRECTION ( 'NONE',  ( 0.000000000000000000, 0.000000000000000000, -1.000000000000000000 ) ) ;
#1652 = CIRCLE ( 'NONE', #6702, 0.08070866141732309373 ) ;
#1653 = ORIENTED_EDGE ( 'NONE', *, *, #4199, .F. ) ;
#1654 = CARTESIAN_POINT ( 'NONE',  ( 3.051181102362205966, 1.200787401574803237, -1.212108948716788648 ) ) ;
#1655 = DIRECTION ( 'NONE',  ( -0.000000000000000000, -1.000000000000000000, -0.000000000000000000 ) ) ;
#1656 = EDGE_CURVE ( 'NONE', #514, #3188, #2566, .T. ) ;
#1657 = VERTEX_POINT ( 'NONE', #2624 ) ;
#1658 = DIRECTION ( 'NONE',  ( 0.1730638617519519584, 0.000000000000000000, 0.9849106049563591814 ) ) ;
#1659 = VERTEX_POINT ( 'NONE', #7365 ) ;
#1660 = DIRECTION ( 'NONE',  ( -0.000000000000000000, -1.000000000000000000, -0.000000000000000000 ) ) ;
#1661 = EDGE_CURVE ( 'NONE', #1352, #6945, #4940, .T. ) ;
#1662 = CARTESIAN_POINT ( 'NONE',  ( 1.476377952755906664, 1.200787401574803237, -2.160927846354584680 ) ) ;
#1663 = CIRCLE ( 'NONE', #4198, 0.08070866141732283006 ) ;
#1664 = CIRCLE ( 'NONE', #2294, 0.08070866141732309373 ) ;
#1665 = ORIENTED_EDGE ( 'NONE', *, *, #7055, .T. ) ;
#1666 = LINE ( 'NONE', #6559, #101 ) ;
#1667 = ORIENTED_EDGE ( 'NONE', *, *, #1386, .F. ) ;
#1668 = CARTESIAN_POINT ( 'NONE',  ( -3.605107740903008118, 0.1968503937007874127, -2.935829385766368205 ) ) ;
#1669 = ORIENTED_EDGE ( 'NONE', *, *, #7217, .T. ) ;
#1670 = VECTOR ( 'NONE', #268, 39.37007874015748143 ) ;
#1671 = VECTOR ( 'NONE', #1720, 39.37007874015748143 ) ;
#1672 = DIRECTION ( 'NONE',  ( 1.000000000000000000, -1.084202172485504311E-16, -0.000000000000000000 ) ) ;
#1673 = DIRECTION ( 'NONE',  ( 0.000000000000000000, 0.000000000000000000, -1.000000000000000000 ) ) ;
#1674 = ADVANCED_FACE ( 'NONE', ( #6843 ), #3267, .T. ) ;
#1675 = CIRCLE ( 'NONE', #5731, 0.08070866141732309373 ) ;
#1676 = VECTOR ( 'NONE', #325, 39.37007874015748143 ) ;
#1677 = FACE_BOUND ( 'NONE', #4613, .T. ) ;
#1678 = ORIENTED_EDGE ( 'NONE', *, *, #2165, .F. ) ;
#1679 = ORIENTED_EDGE ( 'NONE', *, *, #2426, .T. ) ;
#1680 = ORIENTED_EDGE ( 'NONE', *, *, #523, .T. ) ;
#1681 = DIRECTION ( 'NONE',  ( -0.000000000000000000, -1.000000000000000000, -0.000000000000000000 ) ) ;
#1682 = CARTESIAN_POINT ( 'NONE',  ( 1.476377952755906664, 1.200787401574803237, -1.292817610134111783 ) ) ;
#1683 = CARTESIAN_POINT ( 'NONE',  ( 0.000000000000000000, 1.377952755905512028, -5.682581389661670812 ) ) ;
#1684 = CIRCLE ( 'NONE', #5997, 0.08070866141732283006 ) ;
#1685 = DIRECTION ( 'NONE',  ( 0.000000000000000000, 0.000000000000000000, -1.000000000000000000 ) ) ;
#1686 = EDGE_CURVE ( 'NONE', #1118, #4814, #4473, .T. ) ;
#1687 = FACE_OUTER_BOUND ( 'NONE', #4893, .T. ) ;
#1688 = ORIENTED_EDGE ( 'NONE', *, *, #5750, .F. ) ;
#1689 = EDGE_LOOP ( 'NONE', ( #1201, #7205, #4281, #7292 ) ) ;
#1690 = LINE ( 'NONE', #3556, #4754 ) ;
#1691 = FACE_OUTER_BOUND ( 'NONE', #746, .T. ) ;
#1692 = CARTESIAN_POINT ( 'NONE',  ( 0.000000000000000000, 1.082677165354331672, -3.084156192811276842 ) ) ;
#1693 = CARTESIAN_POINT ( 'NONE',  ( 2.263779527559056426, 1.082677165354330784, -1.292817610134111783 ) ) ;
#1694 = VERTEX_POINT ( 'NONE', #5097 ) ;
#1695 = DIRECTION ( 'NONE',  ( -1.000000000000000000, 0.000000000000000000, 0.000000000000000000 ) ) ;
#1696 = LINE ( 'NONE', #3484, #1113 ) ;
#1697 = ORIENTED_EDGE ( 'NONE', *, *, #7297, .F. ) ;
#1698 = CARTESIAN_POINT ( 'NONE',  ( -3.605107740903009450, 15.67005943375638211, -2.935829385766367761 ) ) ;
#1699 = CARTESIAN_POINT ( 'NONE',  ( -1.281383910498342216, 1.082677165354330784, -2.702684454511443235 ) ) ;
#1700 = VECTOR ( 'NONE', #4685, 39.37007874015748143 ) ;
#1701 = ADVANCED_FACE ( 'NONE', ( #201 ), #682, .F. ) ;
#1702 = LINE ( 'NONE', #7782, #1800 ) ;
#1703 = AXIS2_PLACEMENT_3D ( 'NONE', #886, #1959, #638 ) ;
#1704 = EDGE_LOOP ( 'NONE', ( #6470, #7069, #7406, #5459 ) ) ;
#1705 = CARTESIAN_POINT ( 'NONE',  ( 1.870078740157481434, 1.200787401574803237, -0.5054160353309620213 ) ) ;
#1706 = ORIENTED_EDGE ( 'NONE', *, *, #2430, .F. ) ;
#1707 = LINE ( 'NONE', #6561, #520 ) ;
#1708 = ADVANCED_FACE ( 'NONE', ( #4358 ), #6769, .F. ) ;
#1709 = VERTEX_POINT ( 'NONE', #5682 ) ;
#1710 = CARTESIAN_POINT ( 'NONE',  ( -0.8876831230967642261, 1.200787401574803237, -2.020774687752044052 ) ) ;
#1711 = FACE_BOUND ( 'NONE', #6534, .T. ) ;
#1712 = ORIENTED_EDGE ( 'NONE', *, *, #6722, .T. ) ;
#1713 = ORIENTED_EDGE ( 'NONE', *, *, #484, .F. ) ;
#1714 = ORIENTED_EDGE ( 'NONE', *, *, #3153, .T. ) ;
#1715 = CARTESIAN_POINT ( 'NONE',  ( 0.2952755905511819101, 1.082677165354330784, -0.8991168227325369022 ) ) ;
#1716 = LINE ( 'NONE', #5974, #4467 ) ;
#1717 = LINE ( 'NONE', #5975, #2653 ) ;
#1718 = FACE_OUTER_BOUND ( 'NONE', #7341, .T. ) ;
#1719 = FACE_OUTER_BOUND ( 'NONE', #3236, .T. ) ;
#1720 = DIRECTION ( 'NONE',  ( -0.000000000000000000, -1.000000000000000000, -0.000000000000000000 ) ) ;
#1721 = ORIENTED_EDGE ( 'NONE', *, *, #5512, .F. ) ;
#1722 = LINE ( 'NONE', #2837, #1795 ) ;
#1723 = DIRECTION ( 'NONE',  ( 0.000000000000000000, 1.000000000000000000, 0.000000000000000000 ) ) ;
#1724 = ADVANCED_FACE ( 'NONE', ( #1321 ), #4432, .F. ) ;
#1725 = CARTESIAN_POINT ( 'NONE',  ( 0.2952755905511819101, 1.200787401574803237, -2.160927846354584680 ) ) ;
#1726 = ADVANCED_FACE ( 'NONE', ( #3115 ), #6212, .F. ) ;
#1727 = CARTESIAN_POINT ( 'NONE',  ( 3.455905511811023789, 1.377952755905512028, -4.885337295173484584 ) ) ;
#1728 = DIRECTION ( 'NONE',  ( -0.000000000000000000, -1.000000000000000000, -0.000000000000000000 ) ) ;
#1729 = ORIENTED_EDGE ( 'NONE', *, *, #1330, .F. ) ;
#1730 = CARTESIAN_POINT ( 'NONE',  ( -1.281383910498342216, 1.200787401574803237, -2.864101777346088618 ) ) ;
#1731 = DIRECTION ( 'NONE',  ( 0.000000000000000000, 0.000000000000000000, -1.000000000000000000 ) ) ;
#1732 = ORIENTED_EDGE ( 'NONE', *, *, #2151, .T. ) ;
#1733 = CARTESIAN_POINT ( 'NONE',  ( -0.7594760280555630239, 1.200787401574803237, -1.718078665119855852 ) ) ;
#1734 = CARTESIAN_POINT ( 'NONE',  ( 0.6889763779527567911, 1.082677165354330784, -2.080219184937261545 ) ) ;
#1735 = AXIS2_PLACEMENT_3D ( 'NONE', #376, #3403, #1618 ) ;
#1736 = DIRECTION ( 'NONE',  ( 0.000000000000000000, 0.000000000000000000, 1.000000000000000000 ) ) ;
#1737 = ADVANCED_FACE ( 'NONE', ( #5531 ), #6261, .T. ) ;
#1738 = EDGE_CURVE ( 'NONE', #3686, #2950, #4513, .T. ) ;
#1739 = CIRCLE ( 'NONE', #4028, 0.08070866141732309373 ) ;
#1740 = EDGE_LOOP ( 'NONE', ( #740, #4623, #3783, #2898 ) ) ;
#1741 = ORIENTED_EDGE ( 'NONE', *, *, #6176, .T. ) ;
#1742 = CARTESIAN_POINT ( 'NONE',  ( 3.051181102362205966, 1.082677165354330784, -2.473919972338836537 ) ) ;
#1743 = ORIENTED_EDGE ( 'NONE', *, *, #710, .F. ) ;
#1744 = AXIS2_PLACEMENT_3D ( 'NONE', #4128, #1655, #7807 ) ;
#1745 = CARTESIAN_POINT ( 'NONE',  ( 2.657480314960631418, 1.082677165354330784, -0.1924239093467102202 ) ) ;
#1746 = AXIS2_PLACEMENT_3D ( 'NONE', #6844, #803, #2703 ) ;
#1747 = VECTOR ( 'NONE', #287, 39.37007874015748143 ) ;
#1748 = FACE_BOUND ( 'NONE', #3616, .T. ) ;
#1749 = ORIENTED_EDGE ( 'NONE', *, *, #1738, .F. ) ;
#1750 = VERTEX_POINT ( 'NONE', #81 ) ;
#1751 = ORIENTED_EDGE ( 'NONE', *, *, #1614, .F. ) ;
#1752 = EDGE_CURVE ( 'NONE', #922, #466, #5566, .T. ) ;
#1753 = DIRECTION ( 'NONE',  ( 0.3558754527948658208, 0.000000000000000000, 0.9345333927142728259 ) ) ;
#1754 = EDGE_CURVE ( 'NONE', #1210, #1780, #7009, .T. ) ;
#1755 = CARTESIAN_POINT ( 'NONE',  ( -0.1181102362204720091, 0.6791338582677166613, -5.347935720370331936 ) ) ;
#1756 = VECTOR ( 'NONE', #874, 39.37007874015748854 ) ;
#1757 = DIRECTION ( 'NONE',  ( 0.000000000000000000, -1.000000000000000000, 0.000000000000000000 ) ) ;
#1758 = DIRECTION ( 'NONE',  ( 0.000000000000000000, -0.000000000000000000, -1.000000000000000000 ) ) ;
#1759 = EDGE_CURVE ( 'NONE', #6954, #3032, #1958, .T. ) ;
#1760 = CYLINDRICAL_SURFACE ( 'NONE', #6626, 0.08070866141732241372 ) ;
#1761 = ORIENTED_EDGE ( 'NONE', *, *, #1605, .F. ) ;
#1762 = EDGE_LOOP ( 'NONE', ( #6771, #1669 ) ) ;
#1763 = DIRECTION ( 'NONE',  ( 0.000000000000000000, 0.000000000000000000, -1.000000000000000000 ) ) ;
#1764 = LINE ( 'NONE', #7294, #2544 ) ;
#1765 = LINE ( 'NONE', #2397, #3185 ) ;
#1766 = PLANE ( 'NONE',  #6328 ) ;
#1767 = PLANE ( 'NONE',  #2293 ) ;
#1768 = CARTESIAN_POINT ( 'NONE',  ( 1.870078740157481434, 1.082677165354330784, -0.5054160353309620213 ) ) ;
#1769 = ORIENTED_EDGE ( 'NONE', *, *, #1452, .T. ) ;
#1770 = DIRECTION ( 'NONE',  ( 0.000000000000000000, 0.000000000000000000, -1.000000000000000000 ) ) ;
#1771 = CARTESIAN_POINT ( 'NONE',  ( 2.657480314960631418, 1.200787401574803237, -0.8991168227325369022 ) ) ;
#1772 = ORIENTED_EDGE ( 'NONE', *, *, #4817, .F. ) ;
#1773 = VECTOR ( 'NONE', #6257, 39.37007874015748143 ) ;
#1774 = LINE ( 'NONE', #3610, #3076 ) ;
#1775 = VERTEX_POINT ( 'NONE', #5765 ) ;
#1776 = DIRECTION ( 'NONE',  ( 0.000000000000000000, 0.000000000000000000, 1.000000000000000000 ) ) ;
#1777 = CARTESIAN_POINT ( 'NONE',  ( 2.657480314960631418, 1.200787401574803237, -0.8991168227325369022 ) ) ;
#1778 = AXIS2_PLACEMENT_3D ( 'NONE', #352, #3342, #3462 ) ;
#1779 = CIRCLE ( 'NONE', #6858, 0.08070866141732323251 ) ;
#1780 = VERTEX_POINT ( 'NONE', #5803 ) ;
#1781 = ORIENTED_EDGE ( 'NONE', *, *, #3873, .F. ) ;
#1782 = CARTESIAN_POINT ( 'NONE',  ( 2.854330708661417582, 1.181102362204724532, -3.615652255803403214 ) ) ;
#1783 = EDGE_LOOP ( 'NONE', ( #560, #5824, #2233, #265 ) ) ;
#1784 = VECTOR ( 'NONE', #7803, 39.37007874015748143 ) ;
#1785 = VECTOR ( 'NONE', #7213, 39.37007874015748143 ) ;
#1786 = DIRECTION ( 'NONE',  ( -0.000000000000000000, -1.000000000000000000, 0.000000000000000000 ) ) ;
#1787 = EDGE_CURVE ( 'NONE', #7195, #3446, #3714, .T. ) ;
#1788 = VECTOR ( 'NONE', #5702, 39.37007874015748143 ) ;
#1789 = ADVANCED_FACE ( 'NONE', ( #7611 ), #3328, .F. ) ;
#1790 = DIRECTION ( 'NONE',  ( 0.000000000000000000, -1.000000000000000000, 0.000000000000000000 ) ) ;
#1791 = VERTEX_POINT ( 'NONE', #4494 ) ;
#1792 = ORIENTED_EDGE ( 'NONE', *, *, #5763, .T. ) ;
#1793 = ORIENTED_EDGE ( 'NONE', *, *, #5613, .F. ) ;
#1794 = CARTESIAN_POINT ( 'NONE',  ( 0.2952755905511819101, 1.200787401574803237, -0.8991168227325369022 ) ) ;
#1795 = VECTOR ( 'NONE', #1058, 39.37007874015748143 ) ;
#1796 = DIRECTION ( 'NONE',  ( 0.000000000000000000, -1.000000000000000000, 0.000000000000000000 ) ) ;
#1797 = DIRECTION ( 'NONE',  ( 0.000000000000000000, 0.000000000000000000, -1.000000000000000000 ) ) ;
#1798 = CIRCLE ( 'NONE', #4985, 0.08070866141732269128 ) ;
#1799 = CARTESIAN_POINT ( 'NONE',  ( -2.766396192751782834, 1.377952755905512028, -3.352136981866516319 ) ) ;
#1800 = VECTOR ( 'NONE', #2291, 39.37007874015748143 ) ;
#1801 = AXIS2_PLACEMENT_3D ( 'NONE', #3432, #7682, #5143 ) ;
#1802 = AXIS2_PLACEMENT_3D ( 'NONE', #2174, #301, #7574 ) ;
#1803 = DIRECTION ( 'NONE',  ( 0.000000000000000000, 0.000000000000000000, -1.000000000000000000 ) ) ;
#1804 = DIRECTION ( 'NONE',  ( 0.000000000000000000, 0.000000000000000000, -1.000000000000000000 ) ) ;
#1805 = ORIENTED_EDGE ( 'NONE', *, *, #2076, .F. ) ;
#1806 = AXIS2_PLACEMENT_3D ( 'NONE', #3767, #4374, #1338 ) ;
#1807 = ORIENTED_EDGE ( 'NONE', *, *, #2772, .T. ) ;
#1808 = PLANE ( 'NONE',  #1074 ) ;
#1809 = VECTOR ( 'NONE', #1979, 39.37007874015748143 ) ;
#1810 = DIRECTION ( 'NONE',  ( -0.000000000000000000, -1.000000000000000000, -0.000000000000000000 ) ) ;
#1811 = PLANE ( 'NONE',  #3563 ) ;
#1812 = CYLINDRICAL_SURFACE ( 'NONE', #5423, 0.08070866141732309373 ) ;
#1813 = VECTOR ( 'NONE', #2525, 39.37007874015748143 ) ;
#1814 = DIRECTION ( 'NONE',  ( -0.000000000000000000, -0.000000000000000000, -1.000000000000000000 ) ) ;
#1815 = ORIENTED_EDGE ( 'NONE', *, *, #551, .F. ) ;
#1816 = CARTESIAN_POINT ( 'NONE',  ( 3.051181102362205966, 1.200787401574803237, -2.080219184937261545 ) ) ;
#1817 = CARTESIAN_POINT ( 'NONE',  ( 0.8267716535433065062, 1.181102362204724532, -3.757384539267974333 ) ) ;
#1818 = ORIENTED_EDGE ( 'NONE', *, *, #5888, .F. ) ;
#1819 = DIRECTION ( 'NONE',  ( 0.000000000000000000, 0.000000000000000000, -1.000000000000000000 ) ) ;
#1820 = ORIENTED_EDGE ( 'NONE', *, *, #7724, .F. ) ;
#1821 = FACE_OUTER_BOUND ( 'NONE', #3454, .T. ) ;
#1822 = CARTESIAN_POINT ( 'NONE',  ( 2.263779527559056426, 1.082677165354330784, -1.212108948716788648 ) ) ;
#1823 = EDGE_LOOP ( 'NONE', ( #1263, #6367, #2543, #969 ) ) ;
#1824 = VECTOR ( 'NONE', #4403, 39.37007874015748143 ) ;
#1825 = DIRECTION ( 'NONE',  ( 0.000000000000000000, 0.000000000000000000, -1.000000000000000000 ) ) ;
#1826 = ORIENTED_EDGE ( 'NONE', *, *, #775, .F. ) ;
#1827 = DIRECTION ( 'NONE',  ( 0.000000000000000000, 0.000000000000000000, -1.000000000000000000 ) ) ;
#1828 = EDGE_LOOP ( 'NONE', ( #2090, #7247, #4540, #150 ) ) ;
#1829 = EDGE_CURVE ( 'NONE', #1866, #4698, #5076, .T. ) ;
#1830 = DIRECTION ( 'NONE',  ( 0.000000000000000000, -0.000000000000000000, -1.000000000000000000 ) ) ;
#1831 = AXIS2_PLACEMENT_3D ( 'NONE', #2739, #7001, #5098 ) ;
#1832 = CARTESIAN_POINT ( 'NONE',  ( 2.263779527559056426, 1.200787401574803237, -0.9798254841498599266 ) ) ;
#1833 = FACE_OUTER_BOUND ( 'NONE', #5405, .T. ) ;
#1834 = VERTEX_POINT ( 'NONE', #4529 ) ;
#1835 = VERTEX_POINT ( 'NONE', #5748 ) ;
#1836 = EDGE_LOOP ( 'NONE', ( #3932, #561 ) ) ;
#1837 = DIRECTION ( 'NONE',  ( 0.000000000000000000, 0.000000000000000000, -1.000000000000000000 ) ) ;
#1838 = CARTESIAN_POINT ( 'NONE',  ( -0.7631795354326356140, 1.082677165354330784, -0.6218975705221058137 ) ) ;
#1839 = EDGE_CURVE ( 'NONE', #5509, #29, #297, .T. ) ;
#1840 = DIRECTION ( 'NONE',  ( 0.000000000000000000, -1.000000000000000000, 0.000000000000000000 ) ) ;
#1841 = CARTESIAN_POINT ( 'NONE',  ( 1.870078740157481434, 1.200787401574803237, -1.292817610134111783 ) ) ;
#1842 = DIRECTION ( 'NONE',  ( -0.000000000000000000, -1.000000000000000000, -0.000000000000000000 ) ) ;
#1843 = ORIENTED_EDGE ( 'NONE', *, *, #1425, .T. ) ;
#1844 = ORIENTED_EDGE ( 'NONE', *, *, #3172, .T. ) ;
#1845 = DIRECTION ( 'NONE',  ( -0.000000000000000000, -1.000000000000000000, -0.000000000000000000 ) ) ;
#1846 = CARTESIAN_POINT ( 'NONE',  ( 2.263779527559056426, 1.200787401574803237, -1.212108948716788648 ) ) ;
#1847 = CARTESIAN_POINT ( 'NONE',  ( 1.870078740157481434, 1.200787401574803237, -1.686518397535686553 ) ) ;
#1848 = LINE ( 'NONE', #55, #3397 ) ;
#1849 = ADVANCED_FACE ( 'NONE', ( #2684 ), #4566, .F. ) ;
#1850 = CARTESIAN_POINT ( 'NONE',  ( -1.302005819218903904, 1.200787401574803237, -1.327966250676777316 ) ) ;
#1851 = ORIENTED_EDGE ( 'NONE', *, *, #6544, .T. ) ;
#1852 = ORIENTED_EDGE ( 'NONE', *, *, #2306, .F. ) ;
#1853 = DIRECTION ( 'NONE',  ( 0.000000000000000000, 0.000000000000000000, -1.000000000000000000 ) ) ;
#1854 = ORIENTED_EDGE ( 'NONE', *, *, #3613, .F. ) ;
#1855 = CARTESIAN_POINT ( 'NONE',  ( 2.657480314960631418, 1.200787401574803237, -0.1117152479293870848 ) ) ;
#1856 = CARTESIAN_POINT ( 'NONE',  ( 0.000000000000000000, 1.338582677165354395, 0.000000000000000000 ) ) ;
#1857 = ADVANCED_FACE ( 'NONE', ( #3927 ), #857, .T. ) ;
#1858 = CARTESIAN_POINT ( 'NONE',  ( 3.051181102362205966, 1.082677165354330784, -0.4247073739136388859 ) ) ;
#1859 = CIRCLE ( 'NONE', #4272, 0.08070866141732309373 ) ;
#1860 = EDGE_CURVE ( 'NONE', #6078, #7850, #528, .T. ) ;
#1861 = EDGE_CURVE ( 'NONE', #2327, #6742, #5151, .T. ) ;
#1862 = ORIENTED_EDGE ( 'NONE', *, *, #6896, .F. ) ;
#1863 = ORIENTED_EDGE ( 'NONE', *, *, #282, .T. ) ;
#1864 = CARTESIAN_POINT ( 'NONE',  ( 4.625844143522536811, 1.377952755905512028, -1.761968157327638895 ) ) ;
#1865 = DIRECTION ( 'NONE',  ( 0.000000000000000000, -0.000000000000000000, -1.000000000000000000 ) ) ;
#1866 = VERTEX_POINT ( 'NONE', #3365 ) ;
#1867 = EDGE_CURVE ( 'NONE', #1935, #6693, #2186, .T. ) ;
#1868 = CARTESIAN_POINT ( 'NONE',  ( 1.870078740157481434, 1.082677165354330784, -1.686518397535686553 ) ) ;
#1869 = VECTOR ( 'NONE', #6456, 39.37007874015748143 ) ;
#1870 = DIRECTION ( 'NONE',  ( 0.9849106049563591814, 0.000000000000000000, -0.1730638617519519307 ) ) ;
#1871 = EDGE_CURVE ( 'NONE', #5380, #2368, #7648, .T. ) ;
#1872 = DIRECTION ( 'NONE',  ( -0.000000000000000000, -1.000000000000000000, -0.000000000000000000 ) ) ;
#1873 = ORIENTED_EDGE ( 'NONE', *, *, #6807, .T. ) ;
#1874 = ORIENTED_EDGE ( 'NONE', *, *, #4824, .F. ) ;
#1875 = VECTOR ( 'NONE', #7691, 39.37007874015748143 ) ;
#1876 = ORIENTED_EDGE ( 'NONE', *, *, #7820, .F. ) ;
#1877 = CARTESIAN_POINT ( 'NONE',  ( 3.455905511811023789, 0.8464566929133860995, -4.294786114071121652 ) ) ;
#1878 = DIRECTION ( 'NONE',  ( 0.000000000000000000, -1.000000000000000000, 0.000000000000000000 ) ) ;
#1879 = DIRECTION ( 'NONE',  ( 0.000000000000000000, 0.000000000000000000, -1.000000000000000000 ) ) ;
#1880 = VECTOR ( 'NONE', #6913, 39.37007874015748143 ) ;
#1881 = VECTOR ( 'NONE', #3162, 39.37007874015748143 ) ;
#1882 = CARTESIAN_POINT ( 'NONE',  ( 2.661275060091159883, 1.200787401574803237, -0.1017501997265170682 ) ) ;
#1883 = EDGE_CURVE ( 'NONE', #2472, #6794, #2801, .T. ) ;
#1884 = VERTEX_POINT ( 'NONE', #1654 ) ;
#1885 = ORIENTED_EDGE ( 'NONE', *, *, #1950, .F. ) ;
#1886 = CIRCLE ( 'NONE', #4805, 0.07874015748031502893 ) ;
#1887 = LINE ( 'NONE', #6091, #4653 ) ;
#1888 = DIRECTION ( 'NONE',  ( -0.000000000000000000, -1.000000000000000000, -0.000000000000000000 ) ) ;
#1889 = CARTESIAN_POINT ( 'NONE',  ( 3.051181102362205966, 1.082677165354330784, -0.8991168227325369022 ) ) ;
#1890 = DIRECTION ( 'NONE',  ( -0.000000000000000000, -1.000000000000000000, -0.000000000000000000 ) ) ;
#1891 = DIRECTION ( 'NONE',  ( 0.000000000000000000, 0.000000000000000000, -1.000000000000000000 ) ) ;
#1892 = CARTESIAN_POINT ( 'NONE',  ( -3.122413029667137074, 0.1968503937007874127, -3.725633739945667600 ) ) ;
#1893 = ORIENTED_EDGE ( 'NONE', *, *, #5708, .F. ) ;
#1894 = ORIENTED_EDGE ( 'NONE', *, *, #4736, .F. ) ;
#1895 = ORIENTED_EDGE ( 'NONE', *, *, #4554, .T. ) ;
#1896 = FACE_OUTER_BOUND ( 'NONE', #6941, .T. ) ;
#1897 = CYLINDRICAL_SURFACE ( 'NONE', #7510, 0.08070866141732296883 ) ;
#1898 = CARTESIAN_POINT ( 'NONE',  ( -1.425488400177252757, 1.200787401574803237, -2.245587838848277951 ) ) ;
#1899 = EDGE_CURVE ( 'NONE', #6256, #1381, #5873, .T. ) ;
#1900 = ORIENTED_EDGE ( 'NONE', *, *, #3519, .F. ) ;
#1901 = EDGE_CURVE ( 'NONE', #7393, #6742, #5425, .T. ) ;
#1902 = DIRECTION ( 'NONE',  ( 0.000000000000000000, 0.000000000000000000, -1.000000000000000000 ) ) ;
#1903 = ORIENTED_EDGE ( 'NONE', *, *, #3737, .F. ) ;
#1904 = CARTESIAN_POINT ( 'NONE',  ( 4.093791553379385384, 0.000000000000000000, -3.084156192811276842 ) ) ;
#1905 = CARTESIAN_POINT ( 'NONE',  ( -0.6800292354467659672, 0.000000000000000000, -5.387305799110489346 ) ) ;
#1906 = ORIENTED_EDGE ( 'NONE', *, *, #3690, .T. ) ;
#1907 = DIRECTION ( 'NONE',  ( 0.000000000000000000, -1.000000000000000000, 0.000000000000000000 ) ) ;
#1908 = AXIS2_PLACEMENT_3D ( 'NONE', #1038, #7704, #2266 ) ;
#1909 = DIRECTION ( 'NONE',  ( 0.000000000000000000, 0.000000000000000000, -1.000000000000000000 ) ) ;
#1910 = CIRCLE ( 'NONE', #4830, 0.08070866141732269128 ) ;
#1911 = EDGE_LOOP ( 'NONE', ( #6154, #871, #1075, #771, #6598, #3598, #3501 ) ) ;
#1912 = EDGE_LOOP ( 'NONE', ( #4019, #75 ) ) ;
#1913 = VERTEX_POINT ( 'NONE', #4721 ) ;
#1914 = AXIS2_PLACEMENT_3D ( 'NONE', #7478, #4519, #1963 ) ;
#1915 = DIRECTION ( 'NONE',  ( 0.000000000000000000, 0.000000000000000000, -1.000000000000000000 ) ) ;
#1916 = DIRECTION ( 'NONE',  ( 1.000000000000000000, 0.000000000000000000, 0.000000000000000000 ) ) ;
#1917 = VECTOR ( 'NONE', #4819, 39.37007874015748854 ) ;
#1918 = VECTOR ( 'NONE', #5571, 39.37007874015748143 ) ;
#1919 = CARTESIAN_POINT ( 'NONE',  ( 3.051181102362205966, 1.200787401574803237, -0.4247073739136388859 ) ) ;
#1920 = FACE_OUTER_BOUND ( 'NONE', #3284, .T. ) ;
#1921 = EDGE_LOOP ( 'NONE', ( #2522, #7523, #5088, #5364 ) ) ;
#1922 = AXIS2_PLACEMENT_3D ( 'NONE', #2209, #3360, #7052 ) ;
#1923 = ORIENTED_EDGE ( 'NONE', *, *, #2866, .T. ) ;
#1924 = CARTESIAN_POINT ( 'NONE',  ( -1.525726323044705790, 1.377952755905512028, -1.242772253095522306 ) ) ;
#1925 = CYLINDRICAL_SURFACE ( 'NONE', #1914, 0.08070866141732323251 ) ;
#1926 = AXIS2_PLACEMENT_3D ( 'NONE', #991, #467, #2855 ) ;
#1927 = LINE ( 'NONE', #6140, #634 ) ;
#1928 = CIRCLE ( 'NONE', #6253, 0.08070866141732296883 ) ;
#1929 = VECTOR ( 'NONE', #1981, 39.37007874015748143 ) ;
#1930 = DIRECTION ( 'NONE',  ( 0.000000000000000000, 0.000000000000000000, -1.000000000000000000 ) ) ;
#1931 = CIRCLE ( 'NONE', #5870, 0.08070866141732323251 ) ;
#1932 = CARTESIAN_POINT ( 'NONE',  ( -0.8876831230967642261, 1.082677165354330784, -2.020774687752044052 ) ) ;
#1933 = AXIS2_PLACEMENT_3D ( 'NONE', #5698, #7059, #4644 ) ;
#1934 = ORIENTED_EDGE ( 'NONE', *, *, #6546, .T. ) ;
#1935 = VERTEX_POINT ( 'NONE', #2970 ) ;
#1936 = ORIENTED_EDGE ( 'NONE', *, *, #372, .F. ) ;
#1937 = CARTESIAN_POINT ( 'NONE',  ( 2.263779527559056426, 1.200787401574803237, -1.292817610134111783 ) ) ;
#1938 = CARTESIAN_POINT ( 'NONE',  ( 0.3335965836183617528, 1.200787401574803237, -0.8280859173594443678 ) ) ;
#1939 = DIRECTION ( 'NONE',  ( 0.000000000000000000, -1.000000000000000000, 0.000000000000000000 ) ) ;
#1940 = ORIENTED_EDGE ( 'NONE', *, *, #3138, .F. ) ;
#1941 = EDGE_CURVE ( 'NONE', #5816, #409, #810, .T. ) ;
#1942 = DIRECTION ( 'NONE',  ( 0.000000000000000000, 0.000000000000000000, -1.000000000000000000 ) ) ;
#1943 = DIRECTION ( 'NONE',  ( 0.000000000000000000, 0.000000000000000000, 1.000000000000000000 ) ) ;
#1944 = ORIENTED_EDGE ( 'NONE', *, *, #828, .T. ) ;
#1945 = DIRECTION ( 'NONE',  ( 0.000000000000000000, -0.000000000000000000, -1.000000000000000000 ) ) ;
#1946 = DIRECTION ( 'NONE',  ( -0.000000000000000000, -1.000000000000000000, -0.000000000000000000 ) ) ;
#1947 = EDGE_LOOP ( 'NONE', ( #2756, #6224, #3868, #359 ) ) ;
#1948 = CARTESIAN_POINT ( 'NONE',  ( -1.498039639382837018, 1.338582677165354395, -3.354069173317372865 ) ) ;
#1949 = EDGE_CURVE ( 'NONE', #7380, #280, #2843, .T. ) ;
#1950 = EDGE_CURVE ( 'NONE', #5685, #1310, #5274, .T. ) ;
#1951 = DIRECTION ( 'NONE',  ( 0.000000000000000000, 1.000000000000000000, -0.000000000000000000 ) ) ;
#1952 = VERTEX_POINT ( 'NONE', #7690 ) ;
#1953 = ORIENTED_EDGE ( 'NONE', *, *, #3029, .T. ) ;
#1954 = ORIENTED_EDGE ( 'NONE', *, *, #6683, .T. ) ;
#1955 = AXIS2_PLACEMENT_3D ( 'NONE', #7218, #456, #1770 ) ;
#1956 = CARTESIAN_POINT ( 'NONE',  ( 5.270235652629458478, 0.9842519685039370358, 6.288395410325986923 ) ) ;
#1957 = CARTESIAN_POINT ( 'NONE',  ( 2.263779527559056426, 1.200787401574803237, -2.080219184937261545 ) ) ;
#1958 = LINE ( 'NONE', #3344, #4729 ) ;
#1959 = DIRECTION ( 'NONE',  ( 0.000000000000000000, -1.000000000000000000, 0.000000000000000000 ) ) ;
#1960 = ORIENTED_EDGE ( 'NONE', *, *, #1754, .T. ) ;
#1961 = ORIENTED_EDGE ( 'NONE', *, *, #855, .F. ) ;
#1962 = CARTESIAN_POINT ( 'NONE',  ( 1.457348505457639831, 1.200787401574803237, -0.5553876020840574634 ) ) ;
#1963 = DIRECTION ( 'NONE',  ( 0.000000000000000000, 0.000000000000000000, -1.000000000000000000 ) ) ;
#1964 = DIRECTION ( 'NONE',  ( -0.000000000000000000, -1.000000000000000000, -0.000000000000000000 ) ) ;
#1965 = LINE ( 'NONE', #4440, #2631 ) ;
#1966 = FACE_OUTER_BOUND ( 'NONE', #4792, .T. ) ;
#1967 = ORIENTED_EDGE ( 'NONE', *, *, #3079, .T. ) ;
#1968 = ADVANCED_FACE ( 'NONE', ( #4202, #2364 ), #7096, .F. ) ;
#1969 = ORIENTED_EDGE ( 'NONE', *, *, #2240, .F. ) ;
#1970 = DIRECTION ( 'NONE',  ( 0.000000000000000000, -1.000000000000000000, 0.000000000000000000 ) ) ;
#1971 = EDGE_LOOP ( 'NONE', ( #5579, #841 ) ) ;
#1972 = CARTESIAN_POINT ( 'NONE',  ( 1.840021350770290054, 1.377952755905512028, -0.7004796041183750654 ) ) ;
#1973 = EDGE_CURVE ( 'NONE', #6393, #5509, #2328, .T. ) ;
#1974 = FACE_OUTER_BOUND ( 'NONE', #2588, .T. ) ;
#1975 = DIRECTION ( 'NONE',  ( 0.000000000000000000, 0.000000000000000000, 1.000000000000000000 ) ) ;
#1976 = ORIENTED_EDGE ( 'NONE', *, *, #931, .T. ) ;
#1977 = DIRECTION ( 'NONE',  ( 1.000000000000000000, -1.067522139062650671E-16, 0.000000000000000000 ) ) ;
#1978 = EDGE_CURVE ( 'NONE', #7731, #968, #4874, .T. ) ;
#1979 = DIRECTION ( 'NONE',  ( -0.000000000000000000, 1.000000000000000000, -0.000000000000000000 ) ) ;
#1980 = LINE ( 'NONE', #185, #5470 ) ;
#1981 = DIRECTION ( 'NONE',  ( -0.000000000000000000, 1.000000000000000000, 0.000000000000000000 ) ) ;
#1982 = ORIENTED_EDGE ( 'NONE', *, *, #5256, .T. ) ;
#1983 = CYLINDRICAL_SURFACE ( 'NONE', #2933, 0.08070866141732296883 ) ;
#1984 = DIRECTION ( 'NONE',  ( -0.6313919323779869641, 0.000000000000000000, 0.7754638790607796262 ) ) ;
#1985 = ADVANCED_FACE ( 'NONE', ( #3483, #7848 ), #4127, .F. ) ;
#1986 = CARTESIAN_POINT ( 'NONE',  ( 2.854330708661417582, 1.181102362204724532, -2.867620759740411085 ) ) ;
#1987 = DIRECTION ( 'NONE',  ( -0.000000000000000000, -1.000000000000000000, -0.000000000000000000 ) ) ;
#1988 = VERTEX_POINT ( 'NONE', #7806 ) ;
#1989 = ADVANCED_FACE ( 'NONE', ( #4757 ), #3565, .T. ) ;
#1990 = ORIENTED_EDGE ( 'NONE', *, *, #3858, .F. ) ;
#1991 = AXIS2_PLACEMENT_3D ( 'NONE', #3695, #4414, #5006 ) ;
#1992 = DIRECTION ( 'NONE',  ( 0.000000000000000000, 0.000000000000000000, -1.000000000000000000 ) ) ;
#1993 = DIRECTION ( 'NONE',  ( 0.000000000000000000, -1.000000000000000000, 0.000000000000000000 ) ) ;
#1994 = CIRCLE ( 'NONE', #7332, 0.08070866141732296883 ) ;
#1995 = DIRECTION ( 'NONE',  ( -0.000000000000000000, -1.000000000000000000, -0.000000000000000000 ) ) ;
#1996 = DIRECTION ( 'NONE',  ( -0.000000000000000000, -1.000000000000000000, -0.000000000000000000 ) ) ;
#1997 = EDGE_CURVE ( 'NONE', #5617, #5264, #4380, .T. ) ;
#1998 = ORIENTED_EDGE ( 'NONE', *, *, #7798, .T. ) ;
#1999 = EDGE_CURVE ( 'NONE', #2393, #922, #3612, .T. ) ;
#2000 = ORIENTED_EDGE ( 'NONE', *, *, #6668, .F. ) ;
#2001 = DIRECTION ( 'NONE',  ( 0.000000000000000000, 0.000000000000000000, -1.000000000000000000 ) ) ;
#2002 = CARTESIAN_POINT ( 'NONE',  ( -3.605107740903009450, 15.67005943375638211, -2.935829385766367761 ) ) ;
#2003 = DIRECTION ( 'NONE',  ( 0.000000000000000000, -1.000000000000000000, 0.000000000000000000 ) ) ;
#2004 = AXIS2_PLACEMENT_3D ( 'NONE', #6947, #6399, #2693 ) ;
#2005 = CARTESIAN_POINT ( 'NONE',  ( 1.082677165354331672, 1.200787401574803237, -2.473919972338836537 ) ) ;
#2006 = ADVANCED_FACE ( 'NONE', ( #2878 ), #6465, .F. ) ;
#2007 = FACE_OUTER_BOUND ( 'NONE', #491, .T. ) ;
#2008 = AXIS2_PLACEMENT_3D ( 'NONE', #3064, #587, #3705 ) ;
#2009 = AXIS2_PLACEMENT_3D ( 'NONE', #7086, #5298, #1685 ) ;
#2010 = ORIENTED_EDGE ( 'NONE', *, *, #1206, .T. ) ;
#2011 = ORIENTED_EDGE ( 'NONE', *, *, #1883, .T. ) ;
#2012 = DIRECTION ( 'NONE',  ( -0.000000000000000000, -1.000000000000000000, -0.000000000000000000 ) ) ;
#2013 = DIRECTION ( 'NONE',  ( -0.000000000000000000, -1.000000000000000000, -0.000000000000000000 ) ) ;
#2014 = CARTESIAN_POINT ( 'NONE',  ( 1.840129821825243983, 1.082677165354330784, -0.7011528313907272603 ) ) ;
#2015 = ORIENTED_EDGE ( 'NONE', *, *, #4897, .F. ) ;
#2016 = CARTESIAN_POINT ( 'NONE',  ( -0.6380868253740962226, 1.200787401574803237, -0.8010596439121572265 ) ) ;
#2017 = DIRECTION ( 'NONE',  ( -0.000000000000000000, -1.000000000000000000, -0.000000000000000000 ) ) ;
#2018 = DIRECTION ( 'NONE',  ( 0.000000000000000000, -1.000000000000000000, 0.000000000000000000 ) ) ;
#2019 = CARTESIAN_POINT ( 'NONE',  ( -1.084533516797553387, 1.082677165354330784, -2.523146893966389470 ) ) ;
#2020 = VERTEX_POINT ( 'NONE', #7729 ) ;
#2021 = FACE_OUTER_BOUND ( 'NONE', #5060, .T. ) ;
#2022 = CARTESIAN_POINT ( 'NONE',  ( -1.425488400177252757, 1.200787401574803237, -2.245587838848277951 ) ) ;
#2023 = EDGE_CURVE ( 'NONE', #1570, #4142, #7029, .T. ) ;
#2024 = DIRECTION ( 'NONE',  ( 0.000000000000000000, -1.000000000000000000, 0.000000000000000000 ) ) ;
#2025 = ORIENTED_EDGE ( 'NONE', *, *, #4916, .F. ) ;
#2026 = ORIENTED_EDGE ( 'NONE', *, *, #4263, .T. ) ;
#2027 = AXIS2_PLACEMENT_3D ( 'NONE', #3231, #195, #7438 ) ;
#2028 = EDGE_CURVE ( 'NONE', #5727, #5125, #174, .T. ) ;
#2029 = DIRECTION ( 'NONE',  ( 0.000000000000000000, 0.000000000000000000, -1.000000000000000000 ) ) ;
#2030 = DIRECTION ( 'NONE',  ( -1.000000000000000000, 0.000000000000000000, 0.000000000000000000 ) ) ;
#2031 = DIRECTION ( 'NONE',  ( -0.000000000000000000, -1.000000000000000000, -0.000000000000000000 ) ) ;
#2032 = DIRECTION ( 'NONE',  ( 0.000000000000000000, 0.000000000000000000, -1.000000000000000000 ) ) ;
#2033 = ORIENTED_EDGE ( 'NONE', *, *, #5014, .F. ) ;
#2034 = ORIENTED_EDGE ( 'NONE', *, *, #533, .F. ) ;
#2035 = CARTESIAN_POINT ( 'NONE',  ( -0.03129498633245732936, 1.082677165354330784, -1.539002674835876494 ) ) ;
#2036 = SURFACE_STYLE_USAGE ( .BOTH. , #247 ) ;
#2037 = CARTESIAN_POINT ( 'NONE',  ( 0.000000000000000000, 0.8464566929133860995, -3.074313673126239710 ) ) ;
#2038 = AXIS2_PLACEMENT_3D ( 'NONE', #1177, #6732, #3601 ) ;
#2039 = VECTOR ( 'NONE', #2821, 39.37007874015748143 ) ;
#2040 = LINE ( 'NONE', #3841, #3661 ) ;
#2041 = AXIS2_PLACEMENT_3D ( 'NONE', #826, #3253, #7546 ) ;
#2042 = DIRECTION ( 'NONE',  ( -0.000000000000000000, -1.000000000000000000, -0.000000000000000000 ) ) ;
#2043 = EDGE_LOOP ( 'NONE', ( #6590, #735, #2215, #2652 ) ) ;
#2044 = EDGE_CURVE ( 'NONE', #5806, #288, #805, .T. ) ;
#2045 = CIRCLE ( 'NONE', #3318, 0.08070866141732323251 ) ;
#2046 = ORIENTED_EDGE ( 'NONE', *, *, #2906, .T. ) ;
#2047 = AXIS2_PLACEMENT_3D ( 'NONE', #2099, #4535, #6830 ) ;
#2048 = FACE_OUTER_BOUND ( 'NONE', #6706, .T. ) ;
#2049 = PRODUCT ( 'BasePlate-Thirds Split 2', 'BasePlate-Thirds Split 2', '', ( #3241 ) ) ;
#2050 = PLANE ( 'NONE',  #4855 ) ;
#2051 = PLANE ( 'NONE',  #6873 ) ;
#2052 = AXIS2_PLACEMENT_3D ( 'NONE', #3814, #786, #5043 ) ;
#2053 = CIRCLE ( 'NONE', #2181, 0.08070866141732323251 ) ;
#2054 = AXIS2_PLACEMENT_3D ( 'NONE', #5313, #7851, #1188 ) ;
#2055 = EDGE_LOOP ( 'NONE', ( #2218, #351, #7197, #2146 ) ) ;
#2056 = CARTESIAN_POINT ( 'NONE',  ( 1.870078740157481434, 1.200787401574803237, -0.1117152479293870848 ) ) ;
#2057 = DIRECTION ( 'NONE',  ( 0.000000000000000000, 1.000000000000000000, -0.000000000000000000 ) ) ;
#2058 = ORIENTED_EDGE ( 'NONE', *, *, #3872, .T. ) ;
#2059 = CYLINDRICAL_SURFACE ( 'NONE', #146, 0.08070866141732323251 ) ;
#2060 = DIRECTION ( 'NONE',  ( -0.000000000000000000, -1.000000000000000000, -0.000000000000000000 ) ) ;
#2061 = ORIENTED_EDGE ( 'NONE', *, *, #7494, .T. ) ;
#2062 = FACE_OUTER_BOUND ( 'NONE', #7187, .T. ) ;
#2063 = VECTOR ( 'NONE', #3930, 39.37007874015748854 ) ;
#2064 = DIRECTION ( 'NONE',  ( 0.000000000000000000, 0.000000000000000000, -1.000000000000000000 ) ) ;
#2065 = ORIENTED_EDGE ( 'NONE', *, *, #7175, .T. ) ;
#2066 = CARTESIAN_POINT ( 'NONE',  ( 2.854330708661417582, 1.181102362204724532, -3.615652255803403214 ) ) ;
#2067 = ORIENTED_EDGE ( 'NONE', *, *, #6784, .F. ) ;
#2068 = EDGE_CURVE ( 'NONE', #916, #2259, #4629, .T. ) ;
#2069 = EDGE_LOOP ( 'NONE', ( #2627, #2936, #3741, #1200, #4118, #5796 ) ) ;
#2070 = CYLINDRICAL_SURFACE ( 'NONE', #4316, 0.08070866141732296883 ) ;
#2071 = CARTESIAN_POINT ( 'NONE',  ( 3.455905511811023789, 0.000000000000000000, -3.074313673126239710 ) ) ;
#2072 = DIRECTION ( 'NONE',  ( 0.000000000000000000, -0.000000000000000000, -1.000000000000000000 ) ) ;
#2073 = LINE ( 'NONE', #6295, #5761 ) ;
#2074 = ORIENTED_EDGE ( 'NONE', *, *, #4929, .T. ) ;
#2075 = EDGE_LOOP ( 'NONE', ( #1294, #782 ) ) ;
#2076 = EDGE_CURVE ( 'NONE', #4391, #2790, #3562, .T. ) ;
#2077 = DIRECTION ( 'NONE',  ( 0.000000000000000000, 0.000000000000000000, -1.000000000000000000 ) ) ;
#2078 = LENGTH_MEASURE_WITH_UNIT ( LENGTH_MEASURE( 0.02539999999999999897 ), #2664 );
#2079 = DIRECTION ( 'NONE',  ( 0.000000000000000000, -1.000000000000000000, 0.000000000000000000 ) ) ;
#2080 = CARTESIAN_POINT ( 'NONE',  ( -0.6800292354467656342, 1.082677165354331672, -5.387305799110489346 ) ) ;
#2081 = ADVANCED_FACE ( 'NONE', ( #454 ), #4080, .T. ) ;
#2082 = VECTOR ( 'NONE', #3155, 39.37007874015748854 ) ;
#2083 = CIRCLE ( 'NONE', #1323, 0.07874015748031502893 ) ;
#2084 = VERTEX_POINT ( 'NONE', #7094 ) ;
#2085 = ORIENTED_EDGE ( 'NONE', *, *, #533, .T. ) ;
#2086 = DIRECTION ( 'NONE',  ( 0.000000000000000000, -1.000000000000000000, 0.000000000000000000 ) ) ;
#2087 = CARTESIAN_POINT ( 'NONE',  ( -0.6380868253740962226, 1.200787401574803237, -0.9624769667468033862 ) ) ;
#2088 = DIRECTION ( 'NONE',  ( 0.000000000000000000, -1.000000000000000000, 0.000000000000000000 ) ) ;
#2089 = EDGE_CURVE ( 'NONE', #4909, #5850, #2875, .T. ) ;
#2090 = ORIENTED_EDGE ( 'NONE', *, *, #818, .T. ) ;
#2091 = DIRECTION ( 'NONE',  ( 0.000000000000000000, -1.000000000000000000, 0.000000000000000000 ) ) ;
#2092 = ADVANCED_FACE ( 'NONE', ( #4755 ), #4791, .F. ) ;
#2093 = ORIENTED_EDGE ( 'NONE', *, *, #579, .F. ) ;
#2094 = FACE_OUTER_BOUND ( 'NONE', #3024, .T. ) ;
#2095 = CARTESIAN_POINT ( 'NONE',  ( 0.2952755905511819101, 1.200787401574803237, -1.212108948716788870 ) ) ;
#2096 = EDGE_CURVE ( 'NONE', #1310, #2143, #7666, .T. ) ;
#2097 = CARTESIAN_POINT ( 'NONE',  ( 0.8070866141732255805, 1.377952755905512028, -5.422738869976631904 ) ) ;
#2098 = ORIENTED_EDGE ( 'NONE', *, *, #6343, .F. ) ;
#2099 = CARTESIAN_POINT ( 'NONE',  ( 1.870078740157481212, 1.200787401574803237, -2.473919972338836537 ) ) ;
#2100 = CARTESIAN_POINT ( 'NONE',  ( 0.2952755905511819101, 1.200787401574803237, -1.686518397535686553 ) ) ;
#2101 = EDGE_CURVE ( 'NONE', #3196, #455, #5633, .T. ) ;
#2102 = VERTEX_POINT ( 'NONE', #1063 ) ;
#2103 = DIRECTION ( 'NONE',  ( -0.7754638790607945031, 0.000000000000000000, -0.6313919323779687565 ) ) ;
#2104 = ORIENTED_EDGE ( 'NONE', *, *, #3012, .F. ) ;
#2105 = EDGE_CURVE ( 'NONE', #3496, #5715, #7284, .T. ) ;
#2106 = ORIENTED_EDGE ( 'NONE', *, *, #5834, .F. ) ;
#2107 = PLANE ( 'NONE',  #5084 ) ;
#2108 = EDGE_CURVE ( 'NONE', #1750, #5319, #41, .T. ) ;
#2109 = DIRECTION ( 'NONE',  ( 0.7664256734729304466, 0.000000000000000000, -0.6423330032324080507 ) ) ;
#2110 = DIRECTION ( 'NONE',  ( 0.9345333927142741581, 0.000000000000000000, -0.3558754527948618795 ) ) ;
#2111 = ORIENTED_EDGE ( 'NONE', *, *, #3412, .T. ) ;
#2112 = ORIENTED_EDGE ( 'NONE', *, *, #6023, .F. ) ;
#2113 = VERTEX_POINT ( 'NONE', #5948 ) ;
#2114 = DIRECTION ( 'NONE',  ( -0.7664256734729305576, 0.000000000000000000, 0.6423330032324080507 ) ) ;
#2115 = DIRECTION ( 'NONE',  ( 0.000000000000000000, -1.000000000000000000, 0.000000000000000000 ) ) ;
#2116 = LINE ( 'NONE', #3838, #7377 ) ;
#2117 = DIRECTION ( 'NONE',  ( 0.000000000000000000, -1.000000000000000000, 0.000000000000000000 ) ) ;
#2118 = AXIS2_PLACEMENT_3D ( 'NONE', #1091, #3509, #5934 ) ;
#2119 = EDGE_CURVE ( 'NONE', #5387, #1568, #490, .T. ) ;
#2120 = DIRECTION ( 'NONE',  ( -0.000000000000000000, -1.000000000000000000, -0.000000000000000000 ) ) ;
#2121 = DIRECTION ( 'NONE',  ( 0.000000000000000000, 0.000000000000000000, -1.000000000000000000 ) ) ;
#2122 = VERTEX_POINT ( 'NONE', #5350 ) ;
#2123 = ORIENTED_EDGE ( 'NONE', *, *, #482, .F. ) ;
#2124 = DIRECTION ( 'NONE',  ( 0.7754638790607795151, 0.000000000000000000, 0.6313919323779871862 ) ) ;
#2125 = CARTESIAN_POINT ( 'NONE',  ( 2.854330708661417582, 0.000000000000000000, -3.379431783362458308 ) ) ;
#2126 = AXIS2_PLACEMENT_3D ( 'NONE', #6705, #5625, #1853 ) ;
#2127 = EDGE_CURVE ( 'NONE', #288, #4060, #3209, .T. ) ;
#2128 = DIRECTION ( 'NONE',  ( -0.000000000000000000, -1.000000000000000000, -0.000000000000000000 ) ) ;
#2129 = EDGE_CURVE ( 'NONE', #3590, #4008, #134, .T. ) ;
#2130 = CIRCLE ( 'NONE', #4553, 0.08070866141732283006 ) ;
#2131 = VECTOR ( 'NONE', #6248, 39.37007874015748143 ) ;
#2132 = ADVANCED_FACE ( 'NONE', ( #1966 ), #6701, .F. ) ;
#2133 = EDGE_LOOP ( 'NONE', ( #4998, #5034, #4418, #2010 ) ) ;
#2134 = LINE ( 'NONE', #5874, #975 ) ;
#2135 = VERTEX_POINT ( 'NONE', #1932 ) ;
#2136 = DIRECTION ( 'NONE',  ( 0.000000000000000000, -1.000000000000000000, 0.000000000000000000 ) ) ;
#2137 = ORIENTED_EDGE ( 'NONE', *, *, #3726, .F. ) ;
#2138 = CARTESIAN_POINT ( 'NONE',  ( -0.6908327293959752868, 1.200787401574803237, -1.760528465789668040 ) ) ;
#2139 = EDGE_LOOP ( 'NONE', ( #1721, #7643 ) ) ;
#2140 = DIRECTION ( 'NONE',  ( 0.000000000000000000, -1.000000000000000000, 0.000000000000000000 ) ) ;
#2141 = AXIS2_PLACEMENT_3D ( 'NONE', #6880, #2030, #4939 ) ;
#2142 = CARTESIAN_POINT ( 'NONE',  ( 1.220472440944880610, 1.161417322834642940, -3.954234932968761385 ) ) ;
#2143 = VERTEX_POINT ( 'NONE', #5504 ) ;
#2144 = CYLINDRICAL_SURFACE ( 'NONE', #853, 0.08070866141732309373 ) ;
#2145 = ORIENTED_EDGE ( 'NONE', *, *, #72, .F. ) ;
#2146 = ORIENTED_EDGE ( 'NONE', *, *, #5494, .T. ) ;
#2147 = CARTESIAN_POINT ( 'NONE',  ( -1.622338793878041363, 1.082677165354330784, -2.586542722227977542 ) ) ;
#2148 = CARTESIAN_POINT ( 'NONE',  ( 1.476377952755906664, 1.200787401574803237, -1.767227058953009688 ) ) ;
#2149 = DIRECTION ( 'NONE',  ( 0.000000000000000000, 1.000000000000000000, 0.000000000000000000 ) ) ;
#2150 = ORIENTED_EDGE ( 'NONE', *, *, #3544, .F. ) ;
#2151 = EDGE_CURVE ( 'NONE', #1352, #2327, #17, .T. ) ;
#2152 = EDGE_LOOP ( 'NONE', ( #5757, #1576, #7497, #6431, #2683, #1954 ) ) ;
#2153 = EDGE_LOOP ( 'NONE', ( #435, #903, #5406, #6026 ) ) ;
#2154 = CARTESIAN_POINT ( 'NONE',  ( -1.175892102454584753, 1.200787401574803237, -1.025872795008390570 ) ) ;
#2155 = LINE ( 'NONE', #7645, #6991 ) ;
#2156 = CARTESIAN_POINT ( 'NONE',  ( 1.476377952755906220, 1.200787401574803237, -2.473919972338836537 ) ) ;
#2157 = LINE ( 'NONE', #5976, #210 ) ;
#2158 = CIRCLE ( 'NONE', #4460, 0.08070866141732323251 ) ;
#2159 = CARTESIAN_POINT ( 'NONE',  ( 0.000000000000000000, 0.5511811023622049666, -5.849388579488668860 ) ) ;
#2160 = ORIENTED_EDGE ( 'NONE', *, *, #5073, .F. ) ;
#2161 = ORIENTED_EDGE ( 'NONE', *, *, #7248, .F. ) ;
#2162 = AXIS2_PLACEMENT_3D ( 'NONE', #54, #3721, #1287 ) ;
#2163 = LINE ( 'NONE', #1007, #1162 ) ;
#2164 = CARTESIAN_POINT ( 'NONE',  ( -1.175892102454584753, 1.200787401574803237, -1.025872795008390570 ) ) ;
#2165 = EDGE_CURVE ( 'NONE', #922, #2393, #2460, .T. ) ;
#2166 = VECTOR ( 'NONE', #7742, 39.37007874015748143 ) ;
#2167 = DIRECTION ( 'NONE',  ( 1.000000000000000000, 0.000000000000000000, 0.000000000000000000 ) ) ;
#2168 = AXIS2_PLACEMENT_3D ( 'NONE', #1008, #4603, #3437 ) ;
#2169 = AXIS2_PLACEMENT_3D ( 'NONE', #2716, #970, #5659 ) ;
#2170 = CIRCLE ( 'NONE', #897, 0.4330708661417335126 ) ;
#2171 = ORIENTED_EDGE ( 'NONE', *, *, #5604, .T. ) ;
#2172 = CARTESIAN_POINT ( 'NONE',  ( 0.2952755905511819101, 1.200787401574803237, -1.292817610134111783 ) ) ;
#2173 = ORIENTED_EDGE ( 'NONE', *, *, #7180, .F. ) ;
#2174 = CARTESIAN_POINT ( 'NONE',  ( -0.6380868253740962226, 1.200787401574803237, -0.8817683053294802509 ) ) ;
#2175 = ORIENTED_EDGE ( 'NONE', *, *, #7832, .T. ) ;
#2176 = CARTESIAN_POINT ( 'NONE',  ( -0.6059099916330187297, 1.082677165354330784, -1.593043368051094921 ) ) ;
#2177 = PLANE ( 'NONE',  #6625 ) ;
#2178 = CIRCLE ( 'NONE', #7506, 0.08070866141732241372 ) ;
#2179 = CARTESIAN_POINT ( 'NONE',  ( 1.870078740157481434, 1.200787401574803237, -1.212108948716788648 ) ) ;
#2180 = VECTOR ( 'NONE', #499, 39.37007874015748143 ) ;
#2181 = AXIS2_PLACEMENT_3D ( 'NONE', #1841, #6018, #46 ) ;
#2182 = VECTOR ( 'NONE', #2289, 39.37007874015748143 ) ;
#2183 = ORIENTED_EDGE ( 'NONE', *, *, #5994, .T. ) ;
#2184 = VECTOR ( 'NONE', #97, 39.37007874015748143 ) ;
#2185 = CARTESIAN_POINT ( 'NONE',  ( 2.657480314960631418, 1.200787401574803237, -1.767227058953009911 ) ) ;
#2186 = CIRCLE ( 'NONE', #3210, 0.08070866141732309373 ) ;
#2187 = AXIS2_PLACEMENT_3D ( 'NONE', #1426, #2057, #1943 ) ;
#2188 = EDGE_LOOP ( 'NONE', ( #5486, #7783, #5234, #6040 ) ) ;
#2189 = CARTESIAN_POINT ( 'NONE',  ( 1.476377952755906220, 1.082677165354330784, -2.473919972338836537 ) ) ;
#2190 = ORIENTED_EDGE ( 'NONE', *, *, #4000, .F. ) ;
#2191 = FACE_OUTER_BOUND ( 'NONE', #6663, .T. ) ;
#2192 = FACE_OUTER_BOUND ( 'NONE', #618, .T. ) ;
#2193 = EDGE_CURVE ( 'NONE', #4088, #5624, #2520, .T. ) ;
#2194 = EDGE_CURVE ( 'NONE', #7157, #3590, #5623, .T. ) ;
#2195 = CARTESIAN_POINT ( 'NONE',  ( 2.263779527559055982, 1.200787401574803237, -2.473919972338836537 ) ) ;
#2196 = ORIENTED_EDGE ( 'NONE', *, *, #1752, .T. ) ;
#2197 = ORIENTED_EDGE ( 'NONE', *, *, #1180, .F. ) ;
#2198 = ORIENTED_EDGE ( 'NONE', *, *, #5368, .T. ) ;
#2199 = EDGE_CURVE ( 'NONE', #4236, #6885, #3348, .T. ) ;
#2200 = CYLINDRICAL_SURFACE ( 'NONE', #6992, 0.08070866141732309373 ) ;
#2201 = DIRECTION ( 'NONE',  ( 0.000000000000000000, 0.000000000000000000, -1.000000000000000000 ) ) ;
#2202 = ADVANCED_FACE ( 'NONE', ( #607 ), #5030, .T. ) ;
#2203 = DIRECTION ( 'NONE',  ( 0.000000000000000000, -0.000000000000000000, -1.000000000000000000 ) ) ;
#2204 = DIRECTION ( 'NONE',  ( -0.000000000000000000, -0.000000000000000000, -1.000000000000000000 ) ) ;
#2205 = EDGE_CURVE ( 'NONE', #4944, #4587, #4875, .T. ) ;
#2206 = CARTESIAN_POINT ( 'NONE',  ( 2.657480314960631418, 1.200787401574803237, -1.686518397535686553 ) ) ;
#2207 = DIRECTION ( 'NONE',  ( -0.7754638790607796262, 0.000000000000000000, -0.6313919323779869641 ) ) ;
#2208 = VERTEX_POINT ( 'NONE', #1249 ) ;
#2209 = CARTESIAN_POINT ( 'NONE',  ( 2.263779527559056426, 1.200787401574803237, -0.8991168227325369022 ) ) ;
#2210 = EDGE_CURVE ( 'NONE', #1558, #7700, #7336, .T. ) ;
#2211 = DIRECTION ( 'NONE',  ( 0.000000000000000000, 0.000000000000000000, -1.000000000000000000 ) ) ;
#2212 = DIRECTION ( 'NONE',  ( -0.000000000000000000, -1.000000000000000000, -0.000000000000000000 ) ) ;
#2213 = ADVANCED_FACE ( 'NONE', ( #3724 ), #6222, .F. ) ;
#2214 = EDGE_CURVE ( 'NONE', #6885, #4236, #3100, .T. ) ;
#2215 = ORIENTED_EDGE ( 'NONE', *, *, #7030, .F. ) ;
#2216 = DIRECTION ( 'NONE',  ( 0.000000000000000000, -1.000000000000000000, 0.000000000000000000 ) ) ;
#2217 = CARTESIAN_POINT ( 'NONE',  ( 1.870078740157481434, 1.200787401574803237, -0.1924239093467102202 ) ) ;
#2218 = ORIENTED_EDGE ( 'NONE', *, *, #3972, .F. ) ;
#2219 = DIRECTION ( 'NONE',  ( 0.000000000000000000, -1.000000000000000000, 0.000000000000000000 ) ) ;
#2220 = DIRECTION ( 'NONE',  ( -0.000000000000000000, -1.000000000000000000, -0.000000000000000000 ) ) ;
#2221 = DIRECTION ( 'NONE',  ( 0.000000000000000000, -1.000000000000000000, 0.000000000000000000 ) ) ;
#2222 = ADVANCED_FACE ( 'NONE', ( #7448 ), #5540, .F. ) ;
#2223 = VERTEX_POINT ( 'NONE', #6144 ) ;
#2224 = CARTESIAN_POINT ( 'NONE',  ( 1.082677165354331672, 1.200787401574803237, -1.999510523519938632 ) ) ;
#2225 = ORIENTED_EDGE ( 'NONE', *, *, #124, .T. ) ;
#2226 = LINE ( 'NONE', #2263, #1286 ) ;
#2227 = EDGE_CURVE ( 'NONE', #1456, #943, #1331, .T. ) ;
#2228 = ORIENTED_EDGE ( 'NONE', *, *, #7375, .F. ) ;
#2229 = CARTESIAN_POINT ( 'NONE',  ( 0.9198886454483219399, 0.000000000000000000, -0.3507199331371430584 ) ) ;
#2230 = DIRECTION ( 'NONE',  ( 0.000000000000000000, 0.000000000000000000, -1.000000000000000000 ) ) ;
#2231 = EDGE_CURVE ( 'NONE', #4533, #3269, #4996, .T. ) ;
#2232 = FACE_BOUND ( 'NONE', #6808, .T. ) ;
#2233 = ORIENTED_EDGE ( 'NONE', *, *, #4247, .T. ) ;
#2234 = ORIENTED_EDGE ( 'NONE', *, *, #5714, .F. ) ;
#2235 = ORIENTED_EDGE ( 'NONE', *, *, #4331, .F. ) ;
#2236 = PLANE ( 'NONE',  #4423 ) ;
#2237 = LINE ( 'NONE', #3469, #6237 ) ;
#2238 = CARTESIAN_POINT ( 'NONE',  ( -0.03129498633245732936, 1.338582677165354395, -1.474042044914616767 ) ) ;
#2239 = CARTESIAN_POINT ( 'NONE',  ( -2.217185856273911959, 1.349212488102442999E-16, -4.484294767385519798 ) ) ;
#2240 = EDGE_CURVE ( 'NONE', #6693, #4029, #730, .T. ) ;
#2241 = DIRECTION ( 'NONE',  ( 0.7754638790607796262, 0.000000000000000000, 0.6313919323779869641 ) ) ;
#2242 = ADVANCED_FACE ( 'NONE', ( #2007 ), #932, .F. ) ;
#2243 = ORIENTED_EDGE ( 'NONE', *, *, #72, .T. ) ;
#2244 = CARTESIAN_POINT ( 'NONE',  ( 0.000000000000000000, 1.082677165354330784, -2.867620759740411085 ) ) ;
#2245 = DIRECTION ( 'NONE',  ( 0.000000000000000000, 0.000000000000000000, -1.000000000000000000 ) ) ;
#2246 = DIRECTION ( 'NONE',  ( 0.000000000000000000, 0.000000000000000000, -1.000000000000000000 ) ) ;
#2247 = VECTOR ( 'NONE', #44, 39.37007874015748143 ) ;
#2248 = EDGE_CURVE ( 'NONE', #4161, #5312, #5221, .T. ) ;
#2249 = VECTOR ( 'NONE', #2404, 39.37007874015748143 ) ;
#2250 = ORIENTED_EDGE ( 'NONE', *, *, #5041, .T. ) ;
#2251 = DIRECTION ( 'NONE',  ( -0.000000000000000000, -1.000000000000000000, -0.000000000000000000 ) ) ;
#2252 = DIRECTION ( 'NONE',  ( -0.000000000000000000, -1.000000000000000000, -0.000000000000000000 ) ) ;
#2253 = VERTEX_POINT ( 'NONE', #7485 ) ;
#2254 = CARTESIAN_POINT ( 'NONE',  ( -0.07874015748031448769, 0.000000000000000000, -5.584156192811277286 ) ) ;
#2255 = ORIENTED_EDGE ( 'NONE', *, *, #2248, .T. ) ;
#2256 = CARTESIAN_POINT ( 'NONE',  ( 1.870078740157481434, 1.200787401574803237, -1.999510523519938410 ) ) ;
#2257 = CARTESIAN_POINT ( 'NONE',  ( 1.870078740157481434, 1.200787401574803237, -1.292817610134111783 ) ) ;
#2258 = VECTOR ( 'NONE', #6362, 39.37007874015748143 ) ;
#2259 = VERTEX_POINT ( 'NONE', #4485 ) ;
#2260 = CARTESIAN_POINT ( 'NONE',  ( 4.496879918304330204, 0.000000000000000000, -0.7901706008445642526 ) ) ;
#2261 = CIRCLE ( 'NONE', #3665, 0.08070866141732323251 ) ;
#2262 = EDGE_LOOP ( 'NONE', ( #3487, #7743, #7522, #1358 ) ) ;
#2263 = CARTESIAN_POINT ( 'NONE',  ( 1.082677165354331672, 1.200787401574803237, -0.9798254841498597045 ) ) ;
#2264 = ORIENTED_EDGE ( 'NONE', *, *, #2105, .T. ) ;
#2265 = EDGE_CURVE ( 'NONE', #1988, #2356, #4122, .T. ) ;
#2266 = DIRECTION ( 'NONE',  ( 0.000000000000000000, 0.000000000000000000, -1.000000000000000000 ) ) ;
#2267 = FACE_BOUND ( 'NONE', #3229, .T. ) ;
#2268 = ORIENTED_EDGE ( 'NONE', *, *, #5769, .T. ) ;
#2269 = EDGE_CURVE ( 'NONE', #4695, #5291, #6278, .T. ) ;
#2270 = ORIENTED_EDGE ( 'NONE', *, *, #441, .F. ) ;
#2271 = ORIENTED_EDGE ( 'NONE', *, *, #1252, .F. ) ;
#2272 = CARTESIAN_POINT ( 'NONE',  ( 2.263779527559056426, 1.200787401574803237, -1.767227058953009022 ) ) ;
#2273 = LINE ( 'NONE', #4113, #7750 ) ;
#2274 = DIRECTION ( 'NONE',  ( -0.7754638790607760734, 0.000000000000000000, -0.6313919323779914050 ) ) ;
#2275 = CYLINDRICAL_SURFACE ( 'NONE', #3005, 0.1240157480314960647 ) ;
#2276 = EDGE_CURVE ( 'NONE', #686, #7117, #3195, .T. ) ;
#2277 = FACE_OUTER_BOUND ( 'NONE', #6395, .T. ) ;
#2278 = VERTEX_POINT ( 'NONE', #7327 ) ;
#2279 = ORIENTED_EDGE ( 'NONE', *, *, #1357, .T. ) ;
#2280 = CARTESIAN_POINT ( 'NONE',  ( 3.464566929133858775, 1.102362204724409489, -5.584156192811277286 ) ) ;
#2281 = DIRECTION ( 'NONE',  ( 0.000000000000000000, 0.000000000000000000, -1.000000000000000000 ) ) ;
#2282 = DIRECTION ( 'NONE',  ( 0.000000000000000000, -0.000000000000000000, -1.000000000000000000 ) ) ;
#2283 = EDGE_CURVE ( 'NONE', #5624, #1600, #6786, .T. ) ;
#2284 = AXIS2_PLACEMENT_3D ( 'NONE', #4104, #1080, #5322 ) ;
#2285 = ORIENTED_EDGE ( 'NONE', *, *, #793, .F. ) ;
#2286 = CARTESIAN_POINT ( 'NONE',  ( 2.263779527559055982, 1.200787401574803237, -2.473919972338836537 ) ) ;
#2287 = CARTESIAN_POINT ( 'NONE',  ( -1.161744374883367570, 1.200787401574803237, -0.9464138129336960858 ) ) ;
#2288 = VERTEX_POINT ( 'NONE', #3633 ) ;
#2289 = DIRECTION ( 'NONE',  ( 1.000000000000000000, -1.264902534566421675E-16, 0.000000000000000000 ) ) ;
#2290 = CARTESIAN_POINT ( 'NONE',  ( 0.2952755905511819101, 1.200787401574803237, -1.212108948716788870 ) ) ;
#2291 = DIRECTION ( 'NONE',  ( -1.000000000000000000, 1.264902534566421675E-16, 0.000000000000000000 ) ) ;
#2292 = VECTOR ( 'NONE', #2665, 39.37007874015748143 ) ;
#2293 = AXIS2_PLACEMENT_3D ( 'NONE', #6735, #2916, #6623 ) ;
#2294 = AXIS2_PLACEMENT_3D ( 'NONE', #2986, #516, #1122 ) ;
#2295 = VERTEX_POINT ( 'NONE', #2478 ) ;
#2296 = CARTESIAN_POINT ( 'NONE',  ( 0.5384389861779859121, 1.082677165354330784, -0.6613007918656322870 ) ) ;
#2297 = EDGE_LOOP ( 'NONE', ( #743, #3660 ) ) ;
#2298 = LINE ( 'NONE', #6597, #6869 ) ;
#2299 = AXIS2_PLACEMENT_3D ( 'NONE', #67, #5519, #1194 ) ;
#2300 = ORIENTED_EDGE ( 'NONE', *, *, #6472, .T. ) ;
#2301 = CIRCLE ( 'NONE', #5471, 0.08070866141732313537 ) ;
#2302 = AXIS2_PLACEMENT_3D ( 'NONE', #483, #4672, #1575 ) ;
#2303 = CARTESIAN_POINT ( 'NONE',  ( -0.2755905511811020947, 0.6791338582677166613, -5.347935720370331936 ) ) ;
#2304 = AXIS2_PLACEMENT_3D ( 'NONE', #6827, #862, #1382 ) ;
#2305 = AXIS2_PLACEMENT_3D ( 'NONE', #6170, #7520, #2072 ) ;
#2306 = EDGE_CURVE ( 'NONE', #3032, #1144, #6652, .T. ) ;
#2307 = CARTESIAN_POINT ( 'NONE',  ( -0.3149606299212595606, 4.628586327486060049E-16, -5.584156192811277286 ) ) ;
#2308 = ORIENTED_EDGE ( 'NONE', *, *, #1190, .F. ) ;
#2309 = ADVANCED_FACE ( 'NONE', ( #1239 ), #1208, .F. ) ;
#2310 = EDGE_LOOP ( 'NONE', ( #1781, #162 ) ) ;
#2311 = EDGE_LOOP ( 'NONE', ( #1729, #3081, #4290, #6289 ) ) ;
#2312 = DIRECTION ( 'NONE',  ( 1.000000000000000000, -0.000000000000000000, 0.000000000000000000 ) ) ;
#2313 = DIRECTION ( 'NONE',  ( -0.000000000000000000, -1.000000000000000000, -0.000000000000000000 ) ) ;
#2314 = CARTESIAN_POINT ( 'NONE',  ( 2.263779527559055982, 1.082677165354330784, -2.473919972338836537 ) ) ;
#2315 = VECTOR ( 'NONE', #4334, 39.37007874015748143 ) ;
#2316 = DIRECTION ( 'NONE',  ( 0.000000000000000000, 0.000000000000000000, -1.000000000000000000 ) ) ;
#2317 = FACE_OUTER_BOUND ( 'NONE', #1047, .T. ) ;
#2318 = EDGE_CURVE ( 'NONE', #5963, #6126, #82, .T. ) ;
#2319 = ORIENTED_EDGE ( 'NONE', *, *, #4442, .T. ) ;
#2320 = ORIENTED_EDGE ( 'NONE', *, *, #5153, .T. ) ;
#2321 = DIRECTION ( 'NONE',  ( 1.000000000000000000, 0.000000000000000000, 0.000000000000000000 ) ) ;
#2322 = FACE_OUTER_BOUND ( 'NONE', #1503, .T. ) ;
#2323 = EDGE_CURVE ( 'NONE', #4310, #7318, #4509, .T. ) ;
#2324 = LINE ( 'NONE', #369, #7493 ) ;
#2325 = DIRECTION ( 'NONE',  ( 0.000000000000000000, 1.000000000000000000, 0.000000000000000000 ) ) ;
#2326 = CARTESIAN_POINT ( 'NONE',  ( 2.657480314960630530, 1.200787401574803237, -2.473919972338836537 ) ) ;
#2327 = VERTEX_POINT ( 'NONE', #4359 ) ;
#2328 = LINE ( 'NONE', #6588, #4252 ) ;
#2329 = DIRECTION ( 'NONE',  ( 0.000000000000000000, -1.000000000000000000, 0.000000000000000000 ) ) ;
#2330 = ORIENTED_EDGE ( 'NONE', *, *, #3625, .T. ) ;
#2331 = LINE ( 'NONE', #1698, #7514 ) ;
#2332 = ORIENTED_EDGE ( 'NONE', *, *, #7872, .T. ) ;
#2333 = DIRECTION ( 'NONE',  ( 0.000000000000000000, 0.000000000000000000, -1.000000000000000000 ) ) ;
#2334 = AXIS2_PLACEMENT_3D ( 'NONE', #3444, #3607, #3524 ) ;
#2335 = LINE ( 'NONE', #4651, #5351 ) ;
#2336 = CIRCLE ( 'NONE', #6533, 0.08070866141732309373 ) ;
#2337 = EDGE_CURVE ( 'NONE', #5838, #1545, #2336, .T. ) ;
#2338 = ORIENTED_EDGE ( 'NONE', *, *, #7505, .F. ) ;
#2339 = EDGE_CURVE ( 'NONE', #5912, #2102, #123, .T. ) ;
#2340 = LINE ( 'NONE', #2185, #2390 ) ;
#2341 = EDGE_LOOP ( 'NONE', ( #2190, #2098 ) ) ;
#2342 = LINE ( 'NONE', #2979, #6612 ) ;
#2343 = VERTEX_POINT ( 'NONE', #4235 ) ;
#2344 = ADVANCED_FACE ( 'NONE', ( #7290 ), #6088, .F. ) ;
#2345 = FACE_OUTER_BOUND ( 'NONE', #7601, .T. ) ;
#2346 = FACE_BOUND ( 'NONE', #832, .T. ) ;
#2347 = ORIENTED_EDGE ( 'NONE', *, *, #7160, .T. ) ;
#2348 = ORIENTED_EDGE ( 'NONE', *, *, #196, .F. ) ;
#2349 = EDGE_CURVE ( 'NONE', #1548, #4466, #6135, .T. ) ;
#2350 = VERTEX_POINT ( 'NONE', #4988 ) ;
#2351 = CYLINDRICAL_SURFACE ( 'NONE', #7384, 0.08070866141732313537 ) ;
#2352 = CARTESIAN_POINT ( 'NONE',  ( 1.870078740157481434, 1.200787401574803237, -1.686518397535686553 ) ) ;
#2353 = CARTESIAN_POINT ( 'NONE',  ( 2.263779527559056426, 1.200787401574803237, -2.160927846354584680 ) ) ;
#2354 = CARTESIAN_POINT ( 'NONE',  ( 2.263779527559056426, 1.082677165354330784, -1.686518397535686553 ) ) ;
#2355 = DIRECTION ( 'NONE',  ( 0.000000000000000000, -1.000000000000000000, 0.000000000000000000 ) ) ;
#2356 = VERTEX_POINT ( 'NONE', #7366 ) ;
#2357 = ORIENTED_EDGE ( 'NONE', *, *, #6441, .T. ) ;
#2358 = LINE ( 'NONE', #2280, #2467 ) ;
#2359 = CYLINDRICAL_SURFACE ( 'NONE', #4962, 0.08070866141732323251 ) ;
#2360 = CARTESIAN_POINT ( 'NONE',  ( 3.228346456692913424, 0.3937007874015748254, -5.584156192811277286 ) ) ;
#2361 = CARTESIAN_POINT ( 'NONE',  ( -2.766396192751782834, 0.000000000000000000, -3.352136981866516319 ) ) ;
#2362 = EDGE_CURVE ( 'NONE', #5616, #6817, #2840, .T. ) ;
#2363 = ORIENTED_EDGE ( 'NONE', *, *, #787, .F. ) ;
#2364 = FACE_OUTER_BOUND ( 'NONE', #261, .T. ) ;
#2365 = LINE ( 'NONE', #3608, #2249 ) ;
#2366 = ADVANCED_FACE ( 'NONE', ( #1920 ), #3116, .F. ) ;
#2367 =( GEOMETRIC_REPRESENTATION_CONTEXT ( 3 ) GLOBAL_UNCERTAINTY_ASSIGNED_CONTEXT ( ( #4185 ) ) GLOBAL_UNIT_ASSIGNED_CONTEXT ( ( #3213, #177, #3764 ) ) REPRESENTATION_CONTEXT ( 'NONE', 'WORKASPACE' ) );
#2368 = VERTEX_POINT ( 'NONE', #6691 ) ;
#2369 = CYLINDRICAL_SURFACE ( 'NONE', #2054, 0.08070866141732323251 ) ;
#2370 = ADVANCED_FACE ( 'NONE', ( #3078 ), #6883, .F. ) ;
#2371 = DIRECTION ( 'NONE',  ( 0.000000000000000000, 0.000000000000000000, 1.000000000000000000 ) ) ;
#2372 = AXIS2_PLACEMENT_3D ( 'NONE', #704, #3736, #1977 ) ;
#2373 = CARTESIAN_POINT ( 'NONE',  ( 1.082677165354331672, 1.082677165354330784, -1.292817610134111783 ) ) ;
#2374 = EDGE_CURVE ( 'NONE', #5328, #6954, #3268, .T. ) ;
#2375 = CIRCLE ( 'NONE', #4157, 0.08070866141732323251 ) ;
#2376 = ORIENTED_EDGE ( 'NONE', *, *, #793, .T. ) ;
#2377 = ORIENTED_EDGE ( 'NONE', *, *, #7401, .F. ) ;
#2378 = CARTESIAN_POINT ( 'NONE',  ( 4.625844143522536811, 0.000000000000000000, -1.761968157327638895 ) ) ;
#2379 = ORIENTED_EDGE ( 'NONE', *, *, #1125, .T. ) ;
#2380 = AXIS2_PLACEMENT_3D ( 'NONE', #3123, #3760, #7333 ) ;
#2381 = DIRECTION ( 'NONE',  ( 0.000000000000000000, -1.000000000000000000, 0.000000000000000000 ) ) ;
#2382 = CIRCLE ( 'NONE', #4802, 0.07874015748031502893 ) ;
#2383 = EDGE_CURVE ( 'NONE', #7157, #4013, #2466, .T. ) ;
#2384 = CARTESIAN_POINT ( 'NONE',  ( 0.6889763779527567911, 1.082677165354330784, -0.8184081613152137669 ) ) ;
#2385 = EDGE_LOOP ( 'NONE', ( #4720, #2726 ) ) ;
#2386 = ORIENTED_EDGE ( 'NONE', *, *, #200, .F. ) ;
#2387 = ORIENTED_EDGE ( 'NONE', *, *, #7146, .F. ) ;
#2388 = DIRECTION ( 'NONE',  ( 0.000000000000000000, 1.000000000000000000, 0.000000000000000000 ) ) ;
#2389 = DIRECTION ( 'NONE',  ( 0.000000000000000000, 0.000000000000000000, -1.000000000000000000 ) ) ;
#2390 = VECTOR ( 'NONE', #3414, 39.37007874015748143 ) ;
#2391 = PLANE ( 'NONE',  #7819 ) ;
#2392 = CARTESIAN_POINT ( 'NONE',  ( 2.263779527559055982, 1.200787401574803237, -2.393211310921513402 ) ) ;
#2393 = VERTEX_POINT ( 'NONE', #1444 ) ;
#2394 = EDGE_LOOP ( 'NONE', ( #3346, #3218, #6662, #5166 ) ) ;
#2395 = LINE ( 'NONE', #2244, #5222 ) ;
#2396 = DIRECTION ( 'NONE',  ( -0.000000000000000000, -1.000000000000000000, -0.000000000000000000 ) ) ;
#2397 = CARTESIAN_POINT ( 'NONE',  ( -1.498039639382837018, 0.9842519685039373689, -3.165092795364617295 ) ) ;
#2398 = CIRCLE ( 'NONE', #6842, 0.08070866141732309373 ) ;
#2399 = DIRECTION ( 'NONE',  ( 0.000000000000000000, 0.000000000000000000, -1.000000000000000000 ) ) ;
#2400 = DIRECTION ( 'NONE',  ( -0.000000000000000000, -1.000000000000000000, -0.000000000000000000 ) ) ;
#2401 = ORIENTED_EDGE ( 'NONE', *, *, #787, .T. ) ;
#2402 = EDGE_CURVE ( 'NONE', #3627, #3421, #2073, .T. ) ;
#2403 = CARTESIAN_POINT ( 'NONE',  ( -1.084533516797553387, 1.200787401574803237, -2.442438232549066779 ) ) ;
#2404 = DIRECTION ( 'NONE',  ( 9.100188726435714521E-16, 1.000000000000000000, 0.000000000000000000 ) ) ;
#2405 = EDGE_LOOP ( 'NONE', ( #6409, #6181, #1030, #2450 ) ) ;
#2406 = AXIS2_PLACEMENT_3D ( 'NONE', #1573, #3998, #964 ) ;
#2407 = CARTESIAN_POINT ( 'NONE',  ( 0.0002485795009356447103, 1.082677165354330784, -0.0003053007397870075262 ) ) ;
#2408 = DIRECTION ( 'NONE',  ( 0.000000000000000000, 0.000000000000000000, -1.000000000000000000 ) ) ;
#2409 = DIRECTION ( 'NONE',  ( 0.000000000000000000, 0.000000000000000000, -1.000000000000000000 ) ) ;
#2410 = VECTOR ( 'NONE', #4810, 39.37007874015748143 ) ;
#2411 = PRESENTATION_LAYER_ASSIGNMENT (  '', '', ( #5842 ) ) ;
#2412 = ORIENTED_EDGE ( 'NONE', *, *, #1394, .T. ) ;
#2413 = ORIENTED_EDGE ( 'NONE', *, *, #2318, .T. ) ;
#2414 = CARTESIAN_POINT ( 'NONE',  ( -0.4939823356951860700, 1.200787401574803237, -1.419573582409968449 ) ) ;
#2415 = VERTEX_POINT ( 'NONE', #356 ) ;
#2416 = VECTOR ( 'NONE', #3924, 39.37007874015748143 ) ;
#2417 = CIRCLE ( 'NONE', #7748, 0.08070866141732309373 ) ;
#2418 = DIRECTION ( 'NONE',  ( 0.000000000000000000, -1.000000000000000000, 0.000000000000000000 ) ) ;
#2419 = CIRCLE ( 'NONE', #1409, 0.08070866141732283006 ) ;
#2420 = CIRCLE ( 'NONE', #7758, 0.08070866141732269128 ) ;
#2421 = DIRECTION ( 'NONE',  ( 0.000000000000000000, 0.000000000000000000, 1.000000000000000000 ) ) ;
#2422 = VECTOR ( 'NONE', #852, 39.37007874015748854 ) ;
#2423 = EDGE_LOOP ( 'NONE', ( #4037, #2512, #358, #4538 ) ) ;
#2424 = ORIENTED_EDGE ( 'NONE', *, *, #1978, .F. ) ;
#2425 = ORIENTED_EDGE ( 'NONE', *, *, #133, .T. ) ;
#2426 = EDGE_CURVE ( 'NONE', #4516, #7867, #3869, .T. ) ;
#2427 = DIRECTION ( 'NONE',  ( -1.000000000000000000, -0.000000000000000000, -0.000000000000000000 ) ) ;
#2428 = LINE ( 'NONE', #7321, #754 ) ;
#2429 = DIRECTION ( 'NONE',  ( 0.000000000000000000, 0.000000000000000000, -1.000000000000000000 ) ) ;
#2430 = EDGE_CURVE ( 'NONE', #3125, #4909, #7589, .T. ) ;
#2431 = AXIS2_PLACEMENT_3D ( 'NONE', #498, #5314, #1021 ) ;
#2432 = CARTESIAN_POINT ( 'NONE',  ( 2.657480314960631418, 1.200787401574803237, -1.373526271551434252 ) ) ;
#2433 = AXIS2_PLACEMENT_3D ( 'NONE', #6973, #5663, #6231 ) ;
#2434 = VECTOR ( 'NONE', #1169, 39.37007874015748143 ) ;
#2435 = CARTESIAN_POINT ( 'NONE',  ( 1.870078740157481434, 1.200787401574803237, -1.686518397535686553 ) ) ;
#2436 = CARTESIAN_POINT ( 'NONE',  ( -0.03129498633245732936, 1.082677165354330784, -1.539002674835876494 ) ) ;
#2437 = EDGE_CURVE ( 'NONE', #912, #986, #3345, .T. ) ;
#2438 = ORIENTED_EDGE ( 'NONE', *, *, #6201, .T. ) ;
#2439 = AXIS2_PLACEMENT_3D ( 'NONE', #5071, #6935, #7453 ) ;
#2440 = EDGE_CURVE ( 'NONE', #64, #176, #681, .T. ) ;
#2441 = VERTEX_POINT ( 'NONE', #2625 ) ;
#2442 = DIRECTION ( 'NONE',  ( 0.9849106049563591814, -0.000000000000000000, -0.1730638617519519584 ) ) ;
#2443 = LINE ( 'NONE', #6092, #5587 ) ;
#2444 = FACE_OUTER_BOUND ( 'NONE', #3746, .T. ) ;
#2445 = ADVANCED_FACE ( 'NONE', ( #2658 ), #5767, .T. ) ;
#2446 = DIRECTION ( 'NONE',  ( 0.000000000000000000, 0.000000000000000000, -1.000000000000000000 ) ) ;
#2447 = VECTOR ( 'NONE', #6106, 39.37007874015748854 ) ;
#2448 = DIRECTION ( 'NONE',  ( -0.7754638790607945031, 0.000000000000000000, -0.6313919323779687565 ) ) ;
#2449 = ADVANCED_FACE ( 'NONE', ( #5058 ), #3832, .F. ) ;
#2450 = ORIENTED_EDGE ( 'NONE', *, *, #954, .F. ) ;
#2451 = ORIENTED_EDGE ( 'NONE', *, *, #3882, .F. ) ;
#2452 = LINE ( 'NONE', #7097, #3265 ) ;
#2453 = ORIENTED_EDGE ( 'NONE', *, *, #7642, .F. ) ;
#2454 = LINE ( 'NONE', #657, #3723 ) ;
#2455 = CARTESIAN_POINT ( 'NONE',  ( 2.736038816443963295, 1.082677165354330784, -0.1302206490995698185 ) ) ;
#2456 = LINE ( 'NONE', #7307, #6999 ) ;
#2457 = ADVANCED_FACE ( 'NONE', ( #7473 ), #6263, .F. ) ;
#2458 = EDGE_CURVE ( 'NONE', #3421, #1118, #7521, .T. ) ;
#2459 = EDGE_LOOP ( 'NONE', ( #6477, #4284, #7733, #2890 ) ) ;
#2460 = CIRCLE ( 'NONE', #6897, 0.08070866141732323251 ) ;
#2461 = EDGE_LOOP ( 'NONE', ( #3826, #5212, #4169, #5366 ) ) ;
#2462 = DIRECTION ( 'NONE',  ( 0.000000000000000000, -0.000000000000000000, -1.000000000000000000 ) ) ;
#2463 = DIRECTION ( 'NONE',  ( -0.000000000000000000, -1.000000000000000000, -0.000000000000000000 ) ) ;
#2464 = ORIENTED_EDGE ( 'NONE', *, *, #1408, .F. ) ;
#2465 = DIRECTION ( 'NONE',  ( 0.000000000000000000, 0.000000000000000000, -1.000000000000000000 ) ) ;
#2466 = CIRCLE ( 'NONE', #7538, 0.08070866141732323251 ) ;
#2467 = VECTOR ( 'NONE', #527, 39.37007874015748143 ) ;
#2468 = ADVANCED_FACE ( 'NONE', ( #957 ), #4515, .F. ) ;
#2469 = FACE_BOUND ( 'NONE', #1521, .T. ) ;
#2470 = ORIENTED_EDGE ( 'NONE', *, *, #6333, .T. ) ;
#2471 = VERTEX_POINT ( 'NONE', #6922 ) ;
#2472 = VERTEX_POINT ( 'NONE', #5804 ) ;
#2473 = CARTESIAN_POINT ( 'NONE',  ( 1.476377952755906664, 1.200787401574803237, -1.292817610134111783 ) ) ;
#2474 = CARTESIAN_POINT ( 'NONE',  ( -0.3149606299212595606, 1.102362204724409933, -5.682581389661670812 ) ) ;
#2475 = FACE_OUTER_BOUND ( 'NONE', #5495, .T. ) ;
#2476 = AXIS2_PLACEMENT_3D ( 'NONE', #3104, #5520, #7043 ) ;
#2477 = CARTESIAN_POINT ( 'NONE',  ( 3.464566929133858775, 15.67005943375638211, -3.084156192811276842 ) ) ;
#2478 = CARTESIAN_POINT ( 'NONE',  ( 3.051181102362205966, 1.082677165354330784, -2.393211310921513402 ) ) ;
#2479 = ORIENTED_EDGE ( 'NONE', *, *, #199, .F. ) ;
#2480 = ORIENTED_EDGE ( 'NONE', *, *, #196, .T. ) ;
#2481 = DIRECTION ( 'NONE',  ( -0.000000000000000000, 0.000000000000000000, 1.000000000000000000 ) ) ;
#2482 = CARTESIAN_POINT ( 'NONE',  ( 0.2952755905511813550, 3.882804907592494146E-16, -2.867620759740411085 ) ) ;
#2483 = CARTESIAN_POINT ( 'NONE',  ( -0.8349372190748853839, 1.200787401574803237, -1.222723188709179620 ) ) ;
#2484 = DIRECTION ( 'NONE',  ( -1.000000000000000000, 0.000000000000000000, 0.000000000000000000 ) ) ;
#2485 = ADVANCED_FACE ( 'NONE', ( #279 ), #3234, .T. ) ;
#2486 = ADVANCED_FACE ( 'NONE', ( #7555 ), #4546, .F. ) ;
#2487 = DIRECTION ( 'NONE',  ( 0.000000000000000000, 0.000000000000000000, -1.000000000000000000 ) ) ;
#2488 = VERTEX_POINT ( 'NONE', #5023 ) ;
#2489 = ORIENTED_EDGE ( 'NONE', *, *, #7128, .T. ) ;
#2490 = CARTESIAN_POINT ( 'NONE',  ( 0.2952755905511819101, 1.082677165354330784, -1.605809736118363640 ) ) ;
#2491 = ORIENTED_EDGE ( 'NONE', *, *, #191, .T. ) ;
#2492 = CYLINDRICAL_SURFACE ( 'NONE', #3337, 0.08070866141732313537 ) ;
#2493 = DIRECTION ( 'NONE',  ( 0.000000000000000000, -1.000000000000000000, 0.000000000000000000 ) ) ;
#2494 = CARTESIAN_POINT ( 'NONE',  ( 2.586511303738356471, 1.200787401574803237, -0.07327975035346430410 ) ) ;
#2495 = ORIENTED_EDGE ( 'NONE', *, *, #2887, .T. ) ;
#2496 = EDGE_CURVE ( 'NONE', #1253, #4627, #1043, .T. ) ;
#2497 = DIRECTION ( 'NONE',  ( 0.000000000000000000, 0.000000000000000000, -1.000000000000000000 ) ) ;
#2498 = DIRECTION ( 'NONE',  ( 0.000000000000000000, 0.000000000000000000, -1.000000000000000000 ) ) ;
#2499 = PLANE ( 'NONE',  #1551 ) ;
#2500 = CARTESIAN_POINT ( 'NONE',  ( 1.082677165354331672, 1.200787401574803237, -1.292817610134111783 ) ) ;
#2501 = ORIENTED_EDGE ( 'NONE', *, *, #5379, .F. ) ;
#2502 = LINE ( 'NONE', #4340, #2131 ) ;
#2503 = VECTOR ( 'NONE', #5040, 39.37007874015748854 ) ;
#2504 = DIRECTION ( 'NONE',  ( 0.000000000000000000, 0.000000000000000000, -1.000000000000000000 ) ) ;
#2505 = ORIENTED_EDGE ( 'NONE', *, *, #2265, .T. ) ;
#2506 = CIRCLE ( 'NONE', #1232, 0.06496062992125979652 ) ;
#2507 = ORIENTED_EDGE ( 'NONE', *, *, #4787, .T. ) ;
#2508 = DIRECTION ( 'NONE',  ( -0.000000000000000000, -1.000000000000000000, -0.000000000000000000 ) ) ;
#2509 = AXIS2_PLACEMENT_3D ( 'NONE', #4462, #6872, #3900 ) ;
#2510 = AXIS2_PLACEMENT_3D ( 'NONE', #489, #7579, #3335 ) ;
#2511 = FACE_OUTER_BOUND ( 'NONE', #7564, .T. ) ;
#2512 = ORIENTED_EDGE ( 'NONE', *, *, #2915, .T. ) ;
#2513 = EDGE_LOOP ( 'NONE', ( #1743, #2908 ) ) ;
#2514 = VECTOR ( 'NONE', #1355, 39.37007874015748143 ) ;
#2515 = CARTESIAN_POINT ( 'NONE',  ( -0.6908327293959752868, 1.200787401574803237, -1.679819804372344683 ) ) ;
#2516 = CARTESIAN_POINT ( 'NONE',  ( 2.263779527559056426, 1.200787401574803237, -0.5861246967482850456 ) ) ;
#2517 = DIRECTION ( 'NONE',  ( 0.000000000000000000, -1.000000000000000000, 0.000000000000000000 ) ) ;
#2518 = DIRECTION ( 'NONE',  ( 0.000000000000000000, -1.000000000000000000, 0.000000000000000000 ) ) ;
#2519 = EDGE_CURVE ( 'NONE', #2816, #6806, #1154, .T. ) ;
#2520 = LINE ( 'NONE', #6777, #2706 ) ;
#2521 = VERTEX_POINT ( 'NONE', #2948 ) ;
#2522 = ORIENTED_EDGE ( 'NONE', *, *, #7298, .F. ) ;
#2523 = CARTESIAN_POINT ( 'NONE',  ( -1.622338793878041363, 1.082677165354330784, -2.667251383645300677 ) ) ;
#2524 = ORIENTED_EDGE ( 'NONE', *, *, #2205, .T. ) ;
#2525 = DIRECTION ( 'NONE',  ( -0.000000000000000000, -1.000000000000000000, -0.000000000000000000 ) ) ;
#2526 = CARTESIAN_POINT ( 'NONE',  ( 1.870078740157481212, 1.200787401574803237, -2.393211310921513402 ) ) ;
#2527 = CARTESIAN_POINT ( 'NONE',  ( -2.217185856273911959, 0.9842519685039370358, -4.484294767385519798 ) ) ;
#2528 = EDGE_CURVE ( 'NONE', #7751, #4533, #7638, .T. ) ;
#2529 = CIRCLE ( 'NONE', #1010, 0.08070866141732323251 ) ;
#2530 = EDGE_LOOP ( 'NONE', ( #3457, #4188 ) ) ;
#2531 = CARTESIAN_POINT ( 'NONE',  ( 0.2952755905511819101, 1.200787401574803237, -1.373526271551434697 ) ) ;
#2532 = DIRECTION ( 'NONE',  ( -1.000000000000000000, 0.000000000000000000, -0.000000000000000000 ) ) ;
#2533 = ORIENTED_EDGE ( 'NONE', *, *, #6076, .F. ) ;
#2534 = DIRECTION ( 'NONE',  ( -0.000000000000000000, -1.000000000000000000, -0.000000000000000000 ) ) ;
#2535 = CARTESIAN_POINT ( 'NONE',  ( -0.7631795354326356140, 0.000000000000000000, -0.6218975705221058137 ) ) ;
#2536 = EDGE_LOOP ( 'NONE', ( #5627, #4812, #6297, #2555, #7549, #2927, #1216, #2379 ) ) ;
#2537 = DIRECTION ( 'NONE',  ( 0.000000000000000000, 1.000000000000000000, 0.000000000000000000 ) ) ;
#2538 = AXIS2_PLACEMENT_3D ( 'NONE', #5841, #7629, #393 ) ;
#2539 = FACE_BOUND ( 'NONE', #3687, .T. ) ;
#2540 = VECTOR ( 'NONE', #1964, 39.37007874015748143 ) ;
#2541 = ORIENTED_EDGE ( 'NONE', *, *, #6779, .T. ) ;
#2542 = ORIENTED_EDGE ( 'NONE', *, *, #818, .F. ) ;
#2543 = ORIENTED_EDGE ( 'NONE', *, *, #7607, .T. ) ;
#2544 = VECTOR ( 'NONE', #6053, 39.37007874015748143 ) ;
#2545 = CARTESIAN_POINT ( 'NONE',  ( -0.1968503937007870241, 0.6791338582677166613, -5.347935720370331936 ) ) ;
#2546 = FACE_OUTER_BOUND ( 'NONE', #349, .T. ) ;
#2547 = CIRCLE ( 'NONE', #4593, 0.08070866141732323251 ) ;
#2548 = EDGE_CURVE ( 'NONE', #4142, #1570, #6326, .T. ) ;
#2549 = AXIS2_PLACEMENT_3D ( 'NONE', #6547, #4042, #1098 ) ;
#2550 = AXIS2_PLACEMENT_3D ( 'NONE', #7594, #3311, #2201 ) ;
#2551 = EDGE_CURVE ( 'NONE', #1562, #5971, #7077, .T. ) ;
#2552 = CARTESIAN_POINT ( 'NONE',  ( 2.263779527559055982, 1.082677165354330784, -2.473919972338836537 ) ) ;
#2553 = AXIS2_PLACEMENT_3D ( 'NONE', #2154, #6382, #3351 ) ;
#2554 = CARTESIAN_POINT ( 'NONE',  ( 3.051181102362205966, 1.200787401574803237, -2.554628633756159672 ) ) ;
#2555 = ORIENTED_EDGE ( 'NONE', *, *, #3079, .F. ) ;
#2556 = AXIS2_PLACEMENT_3D ( 'NONE', #2717, #6389, #848 ) ;
#2557 = EDGE_LOOP ( 'NONE', ( #5700, #6763 ) ) ;
#2558 = CARTESIAN_POINT ( 'NONE',  ( 0.2952755905511819101, 1.200787401574803237, -2.473919972338836537 ) ) ;
#2559 = LINE ( 'NONE', #3238, #3822 ) ;
#2560 = AXIS2_PLACEMENT_3D ( 'NONE', #1898, #3131, #6152 ) ;
#2561 = AXIS2_PLACEMENT_3D ( 'NONE', #5813, #2788, #5902 ) ;
#2562 = FACE_OUTER_BOUND ( 'NONE', #1251, .T. ) ;
#2563 = ADVANCED_FACE ( 'NONE', ( #1711, #2776, #4626, #7039, #5967, #1748, #5369, #1597, #5891, #3545, #5290, #6604, #5209, #3589, #7674, #4024, #2232, #6008, #2895, #7790, #1635, #6564, #7708, #2267, #4701, #4058, #2823, #6447, #6489, #7115, #996, #1677, #1117, #4107, #6530, #5847, #1084, #3500, #4737, #5926, #509, #473, #5324, #397, #7749, #2346, #7193, #4174, #3623, #37, #1268, #5438, #2469, #4892, #2539 ), #7863, .F. ) ;
#2564 = AXIS2_PLACEMENT_3D ( 'NONE', #62, #2493, #3130 ) ;
#2565 = CARTESIAN_POINT ( 'NONE',  ( 4.285207924242818933, 0.000000000000000000, -0.7195208397681046586 ) ) ;
#2566 = CIRCLE ( 'NONE', #6636, 0.08070866141732323251 ) ;
#2567 = ORIENTED_EDGE ( 'NONE', *, *, #1997, .F. ) ;
#2568 = ORIENTED_EDGE ( 'NONE', *, *, #2283, .T. ) ;
#2569 = DIRECTION ( 'NONE',  ( 0.000000000000000000, 0.000000000000000000, 1.000000000000000000 ) ) ;
#2570 = EDGE_CURVE ( 'NONE', #5815, #1079, #3666, .T. ) ;
#2571 = ORIENTED_EDGE ( 'NONE', *, *, #4140, .F. ) ;
#2572 = DIRECTION ( 'NONE',  ( 0.000000000000000000, 0.000000000000000000, -1.000000000000000000 ) ) ;
#2573 = DIRECTION ( 'NONE',  ( 0.000000000000000000, 0.000000000000000000, -1.000000000000000000 ) ) ;
#2574 = FACE_OUTER_BOUND ( 'NONE', #1094, .T. ) ;
#2575 = ORIENTED_EDGE ( 'NONE', *, *, #5714, .T. ) ;
#2576 = DIRECTION ( 'NONE',  ( -0.000000000000000000, -1.000000000000000000, -0.000000000000000000 ) ) ;
#2577 = DIRECTION ( 'NONE',  ( 0.000000000000000000, 0.000000000000000000, -1.000000000000000000 ) ) ;
#2578 = CARTESIAN_POINT ( 'NONE',  ( -0.4939823356951860700, 1.200787401574803237, -1.419573582409968449 ) ) ;
#2579 = CARTESIAN_POINT ( 'NONE',  ( 2.263779527559056426, 1.200787401574803237, -0.5861246967482850456 ) ) ;
#2580 = VERTEX_POINT ( 'NONE', #711 ) ;
#2581 = DIRECTION ( 'NONE',  ( 0.000000000000000000, 0.000000000000000000, -1.000000000000000000 ) ) ;
#2582 = CARTESIAN_POINT ( 'NONE',  ( -0.8876831230967642261, 1.200787401574803237, -2.101483349169367632 ) ) ;
#2583 = ADVANCED_FACE ( 'NONE', ( #1833 ), #3108, .F. ) ;
#2584 = EDGE_CURVE ( 'NONE', #825, #193, #988, .T. ) ;
#2585 = FACE_OUTER_BOUND ( 'NONE', #4888, .T. ) ;
#2586 = VERTEX_POINT ( 'NONE', #4857 ) ;
#2587 = ADVANCED_FACE ( 'NONE', ( #7279 ), #6718, .F. ) ;
#2588 = EDGE_LOOP ( 'NONE', ( #1751, #5424, #2250, #5326 ) ) ;
#2589 = VECTOR ( 'NONE', #768, 39.37007874015748143 ) ;
#2590 = LINE ( 'NONE', #5018, #6725 ) ;
#2591 = CARTESIAN_POINT ( 'NONE',  ( 3.346456692913386100, 0.6791338582677166613, -5.347935720370331936 ) ) ;
#2592 = DIRECTION ( 'NONE',  ( -0.000000000000000000, -0.000000000000000000, -1.000000000000000000 ) ) ;
#2593 = CARTESIAN_POINT ( 'NONE',  ( 0.000000000000000000, 15.67005943375638211, -3.074313673126239710 ) ) ;
#2594 = ADVANCED_BREP_SHAPE_REPRESENTATION ( 'BasePlate-Thirds Split 2', ( #4635, #3916 ), #2367 ) ;
#2595 = ORIENTED_EDGE ( 'NONE', *, *, #4691, .T. ) ;
#2596 = ORIENTED_EDGE ( 'NONE', *, *, #2402, .F. ) ;
#2597 = CARTESIAN_POINT ( 'NONE',  ( -1.356305065950079269, 1.200787401574803237, -2.204023980834525887 ) ) ;
#2598 = CYLINDRICAL_SURFACE ( 'NONE', #378, 0.08070866141732269128 ) ;
#2599 = DIRECTION ( 'NONE',  ( 0.000000000000000000, 0.000000000000000000, -1.000000000000000000 ) ) ;
#2600 = CARTESIAN_POINT ( 'NONE',  ( 3.937007874015748143, 1.377952755905512028, -5.682581389661670812 ) ) ;
#2601 = DIRECTION ( 'NONE',  ( 0.000000000000000000, 0.000000000000000000, -1.000000000000000000 ) ) ;
#2602 = ORIENTED_EDGE ( 'NONE', *, *, #3510, .T. ) ;
#2603 = LINE ( 'NONE', #4955, #7196 ) ;
#2604 = ORIENTED_EDGE ( 'NONE', *, *, #710, .T. ) ;
#2605 = DIRECTION ( 'NONE',  ( -0.000000000000000000, -1.000000000000000000, -0.000000000000000000 ) ) ;
#2606 = DIRECTION ( 'NONE',  ( -0.000000000000000000, -1.000000000000000000, -0.000000000000000000 ) ) ;
#2607 = CARTESIAN_POINT ( 'NONE',  ( 0.5384389861779852460, 1.082677165354330784, -0.6613007918656317319 ) ) ;
#2608 = EDGE_CURVE ( 'NONE', #5507, #733, #2261, .T. ) ;
#2609 = ORIENTED_EDGE ( 'NONE', *, *, #4787, .F. ) ;
#2610 = CARTESIAN_POINT ( 'NONE',  ( -2.766504663806736986, 1.377952755905512028, -3.351463754594164346 ) ) ;
#2611 = PLANE ( 'NONE',  #1051 ) ;
#2612 = AXIS2_PLACEMENT_3D ( 'NONE', #1360, #2481, #3797 ) ;
#2613 = CARTESIAN_POINT ( 'NONE',  ( 3.464566929133858775, 1.102362204724409489, -4.885337295173484584 ) ) ;
#2614 = CARTESIAN_POINT ( 'NONE',  ( 3.051181102362205966, 1.082677165354330784, -2.080219184937261545 ) ) ;
#2615 = ORIENTED_EDGE ( 'NONE', *, *, #4006, .F. ) ;
#2616 = DIRECTION ( 'NONE',  ( 0.000000000000000000, 0.000000000000000000, -1.000000000000000000 ) ) ;
#2617 = CYLINDRICAL_SURFACE ( 'NONE', #5969, 0.08070866141732323251 ) ;
#2618 = DIRECTION ( 'NONE',  ( 0.000000000000000000, -1.000000000000000000, 0.000000000000000000 ) ) ;
#2619 = VERTEX_POINT ( 'NONE', #1312 ) ;
#2620 = EDGE_LOOP ( 'NONE', ( #6540, #4464 ) ) ;
#2621 = CIRCLE ( 'NONE', #1613, 0.08070866141732323251 ) ;
#2622 = LINE ( 'NONE', #1475, #1773 ) ;
#2623 = FACE_OUTER_BOUND ( 'NONE', #2152, .T. ) ;
#2624 = CARTESIAN_POINT ( 'NONE',  ( 1.417322834645668772, 1.181102362204724532, -5.422738869976631904 ) ) ;
#2625 = CARTESIAN_POINT ( 'NONE',  ( 3.051181102362205966, 1.082677165354330784, -2.160927846354584680 ) ) ;
#2626 = EDGE_LOOP ( 'NONE', ( #3144, #5225 ) ) ;
#2627 = ORIENTED_EDGE ( 'NONE', *, *, #1861, .F. ) ;
#2628 = DIRECTION ( 'NONE',  ( 0.000000000000000000, 0.000000000000000000, -1.000000000000000000 ) ) ;
#2629 = FACE_OUTER_BOUND ( 'NONE', #2188, .T. ) ;
#2630 = FACE_BOUND ( 'NONE', #4705, .T. ) ;
#2631 = VECTOR ( 'NONE', #3205, 39.37007874015748143 ) ;
#2632 = FACE_OUTER_BOUND ( 'NONE', #447, .T. ) ;
#2633 = AXIS2_PLACEMENT_3D ( 'NONE', #1389, #6986, #3227 ) ;
#2634 = ORIENTED_EDGE ( 'NONE', *, *, #4225, .F. ) ;
#2635 = ORIENTED_EDGE ( 'NONE', *, *, #2339, .T. ) ;
#2636 = CARTESIAN_POINT ( 'NONE',  ( 0.0002485795009331884502, 1.082677165354330784, -0.0003053007397839874269 ) ) ;
#2637 = DIRECTION ( 'NONE',  ( 0.000000000000000000, -1.000000000000000000, 0.000000000000000000 ) ) ;
#2638 = CARTESIAN_POINT ( 'NONE',  ( 4.213786031045992253, 0.8387394976972508687, -1.605054163136937717 ) ) ;
#2639 = EDGE_CURVE ( 'NONE', #4781, #3668, #6455, .T. ) ;
#2640 = ORIENTED_EDGE ( 'NONE', *, *, #1190, .T. ) ;
#2641 = CARTESIAN_POINT ( 'NONE',  ( 2.263779527559056426, 1.082677165354330784, -0.1117152479293870848 ) ) ;
#2642 = FACE_OUTER_BOUND ( 'NONE', #4324, .T. ) ;
#2643 = DIRECTION ( 'NONE',  ( -0.000000000000000000, -1.000000000000000000, -0.000000000000000000 ) ) ;
#2644 = CARTESIAN_POINT ( 'NONE',  ( -0.6380868253740962226, 1.200787401574803237, -0.8817683053294802509 ) ) ;
#2645 = EDGE_LOOP ( 'NONE', ( #3298, #302 ) ) ;
#2646 = LINE ( 'NONE', #342, #3442 ) ;
#2647 = DIRECTION ( 'NONE',  ( -0.000000000000000000, 0.000000000000000000, -1.000000000000000000 ) ) ;
#2648 = EDGE_CURVE ( 'NONE', #4575, #4980, #3915, .T. ) ;
#2649 = CARTESIAN_POINT ( 'NONE',  ( 1.082677165354331672, 1.200787401574803237, -1.767227058953009688 ) ) ;
#2650 = ORIENTED_EDGE ( 'NONE', *, *, #775, .T. ) ;
#2651 = ADVANCED_FACE ( 'NONE', ( #73 ), #7230, .F. ) ;
#2652 = ORIENTED_EDGE ( 'NONE', *, *, #3510, .F. ) ;
#2653 = VECTOR ( 'NONE', #555, 39.37007874015748143 ) ;
#2654 = CYLINDRICAL_SURFACE ( 'NONE', #3688, 0.08070866141732309373 ) ;
#2655 = CARTESIAN_POINT ( 'NONE',  ( -2.922431878301281927, 0.000000000000000000, -2.379986562245073767 ) ) ;
#2656 = AXIS2_PLACEMENT_3D ( 'NONE', #1868, #4297, #111 ) ;
#2657 = DIRECTION ( 'NONE',  ( -0.000000000000000000, -1.000000000000000000, -0.000000000000000000 ) ) ;
#2658 = FACE_OUTER_BOUND ( 'NONE', #5970, .T. ) ;
#2659 = AXIS2_PLACEMENT_3D ( 'NONE', #2164, #5341, #5228 ) ;
#2660 = EDGE_CURVE ( 'NONE', #3668, #4781, #471, .T. ) ;
#2661 = EDGE_LOOP ( 'NONE', ( #5851, #5362 ) ) ;
#2662 = EDGE_LOOP ( 'NONE', ( #2320, #6068, #1998, #7813 ) ) ;
#2663 = LINE ( 'NONE', #5101, #1159 ) ;
#2664 =( LENGTH_UNIT ( ) NAMED_UNIT ( * ) SI_UNIT ( $, .METRE. ) );
#2665 = DIRECTION ( 'NONE',  ( 1.000000000000000000, 0.000000000000000000, 0.000000000000000000 ) ) ;
#2666 = VECTOR ( 'NONE', #5572, 39.37007874015748854 ) ;
#2667 = AXIS2_PLACEMENT_3D ( 'NONE', #5247, #7673, #2230 ) ;
#2668 = DIRECTION ( 'NONE',  ( 0.000000000000000000, -1.000000000000000000, 0.000000000000000000 ) ) ;
#2669 = VECTOR ( 'NONE', #1346, 39.37007874015748143 ) ;
#2670 = EDGE_CURVE ( 'NONE', #4204, #2122, #6681, .T. ) ;
#2671 = EDGE_CURVE ( 'NONE', #1129, #58, #4224, .T. ) ;
#2672 = ORIENTED_EDGE ( 'NONE', *, *, #995, .F. ) ;
#2673 = AXIS2_PLACEMENT_3D ( 'NONE', #1742, #6006, #543 ) ;
#2674 = ORIENTED_EDGE ( 'NONE', *, *, #7816, .T. ) ;
#2675 = AXIS2_PLACEMENT_3D ( 'NONE', #5316, #7185, #4728 ) ;
#2676 = CARTESIAN_POINT ( 'NONE',  ( 0.6889763779527567911, 1.082677165354330784, -1.292817610134111783 ) ) ;
#2677 = DIRECTION ( 'NONE',  ( 0.000000000000000000, -1.000000000000000000, 0.000000000000000000 ) ) ;
#2678 = EDGE_CURVE ( 'NONE', #940, #5850, #4976, .T. ) ;
#2679 = PLANE ( 'NONE',  #3839 ) ;
#2680 = VECTOR ( 'NONE', #2220, 39.37007874015748143 ) ;
#2681 = VECTOR ( 'NONE', #2251, 39.37007874015748143 ) ;
#2682 = EDGE_CURVE ( 'NONE', #1600, #5624, #3790, .T. ) ;
#2683 = ORIENTED_EDGE ( 'NONE', *, *, #5855, .F. ) ;
#2684 = FACE_OUTER_BOUND ( 'NONE', #976, .T. ) ;
#2685 = DIRECTION ( 'NONE',  ( -0.000000000000000000, -1.000000000000000000, -0.000000000000000000 ) ) ;
#2686 = EDGE_CURVE ( 'NONE', #1935, #7168, #1229, .T. ) ;
#2687 = ORIENTED_EDGE ( 'NONE', *, *, #5888, .T. ) ;
#2688 = DIRECTION ( 'NONE',  ( 0.000000000000000000, 0.000000000000000000, -1.000000000000000000 ) ) ;
#2689 = ORIENTED_EDGE ( 'NONE', *, *, #1839, .F. ) ;
#2690 = CARTESIAN_POINT ( 'NONE',  ( -0.6380868253740962226, 1.082677165354330784, -0.8817683053294802509 ) ) ;
#2691 = DIRECTION ( 'NONE',  ( 0.000000000000000000, 0.000000000000000000, -1.000000000000000000 ) ) ;
#2692 = DIRECTION ( 'NONE',  ( -0.000000000000000000, -1.000000000000000000, -0.000000000000000000 ) ) ;
#2693 = DIRECTION ( 'NONE',  ( 0.000000000000000000, -0.000000000000000000, -1.000000000000000000 ) ) ;
#2694 = VERTEX_POINT ( 'NONE', #2384 ) ;
#2695 = AXIS2_PLACEMENT_3D ( 'NONE', #1937, #5581, #6707 ) ;
#2696 = LINE ( 'NONE', #3297, #91 ) ;
#2697 = ORIENTED_EDGE ( 'NONE', *, *, #6424, .T. ) ;
#2698 = VERTEX_POINT ( 'NONE', #5484 ) ;
#2699 = CARTESIAN_POINT ( 'NONE',  ( 3.464566929133858775, 0.5511811023622096295, -3.084156192811276842 ) ) ;
#2700 = EDGE_CURVE ( 'NONE', #1490, #1586, #866, .T. ) ;
#2701 = CARTESIAN_POINT ( 'NONE',  ( 0.9198886454483219399, 1.082677165354330784, -0.3507199331371430584 ) ) ;
#2702 = EDGE_CURVE ( 'NONE', #2415, #3433, #6252, .T. ) ;
#2703 = DIRECTION ( 'NONE',  ( 0.000000000000000000, -0.000000000000000000, -1.000000000000000000 ) ) ;
#2704 = EDGE_LOOP ( 'NONE', ( #1020, #5488, #5952 ) ) ;
#2705 = ORIENTED_EDGE ( 'NONE', *, *, #7030, .T. ) ;
#2706 = VECTOR ( 'NONE', #649, 39.37007874015748143 ) ;
#2707 = VERTEX_POINT ( 'NONE', #794 ) ;
#2708 = CARTESIAN_POINT ( 'NONE',  ( 2.657480314960631418, 1.200787401574803237, -0.5054160353309620213 ) ) ;
#2709 = CARTESIAN_POINT ( 'NONE',  ( -0.03129498633245731548, 1.338582677165354395, -1.603963304757136221 ) ) ;
#2710 = CARTESIAN_POINT ( 'NONE',  ( 3.228346456692913424, 1.102362204724409489, -4.294786114071121652 ) ) ;
#2711 = CARTESIAN_POINT ( 'NONE',  ( 3.464566929133858775, 1.082677165354331672, -3.084156192811276842 ) ) ;
#2712 = AXIS2_PLACEMENT_3D ( 'NONE', #4585, #921, #2032 ) ;
#2713 = VECTOR ( 'NONE', #7170, 39.37007874015748143 ) ;
#2714 = ORIENTED_EDGE ( 'NONE', *, *, #4087, .T. ) ;
#2715 = ORIENTED_EDGE ( 'NONE', *, *, #4211, .T. ) ;
#2716 = CARTESIAN_POINT ( 'NONE',  ( 1.082677165354331672, 1.082677165354330784, -2.473919972338836537 ) ) ;
#2717 = CARTESIAN_POINT ( 'NONE',  ( 2.263779527559056426, 1.200787401574803237, -0.8991168227325369022 ) ) ;
#2718 = DIRECTION ( 'NONE',  ( 0.000000000000000000, 0.000000000000000000, -1.000000000000000000 ) ) ;
#2719 = DIRECTION ( 'NONE',  ( 0.000000000000000000, -1.000000000000000000, 0.000000000000000000 ) ) ;
#2720 = EDGE_CURVE ( 'NONE', #4704, #3627, #1510, .T. ) ;
#2721 = CIRCLE ( 'NONE', #1337, 0.08070866141732269128 ) ;
#2722 = VERTEX_POINT ( 'NONE', #160 ) ;
#2723 = CARTESIAN_POINT ( 'NONE',  ( 3.051181102362205966, 1.200787401574803237, -2.080219184937261545 ) ) ;
#2724 = VERTEX_POINT ( 'NONE', #3938 ) ;
#2725 = DIRECTION ( 'NONE',  ( 0.000000000000000000, 0.000000000000000000, -1.000000000000000000 ) ) ;
#2726 = ORIENTED_EDGE ( 'NONE', *, *, #5181, .T. ) ;
#2727 = FACE_OUTER_BOUND ( 'NONE', #1921, .T. ) ;
#2728 = LINE ( 'NONE', #2097, #3583 ) ;
#2729 = ORIENTED_EDGE ( 'NONE', *, *, #3768, .F. ) ;
#2730 = DIRECTION ( 'NONE',  ( 0.000000000000000000, 0.000000000000000000, -1.000000000000000000 ) ) ;
#2731 = DIRECTION ( 'NONE',  ( -0.000000000000000000, 1.000000000000000000, -0.000000000000000000 ) ) ;
#2732 = ADVANCED_FACE ( 'NONE', ( #914 ), #4506, .T. ) ;
#2733 = ORIENTED_EDGE ( 'NONE', *, *, #2931, .F. ) ;
#2734 = CYLINDRICAL_SURFACE ( 'NONE', #5939, 0.06496062992125979652 ) ;
#2735 = ORIENTED_EDGE ( 'NONE', *, *, #191, .F. ) ;
#2736 = VERTEX_POINT ( 'NONE', #1472 ) ;
#2737 = CARTESIAN_POINT ( 'NONE',  ( -1.175892102454584753, 1.082677165354330784, -1.106581456425713261 ) ) ;
#2738 = CARTESIAN_POINT ( 'NONE',  ( 1.082677165354331672, 1.200787401574803237, -1.686518397535686553 ) ) ;
#2739 = CARTESIAN_POINT ( 'NONE',  ( 2.854330708661417582, 0.5807086614173232464, -3.615652255803403214 ) ) ;
#2740 = ORIENTED_EDGE ( 'NONE', *, *, #2720, .T. ) ;
#2741 = ORIENTED_EDGE ( 'NONE', *, *, #3404, .T. ) ;
#2742 = AXIS2_PLACEMENT_3D ( 'NONE', #3595, #6133, #4183 ) ;
#2743 = ORIENTED_EDGE ( 'NONE', *, *, #6876, .T. ) ;
#2744 = DIRECTION ( 'NONE',  ( 0.000000000000000000, 0.000000000000000000, -1.000000000000000000 ) ) ;
#2745 = DIRECTION ( 'NONE',  ( -0.000000000000000000, -1.000000000000000000, -0.000000000000000000 ) ) ;
#2746 = FACE_OUTER_BOUND ( 'NONE', #2262, .T. ) ;
#2747 = CARTESIAN_POINT ( 'NONE',  ( 2.657480314960631418, 1.082677165354330784, -2.160927846354584680 ) ) ;
#2748 = AXIS2_PLACEMENT_3D ( 'NONE', #3127, #1296, #654 ) ;
#2749 = DIRECTION ( 'NONE',  ( -0.000000000000000000, -1.000000000000000000, -0.000000000000000000 ) ) ;
#2750 = ORIENTED_EDGE ( 'NONE', *, *, #6896, .T. ) ;
#2751 = CARTESIAN_POINT ( 'NONE',  ( 3.051181102362205966, 1.200787401574803237, -0.9798254841498599266 ) ) ;
#2752 = CARTESIAN_POINT ( 'NONE',  ( 1.082677165354331672, 1.082677165354330784, -0.5054160353309620213 ) ) ;
#2753 = CARTESIAN_POINT ( 'NONE',  ( 0.6889763779527567911, 1.200787401574803237, -0.5054160353309620213 ) ) ;
#2754 = VECTOR ( 'NONE', #625, 39.37007874015748143 ) ;
#2755 = VECTOR ( 'NONE', #1407, 39.37007874015748143 ) ;
#2756 = ORIENTED_EDGE ( 'NONE', *, *, #7038, .F. ) ;
#2757 = DIRECTION ( 'NONE',  ( 0.000000000000000000, -1.000000000000000000, 0.000000000000000000 ) ) ;
#2758 = ORIENTED_EDGE ( 'NONE', *, *, #5881, .T. ) ;
#2759 = CARTESIAN_POINT ( 'NONE',  ( -1.372742496155374026, 1.082677165354330784, -1.366827678388090161 ) ) ;
#2760 = EDGE_CURVE ( 'NONE', #4166, #580, #1495, .T. ) ;
#2761 = ORIENTED_EDGE ( 'NONE', *, *, #613, .T. ) ;
#2762 = LINE ( 'NONE', #3488, #2680 ) ;
#2763 = CARTESIAN_POINT ( 'NONE',  ( 1.417322834645668772, 1.181102362204724532, -5.422738869976631904 ) ) ;
#2764 = AXIS2_PLACEMENT_3D ( 'NONE', #7361, #1916, #4354 ) ;
#2765 = EDGE_CURVE ( 'NONE', #1884, #5543, #5642, .T. ) ;
#2766 = LINE ( 'NONE', #2142, #6581 ) ;
#2767 = ORIENTED_EDGE ( 'NONE', *, *, #7319, .T. ) ;
#2768 = CARTESIAN_POINT ( 'NONE',  ( 2.657480314960631418, 1.200787401574803237, -1.292817610134111783 ) ) ;
#2769 = ORIENTED_EDGE ( 'NONE', *, *, #5840, .F. ) ;
#2770 = ORIENTED_EDGE ( 'NONE', *, *, #4491, .F. ) ;
#2771 = VECTOR ( 'NONE', #2312, 39.37007874015748143 ) ;
#2772 = EDGE_CURVE ( 'NONE', #5849, #1750, #5758, .T. ) ;
#2773 = FACE_OUTER_BOUND ( 'NONE', #2133, .T. ) ;
#2774 = DIRECTION ( 'NONE',  ( -0.000000000000000000, -0.000000000000000000, -1.000000000000000000 ) ) ;
#2775 = EDGE_CURVE ( 'NONE', #2803, #1791, #3865, .T. ) ;
#2776 = FACE_BOUND ( 'NONE', #2139, .T. ) ;
#2777 = AXIS2_PLACEMENT_3D ( 'NONE', #3426, #4065, #7084 ) ;
#2778 = ORIENTED_EDGE ( 'NONE', *, *, #2702, .F. ) ;
#2779 = ORIENTED_EDGE ( 'NONE', *, *, #931, .F. ) ;
#2780 = ORIENTED_EDGE ( 'NONE', *, *, #4622, .T. ) ;
#2781 = DIRECTION ( 'NONE',  ( 0.000000000000000000, 1.000000000000000000, 0.000000000000000000 ) ) ;
#2782 = CARTESIAN_POINT ( 'NONE',  ( 1.082677165354331672, 1.200787401574803237, -0.4247073739136388859 ) ) ;
#2783 = CARTESIAN_POINT ( 'NONE',  ( 1.082677165354331672, 1.200787401574803237, -0.5054160353309620213 ) ) ;
#2784 = ADVANCED_FACE ( 'NONE', ( #2585 ), #2734, .F. ) ;
#2785 = CYLINDRICAL_SURFACE ( 'NONE', #330, 0.08070866141732323251 ) ;
#2786 = VECTOR ( 'NONE', #4420, 39.37007874015748143 ) ;
#2787 = ADVANCED_FACE ( 'NONE', ( #5049 ), #5165, .T. ) ;
#2788 = DIRECTION ( 'NONE',  ( 0.000000000000000000, -1.000000000000000000, 0.000000000000000000 ) ) ;
#2789 = VERTEX_POINT ( 'NONE', #7582 ) ;
#2790 = VERTEX_POINT ( 'NONE', #830 ) ;
#2791 = AXIS2_PLACEMENT_3D ( 'NONE', #207, #1483, #4439 ) ;
#2792 = DIRECTION ( 'NONE',  ( -1.000000000000000000, 0.000000000000000000, 0.000000000000000000 ) ) ;
#2793 = LINE ( 'NONE', #1536, #3693 ) ;
#2794 = DIRECTION ( 'NONE',  ( 0.9345333927142764896, 0.000000000000000000, -0.3558754527948558288 ) ) ;
#2795 = CIRCLE ( 'NONE', #7116, 0.08070866141732269128 ) ;
#2796 = EDGE_CURVE ( 'NONE', #4397, #4876, #3277, .T. ) ;
#2797 = AXIS2_PLACEMENT_3D ( 'NONE', #1465, #3332, #1427 ) ;
#2798 = EDGE_CURVE ( 'NONE', #1297, #2722, #750, .T. ) ;
#2799 = CIRCLE ( 'NONE', #645, 0.08070866141732323251 ) ;
#2800 = ORIENTED_EDGE ( 'NONE', *, *, #6918, .F. ) ;
#2801 = LINE ( 'NONE', #7656, #5232 ) ;
#2802 = DIRECTION ( 'NONE',  ( 0.000000000000000000, 0.000000000000000000, -1.000000000000000000 ) ) ;
#2803 = VERTEX_POINT ( 'NONE', #3257 ) ;
#2804 = DIRECTION ( 'NONE',  ( 0.000000000000000000, 1.000000000000000000, 0.000000000000000000 ) ) ;
#2805 = ORIENTED_EDGE ( 'NONE', *, *, #5622, .T. ) ;
#2806 = DIRECTION ( 'NONE',  ( 0.000000000000000000, 0.000000000000000000, -1.000000000000000000 ) ) ;
#2807 = DIRECTION ( 'NONE',  ( -0.000000000000000000, 0.000000000000000000, -1.000000000000000000 ) ) ;
#2808 = AXIS2_PLACEMENT_3D ( 'NONE', #6031, #1189, #7305 ) ;
#2809 = AXIS2_PLACEMENT_3D ( 'NONE', #1191, #1939, #3692 ) ;
#2810 = AXIS2_PLACEMENT_3D ( 'NONE', #7289, #5979, #3632 ) ;
#2811 = ADVANCED_FACE ( 'NONE', ( #5674 ), #2144, .F. ) ;
#2812 = CIRCLE ( 'NONE', #7264, 0.08070866141732255250 ) ;
#2813 = ORIENTED_EDGE ( 'NONE', *, *, #577, .T. ) ;
#2814 = FACE_OUTER_BOUND ( 'NONE', #4350, .T. ) ;
#2815 = AXIS2_PLACEMENT_3D ( 'NONE', #785, #5551, #106 ) ;
#2816 = VERTEX_POINT ( 'NONE', #2649 ) ;
#2817 = CARTESIAN_POINT ( 'NONE',  ( 0.6889763779527567911, 1.200787401574803237, -2.080219184937261545 ) ) ;
#2818 = ORIENTED_EDGE ( 'NONE', *, *, #453, .F. ) ;
#2819 = DIRECTION ( 'NONE',  ( 0.9345333927142726038, 0.000000000000000000, -0.3558754527948663759 ) ) ;
#2820 = ADVANCED_FACE ( 'NONE', ( #5087 ), #7550, .T. ) ;
#2821 = DIRECTION ( 'NONE',  ( 0.9345333927142726038, -0.000000000000000000, -0.3558754527948663759 ) ) ;
#2822 = EDGE_CURVE ( 'NONE', #3384, #1562, #2696, .T. ) ;
#2823 = FACE_BOUND ( 'NONE', #951, .T. ) ;
#2824 = ORIENTED_EDGE ( 'NONE', *, *, #3070, .T. ) ;
#2825 = ORIENTED_EDGE ( 'NONE', *, *, #2383, .F. ) ;
#2826 = EDGE_CURVE ( 'NONE', #4648, #6214, #6952, .T. ) ;
#2827 = VERTEX_POINT ( 'NONE', #7188 ) ;
#2828 = DIRECTION ( 'NONE',  ( 0.000000000000000000, 0.000000000000000000, -1.000000000000000000 ) ) ;
#2829 = FACE_OUTER_BOUND ( 'NONE', #4044, .T. ) ;
#2830 = DIRECTION ( 'NONE',  ( 0.000000000000000000, -1.000000000000000000, 0.000000000000000000 ) ) ;
#2831 = DIRECTION ( 'NONE',  ( 0.000000000000000000, -1.000000000000000000, 0.000000000000000000 ) ) ;
#2832 = AXIS2_PLACEMENT_3D ( 'NONE', #6550, #4793, #1135 ) ;
#2833 = DIRECTION ( 'NONE',  ( 0.3558754527948618240, 0.000000000000000000, 0.9345333927142743802 ) ) ;
#2834 = EDGE_CURVE ( 'NONE', #3735, #789, #427, .T. ) ;
#2835 = ORIENTED_EDGE ( 'NONE', *, *, #2194, .F. ) ;
#2836 = VERTEX_POINT ( 'NONE', #7784 ) ;
#2837 = CARTESIAN_POINT ( 'NONE',  ( 1.476377952755906664, 1.200787401574803237, -0.5861246967482844905 ) ) ;
#2838 = DIRECTION ( 'NONE',  ( 0.000000000000000000, 0.000000000000000000, -1.000000000000000000 ) ) ;
#2839 = CARTESIAN_POINT ( 'NONE',  ( -0.03129498633245732936, 1.082677165354330784, -1.414986926804380429 ) ) ;
#2840 = CIRCLE ( 'NONE', #296, 0.1240157480314960647 ) ;
#2841 = LINE ( 'NONE', #6511, #1540 ) ;
#2842 = EDGE_LOOP ( 'NONE', ( #2524, #1895, #6685, #1843 ) ) ;
#2843 = LINE ( 'NONE', #1730, #1700 ) ;
#2844 = LINE ( 'NONE', #7540, #88 ) ;
#2845 = EDGE_CURVE ( 'NONE', #1345, #4909, #3985, .T. ) ;
#2846 = ORIENTED_EDGE ( 'NONE', *, *, #954, .T. ) ;
#2847 = CARTESIAN_POINT ( 'NONE',  ( 0.8267716535433065062, 1.181102362204724532, -3.757384539267974333 ) ) ;
#2848 = ORIENTED_EDGE ( 'NONE', *, *, #4484, .T. ) ;
#2849 = FACE_OUTER_BOUND ( 'NONE', #6640, .T. ) ;
#2850 = CARTESIAN_POINT ( 'NONE',  ( 3.051181102362205966, 1.082677165354330784, -1.686518397535686553 ) ) ;
#2851 = EDGE_CURVE ( 'NONE', #3384, #1255, #7699, .T. ) ;
#2852 = ORIENTED_EDGE ( 'NONE', *, *, #6936, .F. ) ;
#2853 = CARTESIAN_POINT ( 'NONE',  ( 1.082677165354331672, 1.200787401574803237, -0.8991168227325369022 ) ) ;
#2854 = ORIENTED_EDGE ( 'NONE', *, *, #133, .F. ) ;
#2855 = DIRECTION ( 'NONE',  ( 0.000000000000000000, 0.000000000000000000, -1.000000000000000000 ) ) ;
#2856 = VERTEX_POINT ( 'NONE', #2224 ) ;
#2857 = DIRECTION ( 'NONE',  ( 0.000000000000000000, -1.000000000000000000, 0.000000000000000000 ) ) ;
#2858 = CARTESIAN_POINT ( 'NONE',  ( -0.0001401084459837279017, 1.082677165354330784, -0.0003679265325686179771 ) ) ;
#2859 = VERTEX_POINT ( 'NONE', #3535 ) ;
#2860 = ORIENTED_EDGE ( 'NONE', *, *, #7763, .T. ) ;
#2861 = VERTEX_POINT ( 'NONE', #465 ) ;
#2862 = CYLINDRICAL_SURFACE ( 'NONE', #1517, 0.08070866141732296883 ) ;
#2863 = CIRCLE ( 'NONE', #836, 0.08070866141732309373 ) ;
#2864 = FACE_OUTER_BOUND ( 'NONE', #7576, .T. ) ;
#2865 = FACE_OUTER_BOUND ( 'NONE', #6265, .T. ) ;
#2866 = EDGE_CURVE ( 'NONE', #5303, #3667, #2130, .T. ) ;
#2867 = LINE ( 'NONE', #5332, #584 ) ;
#2868 = CARTESIAN_POINT ( 'NONE',  ( -0.6380868253740962226, 1.200787401574803237, -0.8817683053294802509 ) ) ;
#2869 = PLANE ( 'NONE',  #3322 ) ;
#2870 = VERTEX_POINT ( 'NONE', #6403 ) ;
#2871 = CYLINDRICAL_SURFACE ( 'NONE', #7315, 0.1240157480314960647 ) ;
#2872 = DIRECTION ( 'NONE',  ( 0.000000000000000000, -1.000000000000000000, 0.000000000000000000 ) ) ;
#2873 = DIRECTION ( 'NONE',  ( -0.000000000000000000, -1.000000000000000000, -0.000000000000000000 ) ) ;
#2874 = AXIS2_PLACEMENT_3D ( 'NONE', #4232, #4898, #557 ) ;
#2875 = LINE ( 'NONE', #5422, #547 ) ;
#2876 = CIRCLE ( 'NONE', #7072, 0.08070866141732309373 ) ;
#2877 = VERTEX_POINT ( 'NONE', #4097 ) ;
#2878 = FACE_OUTER_BOUND ( 'NONE', #3909, .T. ) ;
#2879 = DIRECTION ( 'NONE',  ( 0.000000000000000000, 0.000000000000000000, -1.000000000000000000 ) ) ;
#2880 = ORIENTED_EDGE ( 'NONE', *, *, #4438, .T. ) ;
#2881 = DIRECTION ( 'NONE',  ( -0.000000000000000000, -1.000000000000000000, -0.000000000000000000 ) ) ;
#2882 = DIRECTION ( 'NONE',  ( -0.000000000000000000, -1.000000000000000000, -0.000000000000000000 ) ) ;
#2883 = LINE ( 'NONE', #1588, #2180 ) ;
#2884 = AXIS2_PLACEMENT_3D ( 'NONE', #1567, #1996, #876 ) ;
#2885 = AXIS2_PLACEMENT_3D ( 'NONE', #2997, #2518, #7256 ) ;
#2886 = ADVANCED_FACE ( 'NONE', ( #2937 ), #4018, .F. ) ;
#2887 = EDGE_CURVE ( 'NONE', #609, #2877, #5960, .T. ) ;
#2888 = ORIENTED_EDGE ( 'NONE', *, *, #3404, .F. ) ;
#2889 = PLANE ( 'NONE',  #6202 ) ;
#2890 = ORIENTED_EDGE ( 'NONE', *, *, #5750, .T. ) ;
#2891 = CARTESIAN_POINT ( 'NONE',  ( -2.932747772807171138, 0.1968503937007874127, -3.499326946597359100 ) ) ;
#2892 = ORIENTED_EDGE ( 'NONE', *, *, #5229, .T. ) ;
#2893 = DIRECTION ( 'NONE',  ( -1.000000000000000000, 1.084202172485504311E-16, 0.000000000000000000 ) ) ;
#2894 = ADVANCED_FACE ( 'NONE', ( #1627 ), #7032, .F. ) ;
#2895 = FACE_BOUND ( 'NONE', #2626, .T. ) ;
#2896 = ADVANCED_FACE ( 'NONE', ( #2814 ), #4052, .T. ) ;
#2897 = ORIENTED_EDGE ( 'NONE', *, *, #1752, .F. ) ;
#2898 = ORIENTED_EDGE ( 'NONE', *, *, #1388, .F. ) ;
#2899 = ORIENTED_EDGE ( 'NONE', *, *, #2700, .T. ) ;
#2900 = PLANE ( 'NONE',  #4788 ) ;
#2901 = DIRECTION ( 'NONE',  ( 0.9345333927142727148, 0.000000000000000000, -0.3558754527948657653 ) ) ;
#2902 = CARTESIAN_POINT ( 'NONE',  ( 1.865122094822920351, 1.200787401574803237, 0.2014292256612671694 ) ) ;
#2903 = DIRECTION ( 'NONE',  ( 0.000000000000000000, -1.000000000000000000, 0.000000000000000000 ) ) ;
#2904 = VECTOR ( 'NONE', #4983, 39.37007874015748143 ) ;
#2905 =( BOUNDED_CURVE ( )  B_SPLINE_CURVE ( 3, ( #546, #2945, #1114, #5367 ),
 .UNSPECIFIED., .F., .F. ) 
 B_SPLINE_CURVE_WITH_KNOTS ( ( 4, 4 ),
 ( 0.4935508161323488019, 0.6102707826914548495 ),
 .UNSPECIFIED. ) 
 CURVE ( )  GEOMETRIC_REPRESENTATION_ITEM ( )  RATIONAL_B_SPLINE_CURVE ( ( 1.000000000000000000, 0.9988650263048090006, 0.9988650263048090006, 1.000000000000000000 ) ) 
 REPRESENTATION_ITEM ( '' )  );
#2906 = EDGE_CURVE ( 'NONE', #3995, #5516, #1376, .T. ) ;
#2907 = CARTESIAN_POINT ( 'NONE',  ( 1.476377952755906664, 1.082677165354330784, -1.999510523519938410 ) ) ;
#2908 = ORIENTED_EDGE ( 'NONE', *, *, #4679, .F. ) ;
#2909 = ORIENTED_EDGE ( 'NONE', *, *, #6752, .F. ) ;
#2910 = DIRECTION ( 'NONE',  ( -0.000000000000000000, -1.000000000000000000, -0.000000000000000000 ) ) ;
#2911 = CARTESIAN_POINT ( 'NONE',  ( 0.6889763779527567911, 1.200787401574803237, -2.473919972338836537 ) ) ;
#2912 = CARTESIAN_POINT ( 'NONE',  ( 3.464566929133858775, 0.000000000000000000, -3.084156192811276842 ) ) ;
#2913 = CIRCLE ( 'NONE', #121, 0.08070866141732309373 ) ;
#2914 = CARTESIAN_POINT ( 'NONE',  ( 4.625844143522536811, 0.000000000000000000, -1.761968157327638895 ) ) ;
#2915 = EDGE_CURVE ( 'NONE', #3637, #4683, #1666, .T. ) ;
#2916 = DIRECTION ( 'NONE',  ( 0.000000000000000000, -0.000000000000000000, 1.000000000000000000 ) ) ;
#2917 = ADVANCED_FACE ( 'NONE', ( #987 ), #7149, .T. ) ;
#2918 = CARTESIAN_POINT ( 'NONE',  ( 4.213786031045992253, 1.377952755905512028, -1.605054163136937717 ) ) ;
#2919 = AXIS2_PLACEMENT_3D ( 'NONE', #1213, #6774, #1245 ) ;
#2920 = ORIENTED_EDGE ( 'NONE', *, *, #5248, .T. ) ;
#2921 = ADVANCED_FACE ( 'NONE', ( #4655 ), #2889, .T. ) ;
#2922 = CARTESIAN_POINT ( 'NONE',  ( 2.657480314960631418, 1.200787401574803237, -0.1117152479293870848 ) ) ;
#2923 = LINE ( 'NONE', #7179, #6444 ) ;
#2924 = ORIENTED_EDGE ( 'NONE', *, *, #1605, .T. ) ;
#2925 = CIRCLE ( 'NONE', #1017, 0.08070866141732309373 ) ;
#2926 = CARTESIAN_POINT ( 'NONE',  ( 0.2952755905511819101, 1.200787401574803237, -0.9798254841498597045 ) ) ;
#2927 = ORIENTED_EDGE ( 'NONE', *, *, #2205, .F. ) ;
#2928 = DIRECTION ( 'NONE',  ( -0.000000000000000000, -1.000000000000000000, -0.000000000000000000 ) ) ;
#2929 = DIRECTION ( 'NONE',  ( -0.000000000000000000, -1.000000000000000000, -0.000000000000000000 ) ) ;
#2930 = CIRCLE ( 'NONE', #2919, 0.08070866141732313537 ) ;
#2931 = EDGE_CURVE ( 'NONE', #656, #2113, #3536, .T. ) ;
#2932 = CIRCLE ( 'NONE', #5342, 0.08070866141732269128 ) ;
#2933 = AXIS2_PLACEMENT_3D ( 'NONE', #6647, #2313, #6042 ) ;
#2934 = VECTOR ( 'NONE', #7444, 39.37007874015748143 ) ;
#2935 = EDGE_CURVE ( 'NONE', #7671, #3057, #2340, .T. ) ;
#2936 = ORIENTED_EDGE ( 'NONE', *, *, #1386, .T. ) ;
#2937 = FACE_OUTER_BOUND ( 'NONE', #4663, .T. ) ;
#2938 = AXIS2_PLACEMENT_3D ( 'NONE', #1578, #2086, #4004 ) ;
#2939 = ORIENTED_EDGE ( 'NONE', *, *, #7599, .T. ) ;
#2940 = FACE_OUTER_BOUND ( 'NONE', #4894, .T. ) ;
#2941 = AXIS2_PLACEMENT_3D ( 'NONE', #744, #6714, #1307 ) ;
#2942 = VERTEX_POINT ( 'NONE', #7068 ) ;
#2943 = CIRCLE ( 'NONE', #7388, 0.08070866141732296883 ) ;
#2944 = AXIS2_PLACEMENT_3D ( 'NONE', #5860, #2833, #5263 ) ;
#2945 = CARTESIAN_POINT ( 'NONE',  ( 4.305377408610853607, 0.8105679701820942551, -1.639932663163918836 ) ) ;
#2946 = CIRCLE ( 'NONE', #6635, 0.08070866141732323251 ) ;
#2947 = AXIS2_PLACEMENT_3D ( 'NONE', #3793, #2592, #5022 ) ;
#2948 = CARTESIAN_POINT ( 'NONE',  ( 3.267716535433071279, 0.6791338582677166613, -5.584156192811277286 ) ) ;
#2949 = ORIENTED_EDGE ( 'NONE', *, *, #3780, .T. ) ;
#2950 = VERTEX_POINT ( 'NONE', #387 ) ;
#2951 = ORIENTED_EDGE ( 'NONE', *, *, #2608, .F. ) ;
#2952 = ADVANCED_FACE ( 'NONE', ( #5883 ), #3232, .F. ) ;
#2953 = DIRECTION ( 'NONE',  ( 0.000000000000000000, -1.000000000000000000, 0.000000000000000000 ) ) ;
#2954 = CARTESIAN_POINT ( 'NONE',  ( 3.003149606299212682, 1.377952755905512028, -4.885337295173484584 ) ) ;
#2955 = CARTESIAN_POINT ( 'NONE',  ( -0.7874015748031492068, 1.377952755905512028, -5.682581389661670812 ) ) ;
#2956 = DIRECTION ( 'NONE',  ( 0.000000000000000000, -1.000000000000000000, 0.000000000000000000 ) ) ;
#2957 = DIRECTION ( 'NONE',  ( 0.000000000000000000, -1.000000000000000000, 0.000000000000000000 ) ) ;
#2958 = ADVANCED_FACE ( 'NONE', ( #3263 ), #3871, .T. ) ;
#2959 = EDGE_CURVE ( 'NONE', #5542, #7610, #718, .T. ) ;
#2960 = PLANE ( 'NONE',  #4978 ) ;
#2961 = ORIENTED_EDGE ( 'NONE', *, *, #5272, .F. ) ;
#2962 = CARTESIAN_POINT ( 'NONE',  ( -0.7184882070094136264, 1.082677165354330784, -1.684705892727625720 ) ) ;
#2963 = CARTESIAN_POINT ( 'NONE',  ( -0.3149606299212595606, 1.102362204724409933, -5.584156192811277286 ) ) ;
#2964 = EDGE_CURVE ( 'NONE', #3044, #2350, #4512, .T. ) ;
#2965 = DIRECTION ( 'NONE',  ( -0.000000000000000000, -1.000000000000000000, -0.000000000000000000 ) ) ;
#2966 = CARTESIAN_POINT ( 'NONE',  ( -1.175892102454584753, 1.200787401574803237, -1.106581456425713261 ) ) ;
#2967 = CARTESIAN_POINT ( 'NONE',  ( -0.6800292354467659672, 15.67005943375638211, -5.387305799110489346 ) ) ;
#2968 = CARTESIAN_POINT ( 'NONE',  ( 0.2952755905511813550, 0.5807086614173235795, -3.615652255803403214 ) ) ;
#2969 = ORIENTED_EDGE ( 'NONE', *, *, #2570, .T. ) ;
#2970 = CARTESIAN_POINT ( 'NONE',  ( 2.657480314960631418, 1.200787401574803237, -0.9798254841498599266 ) ) ;
#2971 = DIRECTION ( 'NONE',  ( -0.000000000000000000, -1.000000000000000000, -0.000000000000000000 ) ) ;
#2972 = EDGE_LOOP ( 'NONE', ( #2271, #2541, #3128, #1391 ) ) ;
#2973 = CARTESIAN_POINT ( 'NONE',  ( 1.417322834645668772, 1.358267716535431102, -3.757384539267974333 ) ) ;
#2974 = CARTESIAN_POINT ( 'NONE',  ( 1.870078740157481434, 1.200787401574803237, -0.03100658651206395638 ) ) ;
#2975 = AXIS2_PLACEMENT_3D ( 'NONE', #7262, #6628, #1101 ) ;
#2976 = CARTESIAN_POINT ( 'NONE',  ( -1.622338793878041363, 1.200787401574803237, -2.505834060810653963 ) ) ;
#2977 = ORIENTED_EDGE ( 'NONE', *, *, #1941, .T. ) ;
#2978 = ORIENTED_EDGE ( 'NONE', *, *, #7018, .F. ) ;
#2979 = CARTESIAN_POINT ( 'NONE',  ( 3.228346456692913424, 0.3937007874015748254, -3.379431783362458308 ) ) ;
#2980 = ORIENTED_EDGE ( 'NONE', *, *, #6230, .F. ) ;
#2981 = CARTESIAN_POINT ( 'NONE',  ( 0.000000000000000000, 0.8464566929133860995, -5.849388579488668860 ) ) ;
#2982 = DIRECTION ( 'NONE',  ( 0.000000000000000000, 0.000000000000000000, -1.000000000000000000 ) ) ;
#2983 = ORIENTED_EDGE ( 'NONE', *, *, #3246, .T. ) ;
#2984 = ORIENTED_EDGE ( 'NONE', *, *, #7093, .T. ) ;
#2985 = ORIENTED_EDGE ( 'NONE', *, *, #6671, .T. ) ;
#2986 = CARTESIAN_POINT ( 'NONE',  ( 3.051181102362205966, 1.082677165354330784, -0.8991168227325369022 ) ) ;
#2987 = CARTESIAN_POINT ( 'NONE',  ( 3.003149606299212682, 15.67005943375638211, 0.000000000000000000 ) ) ;
#2988 = CARTESIAN_POINT ( 'NONE',  ( 1.682928072434971556, 1.377952755905512028, 0.2708097108523973562 ) ) ;
#2989 = DIRECTION ( 'NONE',  ( 0.000000000000000000, 1.000000000000000000, 0.000000000000000000 ) ) ;
#2990 = ADVANCED_FACE ( 'NONE', ( #2546 ), #6840, .F. ) ;
#2991 = CARTESIAN_POINT ( 'NONE',  ( -1.161744374883367570, 1.082677165354330784, -0.9464138129336960858 ) ) ;
#2992 = ORIENTED_EDGE ( 'NONE', *, *, #2959, .T. ) ;
#2993 = EDGE_LOOP ( 'NONE', ( #6329, #7469, #5413, #4435 ) ) ;
#2994 = CARTESIAN_POINT ( 'NONE',  ( 1.818608936888913785, 1.200787401574803237, -0.5675831277454463919 ) ) ;
#2995 = CARTESIAN_POINT ( 'NONE',  ( 1.870078740157481434, 1.200787401574803237, -0.5054160353309620213 ) ) ;
#2996 = DIRECTION ( 'NONE',  ( 0.000000000000000000, -0.000000000000000000, -1.000000000000000000 ) ) ;
#2997 = CARTESIAN_POINT ( 'NONE',  ( 1.870078740157481434, 1.082677165354330784, -0.5054160353309620213 ) ) ;
#2998 = FACE_OUTER_BOUND ( 'NONE', #1295, .T. ) ;
#2999 = ORIENTED_EDGE ( 'NONE', *, *, #319, .F. ) ;
#3000 = CARTESIAN_POINT ( 'NONE',  ( 3.455905511811023789, 1.377952755905512028, -4.885337295173484584 ) ) ;
#3001 = DIRECTION ( 'NONE',  ( 0.000000000000000000, 0.000000000000000000, -1.000000000000000000 ) ) ;
#3002 = ORIENTED_EDGE ( 'NONE', *, *, #2760, .F. ) ;
#3003 = LINE ( 'NONE', #4725, #655 ) ;
#3004 = DIRECTION ( 'NONE',  ( -0.7754638790607760734, 0.000000000000000000, -0.6313919323779914050 ) ) ;
#3005 = AXIS2_PLACEMENT_3D ( 'NONE', #7124, #5218, #7759 ) ;
#3006 = CARTESIAN_POINT ( 'NONE',  ( 0.2179518313094078175, 1.200787401574803237, -0.9222452529537218391 ) ) ;
#3007 = AXIS2_PLACEMENT_3D ( 'NONE', #1186, #1217, #536 ) ;
#3008 = EDGE_CURVE ( 'NONE', #5125, #5727, #1886, .T. ) ;
#3009 = EDGE_LOOP ( 'NONE', ( #5111, #5025, #3375, #7787 ) ) ;
#3010 = EDGE_LOOP ( 'NONE', ( #628, #2984 ) ) ;
#3011 = CYLINDRICAL_SURFACE ( 'NONE', #6748, 0.08070866141732269128 ) ;
#3012 = EDGE_CURVE ( 'NONE', #3125, #2724, #6169, .T. ) ;
#3013 = ORIENTED_EDGE ( 'NONE', *, *, #7696, .T. ) ;
#3014 = AXIS2_PLACEMENT_3D ( 'NONE', #5734, #4483, #928 ) ;
#3015 = DIRECTION ( 'NONE',  ( 0.000000000000000000, 0.000000000000000000, -1.000000000000000000 ) ) ;
#3016 = DIRECTION ( 'NONE',  ( 0.000000000000000000, -1.000000000000000000, 0.000000000000000000 ) ) ;
#3017 = EDGE_CURVE ( 'NONE', #1834, #696, #3919, .T. ) ;
#3018 = ADVANCED_FACE ( 'NONE', ( #4429 ), #6292, .F. ) ;
#3019 = AXIS2_PLACEMENT_3D ( 'NONE', #5524, #4260, #1909 ) ;
#3020 = DIRECTION ( 'NONE',  ( 0.000000000000000000, 0.000000000000000000, -1.000000000000000000 ) ) ;
#3021 = EDGE_LOOP ( 'NONE', ( #1894, #2951, #511, #7232 ) ) ;
#3022 = ORIENTED_EDGE ( 'NONE', *, *, #5494, .F. ) ;
#3023 = EDGE_CURVE ( 'NONE', #4804, #1599, #5565, .T. ) ;
#3024 = EDGE_LOOP ( 'NONE', ( #599, #7041, #7868, #3369 ) ) ;
#3025 = CARTESIAN_POINT ( 'NONE',  ( 1.870078740157481434, 1.200787401574803237, 0.2819855394721875186 ) ) ;
#3026 = DIRECTION ( 'NONE',  ( 0.000000000000000000, -1.000000000000000000, 0.000000000000000000 ) ) ;
#3027 = CARTESIAN_POINT ( 'NONE',  ( 0.6889763779527567911, 1.200787401574803237, -2.393211310921513402 ) ) ;
#3028 = DIRECTION ( 'NONE',  ( -0.000000000000000000, -1.000000000000000000, -0.000000000000000000 ) ) ;
#3029 = EDGE_CURVE ( 'NONE', #5441, #5666, #6802, .T. ) ;
#3030 = DIRECTION ( 'NONE',  ( 0.000000000000000000, 0.000000000000000000, -1.000000000000000000 ) ) ;
#3031 = DIRECTION ( 'NONE',  ( 0.000000000000000000, 1.000000000000000000, -0.000000000000000000 ) ) ;
#3032 = VERTEX_POINT ( 'NONE', #1395 ) ;
#3033 = ORIENTED_EDGE ( 'NONE', *, *, #3023, .F. ) ;
#3034 = CARTESIAN_POINT ( 'NONE',  ( 1.870078740157481434, 1.200787401574803237, -0.8991168227325369022 ) ) ;
#3035 = LINE ( 'NONE', #2482, #3305 ) ;
#3036 = EDGE_CURVE ( 'NONE', #5715, #7081, #6258, .T. ) ;
#3037 = APPLICATION_CONTEXT ( 'automotive_design' ) ;
#3038 = DIRECTION ( 'NONE',  ( 0.000000000000000000, 0.000000000000000000, -1.000000000000000000 ) ) ;
#3039 = EDGE_CURVE ( 'NONE', #3330, #6041, #799, .T. ) ;
#3040 = VECTOR ( 'NONE', #3549, 39.37007874015748143 ) ;
#3041 = DIRECTION ( 'NONE',  ( 0.3558754527948558843, 0.000000000000000000, 0.9345333927142766006 ) ) ;
#3042 = DIRECTION ( 'NONE',  ( 0.000000000000000000, 1.000000000000000000, 0.000000000000000000 ) ) ;
#3043 = ORIENTED_EDGE ( 'NONE', *, *, #5763, .F. ) ;
#3044 = VERTEX_POINT ( 'NONE', #756 ) ;
#3045 = DIRECTION ( 'NONE',  ( 0.000000000000000000, -1.000000000000000000, -0.000000000000000000 ) ) ;
#3046 = ORIENTED_EDGE ( 'NONE', *, *, #4582, .T. ) ;
#3047 = CARTESIAN_POINT ( 'NONE',  ( 4.787699978822939961, 1.377952755905512028, -0.8412721348264398102 ) ) ;
#3048 = DIRECTION ( 'NONE',  ( 0.6313919323779914050, 0.000000000000000000, -0.7754638790607760734 ) ) ;
#3049 = CARTESIAN_POINT ( 'NONE',  ( 1.476377952755906664, 1.200787401574803237, -0.8991168227325369022 ) ) ;
#3050 = EDGE_CURVE ( 'NONE', #5918, #4683, #1124, .T. ) ;
#3051 = AXIS2_PLACEMENT_3D ( 'NONE', #7713, #2953, #2828 ) ;
#3052 = VECTOR ( 'NONE', #1565, 39.37007874015748143 ) ;
#3053 = AXIS2_PLACEMENT_3D ( 'NONE', #3216, #6972, #5942 ) ;
#3054 = ORIENTED_EDGE ( 'NONE', *, *, #2608, .T. ) ;
#3055 = ORIENTED_EDGE ( 'NONE', *, *, #2519, .T. ) ;
#3056 = DIRECTION ( 'NONE',  ( 0.000000000000000000, 0.000000000000000000, -1.000000000000000000 ) ) ;
#3057 = VERTEX_POINT ( 'NONE', #197 ) ;
#3058 = AXIS2_PLACEMENT_3D ( 'NONE', #415, #1649, #3038 ) ;
#3059 = AXIS2_PLACEMENT_3D ( 'NONE', #920, #7075, #3498 ) ;
#3060 = ADVANCED_FACE ( 'NONE', ( #2623 ), #7471, .F. ) ;
#3061 = DIRECTION ( 'NONE',  ( 0.000000000000000000, -1.000000000000000000, 0.000000000000000000 ) ) ;
#3062 = AXIS2_PLACEMENT_3D ( 'NONE', #4632, #6383, #4708 ) ;
#3063 = AXIS2_PLACEMENT_3D ( 'NONE', #2817, #7786, #4170 ) ;
#3064 = CARTESIAN_POINT ( 'NONE',  ( -0.8876831230967642261, 1.200787401574803237, -2.101483349169367632 ) ) ;
#3065 = VECTOR ( 'NONE', #2221, 39.37007874015748143 ) ;
#3066 = ORIENTED_EDGE ( 'NONE', *, *, #895, .T. ) ;
#3067 = VERTEX_POINT ( 'NONE', #3301 ) ;
#3068 = ORIENTED_EDGE ( 'NONE', *, *, #3647, .T. ) ;
#3069 = ADVANCED_FACE ( 'NONE', ( #4470 ), #5718, .F. ) ;
#3070 = EDGE_CURVE ( 'NONE', #6100, #1636, #6767, .T. ) ;
#3071 = CARTESIAN_POINT ( 'NONE',  ( 0.2952755905511819101, 1.082677165354330784, -1.767227058953009688 ) ) ;
#3072 = CARTESIAN_POINT ( 'NONE',  ( 0.6889763779527567911, 1.200787401574803237, -0.8991168227325369022 ) ) ;
#3073 = AXIS2_PLACEMENT_3D ( 'NONE', #816, #6819, #3244 ) ;
#3074 = PLANE ( 'NONE',  #4915 ) ;
#3075 = AXIS2_PLACEMENT_3D ( 'NONE', #2644, #707, #4925 ) ;
#3076 = VECTOR ( 'NONE', #574, 39.37007874015748143 ) ;
#3077 = CARTESIAN_POINT ( 'NONE',  ( 2.263779527559055982, 1.200787401574803237, -2.473919972338836537 ) ) ;
#3078 = FACE_OUTER_BOUND ( 'NONE', #5549, .T. ) ;
#3079 = EDGE_CURVE ( 'NONE', #5666, #2736, #5843, .T. ) ;
#3080 = ORIENTED_EDGE ( 'NONE', *, *, #7569, .T. ) ;
#3081 = ORIENTED_EDGE ( 'NONE', *, *, #3542, .F. ) ;
#3082 = CARTESIAN_POINT ( 'NONE',  ( 2.567294884977032510, 0.5905511811023628210, -1.395110505480981367 ) ) ;
#3083 = AXIS2_PLACEMENT_3D ( 'NONE', #2759, #339, #2725 ) ;
#3084 = FACE_OUTER_BOUND ( 'NONE', #5656, .T. ) ;
#3085 = CARTESIAN_POINT ( 'NONE',  ( 1.801687673616512830, 1.082677165354330784, -0.4625610467629446276 ) ) ;
#3086 = LINE ( 'NONE', #4872, #3917 ) ;
#3087 = DIRECTION ( 'NONE',  ( 0.6313919323779867421, 0.000000000000000000, -0.7754638790607799592 ) ) ;
#3088 = EDGE_CURVE ( 'NONE', #2870, #4859, #7631, .T. ) ;
#3089 = AXIS2_PLACEMENT_3D ( 'NONE', #3847, #4285, #4913 ) ;
#3090 = DIRECTION ( 'NONE',  ( -0.000000000000000000, -1.000000000000000000, -0.000000000000000000 ) ) ;
#3091 = EDGE_LOOP ( 'NONE', ( #318, #2198, #5805, #7050, #5836, #2674, #2813, #5528, #7543, #4099, #7571, #760, #6631, #3699, #273, #6277, #6492, #662, #6089, #4294, #6354, #7378, #6562, #7530, #3694, #3636, #4620, #5309, #5892, #6479, #1961, #2852, #1876, #1815, #7002, #7140, #6951, #3394, #640, #6523, #117, #7622, #1215, #1697, #6933, #4061, #5285, #4588, #7698, #3350, #7835, #4392, #4053, #5075, #1108 ) ) ;
#3092 = VERTEX_POINT ( 'NONE', #5764 ) ;
#3093 = CARTESIAN_POINT ( 'NONE',  ( 1.870078740157481434, 1.200787401574803237, -1.292817610134111783 ) ) ;
#3094 = VERTEX_POINT ( 'NONE', #4700 ) ;
#3095 = PLANE ( 'NONE',  #4367 ) ;
#3096 = CARTESIAN_POINT ( 'NONE',  ( 2.263779527559056426, 1.200787401574803237, -1.292817610134111783 ) ) ;
#3097 = FACE_OUTER_BOUND ( 'NONE', #3576, .T. ) ;
#3098 = ADVANCED_FACE ( 'NONE', ( #5289 ), #353, .T. ) ;
#3099 = ORIENTED_EDGE ( 'NONE', *, *, #1258, .T. ) ;
#3100 = CIRCLE ( 'NONE', #939, 0.08070866141732323251 ) ;
#3101 = DIRECTION ( 'NONE',  ( 0.000000000000000000, -1.000000000000000000, 0.000000000000000000 ) ) ;
#3102 = LINE ( 'NONE', #4382, #1809 ) ;
#3103 = DIRECTION ( 'NONE',  ( 0.3558754527953619240, 0.000000000000000000, 0.9345333927140837549 ) ) ;
#3104 = CARTESIAN_POINT ( 'NONE',  ( 4.787699978822939961, 1.377952755905512028, -0.8412721348264398102 ) ) ;
#3105 = ORIENTED_EDGE ( 'NONE', *, *, #2023, .F. ) ;
#3106 = DIRECTION ( 'NONE',  ( 0.000000000000000000, 0.000000000000000000, -1.000000000000000000 ) ) ;
#3107 = AXIS2_PLACEMENT_3D ( 'NONE', #4941, #6727, #5493 ) ;
#3108 = CYLINDRICAL_SURFACE ( 'NONE', #7837, 0.08070866141732296883 ) ;
#3109 = ORIENTED_EDGE ( 'NONE', *, *, #3477, .T. ) ;
#3110 = EDGE_LOOP ( 'NONE', ( #3567, #4017, #7774, #6324 ) ) ;
#3111 = ORIENTED_EDGE ( 'NONE', *, *, #1615, .T. ) ;
#3112 = EDGE_CURVE ( 'NONE', #2415, #6823, #2932, .T. ) ;
#3113 = CARTESIAN_POINT ( 'NONE',  ( 3.003149606299212682, 15.67005943375638211, -3.074313673126239710 ) ) ;
#3114 = DIRECTION ( 'NONE',  ( -0.000000000000000000, -1.000000000000000000, -0.000000000000000000 ) ) ;
#3115 = FACE_OUTER_BOUND ( 'NONE', #3581, .T. ) ;
#3116 = CYLINDRICAL_SURFACE ( 'NONE', #4882, 0.08070866141732323251 ) ;
#3117 = ORIENTED_EDGE ( 'NONE', *, *, #7278, .F. ) ;
#3118 = ORIENTED_EDGE ( 'NONE', *, *, #6301, .F. ) ;
#3119 = DIRECTION ( 'NONE',  ( -0.000000000000000000, -1.000000000000000000, -0.000000000000000000 ) ) ;
#3120 = CARTESIAN_POINT ( 'NONE',  ( 0.2952755905511813550, 3.882804907592494146E-16, -3.379431783362458308 ) ) ;
#3121 = ADVANCED_FACE ( 'NONE', ( #955 ), #6958, .T. ) ;
#3122 = DIRECTION ( 'NONE',  ( -0.000000000000000000, -1.000000000000000000, -0.000000000000000000 ) ) ;
#3123 = CARTESIAN_POINT ( 'NONE',  ( -0.6380868253740962226, 1.200787401574803237, -0.8817683053294802509 ) ) ;
#3124 = DIRECTION ( 'NONE',  ( 0.9345333927142741581, -0.000000000000000000, -0.3558754527948617685 ) ) ;
#3125 = VERTEX_POINT ( 'NONE', #6528 ) ;
#3126 = VERTEX_POINT ( 'NONE', #6485 ) ;
#3127 = CARTESIAN_POINT ( 'NONE',  ( -0.6908327293959752868, 1.200787401574803237, -1.760528465789668040 ) ) ;
#3128 = ORIENTED_EDGE ( 'NONE', *, *, #2660, .T. ) ;
#3129 = DIRECTION ( 'NONE',  ( -0.000000000000000000, -1.000000000000000000, -0.000000000000000000 ) ) ;
#3130 = DIRECTION ( 'NONE',  ( 0.000000000000000000, 0.000000000000000000, -1.000000000000000000 ) ) ;
#3131 = DIRECTION ( 'NONE',  ( 0.000000000000000000, -1.000000000000000000, 0.000000000000000000 ) ) ;
#3132 = ORIENTED_EDGE ( 'NONE', *, *, #5631, .T. ) ;
#3133 = DIRECTION ( 'NONE',  ( -0.000000000000000000, -1.000000000000000000, -0.000000000000000000 ) ) ;
#3134 = DIRECTION ( 'NONE',  ( 0.000000000000000000, -1.000000000000000000, 0.000000000000000000 ) ) ;
#3135 = CARTESIAN_POINT ( 'NONE',  ( 1.082677165354331672, 1.200787401574803237, -0.8991168227325369022 ) ) ;
#3136 = DIRECTION ( 'NONE',  ( 0.000000000000000000, 0.000000000000000000, -1.000000000000000000 ) ) ;
#3137 = VERTEX_POINT ( 'NONE', #1082 ) ;
#3138 = EDGE_CURVE ( 'NONE', #280, #3929, #5208, .T. ) ;
#3139 = DIRECTION ( 'NONE',  ( 0.000000000000000000, 0.000000000000000000, 1.000000000000000000 ) ) ;
#3140 = ADVANCED_FACE ( 'NONE', ( #2192 ), #314, .F. ) ;
#3141 = VECTOR ( 'NONE', #3771, 39.37007874015748143 ) ;
#3142 = CARTESIAN_POINT ( 'NONE',  ( -1.256569357273963794, 1.082677165354330784, -1.023621443728597757 ) ) ;
#3143 = DIRECTION ( 'NONE',  ( 0.000000000000000000, 0.000000000000000000, -1.000000000000000000 ) ) ;
#3144 = ORIENTED_EDGE ( 'NONE', *, *, #7841, .F. ) ;
#3145 = ORIENTED_EDGE ( 'NONE', *, *, #1052, .F. ) ;
#3146 = VECTOR ( 'NONE', #2685, 39.37007874015748143 ) ;
#3147 = ORIENTED_EDGE ( 'NONE', *, *, #4800, .T. ) ;
#3148 = CARTESIAN_POINT ( 'NONE',  ( 1.476377952755906220, 1.200787401574803237, -2.393211310921513402 ) ) ;
#3149 = EDGE_CURVE ( 'NONE', #1866, #2816, #6619, .T. ) ;
#3150 = CARTESIAN_POINT ( 'NONE',  ( 0.6889763779527567911, 1.200787401574803237, -1.373526271551434919 ) ) ;
#3151 = VECTOR ( 'NONE', #4539, 39.37007874015748143 ) ;
#3152 = AXIS2_PLACEMENT_3D ( 'NONE', #6178, #3642, #1930 ) ;
#3153 = EDGE_CURVE ( 'NONE', #7671, #1253, #6101, .T. ) ;
#3154 = CARTESIAN_POINT ( 'NONE',  ( 1.870078740157481434, 1.200787401574803237, -0.5861246967482850456 ) ) ;
#3155 = DIRECTION ( 'NONE',  ( 0.7664256734729305576, -0.000000000000000000, -0.6423330032324080507 ) ) ;
#3156 = ORIENTED_EDGE ( 'NONE', *, *, #449, .F. ) ;
#3157 = VERTEX_POINT ( 'NONE', #2701 ) ;
#3158 = VECTOR ( 'NONE', #2109, 39.37007874015748854 ) ;
#3159 = CARTESIAN_POINT ( 'NONE',  ( 2.263779527559056426, 1.200787401574803237, -1.212108948716788648 ) ) ;
#3160 = LINE ( 'NONE', #2002, #1918 ) ;
#3161 = LINE ( 'NONE', #808, #2540 ) ;
#3162 = DIRECTION ( 'NONE',  ( -0.000000000000000000, -1.000000000000000000, -0.000000000000000000 ) ) ;
#3163 = DIRECTION ( 'NONE',  ( -0.7664256734729305576, 0.000000000000000000, 0.6423330032324080507 ) ) ;
#3164 = ORIENTED_EDGE ( 'NONE', *, *, #438, .T. ) ;
#3165 = ORIENTED_EDGE ( 'NONE', *, *, #4221, .T. ) ;
#3166 = DIRECTION ( 'NONE',  ( 0.000000000000000000, 0.000000000000000000, -1.000000000000000000 ) ) ;
#3167 = ORIENTED_EDGE ( 'NONE', *, *, #4199, .T. ) ;
#3168 = DIRECTION ( 'NONE',  ( 0.000000000000000000, -0.000000000000000000, -1.000000000000000000 ) ) ;
#3169 = DIRECTION ( 'NONE',  ( 0.000000000000000000, -0.000000000000000000, 1.000000000000000000 ) ) ;
#3170 = EDGE_CURVE ( 'NONE', #2580, #582, #394, .T. ) ;
#3171 = CARTESIAN_POINT ( 'NONE',  ( 0.2952755905511819101, 1.200787401574803237, -0.8991168227325369022 ) ) ;
#3172 = EDGE_CURVE ( 'NONE', #3157, #3609, #5132, .T. ) ;
#3173 = EDGE_CURVE ( 'NONE', #4806, #2580, #5461, .T. ) ;
#3174 = VECTOR ( 'NONE', #3508, 39.37007874015748143 ) ;
#3175 = ORIENTED_EDGE ( 'NONE', *, *, #7630, .T. ) ;
#3176 = FACE_OUTER_BOUND ( 'NONE', #317, .T. ) ;
#3177 = CARTESIAN_POINT ( 'NONE',  ( 0.8267716535433065062, 1.377952755905512028, -3.737699499897893407 ) ) ;
#3178 = ORIENTED_EDGE ( 'NONE', *, *, #1435, .F. ) ;
#3179 = DIRECTION ( 'NONE',  ( 0.000000000000000000, 0.000000000000000000, -1.000000000000000000 ) ) ;
#3180 = CARTESIAN_POINT ( 'NONE',  ( 1.870078740157481212, 1.082677165354330784, -2.473919972338836537 ) ) ;
#3181 = EDGE_LOOP ( 'NONE', ( #4982, #6615 ) ) ;
#3182 = CARTESIAN_POINT ( 'NONE',  ( 0.2952755905511813550, 3.882804907592494146E-16, -3.615652255803403214 ) ) ;
#3183 = DIRECTION ( 'NONE',  ( -0.000000000000000000, -1.000000000000000000, -0.000000000000000000 ) ) ;
#3184 = DIRECTION ( 'NONE',  ( 0.000000000000000000, 0.000000000000000000, 1.000000000000000000 ) ) ;
#3185 = VECTOR ( 'NONE', #6620, 39.37007874015748143 ) ;
#3186 = ORIENTED_EDGE ( 'NONE', *, *, #6997, .F. ) ;
#3187 = CIRCLE ( 'NONE', #7379, 0.08070866141732309373 ) ;
#3188 = VERTEX_POINT ( 'NONE', #3027 ) ;
#3189 = VECTOR ( 'NONE', #5818, 39.37007874015748143 ) ;
#3190 = DIRECTION ( 'NONE',  ( -0.9345333927142727148, 0.000000000000000000, 0.3558754527948657653 ) ) ;
#3191 = DIRECTION ( 'NONE',  ( -0.000000000000000000, -1.000000000000000000, -0.000000000000000000 ) ) ;
#3192 = AXIS2_PLACEMENT_3D ( 'NONE', #6755, #6116, #2462 ) ;
#3193 = VECTOR ( 'NONE', #6012, 39.37007874015748143 ) ;
#3194 = DIRECTION ( 'NONE',  ( 0.000000000000000000, -0.000000000000000000, -1.000000000000000000 ) ) ;
#3195 = LINE ( 'NONE', #47, #2082 ) ;
#3196 = VERTEX_POINT ( 'NONE', #7322 ) ;
#3197 = AXIS2_PLACEMENT_3D ( 'NONE', #6306, #5780, #291 ) ;
#3198 = ORIENTED_EDGE ( 'NONE', *, *, #4854, .T. ) ;
#3199 = DIRECTION ( 'NONE',  ( 0.000000000000000000, 1.000000000000000000, 0.000000000000000000 ) ) ;
#3200 = DIRECTION ( 'NONE',  ( 0.000000000000000000, 0.000000000000000000, -1.000000000000000000 ) ) ;
#3201 = CIRCLE ( 'NONE', #6497, 0.08070866141732241372 ) ;
#3202 = CARTESIAN_POINT ( 'NONE',  ( 0.000000000000000000, 0.000000000000000000, -5.387305799110489346 ) ) ;
#3203 = AXIS2_PLACEMENT_3D ( 'NONE', #3171, #659, #3652 ) ;
#3204 = VECTOR ( 'NONE', #758, 39.37007874015748143 ) ;
#3205 = DIRECTION ( 'NONE',  ( 1.000000000000000000, 0.000000000000000000, 0.000000000000000000 ) ) ;
#3206 = VECTOR ( 'NONE', #3331, 39.37007874015748143 ) ;
#3207 = EDGE_CURVE ( 'NONE', #696, #7169, #6014, .T. ) ;
#3208 = VECTOR ( 'NONE', #7662, 39.37007874015748854 ) ;
#3209 = LINE ( 'NONE', #7417, #1824 ) ;
#3210 = AXIS2_PLACEMENT_3D ( 'NONE', #5785, #334, #4009 ) ;
#3211 = ORIENTED_EDGE ( 'NONE', *, *, #4514, .F. ) ;
#3212 = EDGE_CURVE ( 'NONE', #7103, #5145, #896, .T. ) ;
#3213 =( CONVERSION_BASED_UNIT ( 'INCH', #1334 ) LENGTH_UNIT ( ) NAMED_UNIT ( #6293 ) );
#3214 = ORIENTED_EDGE ( 'NONE', *, *, #2906, .F. ) ;
#3215 = CARTESIAN_POINT ( 'NONE',  ( -1.418258628847015812, 1.200787401574803237, -2.254467310113222211 ) ) ;
#3216 = CARTESIAN_POINT ( 'NONE',  ( 2.263779527559056426, 1.200787401574803237, -0.8991168227325369022 ) ) ;
#3217 = PLANE ( 'NONE',  #6249 ) ;
#3218 = ORIENTED_EDGE ( 'NONE', *, *, #6796, .F. ) ;
#3219 = CARTESIAN_POINT ( 'NONE',  ( -0.8876831230967642261, 1.200787401574803237, -2.020774687752044052 ) ) ;
#3220 = DIRECTION ( 'NONE',  ( 0.000000000000000000, -1.000000000000000000, 0.000000000000000000 ) ) ;
#3221 = DIRECTION ( 'NONE',  ( -0.000000000000000000, -1.000000000000000000, -0.000000000000000000 ) ) ;
#3222 = DIRECTION ( 'NONE',  ( 0.000000000000000000, 0.000000000000000000, -1.000000000000000000 ) ) ;
#3223 = ORIENTED_EDGE ( 'NONE', *, *, #2306, .T. ) ;
#3224 = CARTESIAN_POINT ( 'NONE',  ( -1.622338793878041363, 1.200787401574803237, -2.586542722227977542 ) ) ;
#3225 = PRODUCT_DEFINITION ( 'UNKNOWN', '', #4928, #7598 ) ;
#3226 = CARTESIAN_POINT ( 'NONE',  ( -0.6908327293959752868, 1.082677165354330784, -1.760528465789668040 ) ) ;
#3227 = DIRECTION ( 'NONE',  ( 0.000000000000000000, 0.000000000000000000, 1.000000000000000000 ) ) ;
#3228 = ORIENTED_EDGE ( 'NONE', *, *, #1615, .F. ) ;
#3229 = EDGE_LOOP ( 'NONE', ( #7328, #3539 ) ) ;
#3230 = AXIS2_PLACEMENT_3D ( 'NONE', #1768, #1099, #7726 ) ;
#3231 = CARTESIAN_POINT ( 'NONE',  ( -1.425488400177252757, 1.200787401574803237, -2.245587838848277951 ) ) ;
#3232 = CYLINDRICAL_SURFACE ( 'NONE', #4168, 0.08070866141732309373 ) ;
#3233 = CARTESIAN_POINT ( 'NONE',  ( 3.051181102362205966, 1.200787401574803237, -1.999510523519938410 ) ) ;
#3234 = PLANE ( 'NONE',  #1746 ) ;
#3235 = ORIENTED_EDGE ( 'NONE', *, *, #5085, .F. ) ;
#3236 = EDGE_LOOP ( 'NONE', ( #7130, #3492, #3747, #6425 ) ) ;
#3237 = DIRECTION ( 'NONE',  ( 0.000000000000000000, 0.000000000000000000, -1.000000000000000000 ) ) ;
#3238 = CARTESIAN_POINT ( 'NONE',  ( -0.6102362204724406380, 0.000000000000000000, 0.000000000000000000 ) ) ;
#3239 = ADVANCED_FACE ( 'NONE', ( #3630 ), #5409, .T. ) ;
#3240 = DIRECTION ( 'NONE',  ( -0.000000000000000000, -1.000000000000000000, -0.000000000000000000 ) ) ;
#3241 = PRODUCT_CONTEXT ( 'NONE', #3037, 'mechanical' ) ;
#3242 = ORIENTED_EDGE ( 'NONE', *, *, #714, .F. ) ;
#3243 = CARTESIAN_POINT ( 'NONE',  ( 0.3032035753174461834, 1.082677165354330784, 0.7962163832857609425 ) ) ;
#3244 = DIRECTION ( 'NONE',  ( 0.000000000000000000, 0.000000000000000000, -1.000000000000000000 ) ) ;
#3245 = CARTESIAN_POINT ( 'NONE',  ( 3.228346456692913424, 0.8464566929133860995, -3.379431783362458308 ) ) ;
#3246 = EDGE_CURVE ( 'NONE', #7727, #1255, #4305, .T. ) ;
#3247 = VERTEX_POINT ( 'NONE', #3672 ) ;
#3248 = DIRECTION ( 'NONE',  ( -1.264902534566421675E-16, -1.000000000000000000, 0.000000000000000000 ) ) ;
#3249 = DIRECTION ( 'NONE',  ( -0.1730638617519519584, 0.000000000000000000, -0.9849106049563591814 ) ) ;
#3250 = AXIS2_PLACEMENT_3D ( 'NONE', #5450, #1284, #4945 ) ;
#3251 = CYLINDRICAL_SURFACE ( 'NONE', #2052, 0.08070866141732296883 ) ;
#3252 = DIRECTION ( 'NONE',  ( 0.000000000000000000, 0.000000000000000000, -1.000000000000000000 ) ) ;
#3253 = DIRECTION ( 'NONE',  ( -0.000000000000000000, -1.000000000000000000, -0.000000000000000000 ) ) ;
#3254 = FACE_OUTER_BOUND ( 'NONE', #3708, .T. ) ;
#3255 = PRODUCT_DEFINITION_SHAPE ( 'NONE', 'NONE',  #3225 ) ;
#3256 = EDGE_CURVE ( 'NONE', #3446, #7195, #3701, .T. ) ;
#3257 = CARTESIAN_POINT ( 'NONE',  ( 1.082677165354331672, 1.200787401574803237, -2.160927846354584680 ) ) ;
#3258 = ORIENTED_EDGE ( 'NONE', *, *, #5371, .F. ) ;
#3259 = ORIENTED_EDGE ( 'NONE', *, *, #4949, .T. ) ;
#3260 = AXIS2_PLACEMENT_3D ( 'NONE', #4820, #1205, #1942 ) ;
#3261 = DIRECTION ( 'NONE',  ( 0.000000000000000000, 0.000000000000000000, -1.000000000000000000 ) ) ;
#3262 = ADVANCED_FACE ( 'NONE', ( #7239 ), #679, .F. ) ;
#3263 = FACE_OUTER_BOUND ( 'NONE', #918, .T. ) ;
#3264 = ADVANCED_FACE ( 'NONE', ( #1718 ), #4267, .F. ) ;
#3265 = VECTOR ( 'NONE', #4084, 39.37007874015748854 ) ;
#3266 = ADVANCED_FACE ( 'NONE', ( #6083 ), #632, .T. ) ;
#3267 = PLANE ( 'NONE',  #3588 ) ;
#3268 = LINE ( 'NONE', #6377, #6151 ) ;
#3269 = VERTEX_POINT ( 'NONE', #2474 ) ;
#3270 = ORIENTED_EDGE ( 'NONE', *, *, #3603, .T. ) ;
#3271 = CARTESIAN_POINT ( 'NONE',  ( 3.228346456692913424, 0.000000000000000000, -4.885337295173484584 ) ) ;
#3272 = CARTESIAN_POINT ( 'NONE',  ( -1.175892102454584753, 1.200787401574803237, -1.025872795008390570 ) ) ;
#3273 = PLANE ( 'NONE',  #3954 ) ;
#3274 = EDGE_CURVE ( 'NONE', #2259, #3157, #5530, .T. ) ;
#3275 = AXIS2_PLACEMENT_3D ( 'NONE', #3818, #5522, #709 ) ;
#3276 = CYLINDRICAL_SURFACE ( 'NONE', #5556, 0.08070866141732323251 ) ;
#3277 = CIRCLE ( 'NONE', #2509, 0.08070866141732323251 ) ;
#3278 = ORIENTED_EDGE ( 'NONE', *, *, #2089, .F. ) ;
#3279 = ADVANCED_FACE ( 'NONE', ( #7056 ), #3969, .T. ) ;
#3280 = ORIENTED_EDGE ( 'NONE', *, *, #5613, .T. ) ;
#3281 = DIRECTION ( 'NONE',  ( 0.000000000000000000, -1.000000000000000000, 0.000000000000000000 ) ) ;
#3282 = LINE ( 'NONE', #6229, #5231 ) ;
#3283 = LINE ( 'NONE', #6895, #392 ) ;
#3284 = EDGE_LOOP ( 'NONE', ( #2377, #7676, #7177, #7720 ) ) ;
#3285 = DIRECTION ( 'NONE',  ( 0.000000000000000000, -1.000000000000000000, 0.000000000000000000 ) ) ;
#3286 = DIRECTION ( 'NONE',  ( 0.000000000000000000, -1.000000000000000000, 0.000000000000000000 ) ) ;
#3287 = ORIENTED_EDGE ( 'NONE', *, *, #1377, .F. ) ;
#3288 = EDGE_CURVE ( 'NONE', #4704, #3738, #2841, .T. ) ;
#3289 = CARTESIAN_POINT ( 'NONE',  ( 1.476377952755906664, 1.200787401574803237, -0.5054160353309620213 ) ) ;
#3290 = VERTEX_POINT ( 'NONE', #1062 ) ;
#3291 = LINE ( 'NONE', #3979, #1788 ) ;
#3292 = DIRECTION ( 'NONE',  ( 0.000000000000000000, 0.000000000000000000, -1.000000000000000000 ) ) ;
#3293 = VERTEX_POINT ( 'NONE', #3480 ) ;
#3294 = LINE ( 'NONE', #5705, #1670 ) ;
#3295 = DIRECTION ( 'NONE',  ( 0.000000000000000000, -1.000000000000000000, 0.000000000000000000 ) ) ;
#3296 = ORIENTED_EDGE ( 'NONE', *, *, #2887, .F. ) ;
#3297 = CARTESIAN_POINT ( 'NONE',  ( 2.060615845872331153, 1.082677165354330784, -2.530810222861274994 ) ) ;
#3298 = ORIENTED_EDGE ( 'NONE', *, *, #2548, .T. ) ;
#3299 = ORIENTED_EDGE ( 'NONE', *, *, #6129, .T. ) ;
#3300 = CARTESIAN_POINT ( 'NONE',  ( 4.335973245113390995, 0.5905511811023628210, -1.705894352930639846 ) ) ;
#3301 = CARTESIAN_POINT ( 'NONE',  ( -1.084533516797553387, 1.200787401574803237, -2.361729571131744088 ) ) ;
#3302 = AXIS2_PLACEMENT_3D ( 'NONE', #953, #6445, #3379 ) ;
#3303 = CARTESIAN_POINT ( 'NONE',  ( 1.870078740157481434, 1.200787401574803237, -0.8991168227325369022 ) ) ;
#3304 = EDGE_CURVE ( 'NONE', #6010, #5886, #4339, .T. ) ;
#3305 = VECTOR ( 'NONE', #1723, 39.37007874015748143 ) ;
#3306 = ORIENTED_EDGE ( 'NONE', *, *, #6784, .T. ) ;
#3307 = ORIENTED_EDGE ( 'NONE', *, *, #3439, .F. ) ;
#3308 = EDGE_CURVE ( 'NONE', #4142, #1780, #331, .T. ) ;
#3309 = VERTEX_POINT ( 'NONE', #7688 ) ;
#3310 = DIRECTION ( 'NONE',  ( 0.9849106049563591814, -0.000000000000000000, -0.1730638617519519584 ) ) ;
#3311 = DIRECTION ( 'NONE',  ( 0.000000000000000000, -1.000000000000000000, 0.000000000000000000 ) ) ;
#3312 = LINE ( 'NONE', #5732, #6611 ) ;
#3313 = AXIS2_PLACEMENT_3D ( 'NONE', #6678, #3663, #671 ) ;
#3314 = CARTESIAN_POINT ( 'NONE',  ( 1.870078740157481434, 1.082677165354330784, -2.160927846354584680 ) ) ;
#3315 = AXIS2_PLACEMENT_3D ( 'NONE', #285, #5296, #361 ) ;
#3316 = VECTOR ( 'NONE', #4038, 39.37007874015748143 ) ;
#3317 = ORIENTED_EDGE ( 'NONE', *, *, #5142, .F. ) ;
#3318 = AXIS2_PLACEMENT_3D ( 'NONE', #6193, #6639, #1827 ) ;
#3319 = ORIENTED_EDGE ( 'NONE', *, *, #5855, .T. ) ;
#3320 = VECTOR ( 'NONE', #4015, 39.37007874015748143 ) ;
#3321 = CARTESIAN_POINT ( 'NONE',  ( 0.000000000000000000, 0.5511811023622049666, -3.074313673126239710 ) ) ;
#3322 = AXIS2_PLACEMENT_3D ( 'NONE', #3356, #1530, #5220 ) ;
#3323 = DIRECTION ( 'NONE',  ( 0.000000000000000000, 0.000000000000000000, -1.000000000000000000 ) ) ;
#3324 = CARTESIAN_POINT ( 'NONE',  ( 1.840021350770290054, 0.000000000000000000, -0.7004796041183750654 ) ) ;
#3325 = CIRCLE ( 'NONE', #3587, 0.08070866141732296883 ) ;
#3326 = VECTOR ( 'NONE', #418, 39.37007874015748143 ) ;
#3327 = ORIENTED_EDGE ( 'NONE', *, *, #3378, .T. ) ;
#3328 = CYLINDRICAL_SURFACE ( 'NONE', #1933, 0.08070866141732323251 ) ;
#3329 = DIRECTION ( 'NONE',  ( 0.000000000000000000, -1.000000000000000000, 0.000000000000000000 ) ) ;
#3330 = VERTEX_POINT ( 'NONE', #5744 ) ;
#3331 = DIRECTION ( 'NONE',  ( 0.000000000000000000, 0.000000000000000000, 1.000000000000000000 ) ) ;
#3332 = DIRECTION ( 'NONE',  ( 0.000000000000000000, -1.000000000000000000, 0.000000000000000000 ) ) ;
#3333 = CARTESIAN_POINT ( 'NONE',  ( -1.622338793878041363, 1.082677165354330784, -2.586542722227977542 ) ) ;
#3334 = VECTOR ( 'NONE', #2017, 39.37007874015748143 ) ;
#3335 = DIRECTION ( 'NONE',  ( 0.000000000000000000, 0.000000000000000000, -1.000000000000000000 ) ) ;
#3336 = EDGE_LOOP ( 'NONE', ( #7063, #6079, #5241, #4901 ) ) ;
#3337 = AXIS2_PLACEMENT_3D ( 'NONE', #1855, #2012, #1298 ) ;
#3338 = CARTESIAN_POINT ( 'NONE',  ( 1.082677165354331672, 1.200787401574803237, -2.160927846354584680 ) ) ;
#3339 = VERTEX_POINT ( 'NONE', #5149 ) ;
#3340 = APPLICATION_CONTEXT ( 'automotive_design' ) ;
#3341 = EDGE_LOOP ( 'NONE', ( #6459, #2733, #2491, #4256 ) ) ;
#3342 = DIRECTION ( 'NONE',  ( 0.000000000000000000, -1.000000000000000000, 0.000000000000000000 ) ) ;
#3343 = DIRECTION ( 'NONE',  ( -0.000000000000000000, -1.000000000000000000, -0.000000000000000000 ) ) ;
#3344 = CARTESIAN_POINT ( 'NONE',  ( 2.634351276868853287, -0.4493119067901159003, -3.615159246651076241 ) ) ;
#3345 = LINE ( 'NONE', #5683, #3479 ) ;
#3346 = ORIENTED_EDGE ( 'NONE', *, *, #5933, .T. ) ;
#3347 = VERTEX_POINT ( 'NONE', #4563 ) ;
#3348 = CIRCLE ( 'NONE', #3472, 0.08070866141732323251 ) ;
#3349 = ADVANCED_FACE ( 'NONE', ( #2998 ), #567, .F. ) ;
#3350 = ORIENTED_EDGE ( 'NONE', *, *, #2798, .T. ) ;
#3351 = DIRECTION ( 'NONE',  ( 0.000000000000000000, 0.000000000000000000, -1.000000000000000000 ) ) ;
#3352 = CARTESIAN_POINT ( 'NONE',  ( 4.410922161620142390, 0.5905511811023628210, -1.279358264170010528 ) ) ;
#3353 = FACE_OUTER_BOUND ( 'NONE', #6673, .T. ) ;
#3354 = FACE_OUTER_BOUND ( 'NONE', #7105, .T. ) ;
#3355 = VECTOR ( 'NONE', #166, 39.37007874015748143 ) ;
#3356 = CARTESIAN_POINT ( 'NONE',  ( 5.270235652629458478, 0.1968503937007874127, 6.288395410325986923 ) ) ;
#3357 = EDGE_LOOP ( 'NONE', ( #2999, #4046, #3949, #7357 ) ) ;
#3358 = EDGE_CURVE ( 'NONE', #4476, #3309, #5456, .T. ) ;
#3359 = ORIENTED_EDGE ( 'NONE', *, *, #4376, .F. ) ;
#3360 = DIRECTION ( 'NONE',  ( 0.000000000000000000, -1.000000000000000000, 0.000000000000000000 ) ) ;
#3361 = CARTESIAN_POINT ( 'NONE',  ( 1.476377952755906664, 1.200787401574803237, -1.686518397535686553 ) ) ;
#3362 = DIRECTION ( 'NONE',  ( -0.1590695136534966692, 0.000000000000000000, 0.9872673851728517302 ) ) ;
#3363 = DIRECTION ( 'NONE',  ( -7.850462293418893090E-17, 0.7071067811865459074, -0.7071067811865492381 ) ) ;
#3364 = ORIENTED_EDGE ( 'NONE', *, *, #6220, .F. ) ;
#3365 = CARTESIAN_POINT ( 'NONE',  ( 1.082677165354331672, 1.200787401574803237, -1.605809736118363640 ) ) ;
#3366 = DIRECTION ( 'NONE',  ( 0.000000000000000000, 0.000000000000000000, -1.000000000000000000 ) ) ;
#3367 = EDGE_LOOP ( 'NONE', ( #7592, #391 ) ) ;
#3368 = DIRECTION ( 'NONE',  ( 0.000000000000000000, 0.000000000000000000, -1.000000000000000000 ) ) ;
#3369 = ORIENTED_EDGE ( 'NONE', *, *, #6676, .F. ) ;
#3370 = DIRECTION ( 'NONE',  ( 0.000000000000000000, -1.000000000000000000, 0.000000000000000000 ) ) ;
#3371 = CARTESIAN_POINT ( 'NONE',  ( 0.6889763779527567911, 1.200787401574803237, -1.686518397535686553 ) ) ;
#3372 = DIRECTION ( 'NONE',  ( 1.000000000000000000, -0.000000000000000000, -1.110223024625156294E-16 ) ) ;
#3373 = ORIENTED_EDGE ( 'NONE', *, *, #898, .T. ) ;
#3374 = DIRECTION ( 'NONE',  ( 0.000000000000000000, 0.000000000000000000, -1.000000000000000000 ) ) ;
#3375 = ORIENTED_EDGE ( 'NONE', *, *, #7134, .T. ) ;
#3376 = EDGE_CURVE ( 'NONE', #7117, #1283, #4317, .T. ) ;
#3377 = ORIENTED_EDGE ( 'NONE', *, *, #7400, .T. ) ;
#3378 = EDGE_CURVE ( 'NONE', #1835, #6160, #4790, .T. ) ;
#3379 = DIRECTION ( 'NONE',  ( 0.000000000000000000, 0.000000000000000000, -1.000000000000000000 ) ) ;
#3380 = DIRECTION ( 'NONE',  ( -0.000000000000000000, -1.000000000000000000, -0.000000000000000000 ) ) ;
#3381 = ORIENTED_EDGE ( 'NONE', *, *, #6911, .F. ) ;
#3382 = ORIENTED_EDGE ( 'NONE', *, *, #5538, .F. ) ;
#3383 = CIRCLE ( 'NONE', #2874, 0.08070866141732283006 ) ;
#3384 = VERTEX_POINT ( 'NONE', #3683 ) ;
#3385 = ADVANCED_FACE ( 'NONE', ( #7772, #6097 ), #1767, .F. ) ;
#3386 = CARTESIAN_POINT ( 'NONE',  ( -1.498039639382837018, 0.9842519685039373689, -3.165092795364617295 ) ) ;
#3387 = CARTESIAN_POINT ( 'NONE',  ( -0.3034837922094100193, 1.082677165354330784, -0.7969522363508906304 ) ) ;
#3388 = DIRECTION ( 'NONE',  ( 0.000000000000000000, -0.000000000000000000, -1.000000000000000000 ) ) ;
#3389 = LINE ( 'NONE', #6415, #7840 ) ;
#3390 = EDGE_CURVE ( 'NONE', #3528, #7368, #259, .T. ) ;
#3391 = AXIS2_PLACEMENT_3D ( 'NONE', #5116, #2757, #5235 ) ;
#3392 = DIRECTION ( 'NONE',  ( 0.000000000000000000, 0.000000000000000000, -1.000000000000000000 ) ) ;
#3393 = ORIENTED_EDGE ( 'NONE', *, *, #3017, .F. ) ;
#3394 = ORIENTED_EDGE ( 'NONE', *, *, #3274, .F. ) ;
#3395 = CYLINDRICAL_SURFACE ( 'NONE', #776, 0.08070866141732323251 ) ;
#3396 = CYLINDRICAL_SURFACE ( 'NONE', #7110, 0.08070866141732296883 ) ;
#3397 = VECTOR ( 'NONE', #1890, 39.37007874015748143 ) ;
#3398 = EDGE_CURVE ( 'NONE', #2393, #2441, #6700, .T. ) ;
#3399 = CARTESIAN_POINT ( 'NONE',  ( -0.7630032699683352293, 1.377952755905512028, -0.6217540530803252752 ) ) ;
#3400 = VECTOR ( 'NONE', #4772, 39.37007874015748143 ) ;
#3401 = AXIS2_PLACEMENT_3D ( 'NONE', #5776, #4995, #5105 ) ;
#3402 = EDGE_LOOP ( 'NONE', ( #3258, #1533, #7347, #7659 ) ) ;
#3403 = DIRECTION ( 'NONE',  ( 0.000000000000000000, 0.000000000000000000, -1.000000000000000000 ) ) ;
#3404 = EDGE_CURVE ( 'NONE', #7390, #1079, #3187, .T. ) ;
#3405 = ORIENTED_EDGE ( 'NONE', *, *, #6335, .F. ) ;
#3406 = DIRECTION ( 'NONE',  ( 0.000000000000000000, -1.000000000000000000, 0.000000000000000000 ) ) ;
#3407 = CARTESIAN_POINT ( 'NONE',  ( 0.2952755905511819101, 1.200787401574803237, -1.999510523519938410 ) ) ;
#3408 = ADVANCED_FACE ( 'NONE', ( #3520 ), #5946, .F. ) ;
#3409 = LINE ( 'NONE', #7027, #3320 ) ;
#3410 = AXIS2_PLACEMENT_3D ( 'NONE', #7518, #278, #5608 ) ;
#3411 = ADVANCED_FACE ( 'NONE', ( #6760 ), #7277, .F. ) ;
#3412 = EDGE_CURVE ( 'NONE', #7827, #3888, #5846, .T. ) ;
#3413 = VERTEX_POINT ( 'NONE', #1832 ) ;
#3414 = DIRECTION ( 'NONE',  ( -0.000000000000000000, -1.000000000000000000, -0.000000000000000000 ) ) ;
#3415 = ORIENTED_EDGE ( 'NONE', *, *, #2096, .F. ) ;
#3416 = FACE_OUTER_BOUND ( 'NONE', #1532, .T. ) ;
#3417 = ORIENTED_EDGE ( 'NONE', *, *, #2496, .T. ) ;
#3418 = CYLINDRICAL_SURFACE ( 'NONE', #2538, 0.08070866141732309373 ) ;
#3419 = DIRECTION ( 'NONE',  ( 0.000000000000000000, -1.000000000000000000, 0.000000000000000000 ) ) ;
#3420 = CARTESIAN_POINT ( 'NONE',  ( 2.657480314960631418, 1.200787401574803237, -1.605809736118363418 ) ) ;
#3421 = VERTEX_POINT ( 'NONE', #1986 ) ;
#3422 = VERTEX_POINT ( 'NONE', #1348 ) ;
#3423 = ORIENTED_EDGE ( 'NONE', *, *, #5028, .F. ) ;
#3424 = FACE_OUTER_BOUND ( 'NONE', #1439, .T. ) ;
#3425 = CARTESIAN_POINT ( 'NONE',  ( 0.2952755905511819101, 1.181102362204724754, -3.615652255803403214 ) ) ;
#3426 = CARTESIAN_POINT ( 'NONE',  ( -0.1968503937007870241, 0.6791338582677166613, -5.347935720370331936 ) ) ;
#3427 = DIRECTION ( 'NONE',  ( -0.000000000000000000, 1.000000000000000000, -0.000000000000000000 ) ) ;
#3428 = CIRCLE ( 'NONE', #1011, 0.08070866141732283006 ) ;
#3429 = AXIS2_PLACEMENT_3D ( 'NONE', #792, #3777, #1387 ) ;
#3430 = EDGE_CURVE ( 'NONE', #968, #7731, #5713, .T. ) ;
#3431 = AXIS2_PLACEMENT_3D ( 'NONE', #690, #1888, #1212 ) ;
#3432 = CARTESIAN_POINT ( 'NONE',  ( 0.6889763779527567911, 1.200787401574803237, -2.473919972338836537 ) ) ;
#3433 = VERTEX_POINT ( 'NONE', #3142 ) ;
#3434 = ORIENTED_EDGE ( 'NONE', *, *, #1978, .T. ) ;
#3435 = AXIS2_PLACEMENT_3D ( 'NONE', #7371, #691, #530 ) ;
#3436 = DIRECTION ( 'NONE',  ( -1.000000000000000000, 0.000000000000000000, 0.000000000000000000 ) ) ;
#3437 = DIRECTION ( 'NONE',  ( 0.000000000000000000, 0.000000000000000000, -1.000000000000000000 ) ) ;
#3438 = DIRECTION ( 'NONE',  ( 0.000000000000000000, 1.000000000000000000, 0.000000000000000000 ) ) ;
#3439 = EDGE_CURVE ( 'NONE', #544, #5709, #2417, .T. ) ;
#3440 = AXIS2_PLACEMENT_3D ( 'NONE', #3034, #127, #641 ) ;
#3441 = CIRCLE ( 'NONE', #5599, 0.08070866141732323251 ) ;
#3442 = VECTOR ( 'NONE', #188, 39.37007874015748143 ) ;
#3443 = ORIENTED_EDGE ( 'NONE', *, *, #2458, .T. ) ;
#3444 = CARTESIAN_POINT ( 'NONE',  ( 1.476377952755906664, 1.082677165354330784, -1.292817610134111783 ) ) ;
#3445 = CARTESIAN_POINT ( 'NONE',  ( 0.6889763779527567911, 1.082677165354330784, -0.8991168227325369022 ) ) ;
#3446 = VERTEX_POINT ( 'NONE', #1228 ) ;
#3447 = CARTESIAN_POINT ( 'NONE',  ( 1.476377952755906664, 1.200787401574803237, -0.8184081613152137669 ) ) ;
#3448 = ORIENTED_EDGE ( 'NONE', *, *, #7738, .T. ) ;
#3449 = DIRECTION ( 'NONE',  ( -0.000000000000000000, -1.000000000000000000, -0.000000000000000000 ) ) ;
#3450 = DIRECTION ( 'NONE',  ( -1.779090322897997083E-33, -1.000000000000000000, 1.491036208312960150E-33 ) ) ;
#3451 = CARTESIAN_POINT ( 'NONE',  ( 4.625984251968502825, 1.377952755905512028, -1.761600230795116850 ) ) ;
#3452 = CIRCLE ( 'NONE', #18, 0.08070866141732323251 ) ;
#3453 = AXIS2_PLACEMENT_3D ( 'NONE', #2500, #4090, #2691 ) ;
#3454 = EDGE_LOOP ( 'NONE', ( #6145, #3547, #2743, #5998 ) ) ;
#3455 = DIRECTION ( 'NONE',  ( -0.000000000000000000, 1.000000000000000000, -0.000000000000000000 ) ) ;
#3456 = AXIS2_PLACEMENT_3D ( 'NONE', #6864, #6280, #3249 ) ;
#3457 = ORIENTED_EDGE ( 'NONE', *, *, #3743, .T. ) ;
#3458 = DIRECTION ( 'NONE',  ( 0.000000000000000000, -1.000000000000000000, 0.000000000000000000 ) ) ;
#3459 = EDGE_CURVE ( 'NONE', #6938, #4738, #1153, .T. ) ;
#3460 = CIRCLE ( 'NONE', #7519, 0.08070866141732309373 ) ;
#3461 = VERTEX_POINT ( 'NONE', #5482 ) ;
#3462 = DIRECTION ( 'NONE',  ( 0.000000000000000000, 0.000000000000000000, -1.000000000000000000 ) ) ;
#3463 = CARTESIAN_POINT ( 'NONE',  ( -0.1181102362204720091, 0.6791338582677166613, -5.347935720370331936 ) ) ;
#3464 = DIRECTION ( 'NONE',  ( 0.000000000000000000, 0.000000000000000000, -1.000000000000000000 ) ) ;
#3465 = EDGE_LOOP ( 'NONE', ( #3111, #2505 ) ) ;
#3466 = ORIENTED_EDGE ( 'NONE', *, *, #282, .F. ) ;
#3467 = ORIENTED_EDGE ( 'NONE', *, *, #3752, .T. ) ;
#3468 = DIRECTION ( 'NONE',  ( 0.000000000000000000, 0.000000000000000000, -1.000000000000000000 ) ) ;
#3469 = CARTESIAN_POINT ( 'NONE',  ( 1.870078740157481434, 1.200787401574803237, -2.160927846354584680 ) ) ;
#3470 = CARTESIAN_POINT ( 'NONE',  ( 1.870078740157481434, 1.200787401574803237, -2.080219184937261545 ) ) ;
#3471 = CARTESIAN_POINT ( 'NONE',  ( 3.228346456692913424, 1.102362204724409489, -3.379431783362458308 ) ) ;
#3472 = AXIS2_PLACEMENT_3D ( 'NONE', #3801, #56, #2487 ) ;
#3473 = CYLINDRICAL_SURFACE ( 'NONE', #5723, 0.08070866141732323251 ) ;
#3474 = ORIENTED_EDGE ( 'NONE', *, *, #6310, .T. ) ;
#3475 = DIRECTION ( 'NONE',  ( 0.000000000000000000, -0.000000000000000000, -1.000000000000000000 ) ) ;
#3476 = DIRECTION ( 'NONE',  ( 0.000000000000000000, -1.000000000000000000, 0.000000000000000000 ) ) ;
#3477 = EDGE_CURVE ( 'NONE', #1381, #4578, #3825, .T. ) ;
#3478 = CARTESIAN_POINT ( 'NONE',  ( 1.082677165354331672, 1.200787401574803237, -1.212108948716788870 ) ) ;
#3479 = VECTOR ( 'NONE', #2110, 39.37007874015748854 ) ;
#3480 = CARTESIAN_POINT ( 'NONE',  ( 2.657480314960631418, 1.082677165354330784, -0.5861246967482850456 ) ) ;
#3481 = DIRECTION ( 'NONE',  ( 1.000000000000000000, -9.100188726435714521E-16, 0.000000000000000000 ) ) ;
#3482 = VERTEX_POINT ( 'NONE', #7202 ) ;
#3483 = FACE_BOUND ( 'NONE', #1192, .T. ) ;
#3484 = CARTESIAN_POINT ( 'NONE',  ( 0.6889763779527567911, 1.200787401574803237, -0.9798254841498599266 ) ) ;
#3485 = ORIENTED_EDGE ( 'NONE', *, *, #3358, .T. ) ;
#3486 = CARTESIAN_POINT ( 'NONE',  ( 4.275206133378123496, 0.5905511811023628210, -1.255510881645135246 ) ) ;
#3487 = ORIENTED_EDGE ( 'NONE', *, *, #6424, .F. ) ;
#3488 = CARTESIAN_POINT ( 'NONE',  ( 0.6889763779527567911, 1.200787401574803237, -2.393211310921513402 ) ) ;
#3489 = DIRECTION ( 'NONE',  ( 0.000000000000000000, 0.000000000000000000, -1.000000000000000000 ) ) ;
#3490 = ADVANCED_FACE ( 'NONE', ( #4184 ), #596, .F. ) ;
#3491 = EDGE_CURVE ( 'NONE', #3057, #4627, #137, .T. ) ;
#3492 = ORIENTED_EDGE ( 'NONE', *, *, #5052, .F. ) ;
#3493 = DIRECTION ( 'NONE',  ( 1.000000000000000000, -1.084202172485504311E-16, 0.000000000000000000 ) ) ;
#3494 = ORIENTED_EDGE ( 'NONE', *, *, #200, .T. ) ;
#3495 = DIRECTION ( 'NONE',  ( -0.000000000000000000, -1.000000000000000000, -0.000000000000000000 ) ) ;
#3496 = VERTEX_POINT ( 'NONE', #6205 ) ;
#3497 = DIRECTION ( 'NONE',  ( -0.000000000000000000, -1.000000000000000000, -0.000000000000000000 ) ) ;
#3498 = DIRECTION ( 'NONE',  ( 0.000000000000000000, 0.000000000000000000, -1.000000000000000000 ) ) ;
#3499 = EDGE_CURVE ( 'NONE', #6518, #7308, #383, .T. ) ;
#3500 = FACE_BOUND ( 'NONE', #7313, .T. ) ;
#3501 = ORIENTED_EDGE ( 'NONE', *, *, #4800, .F. ) ;
#3502 = ORIENTED_EDGE ( 'NONE', *, *, #796, .F. ) ;
#3503 = ORIENTED_EDGE ( 'NONE', *, *, #1999, .F. ) ;
#3504 = EDGE_CURVE ( 'NONE', #6050, #3044, #7057, .T. ) ;
#3505 = CARTESIAN_POINT ( 'NONE',  ( 0.2952755905511819101, 1.200787401574803237, -2.080219184937261545 ) ) ;
#3506 = CARTESIAN_POINT ( 'NONE',  ( -0.07874015748031448769, 1.102362204724409933, -5.584156192811277286 ) ) ;
#3507 = ADVANCED_FACE ( 'NONE', ( #3538 ), #4696, .F. ) ;
#3508 = DIRECTION ( 'NONE',  ( 0.000000000000000000, 0.000000000000000000, -1.000000000000000000 ) ) ;
#3509 = DIRECTION ( 'NONE',  ( 0.000000000000000000, -1.000000000000000000, 0.000000000000000000 ) ) ;
#3510 = EDGE_CURVE ( 'NONE', #3555, #5644, #2342, .T. ) ;
#3511 = DIRECTION ( 'NONE',  ( 0.000000000000000000, 1.000000000000000000, -0.000000000000000000 ) ) ;
#3512 = EDGE_LOOP ( 'NONE', ( #6587, #3816, #1241, #6315 ) ) ;
#3513 = DIRECTION ( 'NONE',  ( 0.000000000000000000, 0.000000000000000000, -1.000000000000000000 ) ) ;
#3514 = EDGE_CURVE ( 'NONE', #6504, #2586, #4657, .T. ) ;
#3515 = CARTESIAN_POINT ( 'NONE',  ( 3.051181102362205966, 1.082677165354330784, -2.473919972338836537 ) ) ;
#3516 = DIRECTION ( 'NONE',  ( 0.000000000000000000, -1.000000000000000000, 0.000000000000000000 ) ) ;
#3517 = VECTOR ( 'NONE', #4922, 39.37007874015748143 ) ;
#3518 = LINE ( 'NONE', #6434, #2258 ) ;
#3519 = EDGE_CURVE ( 'NONE', #5303, #7025, #2226, .T. ) ;
#3520 = FACE_OUTER_BOUND ( 'NONE', #3021, .T. ) ;
#3521 = DIRECTION ( 'NONE',  ( 0.000000000000000000, 0.000000000000000000, -1.000000000000000000 ) ) ;
#3522 = AXIS2_PLACEMENT_3D ( 'NONE', #3093, #1370, #5508 ) ;
#3523 = ORIENTED_EDGE ( 'NONE', *, *, #3936, .F. ) ;
#3524 = DIRECTION ( 'NONE',  ( 0.000000000000000000, 0.000000000000000000, -1.000000000000000000 ) ) ;
#3525 = LINE ( 'NONE', #4794, #6322 ) ;
#3526 = ORIENTED_EDGE ( 'NONE', *, *, #7306, .T. ) ;
#3527 = CARTESIAN_POINT ( 'NONE',  ( 3.051181102362205966, 1.082677165354330784, -1.605809736118363418 ) ) ;
#3528 = VERTEX_POINT ( 'NONE', #429 ) ;
#3529 = LINE ( 'NONE', #7143, #3970 ) ;
#3530 = CARTESIAN_POINT ( 'NONE',  ( 2.263779527559056426, 1.200787401574803237, -0.1117152479293870848 ) ) ;
#3531 = VECTOR ( 'NONE', #3455, 39.37007874015748143 ) ;
#3532 = CIRCLE ( 'NONE', #5676, 0.08070866141732323251 ) ;
#3533 = EDGE_CURVE ( 'NONE', #1659, #6238, #6247, .T. ) ;
#3534 = ORIENTED_EDGE ( 'NONE', *, *, #7270, .T. ) ;
#3535 = CARTESIAN_POINT ( 'NONE',  ( 0.6889763779527567911, 1.082677165354330784, -1.999510523519938632 ) ) ;
#3536 = CIRCLE ( 'NONE', #3796, 0.08070866141732309373 ) ;
#3537 = EDGE_LOOP ( 'NONE', ( #949, #3877, #5922, #5196 ) ) ;
#3538 = FACE_OUTER_BOUND ( 'NONE', #326, .T. ) ;
#3539 = ORIENTED_EDGE ( 'NONE', *, *, #5726, .F. ) ;
#3540 = EDGE_CURVE ( 'NONE', #3592, #4838, #389, .T. ) ;
#3541 = CARTESIAN_POINT ( 'NONE',  ( 3.267716535433071279, 0.6791338582677166613, -5.347935720370331936 ) ) ;
#3542 = EDGE_CURVE ( 'NONE', #4451, #945, #6110, .T. ) ;
#3543 = AXIS2_PLACEMENT_3D ( 'NONE', #1571, #6847, #2077 ) ;
#3544 = EDGE_CURVE ( 'NONE', #6541, #3669, #3962, .T. ) ;
#3545 = FACE_BOUND ( 'NONE', #4770, .T. ) ;
#3546 = ORIENTED_EDGE ( 'NONE', *, *, #6599, .F. ) ;
#3547 = ORIENTED_EDGE ( 'NONE', *, *, #7362, .F. ) ;
#3548 = VERTEX_POINT ( 'NONE', #5885 ) ;
#3549 = DIRECTION ( 'NONE',  ( 0.000000000000000000, 1.000000000000000000, 0.000000000000000000 ) ) ;
#3550 = DIRECTION ( 'NONE',  ( 0.000000000000000000, -1.000000000000000000, 0.000000000000000000 ) ) ;
#3551 = DIRECTION ( 'NONE',  ( -0.000000000000000000, -1.000000000000000000, -0.000000000000000000 ) ) ;
#3552 = DIRECTION ( 'NONE',  ( -0.000000000000000000, -1.000000000000000000, -0.000000000000000000 ) ) ;
#3553 = CIRCLE ( 'NONE', #118, 0.08070866141732309373 ) ;
#3554 = DIRECTION ( 'NONE',  ( 0.000000000000000000, 0.000000000000000000, 1.000000000000000000 ) ) ;
#3555 = VERTEX_POINT ( 'NONE', #7190 ) ;
#3556 = CARTESIAN_POINT ( 'NONE',  ( 3.051181102362205966, 1.200787401574803237, -1.605809736118363418 ) ) ;
#3557 = CARTESIAN_POINT ( 'NONE',  ( 0.6889763779527567911, 1.200787401574803237, -0.9798254841498599266 ) ) ;
#3558 = EDGE_CURVE ( 'NONE', #5192, #6062, #4843, .T. ) ;
#3559 = DIRECTION ( 'NONE',  ( 0.000000000000000000, -0.000000000000000000, -1.000000000000000000 ) ) ;
#3560 = VECTOR ( 'NONE', #4022, 39.37007874015748143 ) ;
#3561 = CARTESIAN_POINT ( 'NONE',  ( 4.625844143522536811, 1.377952755905512028, -1.761968157327638895 ) ) ;
#3562 = LINE ( 'NONE', #568, #7535 ) ;
#3563 = AXIS2_PLACEMENT_3D ( 'NONE', #565, #6024, #2996 ) ;
#3564 = ORIENTED_EDGE ( 'NONE', *, *, #3288, .F. ) ;
#3565 = PLANE ( 'NONE',  #7416 ) ;
#3566 = CARTESIAN_POINT ( 'NONE',  ( -1.498039639382837018, 0.9842519685039373689, -3.289108543396113138 ) ) ;
#3567 = ORIENTED_EDGE ( 'NONE', *, *, #929, .F. ) ;
#3568 = CIRCLE ( 'NONE', #2168, 0.08070866141732241372 ) ;
#3569 = CARTESIAN_POINT ( 'NONE',  ( 0.7645818889599960144, 1.200787401574803237, -0.4771725452295185188 ) ) ;
#3570 = ADVANCED_FACE ( 'NONE', ( #2940 ), #1630, .F. ) ;
#3571 = CARTESIAN_POINT ( 'NONE',  ( -1.498039639382837018, 0.9842519685039373689, -3.354069173317372865 ) ) ;
#3572 = DIRECTION ( 'NONE',  ( 0.000000000000000000, 0.000000000000000000, -1.000000000000000000 ) ) ;
#3573 = VECTOR ( 'NONE', #1642, 39.37007874015748854 ) ;
#3574 = AXIS2_PLACEMENT_3D ( 'NONE', #2326, #1728, #6122 ) ;
#3575 = AXIS2_PLACEMENT_3D ( 'NONE', #747, #5594, #4419 ) ;
#3576 = EDGE_LOOP ( 'NONE', ( #3926, #1368, #2939, #1645 ) ) ;
#3577 = CIRCLE ( 'NONE', #145, 0.08070866141732323251 ) ;
#3578 = ORIENTED_EDGE ( 'NONE', *, *, #4307, .T. ) ;
#3579 = CARTESIAN_POINT ( 'NONE',  ( 2.657480314960630530, 1.082677165354330784, -2.473919972338836537 ) ) ;
#3580 = VECTOR ( 'NONE', #1549, 39.37007874015748143 ) ;
#3581 = EDGE_LOOP ( 'NONE', ( #503, #6481, #4507, #6521 ) ) ;
#3582 = CIRCLE ( 'NONE', #3203, 0.08070866141732283006 ) ;
#3583 = VECTOR ( 'NONE', #7663, 39.37007874015748143 ) ;
#3584 = ADVANCED_FACE ( 'NONE', ( #3416 ), #4137, .T. ) ;
#3585 = AXIS2_PLACEMENT_3D ( 'NONE', #6942, #7660, #6430 ) ;
#3586 = DIRECTION ( 'NONE',  ( 0.000000000000000000, 0.000000000000000000, -1.000000000000000000 ) ) ;
#3587 = AXIS2_PLACEMENT_3D ( 'NONE', #4798, #7852, #2408 ) ;
#3588 = AXIS2_PLACEMENT_3D ( 'NONE', #3907, #1356, #7472 ) ;
#3589 = FACE_BOUND ( 'NONE', #2513, .T. ) ;
#3590 = VERTEX_POINT ( 'NONE', #1034 ) ;
#3591 = VERTEX_POINT ( 'NONE', #5286 ) ;
#3592 = VERTEX_POINT ( 'NONE', #1668 ) ;
#3593 = DIRECTION ( 'NONE',  ( 0.000000000000000000, 0.000000000000000000, 1.000000000000000000 ) ) ;
#3594 = DIRECTION ( 'NONE',  ( 0.000000000000000000, 0.000000000000000000, -1.000000000000000000 ) ) ;
#3595 = CARTESIAN_POINT ( 'NONE',  ( 2.642243801483783461, 0.5905511811023628210, -0.9685744167203521604 ) ) ;
#3596 = CARTESIAN_POINT ( 'NONE',  ( 0.2952755905511819101, 1.082677165354330784, -2.160927846354584680 ) ) ;
#3597 = ORIENTED_EDGE ( 'NONE', *, *, #3743, .F. ) ;
#3598 = ORIENTED_EDGE ( 'NONE', *, *, #213, .F. ) ;
#3599 = DIRECTION ( 'NONE',  ( 0.000000000000000000, 0.000000000000000000, 1.000000000000000000 ) ) ;
#3600 = DIRECTION ( 'NONE',  ( 0.000000000000000000, 0.000000000000000000, -1.000000000000000000 ) ) ;
#3601 = DIRECTION ( 'NONE',  ( 0.000000000000000000, 0.000000000000000000, -1.000000000000000000 ) ) ;
#3602 = DIRECTION ( 'NONE',  ( -1.000000000000000000, 1.264902534566421675E-16, 0.000000000000000000 ) ) ;
#3603 = EDGE_CURVE ( 'NONE', #3433, #6418, #2420, .T. ) ;
#3604 = EDGE_CURVE ( 'NONE', #4451, #5487, #2298, .T. ) ;
#3605 = DIRECTION ( 'NONE',  ( 0.000000000000000000, 0.000000000000000000, -1.000000000000000000 ) ) ;
#3606 = ORIENTED_EDGE ( 'NONE', *, *, #425, .F. ) ;
#3607 = DIRECTION ( 'NONE',  ( 0.000000000000000000, -1.000000000000000000, 0.000000000000000000 ) ) ;
#3608 = CARTESIAN_POINT ( 'NONE',  ( 0.2952755905511813550, 0.5807086614173235795, -3.084156192811276842 ) ) ;
#3609 = VERTEX_POINT ( 'NONE', #4100 ) ;
#3610 = CARTESIAN_POINT ( 'NONE',  ( 6.248408823445903870, 0.9842519685039370358, 5.087021236003482549 ) ) ;
#3611 = PLANE ( 'NONE',  #1171 ) ;
#3612 = CIRCLE ( 'NONE', #3994, 0.08070866141732323251 ) ;
#3613 = EDGE_CURVE ( 'NONE', #76, #5650, #3201, .T. ) ;
#3614 = DIRECTION ( 'NONE',  ( -0.000000000000000000, -1.000000000000000000, -0.000000000000000000 ) ) ;
#3615 = EDGE_CURVE ( 'NONE', #4724, #3446, #1707, .T. ) ;
#3616 = EDGE_LOOP ( 'NONE', ( #276, #1158 ) ) ;
#3617 = ORIENTED_EDGE ( 'NONE', *, *, #3854, .F. ) ;
#3618 = CARTESIAN_POINT ( 'NONE',  ( 1.082677165354331672, 1.200787401574803237, -0.8184081613152139889 ) ) ;
#3619 = ORIENTED_EDGE ( 'NONE', *, *, #3212, .T. ) ;
#3620 = EDGE_CURVE ( 'NONE', #4466, #2295, #643, .T. ) ;
#3621 = CARTESIAN_POINT ( 'NONE',  ( 1.082677165354331672, 1.082677165354330784, -2.554628633756159672 ) ) ;
#3622 = ADVANCED_FACE ( 'NONE', ( #7625 ), #6035, .T. ) ;
#3623 = FACE_BOUND ( 'NONE', #5697, .T. ) ;
#3624 = ORIENTED_EDGE ( 'NONE', *, *, #7049, .T. ) ;
#3625 = EDGE_CURVE ( 'NONE', #4662, #5815, #770, .T. ) ;
#3626 = VERTEX_POINT ( 'NONE', #706 ) ;
#3627 = VERTEX_POINT ( 'NONE', #1782 ) ;
#3628 = CARTESIAN_POINT ( 'NONE',  ( -0.7184882070094136264, 1.200787401574803237, -1.684705892727625720 ) ) ;
#3629 = DIRECTION ( 'NONE',  ( -0.000000000000000000, -1.000000000000000000, -0.000000000000000000 ) ) ;
#3630 = FACE_OUTER_BOUND ( 'NONE', #3465, .T. ) ;
#3631 = LINE ( 'NONE', #2432, #2247 ) ;
#3632 = DIRECTION ( 'NONE',  ( -0.1590695136534806542, 0.000000000000000000, 0.9872673851728543948 ) ) ;
#3633 = CARTESIAN_POINT ( 'NONE',  ( 0.6889763779527567911, 1.082677165354330784, -0.9798254841498599266 ) ) ;
#3634 = ADVANCED_FACE ( 'NONE', ( #4215 ), #619, .F. ) ;
#3635 = VECTOR ( 'NONE', #3199, 39.37007874015748143 ) ;
#3636 = ORIENTED_EDGE ( 'NONE', *, *, #2671, .F. ) ;
#3637 = VERTEX_POINT ( 'NONE', #3659 ) ;
#3638 = DIRECTION ( 'NONE',  ( -0.000000000000000000, -1.000000000000000000, -0.000000000000000000 ) ) ;
#3639 = DIRECTION ( 'NONE',  ( 0.000000000000000000, 0.000000000000000000, 1.000000000000000000 ) ) ;
#3640 = EDGE_CURVE ( 'NONE', #5542, #5912, #7633, .T. ) ;
#3641 = DIRECTION ( 'NONE',  ( 0.000000000000000000, 0.000000000000000000, -1.000000000000000000 ) ) ;
#3642 = DIRECTION ( 'NONE',  ( 0.000000000000000000, -1.000000000000000000, 0.000000000000000000 ) ) ;
#3643 = DIRECTION ( 'NONE',  ( -0.000000000000000000, -1.000000000000000000, -0.000000000000000000 ) ) ;
#3644 = ORIENTED_EDGE ( 'NONE', *, *, #289, .F. ) ;
#3645 = EDGE_LOOP ( 'NONE', ( #2425, #2145, #1333, #4528 ) ) ;
#3646 = CARTESIAN_POINT ( 'NONE',  ( 3.228346456692913424, 0.8464566929133860995, -4.294786114071121652 ) ) ;
#3647 = EDGE_CURVE ( 'NONE', #1952, #6160, #666, .T. ) ;
#3648 = ORIENTED_EDGE ( 'NONE', *, *, #3514, .F. ) ;
#3649 = LINE ( 'NONE', #3569, #1053 ) ;
#3650 = DIRECTION ( 'NONE',  ( -0.000000000000000000, -1.000000000000000000, -0.000000000000000000 ) ) ;
#3651 = VECTOR ( 'NONE', #3427, 39.37007874015748143 ) ;
#3652 = DIRECTION ( 'NONE',  ( 0.000000000000000000, 0.000000000000000000, -1.000000000000000000 ) ) ;
#3653 = CIRCLE ( 'NONE', #5548, 0.08070866141732323251 ) ;
#3654 = AXIS2_PLACEMENT_3D ( 'NONE', #5214, #3310, #7644 ) ;
#3655 = EDGE_CURVE ( 'NONE', #4062, #366, #2178, .T. ) ;
#3656 = ORIENTED_EDGE ( 'NONE', *, *, #3039, .T. ) ;
#3657 = EDGE_CURVE ( 'NONE', #5543, #847, #2045, .T. ) ;
#3658 = ORIENTED_EDGE ( 'NONE', *, *, #6366, .T. ) ;
#3659 = CARTESIAN_POINT ( 'NONE',  ( -0.03129498633245731548, 0.9842519685039373689, -1.603963304757136221 ) ) ;
#3660 = ORIENTED_EDGE ( 'NONE', *, *, #4178, .T. ) ;
#3661 = VECTOR ( 'NONE', #6386, 39.37007874015748143 ) ;
#3662 = DIRECTION ( 'NONE',  ( -0.000000000000000000, -1.000000000000000000, -0.000000000000000000 ) ) ;
#3663 = DIRECTION ( 'NONE',  ( 0.000000000000000000, 1.000000000000000000, 0.000000000000000000 ) ) ;
#3664 = EDGE_CURVE ( 'NONE', #696, #1834, #5095, .T. ) ;
#3665 = AXIS2_PLACEMENT_3D ( 'NONE', #7355, #6124, #549 ) ;
#3666 = LINE ( 'NONE', #6038, #6578 ) ;
#3667 = VERTEX_POINT ( 'NONE', #3618 ) ;
#3668 = VERTEX_POINT ( 'NONE', #31 ) ;
#3669 = VERTEX_POINT ( 'NONE', #581 ) ;
#3670 = EDGE_CURVE ( 'NONE', #6778, #7683, #7311, .T. ) ;
#3671 = PLANE ( 'NONE',  #5831 ) ;
#3672 = CARTESIAN_POINT ( 'NONE',  ( -1.622338793878041363, 1.082677165354330784, -2.505834060810653963 ) ) ;
#3673 = CARTESIAN_POINT ( 'NONE',  ( 1.870078740157481434, 1.200787401574803237, -0.5054160353309620213 ) ) ;
#3674 = LINE ( 'NONE', #5492, #5602 ) ;
#3675 = DIRECTION ( 'NONE',  ( -1.000000000000000000, 1.084202172485504311E-16, 0.000000000000000000 ) ) ;
#3676 = ORIENTED_EDGE ( 'NONE', *, *, #4129, .T. ) ;
#3677 = ORIENTED_EDGE ( 'NONE', *, *, #6911, .T. ) ;
#3678 = CARTESIAN_POINT ( 'NONE',  ( 0.6889763779527567911, 1.082677165354330784, -0.5861246967482850456 ) ) ;
#3679 = DIRECTION ( 'NONE',  ( -0.000000000000000000, -1.000000000000000000, -0.000000000000000000 ) ) ;
#3680 = CARTESIAN_POINT ( 'NONE',  ( -1.175892102454584753, 1.200787401574803237, -1.106581456425713261 ) ) ;
#3681 = CARTESIAN_POINT ( 'NONE',  ( 1.417322834645668772, 1.181102362204724532, -3.757384539267974333 ) ) ;
#3682 = ADVANCED_FACE ( 'NONE', ( #6158 ), #2499, .T. ) ;
#3683 = CARTESIAN_POINT ( 'NONE',  ( 4.284679127849917890, 1.082677165354330784, -0.7199513920934462741 ) ) ;
#3684 = CARTESIAN_POINT ( 'NONE',  ( 0.6889763779527567911, 1.200787401574803237, -1.686518397535686553 ) ) ;
#3685 = ORIENTED_EDGE ( 'NONE', *, *, #7457, .F. ) ;
#3686 = VERTEX_POINT ( 'NONE', #3773 ) ;
#3687 = EDGE_LOOP ( 'NONE', ( #5941, #7421 ) ) ;
#3688 = AXIS2_PLACEMENT_3D ( 'NONE', #6801, #2508, #4428 ) ;
#3689 = FACE_OUTER_BOUND ( 'NONE', #5109, .T. ) ;
#3690 = EDGE_CURVE ( 'NONE', #2856, #1709, #7815, .T. ) ;
#3691 = DIRECTION ( 'NONE',  ( -0.000000000000000000, -1.000000000000000000, -0.000000000000000000 ) ) ;
#3692 = DIRECTION ( 'NONE',  ( 0.000000000000000000, -0.000000000000000000, -1.000000000000000000 ) ) ;
#3693 = VECTOR ( 'NONE', #2872, 39.37007874015748143 ) ;
#3694 = ORIENTED_EDGE ( 'NONE', *, *, #4263, .F. ) ;
#3695 = CARTESIAN_POINT ( 'NONE',  ( 1.476377952755906664, 1.200787401574803237, -0.8991168227325369022 ) ) ;
#3696 = LINE ( 'NONE', #665, #3334 ) ;
#3697 = DIRECTION ( 'NONE',  ( -0.000000000000000000, -1.000000000000000000, -0.000000000000000000 ) ) ;
#3698 = DIRECTION ( 'NONE',  ( 0.000000000000000000, 0.000000000000000000, -1.000000000000000000 ) ) ;
#3699 = ORIENTED_EDGE ( 'NONE', *, *, #1686, .T. ) ;
#3700 = AXIS2_PLACEMENT_3D ( 'NONE', #5620, #3914, #6810 ) ;
#3701 = CIRCLE ( 'NONE', #3, 0.08070866141732323251 ) ;
#3702 = CARTESIAN_POINT ( 'NONE',  ( 4.213786031045992253, 0.3423628645074748289, -1.605054163136937717 ) ) ;
#3703 = ADVANCED_FACE ( 'NONE', ( #4924 ), #3011, .F. ) ;
#3704 = VECTOR ( 'NONE', #5320, 39.37007874015748143 ) ;
#3705 = DIRECTION ( 'NONE',  ( 0.000000000000000000, 0.000000000000000000, -1.000000000000000000 ) ) ;
#3706 = VECTOR ( 'NONE', #2692, 39.37007874015748143 ) ;
#3707 = VECTOR ( 'NONE', #5592, 39.37007874015748143 ) ;
#3708 = EDGE_LOOP ( 'NONE', ( #235, #999, #1665, #7529 ) ) ;
#3709 = ORIENTED_EDGE ( 'NONE', *, *, #3376, .F. ) ;
#3710 = VERTEX_POINT ( 'NONE', #4292 ) ;
#3711 = CARTESIAN_POINT ( 'NONE',  ( 0.8267716535433065062, 1.358267716535431102, -3.757384539267974333 ) ) ;
#3712 = AXIS2_PLACEMENT_3D ( 'NONE', #4841, #6150, #1776 ) ;
#3713 = CARTESIAN_POINT ( 'NONE',  ( 1.476377952755906664, 1.200787401574803237, -1.686518397535686553 ) ) ;
#3714 = CIRCLE ( 'NONE', #4223, 0.08070866141732323251 ) ;
#3715 = DIRECTION ( 'NONE',  ( 0.000000000000000000, -0.000000000000000000, -1.000000000000000000 ) ) ;
#3716 = CARTESIAN_POINT ( 'NONE',  ( 0.6889763779527567911, 1.200787401574803237, -1.212108948716788648 ) ) ;
#3717 = ORIENTED_EDGE ( 'NONE', *, *, #4376, .T. ) ;
#3718 = ORIENTED_EDGE ( 'NONE', *, *, #2101, .F. ) ;
#3719 = CARTESIAN_POINT ( 'NONE',  ( -0.3149606299212595606, 4.628586327486060049E-16, -5.682581389661670812 ) ) ;
#3720 = DIRECTION ( 'NONE',  ( 0.000000000000000000, 0.000000000000000000, -1.000000000000000000 ) ) ;
#3721 = DIRECTION ( 'NONE',  ( 0.000000000000000000, -1.000000000000000000, 0.000000000000000000 ) ) ;
#3722 = CARTESIAN_POINT ( 'NONE',  ( 1.870078740157481212, 1.200787401574803237, -2.554628633756159672 ) ) ;
#3723 = VECTOR ( 'NONE', #2605, 39.37007874015748143 ) ;
#3724 = FACE_OUTER_BOUND ( 'NONE', #4808, .T. ) ;
#3725 = EDGE_LOOP ( 'NONE', ( #3948, #1335, #6867, #167 ) ) ;
#3726 = EDGE_CURVE ( 'NONE', #1259, #6493, #1035, .T. ) ;
#3727 = ORIENTED_EDGE ( 'NONE', *, *, #2772, .F. ) ;
#3728 = FACE_OUTER_BOUND ( 'NONE', #5462, .T. ) ;
#3729 = ORIENTED_EDGE ( 'NONE', *, *, #1206, .F. ) ;
#3730 = CARTESIAN_POINT ( 'NONE',  ( 0.6889763779527567911, 1.200787401574803237, -1.605809736118363640 ) ) ;
#3731 = EDGE_CURVE ( 'NONE', #7867, #2694, #7394, .T. ) ;
#3732 = CARTESIAN_POINT ( 'NONE',  ( 3.051181102362205966, 1.082677165354330784, -0.9798254841498599266 ) ) ;
#3733 = DIRECTION ( 'NONE',  ( 0.000000000000000000, -1.000000000000000000, 0.000000000000000000 ) ) ;
#3734 =( BOUNDED_CURVE ( )  B_SPLINE_CURVE ( 3, ( #3702, #5012, #7507, #7466 ),
 .UNSPECIFIED., .F., .F. ) 
 B_SPLINE_CURVE_WITH_KNOTS ( ( 4, 4 ),
 ( 5.672914524488131605, 5.789634491047237930 ),
 .UNSPECIFIED. ) 
 CURVE ( )  GEOMETRIC_REPRESENTATION_ITEM ( )  RATIONAL_B_SPLINE_CURVE ( ( 1.000000000000000000, 0.9988650263048090006, 0.9988650263048090006, 1.000000000000000000 ) ) 
 REPRESENTATION_ITEM ( '' )  );
#3735 = VERTEX_POINT ( 'NONE', #1904 ) ;
#3736 = DIRECTION ( 'NONE',  ( -1.067522139062650671E-16, -1.000000000000000000, 0.000000000000000000 ) ) ;
#3737 = EDGE_CURVE ( 'NONE', #2827, #3735, #4335, .T. ) ;
#3738 = VERTEX_POINT ( 'NONE', #1225 ) ;
#3739 = DIRECTION ( 'NONE',  ( 0.3558754527953619240, 0.000000000000000000, 0.9345333927140837549 ) ) ;
#3740 = CARTESIAN_POINT ( 'NONE',  ( 3.051181102362205966, 1.200787401574803237, -1.686518397535686553 ) ) ;
#3741 = ORIENTED_EDGE ( 'NONE', *, *, #2964, .F. ) ;
#3742 = DIRECTION ( 'NONE',  ( -0.000000000000000000, -1.000000000000000000, -0.000000000000000000 ) ) ;
#3743 = EDGE_CURVE ( 'NONE', #2580, #4806, #5349, .T. ) ;
#3744 = AXIS2_PLACEMENT_3D ( 'NONE', #7705, #7111, #4660 ) ;
#3745 = CARTESIAN_POINT ( 'NONE',  ( 1.870078740157481434, 1.082677165354330784, -1.292817610134111783 ) ) ;
#3746 = EDGE_LOOP ( 'NONE', ( #600, #5797 ) ) ;
#3747 = ORIENTED_EDGE ( 'NONE', *, *, #800, .T. ) ;
#3748 = ORIENTED_EDGE ( 'NONE', *, *, #5181, .F. ) ;
#3749 = DIRECTION ( 'NONE',  ( 0.000000000000000000, -0.000000000000000000, -1.000000000000000000 ) ) ;
#3750 = DIRECTION ( 'NONE',  ( -0.000000000000000000, -1.000000000000000000, -0.000000000000000000 ) ) ;
#3751 = DIRECTION ( 'NONE',  ( 0.000000000000000000, 0.000000000000000000, -1.000000000000000000 ) ) ;
#3752 = EDGE_CURVE ( 'NONE', #5849, #933, #5991, .T. ) ;
#3753 = ORIENTED_EDGE ( 'NONE', *, *, #1024, .T. ) ;
#3754 = ADVANCED_FACE ( 'NONE', ( #2727 ), #2059, .F. ) ;
#3755 = VERTEX_POINT ( 'NONE', #4534 ) ;
#3756 = DIRECTION ( 'NONE',  ( 0.000000000000000000, 0.000000000000000000, -1.000000000000000000 ) ) ;
#3757 =( NAMED_UNIT ( * ) SI_UNIT ( $, .STERADIAN. ) SOLID_ANGLE_UNIT ( ) );
#3758 = CARTESIAN_POINT ( 'NONE',  ( 2.263779527559056426, 1.200787401574803237, -0.4247073739136388859 ) ) ;
#3759 = EDGE_CURVE ( 'NONE', #3876, #1259, #6905, .T. ) ;
#3760 = DIRECTION ( 'NONE',  ( -0.000000000000000000, -1.000000000000000000, -0.000000000000000000 ) ) ;
#3761 = DIRECTION ( 'NONE',  ( 0.000000000000000000, 0.000000000000000000, -1.000000000000000000 ) ) ;
#3762 = ORIENTED_EDGE ( 'NONE', *, *, #3647, .F. ) ;
#3763 = ORIENTED_EDGE ( 'NONE', *, *, #6067, .T. ) ;
#3764 =( NAMED_UNIT ( * ) SI_UNIT ( $, .STERADIAN. ) SOLID_ANGLE_UNIT ( ) );
#3765 = EDGE_LOOP ( 'NONE', ( #3993, #6157, #6164, #3423 ) ) ;
#3766 = DIRECTION ( 'NONE',  ( 0.000000000000000000, -1.000000000000000000, 0.000000000000000000 ) ) ;
#3767 = CARTESIAN_POINT ( 'NONE',  ( 2.657480314960631418, 1.200787401574803237, -0.1117152479293870848 ) ) ;
#3768 = EDGE_CURVE ( 'NONE', #1145, #7031, #3291, .T. ) ;
#3769 = DIRECTION ( 'NONE',  ( 0.000000000000000000, 1.000000000000000000, 0.000000000000000000 ) ) ;
#3770 = ORIENTED_EDGE ( 'NONE', *, *, #4448, .T. ) ;
#3771 = DIRECTION ( 'NONE',  ( -0.000000000000000000, -1.000000000000000000, -0.000000000000000000 ) ) ;
#3772 = DIRECTION ( 'NONE',  ( -0.000000000000000000, -1.000000000000000000, -0.000000000000000000 ) ) ;
#3773 = CARTESIAN_POINT ( 'NONE',  ( 1.870078740157481434, 1.200787401574803237, -0.5861246967482850456 ) ) ;
#3774 = LINE ( 'NONE', #6244, #3707 ) ;
#3775 = ORIENTED_EDGE ( 'NONE', *, *, #6569, .T. ) ;
#3776 = FACE_OUTER_BOUND ( 'NONE', #6637, .T. ) ;
#3777 = DIRECTION ( 'NONE',  ( 0.9849106049563590703, 0.000000000000000000, -0.1730638617519519584 ) ) ;
#3778 = CIRCLE ( 'NONE', #590, 0.08070866141732296883 ) ;
#3779 = AXIS2_PLACEMENT_3D ( 'NONE', #2035, #4477, #6887 ) ;
#3780 = EDGE_CURVE ( 'NONE', #733, #5507, #4599, .T. ) ;
#3781 = CARTESIAN_POINT ( 'NONE',  ( -0.4939823356951860700, 1.082677165354330784, -1.419573582409968449 ) ) ;
#3782 = ORIENTED_EDGE ( 'NONE', *, *, #5631, .F. ) ;
#3783 = ORIENTED_EDGE ( 'NONE', *, *, #7375, .T. ) ;
#3784 = VECTOR ( 'NONE', #948, 39.37007874015748143 ) ;
#3785 = EDGE_CURVE ( 'NONE', #2488, #4055, #3441, .T. ) ;
#3786 = VERTEX_POINT ( 'NONE', #153 ) ;
#3787 = ADVANCED_FACE ( 'NONE', ( #5079 ), #6282, .F. ) ;
#3788 = DIRECTION ( 'NONE',  ( 0.000000000000000000, 0.000000000000000000, -1.000000000000000000 ) ) ;
#3789 = DIRECTION ( 'NONE',  ( -0.000000000000000000, -1.000000000000000000, 0.000000000000000000 ) ) ;
#3790 = CIRCLE ( 'NONE', #6066, 0.08070866141732269128 ) ;
#3791 = CIRCLE ( 'NONE', #2510, 0.08070866141732309373 ) ;
#3792 = ADVANCED_FACE ( 'NONE', ( #5670 ), #3857, .T. ) ;
#3793 = CARTESIAN_POINT ( 'NONE',  ( 3.346456692913386100, 0.6791338582677166613, -5.347935720370331936 ) ) ;
#3794 = VERTEX_POINT ( 'NONE', #3892 ) ;
#3795 = ORIENTED_EDGE ( 'NONE', *, *, #1374, .T. ) ;
#3796 = AXIS2_PLACEMENT_3D ( 'NONE', #7740, #4731, #1109 ) ;
#3797 = DIRECTION ( 'NONE',  ( 1.000000000000000000, 0.000000000000000000, 0.000000000000000000 ) ) ;
#3798 = DIRECTION ( 'NONE',  ( 0.000000000000000000, -1.000000000000000000, 0.000000000000000000 ) ) ;
#3799 = CARTESIAN_POINT ( 'NONE',  ( -0.7594760280555630239, 1.200787401574803237, -1.718078665119855852 ) ) ;
#3800 = DIRECTION ( 'NONE',  ( 0.000000000000000000, 0.000000000000000000, -1.000000000000000000 ) ) ;
#3801 = CARTESIAN_POINT ( 'NONE',  ( 1.870078740157481212, 1.200787401574803237, -2.473919972338836537 ) ) ;
#3802 = EDGE_LOOP ( 'NONE', ( #475, #3899 ) ) ;
#3803 = PRODUCT_RELATED_PRODUCT_CATEGORY ( 'part', '', ( #2049 ) ) ;
#3804 = EDGE_LOOP ( 'NONE', ( #759, #724, #6136, #3782 ) ) ;
#3805 = DIRECTION ( 'NONE',  ( 0.000000000000000000, -1.000000000000000000, 0.000000000000000000 ) ) ;
#3806 = EDGE_LOOP ( 'NONE', ( #3178, #639 ) ) ;
#3807 = DIRECTION ( 'NONE',  ( 0.9345333927142727148, -0.000000000000000000, -0.3558754527948657653 ) ) ;
#3808 = FACE_OUTER_BOUND ( 'NONE', #6780, .T. ) ;
#3809 = CARTESIAN_POINT ( 'NONE',  ( -0.8349372190748853839, 1.082677165354330784, -1.222723188709179620 ) ) ;
#3810 = VECTOR ( 'NONE', #6131, 39.37007874015748143 ) ;
#3811 = ORIENTED_EDGE ( 'NONE', *, *, #2437, .T. ) ;
#3812 = DIRECTION ( 'NONE',  ( 0.000000000000000000, -1.000000000000000000, 0.000000000000000000 ) ) ;
#3813 = FACE_OUTER_BOUND ( 'NONE', #1172, .T. ) ;
#3814 = CARTESIAN_POINT ( 'NONE',  ( 0.2952755905511819101, 1.200787401574803237, -1.292817610134111783 ) ) ;
#3815 = CYLINDRICAL_SURFACE ( 'NONE', #272, 0.08070866141732323251 ) ;
#3816 = ORIENTED_EDGE ( 'NONE', *, *, #3785, .F. ) ;
#3817 = CARTESIAN_POINT ( 'NONE',  ( -0.6908327293959752868, 1.200787401574803237, -1.760528465789668040 ) ) ;
#3818 = CARTESIAN_POINT ( 'NONE',  ( 1.476377952755906664, 1.200787401574803237, -1.292817610134111783 ) ) ;
#3819 = AXIS2_PLACEMENT_3D ( 'NONE', #5964, #1264, #3586 ) ;
#3820 = VECTOR ( 'NONE', #5416, 39.37007874015748143 ) ;
#3821 = DIRECTION ( 'NONE',  ( -1.000000000000000000, 0.000000000000000000, 0.000000000000000000 ) ) ;
#3822 = VECTOR ( 'NONE', #1363, 39.37007874015748143 ) ;
#3823 = EDGE_LOOP ( 'NONE', ( #2197, #2093 ) ) ;
#3824 = EDGE_CURVE ( 'NONE', #5370, #4273, #3829, .T. ) ;
#3825 = CIRCLE ( 'NONE', #3955, 0.08070866141732269128 ) ;
#3826 = ORIENTED_EDGE ( 'NONE', *, *, #4484, .F. ) ;
#3827 = CARTESIAN_POINT ( 'NONE',  ( -0.8876831230967642261, 1.082677165354330784, -2.101483349169367632 ) ) ;
#3828 = DIRECTION ( 'NONE',  ( -0.000000000000000000, -1.000000000000000000, -0.000000000000000000 ) ) ;
#3829 = CIRCLE ( 'NONE', #11, 0.08070866141732309373 ) ;
#3830 = VECTOR ( 'NONE', #6065, 39.37007874015748143 ) ;
#3831 = DIRECTION ( 'NONE',  ( 0.000000000000000000, 0.000000000000000000, -1.000000000000000000 ) ) ;
#3832 = PLANE ( 'NONE',  #7159 ) ;
#3833 = EDGE_LOOP ( 'NONE', ( #2268, #7541, #3485, #3319, #3884, #2715 ) ) ;
#3834 = ORIENTED_EDGE ( 'NONE', *, *, #7160, .F. ) ;
#3835 = FACE_OUTER_BOUND ( 'NONE', #3804, .T. ) ;
#3836 = PLANE ( 'NONE',  #5086 ) ;
#3837 = AXIS2_PLACEMENT_3D ( 'NONE', #5008, #1502, #4416 ) ;
#3838 = CARTESIAN_POINT ( 'NONE',  ( -0.3149606299212595606, 0.000000000000000000, -3.379431783362458308 ) ) ;
#3839 = AXIS2_PLACEMENT_3D ( 'NONE', #3324, #1493, #3362 ) ;
#3840 = CIRCLE ( 'NONE', #19, 0.08070866141732241372 ) ;
#3841 = CARTESIAN_POINT ( 'NONE',  ( -0.8876831230967642261, 1.200787401574803237, -2.182192010586690767 ) ) ;
#3842 = CIRCLE ( 'NONE', #2439, 0.08070866141732323251 ) ;
#3843 = AXIS2_PLACEMENT_3D ( 'NONE', #264, #7542, #1585 ) ;
#3844 = EDGE_LOOP ( 'NONE', ( #1511, #5294, #6837, #411 ) ) ;
#3845 = DIRECTION ( 'NONE',  ( 0.000000000000000000, 0.000000000000000000, -1.000000000000000000 ) ) ;
#3846 = ORIENTED_EDGE ( 'NONE', *, *, #7798, .F. ) ;
#3847 = CARTESIAN_POINT ( 'NONE',  ( 2.263779527559056426, 1.200787401574803237, -1.686518397535686553 ) ) ;
#3848 = DIRECTION ( 'NONE',  ( 0.000000000000000000, 0.000000000000000000, -1.000000000000000000 ) ) ;
#3849 = CARTESIAN_POINT ( 'NONE',  ( 0.6889763779527567911, 1.082677165354330784, -2.160927846354584680 ) ) ;
#3850 = EDGE_CURVE ( 'NONE', #1512, #1694, #904, .T. ) ;
#3851 = EDGE_CURVE ( 'NONE', #204, #814, #1980, .T. ) ;
#3852 = VERTEX_POINT ( 'NONE', #4570 ) ;
#3853 = PLANE ( 'NONE',  #720 ) ;
#3854 = EDGE_CURVE ( 'NONE', #3482, #1884, #7129, .T. ) ;
#3855 = CARTESIAN_POINT ( 'NONE',  ( -0.7184882070094132933, 1.200787401574803237, -1.684705892727625498 ) ) ;
#3856 = ORIENTED_EDGE ( 'NONE', *, *, #7608, .T. ) ;
#3857 = PLANE ( 'NONE',  #7252 ) ;
#3858 = EDGE_CURVE ( 'NONE', #4427, #934, #7544, .T. ) ;
#3859 = DIRECTION ( 'NONE',  ( -0.7664256734729304466, 0.000000000000000000, 0.6423330032324080507 ) ) ;
#3860 = EDGE_LOOP ( 'NONE', ( #512, #6011 ) ) ;
#3861 = CYLINDRICAL_SURFACE ( 'NONE', #6621, 0.08070866141732283006 ) ;
#3862 = CARTESIAN_POINT ( 'NONE',  ( 3.003149606299212682, 0.8464566929133860995, -4.294786114071121652 ) ) ;
#3863 = ADVANCED_FACE ( 'NONE', ( #5753 ), #6243, .F. ) ;
#3864 = VECTOR ( 'NONE', #4368, 39.37007874015748143 ) ;
#3865 = LINE ( 'NONE', #3338, #6197 ) ;
#3866 = ORIENTED_EDGE ( 'NONE', *, *, #2430, .T. ) ;
#3867 = ADVANCED_FACE ( 'NONE', ( #303 ), #3251, .F. ) ;
#3868 = ORIENTED_EDGE ( 'NONE', *, *, #7490, .T. ) ;
#3869 = CIRCLE ( 'NONE', #2712, 0.08070866141732309373 ) ;
#3870 = CARTESIAN_POINT ( 'NONE',  ( 1.870078740157481212, 1.082677165354330784, -2.393211310921513402 ) ) ;
#3871 = PLANE ( 'NONE',  #3410 ) ;
#3872 = EDGE_CURVE ( 'NONE', #6493, #1259, #5103, .T. ) ;
#3873 = EDGE_CURVE ( 'NONE', #2707, #436, #2946, .T. ) ;
#3874 = CARTESIAN_POINT ( 'NONE',  ( 0.6889763779527567911, 1.200787401574803237, -2.473919972338836537 ) ) ;
#3875 = DIRECTION ( 'NONE',  ( 0.000000000000000000, 1.000000000000000000, -0.000000000000000000 ) ) ;
#3876 = VERTEX_POINT ( 'NONE', #2290 ) ;
#3877 = ORIENTED_EDGE ( 'NONE', *, *, #5262, .F. ) ;
#3878 = LINE ( 'NONE', #5686, #5799 ) ;
#3879 = CARTESIAN_POINT ( 'NONE',  ( -0.6908327293959752868, 1.082677165354330784, -1.841237127206991175 ) ) ;
#3880 = DIRECTION ( 'NONE',  ( 1.000000000000000000, -1.084202172485504311E-16, 0.000000000000000000 ) ) ;
#3881 = DIRECTION ( 'NONE',  ( 0.000000000000000000, 0.000000000000000000, 1.000000000000000000 ) ) ;
#3882 = EDGE_CURVE ( 'NONE', #6794, #7669, #4726, .T. ) ;
#3883 = ORIENTED_EDGE ( 'NONE', *, *, #2108, .T. ) ;
#3884 = ORIENTED_EDGE ( 'NONE', *, *, #6876, .F. ) ;
#3885 = DIRECTION ( 'NONE',  ( 0.000000000000000000, 0.000000000000000000, -1.000000000000000000 ) ) ;
#3886 = DIRECTION ( 'NONE',  ( 0.000000000000000000, 0.000000000000000000, -1.000000000000000000 ) ) ;
#3887 = DIRECTION ( 'NONE',  ( 0.000000000000000000, -1.000000000000000000, 0.000000000000000000 ) ) ;
#3888 = VERTEX_POINT ( 'NONE', #340 ) ;
#3889 = CARTESIAN_POINT ( 'NONE',  ( 3.455905511811023789, 0.000000000000000000, -4.885337295173484584 ) ) ;
#3890 = DIRECTION ( 'NONE',  ( 0.000000000000000000, 0.000000000000000000, 1.000000000000000000 ) ) ;
#3891 = CARTESIAN_POINT ( 'NONE',  ( 1.082677165354331672, 1.082677165354330784, -0.8991168227325369022 ) ) ;
#3892 = CARTESIAN_POINT ( 'NONE',  ( -1.498039639382837018, 1.082677165354330784, -3.413124291427609425 ) ) ;
#3893 = DIRECTION ( 'NONE',  ( -0.000000000000000000, -1.000000000000000000, -0.000000000000000000 ) ) ;
#3894 = ORIENTED_EDGE ( 'NONE', *, *, #3780, .F. ) ;
#3895 = DIRECTION ( 'NONE',  ( 0.000000000000000000, -1.000000000000000000, 0.000000000000000000 ) ) ;
#3896 = CARTESIAN_POINT ( 'NONE',  ( 0.9196762229657036158, 1.377952755905512028, -0.3506390414881394579 ) ) ;
#3897 = EDGE_CURVE ( 'NONE', #6069, #1119, #4762, .T. ) ;
#3898 = EDGE_CURVE ( 'NONE', #193, #825, #4222, .T. ) ;
#3899 = ORIENTED_EDGE ( 'NONE', *, *, #7255, .T. ) ;
#3900 = DIRECTION ( 'NONE',  ( 0.000000000000000000, 0.000000000000000000, -1.000000000000000000 ) ) ;
#3901 = ORIENTED_EDGE ( 'NONE', *, *, #4785, .T. ) ;
#3902 = ORIENTED_EDGE ( 'NONE', *, *, #7049, .F. ) ;
#3903 = VECTOR ( 'NONE', #7831, 39.37007874015748143 ) ;
#3904 = DIRECTION ( 'NONE',  ( -0.000000000000000000, -1.000000000000000000, -0.000000000000000000 ) ) ;
#3905 = CARTESIAN_POINT ( 'NONE',  ( 0.000000000000000000, 0.8464566929133860995, -3.379431783362458308 ) ) ;
#3906 = AXIS2_PLACEMENT_3D ( 'NONE', #6355, #900, #3890 ) ;
#3907 = CARTESIAN_POINT ( 'NONE',  ( 4.625844143522536811, 0.000000000000000000, -1.761968157327638895 ) ) ;
#3908 = CARTESIAN_POINT ( 'NONE',  ( -1.372742496155374026, 1.200787401574803237, -1.366827678388090161 ) ) ;
#3909 = EDGE_LOOP ( 'NONE', ( #3911, #3405, #6226, #5159 ) ) ;
#3910 = EDGE_CURVE ( 'NONE', #3188, #5062, #2762, .T. ) ;
#3911 = ORIENTED_EDGE ( 'NONE', *, *, #3690, .F. ) ;
#3912 = FACE_OUTER_BOUND ( 'NONE', #2311, .T. ) ;
#3913 =( CONVERSION_BASED_UNIT ( 'INCH', #2078 ) LENGTH_UNIT ( ) NAMED_UNIT ( #5720 ) );
#3914 = DIRECTION ( 'NONE',  ( 0.000000000000000000, -1.000000000000000000, 0.000000000000000000 ) ) ;
#3915 = CIRCLE ( 'NONE', #3019, 0.08070866141732323251 ) ;
#3916 = AXIS2_PLACEMENT_3D ( 'NONE', #7450, #2569, #4999 ) ;
#3917 = VECTOR ( 'NONE', #5502, 39.37007874015748143 ) ;
#3918 = PLANE ( 'NONE',  #3014 ) ;
#3919 = CIRCLE ( 'NONE', #4933, 0.08070866141732323251 ) ;
#3920 = ORIENTED_EDGE ( 'NONE', *, *, #1362, .F. ) ;
#3921 = ORIENTED_EDGE ( 'NONE', *, *, #3850, .F. ) ;
#3922 = CARTESIAN_POINT ( 'NONE',  ( 3.346456692913386100, 0.6791338582677166613, -5.584156192811277286 ) ) ;
#3923 = DIRECTION ( 'NONE',  ( 0.000000000000000000, -1.000000000000000000, 0.000000000000000000 ) ) ;
#3924 = DIRECTION ( 'NONE',  ( 0.000000000000000000, 1.000000000000000000, 0.000000000000000000 ) ) ;
#3925 = AXIS2_PLACEMENT_3D ( 'NONE', #962, #360, #4590 ) ;
#3926 = ORIENTED_EDGE ( 'NONE', *, *, #5622, .F. ) ;
#3927 = FACE_OUTER_BOUND ( 'NONE', #4767, .T. ) ;
#3928 = DIRECTION ( 'NONE',  ( -0.000000000000000000, -0.000000000000000000, -1.000000000000000000 ) ) ;
#3929 = VERTEX_POINT ( 'NONE', #1699 ) ;
#3930 = DIRECTION ( 'NONE',  ( -0.5773502691896266192, 0.5773502691896266192, 0.5773502691896239547 ) ) ;
#3931 = DIRECTION ( 'NONE',  ( 0.000000000000000000, 0.000000000000000000, -1.000000000000000000 ) ) ;
#3932 = ORIENTED_EDGE ( 'NONE', *, *, #3620, .F. ) ;
#3933 = FACE_OUTER_BOUND ( 'NONE', #5677, .T. ) ;
#3934 = LINE ( 'NONE', #2361, #7584 ) ;
#3935 = VECTOR ( 'NONE', #238, 39.37007874015748143 ) ;
#3936 = EDGE_CURVE ( 'NONE', #7031, #2827, #3529, .T. ) ;
#3937 = ORIENTED_EDGE ( 'NONE', *, *, #6333, .F. ) ;
#3938 = CARTESIAN_POINT ( 'NONE',  ( 3.003149606299212682, 0.8464566929133909845, -3.379431783362458308 ) ) ;
#3939 = ORIENTED_EDGE ( 'NONE', *, *, #5646, .T. ) ;
#3940 = EDGE_LOOP ( 'NONE', ( #4082, #5993, #2568, #2615 ) ) ;
#3941 = CIRCLE ( 'NONE', #7609, 0.08070866141732313537 ) ;
#3942 = FACE_OUTER_BOUND ( 'NONE', #7591, .T. ) ;
#3943 = DIRECTION ( 'NONE',  ( 0.000000000000000000, -0.000000000000000000, -1.000000000000000000 ) ) ;
#3944 = EDGE_CURVE ( 'NONE', #4724, #2861, #395, .T. ) ;
#3945 = VECTOR ( 'NONE', #5819, 39.37007874015748143 ) ;
#3946 = DIRECTION ( 'NONE',  ( -1.000000000000000000, 0.000000000000000000, 0.000000000000000000 ) ) ;
#3947 = CIRCLE ( 'NONE', #6232, 0.08070866141732323251 ) ;
#3948 = ORIENTED_EDGE ( 'NONE', *, *, #7483, .F. ) ;
#3949 = ORIENTED_EDGE ( 'NONE', *, *, #1949, .T. ) ;
#3950 = EDGE_LOOP ( 'NONE', ( #3214, #6281, #2899, #4884 ) ) ;
#3951 = CARTESIAN_POINT ( 'NONE',  ( 1.476377952755906664, 1.200787401574803237, -0.8184081613152137669 ) ) ;
#3952 = CARTESIAN_POINT ( 'NONE',  ( 1.870078740157481434, 1.082677165354330784, -1.605809736118364306 ) ) ;
#3953 = FACE_OUTER_BOUND ( 'NONE', #7823, .T. ) ;
#3954 = AXIS2_PLACEMENT_3D ( 'NONE', #5140, #7480, #4552 ) ;
#3955 = AXIS2_PLACEMENT_3D ( 'NONE', #5880, #7760, #5935 ) ;
#3956 = CYLINDRICAL_SURFACE ( 'NONE', #1625, 0.08070866141732323251 ) ;
#3957 = CIRCLE ( 'NONE', #4973, 0.08070866141732323251 ) ;
#3958 = DIRECTION ( 'NONE',  ( 0.000000000000000000, 0.000000000000000000, -1.000000000000000000 ) ) ;
#3959 = CARTESIAN_POINT ( 'NONE',  ( 1.870078740157481434, 1.200787401574803237, -0.5054160353309620213 ) ) ;
#3960 = CIRCLE ( 'NONE', #4213, 0.08070866141732296883 ) ;
#3961 = ORIENTED_EDGE ( 'NONE', *, *, #4763, .F. ) ;
#3962 = CIRCLE ( 'NONE', #6374, 0.08070866141732323251 ) ;
#3963 = VERTEX_POINT ( 'NONE', #5279 ) ;
#3964 = VECTOR ( 'NONE', #6473, 39.37007874015748143 ) ;
#3965 = FACE_OUTER_BOUND ( 'NONE', #3009, .T. ) ;
#3966 = CIRCLE ( 'NONE', #522, 0.08070866141732309373 ) ;
#3967 = FACE_OUTER_BOUND ( 'NONE', #2704, .T. ) ;
#3968 = DIRECTION ( 'NONE',  ( 0.000000000000000000, -1.000000000000000000, 0.000000000000000000 ) ) ;
#3969 = PLANE ( 'NONE',  #4465 ) ;
#3970 = VECTOR ( 'NONE', #380, 39.37007874015748143 ) ;
#3971 = AXIS2_PLACEMENT_3D ( 'NONE', #3975, #3285, #224 ) ;
#3972 = EDGE_CURVE ( 'NONE', #5838, #4577, #423, .T. ) ;
#3973 = EDGE_CURVE ( 'NONE', #5709, #544, #1675, .T. ) ;
#3974 = ORIENTED_EDGE ( 'NONE', *, *, #5575, .T. ) ;
#3975 = CARTESIAN_POINT ( 'NONE',  ( 2.657480314960630530, 1.200787401574803237, -2.473919972338836537 ) ) ;
#3976 = CARTESIAN_POINT ( 'NONE',  ( 1.840129821825243983, 1.377952755905512028, -0.7011528313907272603 ) ) ;
#3977 = ORIENTED_EDGE ( 'NONE', *, *, #4906, .T. ) ;
#3978 = FACE_OUTER_BOUND ( 'NONE', #1193, .T. ) ;
#3979 = CARTESIAN_POINT ( 'NONE',  ( 3.464566929133858775, 1.082677165354331672, 0.000000000000000000 ) ) ;
#3980 = DIRECTION ( 'NONE',  ( 0.000000000000000000, 0.000000000000000000, -1.000000000000000000 ) ) ;
#3981 = VECTOR ( 'NONE', #4688, 39.37007874015748143 ) ;
#3982 = LINE ( 'NONE', #2179, #7203 ) ;
#3983 = ADVANCED_FACE ( 'NONE', ( #5790 ), #5359, .F. ) ;
#3984 = ORIENTED_EDGE ( 'NONE', *, *, #2639, .T. ) ;
#3985 = LINE ( 'NONE', #1592, #6953 ) ;
#3986 = ORIENTED_EDGE ( 'NONE', *, *, #3491, .T. ) ;
#3987 = ADVANCED_FACE ( 'NONE', ( #5914 ), #7616, .F. ) ;
#3988 = EDGE_LOOP ( 'NONE', ( #3619, #3259 ) ) ;
#3989 = CARTESIAN_POINT ( 'NONE',  ( 3.051181102362205966, 1.200787401574803237, -2.393211310921513402 ) ) ;
#3990 = CARTESIAN_POINT ( 'NONE',  ( 3.464566929133858775, 0.000000000000000000, -5.584156192811277286 ) ) ;
#3991 = CARTESIAN_POINT ( 'NONE',  ( 3.228346456692913424, 0.000000000000000000, -3.379431783362458308 ) ) ;
#3992 = ORIENTED_EDGE ( 'NONE', *, *, #2339, .F. ) ;
#3993 = ORIENTED_EDGE ( 'NONE', *, *, #7608, .F. ) ;
#3994 = AXIS2_PLACEMENT_3D ( 'NONE', #1816, #7138, #535 ) ;
#3995 = VERTEX_POINT ( 'NONE', #3407 ) ;
#3996 = CYLINDRICAL_SURFACE ( 'NONE', #104, 0.08070866141732309373 ) ;
#3997 = DIRECTION ( 'NONE',  ( 0.000000000000000000, -1.000000000000000000, 0.000000000000000000 ) ) ;
#3998 = DIRECTION ( 'NONE',  ( 0.000000000000000000, -1.000000000000000000, 0.000000000000000000 ) ) ;
#3999 = DIRECTION ( 'NONE',  ( 0.000000000000000000, -1.000000000000000000, 0.000000000000000000 ) ) ;
#4000 = EDGE_CURVE ( 'NONE', #5487, #2859, #7646, .T. ) ;
#4001 = CYLINDRICAL_SURFACE ( 'NONE', #7512, 0.08070866141732323251 ) ;
#4002 = EDGE_CURVE ( 'NONE', #6418, #1558, #1798, .T. ) ;
#4003 = ORIENTED_EDGE ( 'NONE', *, *, #6779, .F. ) ;
#4004 = DIRECTION ( 'NONE',  ( 0.000000000000000000, -0.000000000000000000, -1.000000000000000000 ) ) ;
#4005 = DIRECTION ( 'NONE',  ( 0.000000000000000000, 0.000000000000000000, -1.000000000000000000 ) ) ;
#4006 = EDGE_CURVE ( 'NONE', #2020, #1600, #6519, .T. ) ;
#4007 = DIRECTION ( 'NONE',  ( 0.000000000000000000, 0.000000000000000000, -1.000000000000000000 ) ) ;
#4008 = VERTEX_POINT ( 'NONE', #2176 ) ;
#4009 = DIRECTION ( 'NONE',  ( 0.000000000000000000, 0.000000000000000000, -1.000000000000000000 ) ) ;
#4010 = FACE_OUTER_BOUND ( 'NONE', #5433, .T. ) ;
#4011 = EDGE_LOOP ( 'NONE', ( #4739, #338 ) ) ;
#4012 = CARTESIAN_POINT ( 'NONE',  ( 3.051181102362205966, 1.200787401574803237, -0.5861246967482850456 ) ) ;
#4013 = VERTEX_POINT ( 'NONE', #5828 ) ;
#4014 = CARTESIAN_POINT ( 'NONE',  ( -1.175892102454584753, 1.082677165354330784, -1.025872795008390570 ) ) ;
#4015 = DIRECTION ( 'NONE',  ( -0.000000000000000000, -1.000000000000000000, -0.000000000000000000 ) ) ;
#4016 = DIRECTION ( 'NONE',  ( 0.000000000000000000, -1.000000000000000000, 0.000000000000000000 ) ) ;
#4017 = ORIENTED_EDGE ( 'NONE', *, *, #2028, .F. ) ;
#4018 = CYLINDRICAL_SURFACE ( 'NONE', #5183, 0.08070866141732309373 ) ;
#4019 = ORIENTED_EDGE ( 'NONE', *, *, #2028, .T. ) ;
#4020 = DIRECTION ( 'NONE',  ( 0.000000000000000000, -1.000000000000000000, 0.000000000000000000 ) ) ;
#4021 = ORIENTED_EDGE ( 'NONE', *, *, #4211, .F. ) ;
#4022 = DIRECTION ( 'NONE',  ( -0.000000000000000000, 1.000000000000000000, -0.000000000000000000 ) ) ;
#4023 = CARTESIAN_POINT ( 'NONE',  ( -3.122413029667135298, 0.000000000000000000, -3.725633739945664935 ) ) ;
#4024 = FACE_BOUND ( 'NONE', #4425, .T. ) ;
#4025 = ORIENTED_EDGE ( 'NONE', *, *, #5368, .F. ) ;
#4026 = ADVANCED_FACE ( 'NONE', ( #1070 ), #4614, .F. ) ;
#4027 = EDGE_LOOP ( 'NONE', ( #69, #5031, #7181, #608 ) ) ;
#4028 = AXIS2_PLACEMENT_3D ( 'NONE', #6753, #3101, #7022 ) ;
#4029 = VERTEX_POINT ( 'NONE', #5239 ) ;
#4030 = FACE_OUTER_BOUND ( 'NONE', #1324, .T. ) ;
#4031 = CARTESIAN_POINT ( 'NONE',  ( 3.051181102362205966, 1.200787401574803237, -1.292817610134111783 ) ) ;
#4032 = LINE ( 'NONE', #5810, #4574 ) ;
#4033 = LINE ( 'NONE', #2239, #350 ) ;
#4034 = AXIS2_PLACEMENT_3D ( 'NONE', #5823, #2091, #2802 ) ;
#4035 = FACE_OUTER_BOUND ( 'NONE', #1762, .T. ) ;
#4036 = CARTESIAN_POINT ( 'NONE',  ( 2.657480314960631418, 1.082677165354330784, -1.686518397535686553 ) ) ;
#4037 = ORIENTED_EDGE ( 'NONE', *, *, #4110, .F. ) ;
#4038 = DIRECTION ( 'NONE',  ( -1.000000000000000000, 0.000000000000000000, 0.000000000000000000 ) ) ;
#4039 = DIRECTION ( 'NONE',  ( -0.000000000000000000, -1.000000000000000000, -0.000000000000000000 ) ) ;
#4040 = AXIS2_PLACEMENT_3D ( 'NONE', #2100, #5345, #4616 ) ;
#4041 = CARTESIAN_POINT ( 'NONE',  ( 2.263779527559056426, 1.200787401574803237, -2.080219184937261545 ) ) ;
#4042 = DIRECTION ( 'NONE',  ( 0.000000000000000000, -1.000000000000000000, 0.000000000000000000 ) ) ;
#4043 = AXIS2_PLACEMENT_3D ( 'NONE', #4474, #3380, #5724 ) ;
#4044 = EDGE_LOOP ( 'NONE', ( #5144, #1390, #243, #6740, #7753, #3977, #6195, #2595, #7463, #3658, #5204, #6192 ) ) ;
#4045 = DIRECTION ( 'NONE',  ( 0.000000000000000000, 0.000000000000000000, -1.000000000000000000 ) ) ;
#4046 = ORIENTED_EDGE ( 'NONE', *, *, #5384, .F. ) ;
#4047 = DIRECTION ( 'NONE',  ( -0.000000000000000000, -1.000000000000000000, -0.000000000000000000 ) ) ;
#4048 = VERTEX_POINT ( 'NONE', #5878 ) ;
#4049 = CARTESIAN_POINT ( 'NONE',  ( 2.657480314960631418, 1.200787401574803237, -2.080219184937261545 ) ) ;
#4050 = DIRECTION ( 'NONE',  ( -0.000000000000000000, -1.000000000000000000, -0.000000000000000000 ) ) ;
#4051 = VERTEX_POINT ( 'NONE', #460 ) ;
#4052 = PLANE ( 'NONE',  #7345 ) ;
#4053 = ORIENTED_EDGE ( 'NONE', *, *, #6046, .T. ) ;
#4054 = DIRECTION ( 'NONE',  ( 0.7664256734729305576, 0.000000000000000000, -0.6423330032324080507 ) ) ;
#4055 = VERTEX_POINT ( 'NONE', #2256 ) ;
#4056 = PLANE ( 'NONE',  #7363 ) ;
#4057 = ADVANCED_FACE ( 'NONE', ( #2849 ), #4649, .F. ) ;
#4058 = FACE_BOUND ( 'NONE', #960, .T. ) ;
#4059 = VECTOR ( 'NONE', #3629, 39.37007874015748143 ) ;
#4060 = VERTEX_POINT ( 'NONE', #2455 ) ;
#4061 = ORIENTED_EDGE ( 'NONE', *, *, #6076, .T. ) ;
#4062 = VERTEX_POINT ( 'NONE', #5511 ) ;
#4063 = CARTESIAN_POINT ( 'NONE',  ( 2.263779527559055982, 1.082677165354330784, -2.393211310921513402 ) ) ;
#4064 = CARTESIAN_POINT ( 'NONE',  ( -1.498039639382837018, 1.338582677165354395, -3.289108543396113138 ) ) ;
#4065 = DIRECTION ( 'NONE',  ( -0.000000000000000000, -0.000000000000000000, -1.000000000000000000 ) ) ;
#4066 = DIRECTION ( 'NONE',  ( 0.000000000000000000, 0.000000000000000000, -1.000000000000000000 ) ) ;
#4067 = AXIS2_PLACEMENT_3D ( 'NONE', #7788, #5923, #1196 ) ;
#4068 = CIRCLE ( 'NONE', #5206, 0.08070866141732309373 ) ;
#4069 = FACE_OUTER_BOUND ( 'NONE', #4936, .T. ) ;
#4070 = EDGE_CURVE ( 'NONE', #609, #1033, #6756, .T. ) ;
#4071 = EDGE_LOOP ( 'NONE', ( #3961, #5390 ) ) ;
#4072 = ORIENTED_EDGE ( 'NONE', *, *, #7148, .F. ) ;
#4073 = CIRCLE ( 'NONE', #1276, 0.08070866141732309373 ) ;
#4074 = CARTESIAN_POINT ( 'NONE',  ( 2.263779527559056426, 1.200787401574803237, -0.5054160353309620213 ) ) ;
#4075 = DIRECTION ( 'NONE',  ( -0.000000000000000000, -0.000000000000000000, -1.000000000000000000 ) ) ;
#4076 = AXIS2_PLACEMENT_3D ( 'NONE', #3072, #2956, #43 ) ;
#4077 = CYLINDRICAL_SURFACE ( 'NONE', #7372, 0.08070866141732323251 ) ;
#4078 = VECTOR ( 'NONE', #7044, 39.37007874015748143 ) ;
#4079 = VECTOR ( 'NONE', #6674, 39.37007874015748143 ) ;
#4080 = PLANE ( 'NONE',  #6401 ) ;
#4081 = VECTOR ( 'NONE', #6709, 39.37007874015748143 ) ;
#4082 = ORIENTED_EDGE ( 'NONE', *, *, #4870, .F. ) ;
#4083 = DIRECTION ( 'NONE',  ( 0.000000000000000000, 1.000000000000000000, 0.000000000000000000 ) ) ;
#4084 = DIRECTION ( 'NONE',  ( -0.1590695136534966692, 0.000000000000000000, 0.9872673851728517302 ) ) ;
#4085 = ORIENTED_EDGE ( 'NONE', *, *, #692, .T. ) ;
#4086 = LINE ( 'NONE', #2973, #5480 ) ;
#4087 = EDGE_CURVE ( 'NONE', #4236, #6238, #4914, .T. ) ;
#4088 = VERTEX_POINT ( 'NONE', #7222 ) ;
#4089 = DIRECTION ( 'NONE',  ( 0.000000000000000000, 0.000000000000000000, -1.000000000000000000 ) ) ;
#4090 = DIRECTION ( 'NONE',  ( 0.000000000000000000, -1.000000000000000000, 0.000000000000000000 ) ) ;
#4091 = DIRECTION ( 'NONE',  ( 1.000000000000000000, -0.000000000000000000, -1.110223024625156294E-16 ) ) ;
#4092 = CIRCLE ( 'NONE', #3712, 0.06496062992125979652 ) ;
#4093 = VECTOR ( 'NONE', #2881, 39.37007874015748143 ) ;
#4094 = EDGE_CURVE ( 'NONE', #7615, #961, #6708, .T. ) ;
#4095 = ORIENTED_EDGE ( 'NONE', *, *, #6572, .T. ) ;
#4096 = ADVANCED_FACE ( 'NONE', ( #7343 ), #1897, .F. ) ;
#4097 = CARTESIAN_POINT ( 'NONE',  ( 1.476377952755906664, 1.082677165354330784, -0.9798254841498599266 ) ) ;
#4098 = AXIS2_PLACEMENT_3D ( 'NONE', #1260, #3772, #2498 ) ;
#4099 = ORIENTED_EDGE ( 'NONE', *, *, #6085, .T. ) ;
#4100 = CARTESIAN_POINT ( 'NONE',  ( 1.400852806808028372, 1.082677165354330784, -0.5338737294984045034 ) ) ;
#4101 = VECTOR ( 'NONE', #5544, 39.37007874015748854 ) ;
#4102 = ORIENTED_EDGE ( 'NONE', *, *, #2959, .F. ) ;
#4103 = EDGE_CURVE ( 'NONE', #4048, #4493, #6000, .T. ) ;
#4104 = CARTESIAN_POINT ( 'NONE',  ( 2.657480314960631418, 1.200787401574803237, -0.8991168227325369022 ) ) ;
#4105 = CARTESIAN_POINT ( 'NONE',  ( -1.175892102454584753, 1.200787401574803237, -1.025872795008390570 ) ) ;
#4106 = ADVANCED_FACE ( 'NONE', ( #1821 ), #6633, .T. ) ;
#4107 = FACE_BOUND ( 'NONE', #611, .T. ) ;
#4108 = VERTEX_POINT ( 'NONE', #3732 ) ;
#4109 = ORIENTED_EDGE ( 'NONE', *, *, #2765, .F. ) ;
#4110 = EDGE_CURVE ( 'NONE', #3637, #3290, #4092, .T. ) ;
#4111 = VERTEX_POINT ( 'NONE', #700 ) ;
#4112 = CARTESIAN_POINT ( 'NONE',  ( 1.437007874015749698, 1.377952755905512028, -5.442423909346712385 ) ) ;
#4113 = CARTESIAN_POINT ( 'NONE',  ( 2.657480314960630530, 1.200787401574803237, -2.393211310921513402 ) ) ;
#4114 = PLANE ( 'NONE',  #4950 ) ;
#4115 = DIRECTION ( 'NONE',  ( -0.000000000000000000, -1.000000000000000000, -0.000000000000000000 ) ) ;
#4116 = PLANE ( 'NONE',  #909 ) ;
#4117 = VERTEX_POINT ( 'NONE', #5545 ) ;
#4118 = ORIENTED_EDGE ( 'NONE', *, *, #15, .T. ) ;
#4119 = CARTESIAN_POINT ( 'NONE',  ( 1.082677165354331672, 1.200787401574803237, -2.080219184937261545 ) ) ;
#4120 = CARTESIAN_POINT ( 'NONE',  ( 0.6889763779527567911, 1.082677165354330784, -2.473919972338836537 ) ) ;
#4121 = CARTESIAN_POINT ( 'NONE',  ( -0.7389821175324882141, 1.200787401574803237, -1.701392278923740786 ) ) ;
#4122 = CIRCLE ( 'NONE', #5254, 0.08070866141732241372 ) ;
#4123 = VECTOR ( 'NONE', #7208, 39.37007874015748143 ) ;
#4124 = ADVANCED_FACE ( 'NONE', ( #4207 ), #5430, .T. ) ;
#4125 = DIRECTION ( 'NONE',  ( 0.000000000000000000, -1.000000000000000000, 0.000000000000000000 ) ) ;
#4126 = EDGE_LOOP ( 'NONE', ( #1438, #6137, #2846, #228 ) ) ;
#4127 = PLANE ( 'NONE',  #2832 ) ;
#4128 = CARTESIAN_POINT ( 'NONE',  ( 1.082677165354331672, 1.200787401574803237, -2.473919972338836537 ) ) ;
#4129 = EDGE_CURVE ( 'NONE', #4055, #5506, #4959, .T. ) ;
#4130 = ORIENTED_EDGE ( 'NONE', *, *, #6641, .F. ) ;
#4131 = CARTESIAN_POINT ( 'NONE',  ( 2.263779527559056426, 1.082677165354330784, -1.605809736118364306 ) ) ;
#4132 = CARTESIAN_POINT ( 'NONE',  ( 2.657480314960631418, 1.200787401574803237, -0.5054160353309620213 ) ) ;
#4133 = DIRECTION ( 'NONE',  ( 0.000000000000000000, 0.000000000000000000, -1.000000000000000000 ) ) ;
#4134 = ORIENTED_EDGE ( 'NONE', *, *, #898, .F. ) ;
#4135 = DIRECTION ( 'NONE',  ( 0.000000000000000000, -1.000000000000000000, 0.000000000000000000 ) ) ;
#4136 = EDGE_LOOP ( 'NONE', ( #5675, #3901, #6468, #4144, #3775, #4291, #5949, #3306, #5185, #2363 ) ) ;
#4137 = PLANE ( 'NONE',  #5856 ) ;
#4138 = ORIENTED_EDGE ( 'NONE', *, *, #6752, .T. ) ;
#4139 = CARTESIAN_POINT ( 'NONE',  ( -1.498039639382837018, 1.338582677165354395, -3.289108543396113138 ) ) ;
#4140 = EDGE_CURVE ( 'NONE', #5507, #3669, #6064, .T. ) ;
#4141 = DIRECTION ( 'NONE',  ( 0.000000000000000000, 1.000000000000000000, 0.000000000000000000 ) ) ;
#4142 = VERTEX_POINT ( 'NONE', #1256 ) ;
#4143 = ORIENTED_EDGE ( 'NONE', *, *, #7246, .F. ) ;
#4144 = ORIENTED_EDGE ( 'NONE', *, *, #2119, .T. ) ;
#4145 = LINE ( 'NONE', #402, #2771 ) ;
#4146 = CARTESIAN_POINT ( 'NONE',  ( 0.3032035753174461834, 1.082677165354330784, 0.7962163832857609425 ) ) ;
#4147 = LINE ( 'NONE', #3113, #7229 ) ;
#4148 = DIRECTION ( 'NONE',  ( 0.000000000000000000, 0.000000000000000000, 1.000000000000000000 ) ) ;
#4149 = DIRECTION ( 'NONE',  ( -0.000000000000000000, -1.000000000000000000, -0.000000000000000000 ) ) ;
#4150 = DIRECTION ( 'NONE',  ( 0.000000000000000000, -1.000000000000000000, 0.000000000000000000 ) ) ;
#4151 = EDGE_LOOP ( 'NONE', ( #3043, #3186, #2357, #1638 ) ) ;
#4152 = LINE ( 'NONE', #2994, #1454 ) ;
#4153 = CARTESIAN_POINT ( 'NONE',  ( -1.622338793878041363, 1.200787401574803237, -2.586542722227977542 ) ) ;
#4154 = LINE ( 'NONE', #3478, #1534 ) ;
#4155 = FACE_OUTER_BOUND ( 'NONE', #4979, .T. ) ;
#4156 = CARTESIAN_POINT ( 'NONE',  ( 2.263779527559056426, 1.082677165354330784, -0.8991168227325369022 ) ) ;
#4157 = AXIS2_PLACEMENT_3D ( 'NONE', #5951, #7139, #6589 ) ;
#4158 = ORIENTED_EDGE ( 'NONE', *, *, #2127, .F. ) ;
#4159 = CARTESIAN_POINT ( 'NONE',  ( -1.498039639382837018, 0.9842519685039373689, -3.289108543396113138 ) ) ;
#4160 = CARTESIAN_POINT ( 'NONE',  ( 4.625984251968501937, 1.377952755905512028, -1.761600230795121291 ) ) ;
#4161 = VERTEX_POINT ( 'NONE', #1938 ) ;
#4162 = CARTESIAN_POINT ( 'NONE',  ( 1.476377952755906664, 1.082677165354330784, -1.373526271551434919 ) ) ;
#4163 = CARTESIAN_POINT ( 'NONE',  ( -3.122413029667135298, 1.377952755905512028, -3.725633739945664935 ) ) ;
#4164 = DIRECTION ( 'NONE',  ( 0.000000000000000000, -1.000000000000000000, 0.000000000000000000 ) ) ;
#4165 = VECTOR ( 'NONE', #950, 39.37007874015748143 ) ;
#4166 = VERTEX_POINT ( 'NONE', #3571 ) ;
#4167 = DIRECTION ( 'NONE',  ( 0.000000000000000000, -1.000000000000000000, 0.000000000000000000 ) ) ;
#4168 = AXIS2_PLACEMENT_3D ( 'NONE', #5094, #3191, #164 ) ;
#4169 = ORIENTED_EDGE ( 'NONE', *, *, #3308, .T. ) ;
#4170 = DIRECTION ( 'NONE',  ( 0.000000000000000000, 0.000000000000000000, -1.000000000000000000 ) ) ;
#4171 = ORIENTED_EDGE ( 'NONE', *, *, #4562, .F. ) ;
#4172 = FACE_OUTER_BOUND ( 'NONE', #1369, .T. ) ;
#4173 = ADVANCED_FACE ( 'NONE', ( #6592 ), #3611, .F. ) ;
#4174 = FACE_OUTER_BOUND ( 'NONE', #3091, .T. ) ;
#4175 = EDGE_LOOP ( 'NONE', ( #4072, #212 ) ) ;
#4176 = ORIENTED_EDGE ( 'NONE', *, *, #4387, .F. ) ;
#4177 = ORIENTED_EDGE ( 'NONE', *, *, #3036, .T. ) ;
#4178 = EDGE_CURVE ( 'NONE', #2856, #2803, #3325, .T. ) ;
#4179 = LINE ( 'NONE', #4146, #6105 ) ;
#4180 = LINE ( 'NONE', #678, #622 ) ;
#4181 = CARTESIAN_POINT ( 'NONE',  ( 1.870078740157481434, 1.200787401574803237, -1.686518397535686553 ) ) ;
#4182 = EDGE_CURVE ( 'NONE', #420, #5175, #7267, .T. ) ;
#4183 = DIRECTION ( 'NONE',  ( -0.1730638617519519584, 0.000000000000000000, -0.9849106049563591814 ) ) ;
#4184 = FACE_OUTER_BOUND ( 'NONE', #4541, .T. ) ;
#4185 = UNCERTAINTY_MEASURE_WITH_UNIT (LENGTH_MEASURE( 1.000000000000000082E-05 ), #3213, 'distance_accuracy_value', 'NONE');
#4186 = AXIS2_PLACEMENT_3D ( 'NONE', #1002, #4709, #5331 ) ;
#4187 = DIRECTION ( 'NONE',  ( -0.000000000000000000, -1.000000000000000000, -0.000000000000000000 ) ) ;
#4188 = ORIENTED_EDGE ( 'NONE', *, *, #3173, .T. ) ;
#4189 = EDGE_LOOP ( 'NONE', ( #6166, #3811, #6305, #4953, #2835, #2687, #4264, #5245 ) ) ;
#4190 = FACE_OUTER_BOUND ( 'NONE', #3367, .T. ) ;
#4191 = DIRECTION ( 'NONE',  ( 0.000000000000000000, 0.000000000000000000, -1.000000000000000000 ) ) ;
#4192 = CARTESIAN_POINT ( 'NONE',  ( -0.03129498633245732936, 0.9842519685039373689, -1.539002674835876494 ) ) ;
#4193 = VECTOR ( 'NONE', #7228, 39.37007874015748143 ) ;
#4194 = ADVANCED_FACE ( 'NONE', ( #4251 ), #1220, .F. ) ;
#4195 = LINE ( 'NONE', #3681, #985 ) ;
#4196 = VECTOR ( 'NONE', #6926, 39.37007874015748143 ) ;
#4197 = DIRECTION ( 'NONE',  ( 0.1730638617519519584, 0.000000000000000000, 0.9849106049563591814 ) ) ;
#4198 = AXIS2_PLACEMENT_3D ( 'NONE', #6177, #1404, #7414 ) ;
#4199 = EDGE_CURVE ( 'NONE', #5650, #76, #778, .T. ) ;
#4200 = ORIENTED_EDGE ( 'NONE', *, *, #5315, .F. ) ;
#4201 = AXIS2_PLACEMENT_3D ( 'NONE', #4621, #7701, #5837 ) ;
#4202 = FACE_BOUND ( 'NONE', #7310, .T. ) ;
#4203 = DIRECTION ( 'NONE',  ( 0.000000000000000000, 1.000000000000000000, 0.000000000000000000 ) ) ;
#4204 = VERTEX_POINT ( 'NONE', #1373 ) ;
#4205 = VECTOR ( 'NONE', #4828, 39.37007874015748143 ) ;
#4206 = DIRECTION ( 'NONE',  ( 0.000000000000000000, 0.000000000000000000, -1.000000000000000000 ) ) ;
#4207 = FACE_OUTER_BOUND ( 'NONE', #3833, .T. ) ;
#4208 = CARTESIAN_POINT ( 'NONE',  ( -0.03129498633245732936, 0.9842519685039373689, -1.414986926804380429 ) ) ;
#4209 = ADVANCED_FACE ( 'NONE', ( #6856, #6274 ), #5629, .F. ) ;
#4210 = AXIS2_PLACEMENT_3D ( 'NONE', #4776, #7871, #6571 ) ;
#4211 = EDGE_CURVE ( 'NONE', #5467, #6113, #5741, .T. ) ;
#4212 = ORIENTED_EDGE ( 'NONE', *, *, #1949, .F. ) ;
#4213 = AXIS2_PLACEMENT_3D ( 'NONE', #1491, #4559, #971 ) ;
#4214 = EDGE_LOOP ( 'NONE', ( #3834, #5606, #5017, #1087 ) ) ;
#4215 = FACE_OUTER_BOUND ( 'NONE', #1271, .T. ) ;
#4216 = ORIENTED_EDGE ( 'NONE', *, *, #2374, .F. ) ;
#4217 = AXIS2_PLACEMENT_3D ( 'NONE', #3817, #6246, #2616 ) ;
#4218 = CIRCLE ( 'NONE', #2561, 0.08070866141732323251 ) ;
#4219 = VECTOR ( 'NONE', #5118, 39.37007874015748143 ) ;
#4220 = FACE_OUTER_BOUND ( 'NONE', #2153, .T. ) ;
#4221 = EDGE_CURVE ( 'NONE', #1456, #7827, #5861, .T. ) ;
#4222 = CIRCLE ( 'NONE', #2431, 0.08070866141732296883 ) ;
#4223 = AXIS2_PLACEMENT_3D ( 'NONE', #355, #2216, #7539 ) ;
#4224 = LINE ( 'NONE', #4389, #4299 ) ;
#4225 = EDGE_CURVE ( 'NONE', #1145, #3092, #5693, .T. ) ;
#4226 = ORIENTED_EDGE ( 'NONE', *, *, #3897, .T. ) ;
#4227 = EDGE_LOOP ( 'NONE', ( #6956, #1953, #1967, #5265, #7272, #7404, #1501, #1157, #5929, #2106 ) ) ;
#4228 = ORIENTED_EDGE ( 'NONE', *, *, #4564, .T. ) ;
#4229 = FACE_OUTER_BOUND ( 'NONE', #4646, .T. ) ;
#4230 = DIRECTION ( 'NONE',  ( 0.000000000000000000, 0.000000000000000000, -1.000000000000000000 ) ) ;
#4231 = DIRECTION ( 'NONE',  ( -1.000000000000000000, 0.000000000000000000, 0.000000000000000000 ) ) ;
#4232 = CARTESIAN_POINT ( 'NONE',  ( 1.082677165354331672, 1.200787401574803237, -0.8991168227325369022 ) ) ;
#4233 = ADVANCED_FACE ( 'NONE', ( #143 ), #6785, .T. ) ;
#4234 = CARTESIAN_POINT ( 'NONE',  ( 2.657480314960631418, 1.200787401574803237, -0.1117152479293870848 ) ) ;
#4235 = CARTESIAN_POINT ( 'NONE',  ( 0.2952755905511813550, 1.082677165354330784, -2.867620759740411085 ) ) ;
#4236 = VERTEX_POINT ( 'NONE', #4447 ) ;
#4237 = ORIENTED_EDGE ( 'NONE', *, *, #6130, .F. ) ;
#4238 = CARTESIAN_POINT ( 'NONE',  ( 0.2952755905511819101, 1.082677165354330784, -0.8991168227325369022 ) ) ;
#4239 = DIRECTION ( 'NONE',  ( -0.000000000000000000, -1.000000000000000000, -0.000000000000000000 ) ) ;
#4240 = CARTESIAN_POINT ( 'NONE',  ( 1.870078740157481434, 1.200787401574803237, -1.292817610134111783 ) ) ;
#4241 = CARTESIAN_POINT ( 'NONE',  ( 2.657480314960631418, 1.200787401574803237, -0.8991168227325369022 ) ) ;
#4242 = EDGE_CURVE ( 'NONE', #4698, #6806, #5476, .T. ) ;
#4243 = AXIS2_PLACEMENT_3D ( 'NONE', #4836, #1014, #1695 ) ;
#4244 = EDGE_CURVE ( 'NONE', #2789, #5370, #5113, .T. ) ;
#4245 = CARTESIAN_POINT ( 'NONE',  ( 1.476377952755906664, 1.200787401574803237, -2.080219184937261545 ) ) ;
#4246 = ORIENTED_EDGE ( 'NONE', *, *, #719, .T. ) ;
#4247 = EDGE_CURVE ( 'NONE', #5264, #5617, #1931, .T. ) ;
#4248 = DIRECTION ( 'NONE',  ( 0.000000000000000000, -1.000000000000000000, 0.000000000000000000 ) ) ;
#4249 = VERTEX_POINT ( 'NONE', #4525 ) ;
#4250 = DIRECTION ( 'NONE',  ( 0.000000000000000000, 0.000000000000000000, -1.000000000000000000 ) ) ;
#4251 = FACE_OUTER_BOUND ( 'NONE', #4337, .T. ) ;
#4252 = VECTOR ( 'NONE', #6514, 39.37007874015748143 ) ;
#4253 = EDGE_CURVE ( 'NONE', #1599, #6916, #3842, .T. ) ;
#4254 = CARTESIAN_POINT ( 'NONE',  ( 0.8267716535433065062, 1.181102362204724532, -5.422738869976631904 ) ) ;
#4255 = ORIENTED_EDGE ( 'NONE', *, *, #7400, .F. ) ;
#4256 = ORIENTED_EDGE ( 'NONE', *, *, #4821, .T. ) ;
#4257 = DIRECTION ( 'NONE',  ( -0.000000000000000000, -1.000000000000000000, -0.000000000000000000 ) ) ;
#4258 = EDGE_LOOP ( 'NONE', ( #4436, #6337 ) ) ;
#4259 = FACE_OUTER_BOUND ( 'NONE', #4508, .T. ) ;
#4260 = DIRECTION ( 'NONE',  ( 0.000000000000000000, -1.000000000000000000, 0.000000000000000000 ) ) ;
#4261 = ORIENTED_EDGE ( 'NONE', *, *, #3910, .T. ) ;
#4262 = EDGE_LOOP ( 'NONE', ( #3364, #6988 ) ) ;
#4263 = EDGE_CURVE ( 'NONE', #58, #6502, #404, .T. ) ;
#4264 = ORIENTED_EDGE ( 'NONE', *, *, #7548, .F. ) ;
#4265 = CARTESIAN_POINT ( 'NONE',  ( 0.6889763779527567911, 1.200787401574803237, -1.292817610134111783 ) ) ;
#4266 = CARTESIAN_POINT ( 'NONE',  ( -0.07874015748031448769, 1.102362204724409933, -3.379431783362458308 ) ) ;
#4267 = PLANE ( 'NONE',  #6371 ) ;
#4268 = DIRECTION ( 'NONE',  ( 0.000000000000000000, 0.000000000000000000, -1.000000000000000000 ) ) ;
#4269 = EDGE_CURVE ( 'NONE', #2143, #916, #3282, .T. ) ;
#4270 = LINE ( 'NONE', #7834, #2434 ) ;
#4271 = CARTESIAN_POINT ( 'NONE',  ( 3.051181102362205966, 1.200787401574803237, -2.473919972338836537 ) ) ;
#4272 = AXIS2_PLACEMENT_3D ( 'NONE', #6695, #6216, #7329 ) ;
#4273 = VERTEX_POINT ( 'NONE', #5147 ) ;
#4274 = VERTEX_POINT ( 'NONE', #7567 ) ;
#4275 = PLANE ( 'NONE',  #2612 ) ;
#4276 = DIRECTION ( 'NONE',  ( 1.000000000000000000, 0.000000000000000000, 0.000000000000000000 ) ) ;
#4277 = CARTESIAN_POINT ( 'NONE',  ( 1.476377952755906220, 1.200787401574803237, -2.554628633756159672 ) ) ;
#4278 = FACE_OUTER_BOUND ( 'NONE', #3357, .T. ) ;
#4279 = DIRECTION ( 'NONE',  ( 0.000000000000000000, 0.000000000000000000, -1.000000000000000000 ) ) ;
#4280 = DIRECTION ( 'NONE',  ( -0.000000000000000000, -1.000000000000000000, -0.000000000000000000 ) ) ;
#4281 = ORIENTED_EDGE ( 'NONE', *, *, #559, .T. ) ;
#4282 = ORIENTED_EDGE ( 'NONE', *, *, #1496, .F. ) ;
#4283 = CARTESIAN_POINT ( 'NONE',  ( 0.6889763779527567911, 1.200787401574803237, -2.080219184937261545 ) ) ;
#4284 = ORIENTED_EDGE ( 'NONE', *, *, #1590, .T. ) ;
#4285 = DIRECTION ( 'NONE',  ( 0.000000000000000000, -1.000000000000000000, 0.000000000000000000 ) ) ;
#4286 = CARTESIAN_POINT ( 'NONE',  ( 0.000000000000000000, 0.000000000000000000, -3.084156192811276842 ) ) ;
#4287 = CIRCLE ( 'NONE', #6047, 0.08070866141732241372 ) ;
#4288 = PLANE ( 'NONE',  #2809 ) ;
#4289 = ADVANCED_FACE ( 'NONE', ( #1492 ), #2050, .T. ) ;
#4290 = ORIENTED_EDGE ( 'NONE', *, *, #3604, .T. ) ;
#4291 = ORIENTED_EDGE ( 'NONE', *, *, #5826, .T. ) ;
#4292 = CARTESIAN_POINT ( 'NONE',  ( 4.344917934081746758, 0.3853812960281743361, -1.654989912605622671 ) ) ;
#4293 = DIRECTION ( 'NONE',  ( -0.6423330032324080507, 0.000000000000000000, -0.7664256734729305576 ) ) ;
#4294 = ORIENTED_EDGE ( 'NONE', *, *, #5966, .T. ) ;
#4295 = AXIS2_PLACEMENT_3D ( 'NONE', #7511, #6325, #870 ) ;
#4296 = AXIS2_PLACEMENT_3D ( 'NONE', #6622, #2484, #566 ) ;
#4297 = DIRECTION ( 'NONE',  ( 0.000000000000000000, -1.000000000000000000, 0.000000000000000000 ) ) ;
#4298 = DIRECTION ( 'NONE',  ( -0.1730638617519519307, 0.000000000000000000, -0.9849106049563591814 ) ) ;
#4299 = VECTOR ( 'NONE', #6163, 39.37007874015748143 ) ;
#4300 = DIRECTION ( 'NONE',  ( 0.000000000000000000, 0.000000000000000000, -1.000000000000000000 ) ) ;
#4301 = ORIENTED_EDGE ( 'NONE', *, *, #7405, .T. ) ;
#4302 = VERTEX_POINT ( 'NONE', #4488 ) ;
#4303 = ORIENTED_EDGE ( 'NONE', *, *, #551, .T. ) ;
#4304 = CARTESIAN_POINT ( 'NONE',  ( 1.513844204107251290, 1.082677165354330784, -0.5769014746697104234 ) ) ;
#4305 = LINE ( 'NONE', #2988, #1917 ) ;
#4306 = LINE ( 'NONE', #633, #3903 ) ;
#4307 = EDGE_CURVE ( 'NONE', #5201, #5806, #6881, .T. ) ;
#4308 = DIRECTION ( 'NONE',  ( 1.000000000000000000, -1.084202172485504311E-16, -0.000000000000000000 ) ) ;
#4309 = DIRECTION ( 'NONE',  ( 0.000000000000000000, 0.000000000000000000, -1.000000000000000000 ) ) ;
#4310 = VERTEX_POINT ( 'NONE', #1458 ) ;
#4311 = ORIENTED_EDGE ( 'NONE', *, *, #4803, .F. ) ;
#4312 = LINE ( 'NONE', #3082, #5282 ) ;
#4313 = CARTESIAN_POINT ( 'NONE',  ( 2.263779527559055982, 1.200787401574803237, -2.393211310921513402 ) ) ;
#4314 = DIRECTION ( 'NONE',  ( 0.000000000000000000, -1.000000000000000000, 0.000000000000000000 ) ) ;
#4315 = DIRECTION ( 'NONE',  ( -0.000000000000000000, -1.000000000000000000, 0.000000000000000000 ) ) ;
#4316 = AXIS2_PLACEMENT_3D ( 'NONE', #5564, #4938, #1992 ) ;
#4317 = LINE ( 'NONE', #2967, #1026 ) ;
#4318 = ADVANCED_FACE ( 'NONE', ( #1974 ), #180, .F. ) ;
#4319 = DIRECTION ( 'NONE',  ( 0.000000000000000000, 0.000000000000000000, -1.000000000000000000 ) ) ;
#4320 = ORIENTED_EDGE ( 'NONE', *, *, #4824, .T. ) ;
#4321 = VERTEX_POINT ( 'NONE', #891 ) ;
#4322 = CYLINDRICAL_SURFACE ( 'NONE', #2748, 0.08070866141732323251 ) ;
#4323 = ADVANCED_FACE ( 'NONE', ( #3808 ), #773, .F. ) ;
#4324 = EDGE_LOOP ( 'NONE', ( #5882, #537, #1471, #3109 ) ) ;
#4325 = VECTOR ( 'NONE', #1163, 39.37007874015748143 ) ;
#4326 = LINE ( 'NONE', #3730, #1308 ) ;
#4327 = CARTESIAN_POINT ( 'NONE',  ( 0.6889763779527567911, 1.200787401574803237, -1.686518397535686553 ) ) ;
#4328 = LINE ( 'NONE', #4208, #6499 ) ;
#4329 = AXIS2_PLACEMENT_3D ( 'NONE', #4972, #3742, #3106 ) ;
#4330 = VECTOR ( 'NONE', #1244, 39.37007874015748143 ) ;
#4331 = EDGE_CURVE ( 'NONE', #3627, #5963, #2793, .T. ) ;
#4332 = ORIENTED_EDGE ( 'NONE', *, *, #4809, .T. ) ;
#4333 = CARTESIAN_POINT ( 'NONE',  ( 2.657480314960631418, 1.200787401574803237, -1.373526271551434252 ) ) ;
#4334 = DIRECTION ( 'NONE',  ( -1.000000000000000000, 0.000000000000000000, 1.110223024625156294E-16 ) ) ;
#4335 = LINE ( 'NONE', #4384, #4079 ) ;
#4336 = CARTESIAN_POINT ( 'NONE',  ( -1.525726323044705790, 1.082677165354330784, -1.242772253095522306 ) ) ;
#4337 = EDGE_LOOP ( 'NONE', ( #7397, #5135, #1807, #3883 ) ) ;
#4338 = VECTOR ( 'NONE', #2167, 39.37007874015748143 ) ;
#4339 = CIRCLE ( 'NONE', #2549, 0.08070866141732296883 ) ;
#4340 = CARTESIAN_POINT ( 'NONE',  ( 2.657480314960631418, 1.200787401574803237, -0.5861246967482850456 ) ) ;
#4341 = AXIS2_PLACEMENT_3D ( 'NONE', #4031, #3997, #7121 ) ;
#4342 = ADVANCED_FACE ( 'NONE', ( #3967 ), #1096, .T. ) ;
#4343 = EDGE_CURVE ( 'NONE', #5588, #1497, #2925, .T. ) ;
#4344 = CIRCLE ( 'NONE', #2556, 0.08070866141732309373 ) ;
#4345 = AXIS2_PLACEMENT_3D ( 'NONE', #7070, #5244, #6480 ) ;
#4346 = DIRECTION ( 'NONE',  ( -1.000000000000000000, 0.000000000000000000, -0.000000000000000000 ) ) ;
#4347 = AXIS2_PLACEMENT_3D ( 'NONE', #7144, #4133, #6001 ) ;
#4348 = VECTOR ( 'NONE', #4308, 39.37007874015748143 ) ;
#4349 = ORIENTED_EDGE ( 'NONE', *, *, #7781, .T. ) ;
#4350 = EDGE_LOOP ( 'NONE', ( #426, #4138 ) ) ;
#4351 = EDGE_CURVE ( 'NONE', #933, #5849, #6983, .T. ) ;
#4352 = ORIENTED_EDGE ( 'NONE', *, *, #3514, .T. ) ;
#4353 = CARTESIAN_POINT ( 'NONE',  ( -1.175892102454584753, 1.200787401574803237, -1.025872795008390570 ) ) ;
#4354 = DIRECTION ( 'NONE',  ( 0.000000000000000000, 0.000000000000000000, -1.000000000000000000 ) ) ;
#4355 = VECTOR ( 'NONE', #539, 39.37007874015748143 ) ;
#4356 = AXIS2_PLACEMENT_3D ( 'NONE', #7021, #5667, #6939 ) ;
#4357 = EDGE_CURVE ( 'NONE', #2295, #4466, #7374, .T. ) ;
#4358 = FACE_OUTER_BOUND ( 'NONE', #7581, .T. ) ;
#4359 = CARTESIAN_POINT ( 'NONE',  ( 3.455905511811023789, 0.5511811023622049666, -4.885337295173484584 ) ) ;
#4360 = ADVANCED_FACE ( 'NONE', ( #1691 ), #5187, .F. ) ;
#4361 = ORIENTED_EDGE ( 'NONE', *, *, #2337, .T. ) ;
#4362 = ORIENTED_EDGE ( 'NONE', *, *, #5028, .T. ) ;
#4363 = DIRECTION ( 'NONE',  ( 0.000000000000000000, -1.000000000000000000, 0.000000000000000000 ) ) ;
#4364 = CARTESIAN_POINT ( 'NONE',  ( 0.2952755905511819101, 1.082677165354330784, -0.9798254841498597045 ) ) ;
#4365 = LINE ( 'NONE', #5385, #1784 ) ;
#4366 = DIRECTION ( 'NONE',  ( -1.000000000000000000, 0.000000000000000000, 1.110223024625156294E-16 ) ) ;
#4367 = AXIS2_PLACEMENT_3D ( 'NONE', #179, #4408, #6783 ) ;
#4368 = DIRECTION ( 'NONE',  ( -1.000000000000000000, 0.000000000000000000, 0.000000000000000000 ) ) ;
#4369 = ORIENTED_EDGE ( 'NONE', *, *, #4556, .T. ) ;
#4370 = ORIENTED_EDGE ( 'NONE', *, *, #4769, .F. ) ;
#4371 = CARTESIAN_POINT ( 'NONE',  ( -1.425488400177252757, 1.082677165354330784, -2.326296500265601086 ) ) ;
#4372 = ORIENTED_EDGE ( 'NONE', *, *, #7306, .F. ) ;
#4373 = DIRECTION ( 'NONE',  ( 0.000000000000000000, 0.000000000000000000, -1.000000000000000000 ) ) ;
#4374 = DIRECTION ( 'NONE',  ( 0.000000000000000000, -1.000000000000000000, 0.000000000000000000 ) ) ;
#4375 = DIRECTION ( 'NONE',  ( 0.000000000000000000, -1.000000000000000000, 0.000000000000000000 ) ) ;
#4376 = EDGE_CURVE ( 'NONE', #2253, #819, #3568, .T. ) ;
#4377 = ADVANCED_FACE ( 'NONE', ( #4640 ), #3396, .F. ) ;
#4378 = EDGE_CURVE ( 'NONE', #5062, #1775, #1779, .T. ) ;
#4379 = ORIENTED_EDGE ( 'NONE', *, *, #2210, .F. ) ;
#4380 = CIRCLE ( 'NONE', #2975, 0.08070866141732323251 ) ;
#4381 = CARTESIAN_POINT ( 'NONE',  ( 1.476377952755906664, 1.082677165354330784, -1.605809736118363640 ) ) ;
#4382 = CARTESIAN_POINT ( 'NONE',  ( 3.455905511811023789, 0.000000000000000000, -4.294786114071121652 ) ) ;
#4383 = ORIENTED_EDGE ( 'NONE', *, *, #6046, .F. ) ;
#4384 = CARTESIAN_POINT ( 'NONE',  ( 4.093791553379385384, 15.67005943375638211, -3.084156192811276842 ) ) ;
#4385 = DIRECTION ( 'NONE',  ( -1.000000000000000000, 0.000000000000000000, 0.000000000000000000 ) ) ;
#4386 = ORIENTED_EDGE ( 'NONE', *, *, #4697, .T. ) ;
#4387 = EDGE_CURVE ( 'NONE', #2471, #6126, #5306, .T. ) ;
#4388 = CARTESIAN_POINT ( 'NONE',  ( 0.9200649109126221026, 0.000000000000000000, -0.3505764156953624644 ) ) ;
#4389 = CARTESIAN_POINT ( 'NONE',  ( 0.3032035753174461834, 1.082677165354330784, 0.7962163832857609425 ) ) ;
#4390 = ORIENTED_EDGE ( 'NONE', *, *, #1738, .T. ) ;
#4391 = VERTEX_POINT ( 'NONE', #5866 ) ;
#4392 = ORIENTED_EDGE ( 'NONE', *, *, #2129, .T. ) ;
#4393 = CARTESIAN_POINT ( 'NONE',  ( 1.842659777224934459, 1.200787401574803237, 0.2099829996711910507 ) ) ;
#4394 = DIRECTION ( 'NONE',  ( 0.000000000000000000, 0.000000000000000000, -1.000000000000000000 ) ) ;
#4395 = CARTESIAN_POINT ( 'NONE',  ( 3.464566929133858775, 0.000000000000000000, -4.885337295173484584 ) ) ;
#4396 = CARTESIAN_POINT ( 'NONE',  ( 3.464566929133858775, 1.102362204724409489, -3.615652255803403214 ) ) ;
#4397 = VERTEX_POINT ( 'NONE', #5268 ) ;
#4398 = ORIENTED_EDGE ( 'NONE', *, *, #579, .T. ) ;
#4399 = FACE_OUTER_BOUND ( 'NONE', #2055, .T. ) ;
#4400 = DIRECTION ( 'NONE',  ( 0.000000000000000000, 0.000000000000000000, -1.000000000000000000 ) ) ;
#4401 = CARTESIAN_POINT ( 'NONE',  ( 2.657480314960631418, 1.082677165354330784, -0.8991168227325369022 ) ) ;
#4402 = CARTESIAN_POINT ( 'NONE',  ( 1.870078740157481212, 1.200787401574803237, -2.554628633756159672 ) ) ;
#4403 = DIRECTION ( 'NONE',  ( -0.000000000000000000, -1.000000000000000000, -0.000000000000000000 ) ) ;
#4404 = ORIENTED_EDGE ( 'NONE', *, *, #7175, .F. ) ;
#4405 = ORIENTED_EDGE ( 'NONE', *, *, #5401, .T. ) ;
#4406 = CARTESIAN_POINT ( 'NONE',  ( 0.6889763779527567911, 1.082677165354330784, -2.473919972338836537 ) ) ;
#4407 = VERTEX_POINT ( 'NONE', #5781 ) ;
#4408 = DIRECTION ( 'NONE',  ( 1.000000000000000000, 0.000000000000000000, 0.000000000000000000 ) ) ;
#4409 = DIRECTION ( 'NONE',  ( -0.000000000000000000, -1.000000000000000000, -0.000000000000000000 ) ) ;
#4410 = CARTESIAN_POINT ( 'NONE',  ( 2.263779527559056426, 1.200787401574803237, -0.8991168227325369022 ) ) ;
#4411 = ADVANCED_FACE ( 'NONE', ( #4676 ), #1579, .F. ) ;
#4412 = CIRCLE ( 'NONE', #1107, 0.08070866141732323251 ) ;
#4413 = ORIENTED_EDGE ( 'NONE', *, *, #2337, .F. ) ;
#4414 = DIRECTION ( 'NONE',  ( -0.000000000000000000, -1.000000000000000000, -0.000000000000000000 ) ) ;
#4415 = CARTESIAN_POINT ( 'NONE',  ( 2.263779527559056426, 1.200787401574803237, -0.1117152479293870848 ) ) ;
#4416 = DIRECTION ( 'NONE',  ( 0.000000000000000000, 0.000000000000000000, -1.000000000000000000 ) ) ;
#4417 = FACE_OUTER_BOUND ( 'NONE', #4027, .T. ) ;
#4418 = ORIENTED_EDGE ( 'NONE', *, *, #7736, .T. ) ;
#4419 = DIRECTION ( 'NONE',  ( 0.000000000000000000, 0.000000000000000000, -1.000000000000000000 ) ) ;
#4420 = DIRECTION ( 'NONE',  ( 1.000000000000000000, 0.000000000000000000, 0.000000000000000000 ) ) ;
#4421 = AXIS2_PLACEMENT_3D ( 'NONE', #1771, #6664, #1731 ) ;
#4422 = CARTESIAN_POINT ( 'NONE',  ( 2.657480314960631418, 1.200787401574803237, -0.5054160353309620213 ) ) ;
#4423 = AXIS2_PLACEMENT_3D ( 'NONE', #1601, #4293, #6715 ) ;
#4424 = CARTESIAN_POINT ( 'NONE',  ( -1.256569357273963794, 1.200787401574803237, -1.023621443728597757 ) ) ;
#4425 = EDGE_LOOP ( 'NONE', ( #578, #2033 ) ) ;
#4426 = VECTOR ( 'NONE', #5123, 39.37007874015748143 ) ;
#4427 = VERTEX_POINT ( 'NONE', #328 ) ;
#4428 = DIRECTION ( 'NONE',  ( 0.000000000000000000, 0.000000000000000000, -1.000000000000000000 ) ) ;
#4429 = FACE_OUTER_BOUND ( 'NONE', #304, .T. ) ;
#4430 = VECTOR ( 'NONE', #5251, 39.37007874015748143 ) ;
#4431 = CIRCLE ( 'NONE', #1367, 0.08070866141732323251 ) ;
#4432 = CYLINDRICAL_SURFACE ( 'NONE', #2947, 0.07874015748031502893 ) ;
#4433 = DIRECTION ( 'NONE',  ( 0.000000000000000000, -1.000000000000000000, 0.000000000000000000 ) ) ;
#4434 = EDGE_CURVE ( 'NONE', #4814, #1345, #7685, .T. ) ;
#4435 = ORIENTED_EDGE ( 'NONE', *, *, #2269, .T. ) ;
#4436 = ORIENTED_EDGE ( 'NONE', *, *, #7536, .F. ) ;
#4437 = FACE_OUTER_BOUND ( 'NONE', #2069, .T. ) ;
#4438 = EDGE_CURVE ( 'NONE', #6945, #4859, #6543, .T. ) ;
#4439 = DIRECTION ( 'NONE',  ( 0.000000000000000000, 0.000000000000000000, -1.000000000000000000 ) ) ;
#4440 = CARTESIAN_POINT ( 'NONE',  ( 0.000000000000000000, 1.082677165354331672, -3.379431783362458308 ) ) ;
#4441 = EDGE_CURVE ( 'NONE', #6916, #1599, #3947, .T. ) ;
#4442 = EDGE_CURVE ( 'NONE', #193, #7850, #6507, .T. ) ;
#4443 = CARTESIAN_POINT ( 'NONE',  ( 0.000000000000000000, 0.5511811023622049666, -4.885337295173484584 ) ) ;
#4444 = ORIENTED_EDGE ( 'NONE', *, *, #6557, .F. ) ;
#4445 = EDGE_LOOP ( 'NONE', ( #6836, #3359, #5472, #5184 ) ) ;
#4446 = FACE_OUTER_BOUND ( 'NONE', #7078, .T. ) ;
#4447 = CARTESIAN_POINT ( 'NONE',  ( 1.870078740157481212, 1.200787401574803237, -2.393211310921513402 ) ) ;
#4448 = EDGE_CURVE ( 'NONE', #7356, #3876, #6484, .T. ) ;
#4449 = CARTESIAN_POINT ( 'NONE',  ( 1.476377952755906664, 1.082677165354330784, -1.292817610134111783 ) ) ;
#4450 = EDGE_CURVE ( 'NONE', #7117, #4391, #7133, .T. ) ;
#4451 = VERTEX_POINT ( 'NONE', #7802 ) ;
#4452 = LINE ( 'NONE', #5634, #80 ) ;
#4453 = PLANE ( 'NONE',  #3456 ) ;
#4454 = DIRECTION ( 'NONE',  ( 0.000000000000000000, -1.000000000000000000, 0.000000000000000000 ) ) ;
#4455 = DIRECTION ( 'NONE',  ( 0.000000000000000000, -1.000000000000000000, 0.000000000000000000 ) ) ;
#4456 = ORIENTED_EDGE ( 'NONE', *, *, #4441, .F. ) ;
#4457 = PLANE ( 'NONE',  #5722 ) ;
#4458 = ADVANCED_FACE ( 'NONE', ( #4903 ), #6618, .F. ) ;
#4459 = CYLINDRICAL_SURFACE ( 'NONE', #6482, 0.08070866141732323251 ) ;
#4460 = AXIS2_PLACEMENT_3D ( 'NONE', #5437, #2418, #4853 ) ;
#4461 = ADVANCED_FACE ( 'NONE', ( #3084 ), #2359, .F. ) ;
#4462 = CARTESIAN_POINT ( 'NONE',  ( 3.051181102362205966, 1.200787401574803237, -1.686518397535686553 ) ) ;
#4463 = AXIS2_PLACEMENT_3D ( 'NONE', #5308, #4641, #2282 ) ;
#4464 = ORIENTED_EDGE ( 'NONE', *, *, #2796, .T. ) ;
#4465 = AXIS2_PLACEMENT_3D ( 'NONE', #4680, #3363, #7092 ) ;
#4466 = VERTEX_POINT ( 'NONE', #52 ) ;
#4467 = VECTOR ( 'NONE', #7795, 39.37007874015748143 ) ;
#4468 = DIRECTION ( 'NONE',  ( 0.000000000000000000, 0.000000000000000000, -1.000000000000000000 ) ) ;
#4469 = ADVANCED_FACE ( 'NONE', ( #6656 ), #6022, .T. ) ;
#4470 = FACE_OUTER_BOUND ( 'NONE', #880, .T. ) ;
#4471 = AXIS2_PLACEMENT_3D ( 'NONE', #4807, #4967, #107 ) ;
#4472 = CIRCLE ( 'NONE', #2675, 0.08070866141732309373 ) ;
#4473 = LINE ( 'NONE', #1398, #1293 ) ;
#4474 = CARTESIAN_POINT ( 'NONE',  ( 0.2952755905511819101, 1.200787401574803237, -1.292817610134111783 ) ) ;
#4475 = ORIENTED_EDGE ( 'NONE', *, *, #2964, .T. ) ;
#4476 = VERTEX_POINT ( 'NONE', #3120 ) ;
#4477 = DIRECTION ( 'NONE',  ( 0.000000000000000000, 1.000000000000000000, -0.000000000000000000 ) ) ;
#4478 = PRESENTATION_STYLE_ASSIGNMENT (( #2036 ) ) ;
#4479 = VECTOR ( 'NONE', #2606, 39.37007874015748143 ) ;
#4480 = CARTESIAN_POINT ( 'NONE',  ( 3.521427278380654613, 1.377952755905512028, -1.341400144433948061 ) ) ;
#4481 = CIRCLE ( 'NONE', #2433, 0.08070866141732323251 ) ;
#4482 = VECTOR ( 'NONE', #558, 39.37007874015748143 ) ;
#4483 = DIRECTION ( 'NONE',  ( 0.000000000000000000, -1.000000000000000000, 0.000000000000000000 ) ) ;
#4484 = EDGE_CURVE ( 'NONE', #1570, #1210, #7769, .T. ) ;
#4485 = CARTESIAN_POINT ( 'NONE',  ( 0.7645818889599960144, 1.082677165354330784, -0.4771725452295185188 ) ) ;
#4486 = ORIENTED_EDGE ( 'NONE', *, *, #4450, .F. ) ;
#4487 = CARTESIAN_POINT ( 'NONE',  ( 0.6889763779527567911, 1.200787401574803237, -1.292817610134111783 ) ) ;
#4488 = CARTESIAN_POINT ( 'NONE',  ( -0.03129498633245730854, 0.9842519685039373689, -1.663018422867372559 ) ) ;
#4489 = ADVANCED_FACE ( 'NONE', ( #2322 ), #4869, .F. ) ;
#4490 = CARTESIAN_POINT ( 'NONE',  ( -0.6380868253740962226, 1.082677165354330784, -0.9624769667468033862 ) ) ;
#4491 = EDGE_CURVE ( 'NONE', #4161, #4648, #1764, .T. ) ;
#4492 = ADVANCED_FACE ( 'NONE', ( #563 ), #7251, .F. ) ;
#4493 = VERTEX_POINT ( 'NONE', #4750 ) ;
#4494 = CARTESIAN_POINT ( 'NONE',  ( 1.082677165354331672, 1.082677165354330784, -2.160927846354584680 ) ) ;
#4495 = CARTESIAN_POINT ( 'NONE',  ( 1.082677165354331672, 1.082677165354330784, -2.473919972338836537 ) ) ;
#4496 = EDGE_CURVE ( 'NONE', #6716, #3755, #4068, .T. ) ;
#4497 = PLANE ( 'NONE',  #4852 ) ;
#4498 = CARTESIAN_POINT ( 'NONE',  ( 0.1564243734964320676, 1.377952755905512028, -0.9720877938286779374 ) ) ;
#4499 = CARTESIAN_POINT ( 'NONE',  ( 3.464566929133858775, 0.5511811023622049666, -4.885337295173484584 ) ) ;
#4500 = ORIENTED_EDGE ( 'NONE', *, *, #4496, .F. ) ;
#4501 = CARTESIAN_POINT ( 'NONE',  ( 3.346456692913386100, 0.6791338582677166613, -5.347935720370331936 ) ) ;
#4502 = DIRECTION ( 'NONE',  ( -0.000000000000000000, -1.000000000000000000, -0.000000000000000000 ) ) ;
#4503 = VECTOR ( 'NONE', #4952, 39.37007874015748854 ) ;
#4504 = EDGE_CURVE ( 'NONE', #2343, #3738, #3035, .T. ) ;
#4505 = ORIENTED_EDGE ( 'NONE', *, *, #1435, .T. ) ;
#4506 = PLANE ( 'NONE',  #4927 ) ;
#4507 = ORIENTED_EDGE ( 'NONE', *, *, #4006, .T. ) ;
#4508 = EDGE_LOOP ( 'NONE', ( #437, #2635, #4398, #4102 ) ) ;
#4509 = CIRCLE ( 'NONE', #3107, 0.08070866141732255250 ) ;
#4510 = PLANE ( 'NONE',  #7862 ) ;
#4511 = CIRCLE ( 'NONE', #6903, 0.1240157480314960647 ) ;
#4512 = LINE ( 'NONE', #2071, #7214 ) ;
#4513 = LINE ( 'NONE', #3154, #6003 ) ;
#4514 = EDGE_CURVE ( 'NONE', #2619, #2084, #6731, .T. ) ;
#4515 = CYLINDRICAL_SURFACE ( 'NONE', #4043, 0.08070866141732296883 ) ;
#4516 = VERTEX_POINT ( 'NONE', #3557 ) ;
#4517 = ORIENTED_EDGE ( 'NONE', *, *, #6443, .F. ) ;
#4518 = CARTESIAN_POINT ( 'NONE',  ( 1.870078740157481434, 1.082677165354330784, -2.080219184937261545 ) ) ;
#4519 = DIRECTION ( 'NONE',  ( -0.000000000000000000, -1.000000000000000000, -0.000000000000000000 ) ) ;
#4520 = CARTESIAN_POINT ( 'NONE',  ( 2.263779527559056426, 1.200787401574803237, -0.1924239093467102202 ) ) ;
#4521 = LINE ( 'NONE', #766, #990 ) ;
#4522 = ORIENTED_EDGE ( 'NONE', *, *, #4504, .T. ) ;
#4523 = EDGE_LOOP ( 'NONE', ( #6846, #6182, #428 ) ) ;
#4524 = DIRECTION ( 'NONE',  ( 0.000000000000000000, -1.000000000000000000, 0.000000000000000000 ) ) ;
#4525 = CARTESIAN_POINT ( 'NONE',  ( 1.082677165354331672, 1.082677165354330784, -0.8184081613152139889 ) ) ;
#4526 = CARTESIAN_POINT ( 'NONE',  ( 0.2179518313094078175, 1.200787401574803237, -0.9222452529537218391 ) ) ;
#4527 = EDGE_CURVE ( 'NONE', #933, #5319, #529, .T. ) ;
#4528 = ORIENTED_EDGE ( 'NONE', *, *, #337, .F. ) ;
#4529 = CARTESIAN_POINT ( 'NONE',  ( 2.263779527559056426, 1.200787401574803237, -1.999510523519938410 ) ) ;
#4530 = CYLINDRICAL_SURFACE ( 'NONE', #7454, 0.08070866141732323251 ) ;
#4531 = EDGE_LOOP ( 'NONE', ( #5632, #1351 ) ) ;
#4532 = CYLINDRICAL_SURFACE ( 'NONE', #5356, 0.08070866141732309373 ) ;
#4533 = VERTEX_POINT ( 'NONE', #2963 ) ;
#4534 = CARTESIAN_POINT ( 'NONE',  ( 1.801687673616512830, 1.200787401574803237, -0.4625610467629446276 ) ) ;
#4535 = DIRECTION ( 'NONE',  ( -0.000000000000000000, -1.000000000000000000, -0.000000000000000000 ) ) ;
#4536 = ADVANCED_FACE ( 'NONE', ( #5383 ), #4784, .F. ) ;
#4537 = CYLINDRICAL_SURFACE ( 'NONE', #5307, 0.08070866141732255250 ) ;
#4538 = ORIENTED_EDGE ( 'NONE', *, *, #7134, .F. ) ;
#4539 = DIRECTION ( 'NONE',  ( -0.000000000000000000, -1.000000000000000000, -0.000000000000000000 ) ) ;
#4540 = ORIENTED_EDGE ( 'NONE', *, *, #2362, .F. ) ;
#4541 = EDGE_LOOP ( 'NONE', ( #864, #168, #2061, #5778 ) ) ;
#4542 = CIRCLE ( 'NONE', #7570, 0.08070866141732269128 ) ;
#4543 = DIRECTION ( 'NONE',  ( 0.000000000000000000, -1.000000000000000000, 0.000000000000000000 ) ) ;
#4544 = DIRECTION ( 'NONE',  ( 0.000000000000000000, -1.000000000000000000, 0.000000000000000000 ) ) ;
#4545 = AXIS2_PLACEMENT_3D ( 'NONE', #1136, #4248, #1066 ) ;
#4546 = CYLINDRICAL_SURFACE ( 'NONE', #7716, 0.07874015748031502893 ) ;
#4547 = ORIENTED_EDGE ( 'NONE', *, *, #5300, .T. ) ;
#4548 = ORIENTED_EDGE ( 'NONE', *, *, #5775, .F. ) ;
#4549 = ORIENTED_EDGE ( 'NONE', *, *, #3897, .F. ) ;
#4550 = LINE ( 'NONE', #3271, #335 ) ;
#4551 = CARTESIAN_POINT ( 'NONE',  ( 1.870078740157481434, 1.082677165354330784, -0.9798254841498599266 ) ) ;
#4552 = DIRECTION ( 'NONE',  ( 0.000000000000000000, 0.000000000000000000, 1.000000000000000000 ) ) ;
#4553 = AXIS2_PLACEMENT_3D ( 'NONE', #2853, #5202, #5835 ) ;
#4554 = EDGE_CURVE ( 'NONE', #4587, #3592, #6696, .T. ) ;
#4555 = CARTESIAN_POINT ( 'NONE',  ( 1.437007874015749698, 1.377952755905512028, 0.000000000000000000 ) ) ;
#4556 = EDGE_CURVE ( 'NONE', #3548, #5886, #1176, .T. ) ;
#4557 = DIRECTION ( 'NONE',  ( -0.6423330032324080507, -0.000000000000000000, -0.7664256734729305576 ) ) ;
#4558 = ORIENTED_EDGE ( 'NONE', *, *, #102, .F. ) ;
#4559 = DIRECTION ( 'NONE',  ( 0.000000000000000000, -1.000000000000000000, 0.000000000000000000 ) ) ;
#4560 = DIRECTION ( 'NONE',  ( 0.000000000000000000, -1.000000000000000000, 0.000000000000000000 ) ) ;
#4561 = DIRECTION ( 'NONE',  ( 1.000000000000000000, -0.000000000000000000, 0.000000000000000000 ) ) ;
#4562 = EDGE_CURVE ( 'NONE', #5053, #420, #2443, .T. ) ;
#4563 = CARTESIAN_POINT ( 'NONE',  ( 0.1566367959790504749, 1.082677165354330784, -0.9721686854776814268 ) ) ;
#4564 = EDGE_CURVE ( 'NONE', #751, #6518, #4946, .T. ) ;
#4565 = ORIENTED_EDGE ( 'NONE', *, *, #5523, .F. ) ;
#4566 = CYLINDRICAL_SURFACE ( 'NONE', #4356, 0.07874015748031502893 ) ;
#4567 = DIRECTION ( 'NONE',  ( 0.000000000000000000, 0.000000000000000000, -1.000000000000000000 ) ) ;
#4568 = ORIENTED_EDGE ( 'NONE', *, *, #1546, .F. ) ;
#4569 = DIRECTION ( 'NONE',  ( 0.000000000000000000, 0.000000000000000000, -1.000000000000000000 ) ) ;
#4570 = CARTESIAN_POINT ( 'NONE',  ( 2.263779527559056426, 1.082677165354330784, -1.999510523519938410 ) ) ;
#4571 = ORIENTED_EDGE ( 'NONE', *, *, #7248, .T. ) ;
#4572 = DIRECTION ( 'NONE',  ( 0.000000000000000000, -0.000000000000000000, -1.000000000000000000 ) ) ;
#4573 = FACE_OUTER_BOUND ( 'NONE', #668, .T. ) ;
#4574 = VECTOR ( 'NONE', #1603, 39.37007874015748143 ) ;
#4575 = VERTEX_POINT ( 'NONE', #3879 ) ;
#4576 = DIRECTION ( 'NONE',  ( 1.000000000000000000, -1.067522139062650671E-16, -0.000000000000000000 ) ) ;
#4577 = VERTEX_POINT ( 'NONE', #5653 ) ;
#4578 = VERTEX_POINT ( 'NONE', #206 ) ;
#4579 = AXIS2_PLACEMENT_3D ( 'NONE', #2147, #4659, #4580 ) ;
#4580 = DIRECTION ( 'NONE',  ( 0.000000000000000000, 0.000000000000000000, -1.000000000000000000 ) ) ;
#4581 = ADVANCED_FACE ( 'NONE', ( #2629 ), #1925, .F. ) ;
#4582 = EDGE_CURVE ( 'NONE', #940, #2084, #1327, .T. ) ;
#4583 = AXIS2_PLACEMENT_3D ( 'NONE', #4240, #6657, #3559 ) ;
#4584 = ADVANCED_FACE ( 'NONE', ( #128 ), #3836, .T. ) ;
#4585 = CARTESIAN_POINT ( 'NONE',  ( 0.6889763779527567911, 1.200787401574803237, -0.8991168227325369022 ) ) ;
#4586 = AXIS2_PLACEMENT_3D ( 'NONE', #972, #4039, #4005 ) ;
#4587 = VERTEX_POINT ( 'NONE', #726 ) ;
#4588 = ORIENTED_EDGE ( 'NONE', *, *, #3603, .F. ) ;
#4589 = ORIENTED_EDGE ( 'NONE', *, *, #1469, .T. ) ;
#4590 = DIRECTION ( 'NONE',  ( 0.000000000000000000, 0.000000000000000000, -1.000000000000000000 ) ) ;
#4591 = CARTESIAN_POINT ( 'NONE',  ( 1.476377952755906664, 1.200787401574803237, -1.605809736118363640 ) ) ;
#4592 = DIRECTION ( 'NONE',  ( -0.000000000000000000, -1.000000000000000000, -0.000000000000000000 ) ) ;
#4593 = AXIS2_PLACEMENT_3D ( 'NONE', #1525, #7715, #6385 ) ;
#4594 = AXIS2_PLACEMENT_3D ( 'NONE', #7830, #1878, #2429 ) ;
#4595 = CARTESIAN_POINT ( 'NONE',  ( 2.263779527559056426, 1.082677165354330784, -0.1924239093467102202 ) ) ;
#4596 = CIRCLE ( 'NONE', #2550, 0.08070866141732309373 ) ;
#4597 = CARTESIAN_POINT ( 'NONE',  ( -0.7631795354326356140, 1.377952755905512028, -0.6218975705221060357 ) ) ;
#4598 = VERTEX_POINT ( 'NONE', #843 ) ;
#4599 = CIRCLE ( 'NONE', #7626, 0.08070866141732323251 ) ;
#4600 = ORIENTED_EDGE ( 'NONE', *, *, #433, .T. ) ;
#4601 = DIRECTION ( 'NONE',  ( -0.000000000000000000, -1.000000000000000000, -0.000000000000000000 ) ) ;
#4602 = AXIS2_PLACEMENT_3D ( 'NONE', #2159, #3511, #1092 ) ;
#4603 = DIRECTION ( 'NONE',  ( 0.000000000000000000, -1.000000000000000000, 0.000000000000000000 ) ) ;
#4604 = AXIS2_PLACEMENT_3D ( 'NONE', #5277, #3406, #944 ) ;
#4605 = LINE ( 'NONE', #4121, #1405 ) ;
#4606 = VECTOR ( 'NONE', #2928, 39.37007874015748143 ) ;
#4607 = AXIS2_PLACEMENT_3D ( 'NONE', #2552, #4987, #7409 ) ;
#4608 = ORIENTED_EDGE ( 'NONE', *, *, #3670, .T. ) ;
#4609 = DIRECTION ( 'NONE',  ( -0.000000000000000000, -0.000000000000000000, -1.000000000000000000 ) ) ;
#4610 = CARTESIAN_POINT ( 'NONE',  ( 1.082677165354331672, 1.200787401574803237, -1.686518397535686553 ) ) ;
#4611 = VERTEX_POINT ( 'NONE', #4364 ) ;
#4612 = CARTESIAN_POINT ( 'NONE',  ( 0.8267716535433065062, 1.358267716535431102, -3.757384539267974333 ) ) ;
#4613 = EDGE_LOOP ( 'NONE', ( #7040, #5578 ) ) ;
#4614 = CYLINDRICAL_SURFACE ( 'NONE', #5609, 0.08070866141732323251 ) ;
#4615 = LINE ( 'NONE', #5879, #4081 ) ;
#4616 = DIRECTION ( 'NONE',  ( 0.000000000000000000, -0.000000000000000000, -1.000000000000000000 ) ) ;
#4617 = ADVANCED_FACE ( 'NONE', ( #5102 ), #2598, .F. ) ;
#4618 = ORIENTED_EDGE ( 'NONE', *, *, #3785, .T. ) ;
#4619 = DIRECTION ( 'NONE',  ( -0.000000000000000000, -1.000000000000000000, -0.000000000000000000 ) ) ;
#4620 = ORIENTED_EDGE ( 'NONE', *, *, #7142, .F. ) ;
#4621 = CARTESIAN_POINT ( 'NONE',  ( 2.263779527559056426, 1.200787401574803237, -0.5054160353309620213 ) ) ;
#4622 = EDGE_CURVE ( 'NONE', #7428, #2278, #7235, .T. ) ;
#4623 = ORIENTED_EDGE ( 'NONE', *, *, #6457, .T. ) ;
#4624 = DIRECTION ( 'NONE',  ( 0.000000000000000000, 0.000000000000000000, -1.000000000000000000 ) ) ;
#4625 = DIRECTION ( 'NONE',  ( -0.000000000000000000, -1.000000000000000000, -0.000000000000000000 ) ) ;
#4626 = FACE_BOUND ( 'NONE', #5787, .T. ) ;
#4627 = VERTEX_POINT ( 'NONE', #6267 ) ;
#4628 = ORIENTED_EDGE ( 'NONE', *, *, #7816, .F. ) ;
#4629 = CIRCLE ( 'NONE', #1446, 0.08070866141732309373 ) ;
#4630 = EDGE_LOOP ( 'NONE', ( #2235, #1467, #5525, #1584 ) ) ;
#4631 = FACE_OUTER_BOUND ( 'NONE', #1609, .T. ) ;
#4632 = CARTESIAN_POINT ( 'NONE',  ( -1.425488400177252757, 1.200787401574803237, -2.245587838848277951 ) ) ;
#4633 = PLANE ( 'NONE',  #1152 ) ;
#4634 = LINE ( 'NONE', #1604, #5411 ) ;
#4635 = MANIFOLD_SOLID_BREP ( 'Stock-BasePlateUpdated-1', #5233 ) ;
#4636 = CYLINDRICAL_SURFACE ( 'NONE', #780, 0.08070866141732323251 ) ;
#4637 = ORIENTED_EDGE ( 'NONE', *, *, #6712, .T. ) ;
#4638 = ORIENTED_EDGE ( 'NONE', *, *, #6472, .F. ) ;
#4639 = DIRECTION ( 'NONE',  ( 0.000000000000000000, 0.000000000000000000, -1.000000000000000000 ) ) ;
#4640 = FACE_OUTER_BOUND ( 'NONE', #138, .T. ) ;
#4641 = DIRECTION ( 'NONE',  ( 0.000000000000000000, -1.000000000000000000, 0.000000000000000000 ) ) ;
#4642 = DIRECTION ( 'NONE',  ( 0.7754638790607796262, 0.000000000000000000, 0.6313919323779869641 ) ) ;
#4643 = ORIENTED_EDGE ( 'NONE', *, *, #4087, .F. ) ;
#4644 = DIRECTION ( 'NONE',  ( 0.000000000000000000, 0.000000000000000000, -1.000000000000000000 ) ) ;
#4645 = CARTESIAN_POINT ( 'NONE',  ( 1.870078740157481434, 1.200787401574803237, -0.03100658651206395638 ) ) ;
#4646 = EDGE_LOOP ( 'NONE', ( #7431, #401, #3055, #2758 ) ) ;
#4647 = CARTESIAN_POINT ( 'NONE',  ( 3.003149606299212682, 1.102362204724409489, -5.584156192811277286 ) ) ;
#4648 = VERTEX_POINT ( 'NONE', #882 ) ;
#4649 = PLANE ( 'NONE',  #7007 ) ;
#4650 = CARTESIAN_POINT ( 'NONE',  ( 0.2179518313094078175, 1.082677165354330784, -0.9222452529537218391 ) ) ;
#4651 = CARTESIAN_POINT ( 'NONE',  ( 2.854330708661417582, 1.102362204724409489, -5.584156192811277286 ) ) ;
#4652 = EDGE_CURVE ( 'NONE', #245, #5328, #5535, .T. ) ;
#4653 = VECTOR ( 'NONE', #6138, 39.37007874015748143 ) ;
#4654 = ORIENTED_EDGE ( 'NONE', *, *, #7019, .F. ) ;
#4655 = FACE_OUTER_BOUND ( 'NONE', #2459, .T. ) ;
#4656 = ORIENTED_EDGE ( 'NONE', *, *, #4242, .T. ) ;
#4657 = LINE ( 'NONE', #1146, #3704 ) ;
#4658 = ORIENTED_EDGE ( 'NONE', *, *, #3170, .F. ) ;
#4659 = DIRECTION ( 'NONE',  ( 0.000000000000000000, -1.000000000000000000, 0.000000000000000000 ) ) ;
#4660 = DIRECTION ( 'NONE',  ( 0.000000000000000000, -0.000000000000000000, -1.000000000000000000 ) ) ;
#4661 = DIRECTION ( 'NONE',  ( -0.000000000000000000, -1.000000000000000000, -0.000000000000000000 ) ) ;
#4662 = VERTEX_POINT ( 'NONE', #2516 ) ;
#4663 = EDGE_LOOP ( 'NONE', ( #6607, #2969, #30, #3287 ) ) ;
#4664 = CIRCLE ( 'NONE', #5665, 0.08070866141732309373 ) ;
#4665 = ORIENTED_EDGE ( 'NONE', *, *, #5013, .T. ) ;
#4666 = DIRECTION ( 'NONE',  ( -1.000000000000000000, 0.000000000000000000, -0.000000000000000000 ) ) ;
#4667 = CARTESIAN_POINT ( 'NONE',  ( 2.657480314960631418, 1.200787401574803237, -1.999510523519938410 ) ) ;
#4668 = LINE ( 'NONE', #927, #3174 ) ;
#4669 = LINE ( 'NONE', #3471, #6179 ) ;
#4670 = CIRCLE ( 'NONE', #4545, 0.08070866141732269128 ) ;
#4671 = EDGE_CURVE ( 'NONE', #3592, #5441, #3160, .T. ) ;
#4672 = DIRECTION ( 'NONE',  ( -0.000000000000000000, -1.000000000000000000, -0.000000000000000000 ) ) ;
#4673 = ORIENTED_EDGE ( 'NONE', *, *, #664, .T. ) ;
#4674 = ORIENTED_EDGE ( 'NONE', *, *, #7632, .T. ) ;
#4675 = LINE ( 'NONE', #5940, #2713 ) ;
#4676 = FACE_OUTER_BOUND ( 'NONE', #1226, .T. ) ;
#4677 = AXIS2_PLACEMENT_3D ( 'NONE', #13, #1329, #2399 ) ;
#4678 = DIRECTION ( 'NONE',  ( 0.7754638790607798482, 0.000000000000000000, 0.6313919323779866311 ) ) ;
#4679 = EDGE_CURVE ( 'NONE', #7358, #582, #141, .T. ) ;
#4680 = CARTESIAN_POINT ( 'NONE',  ( 0.8267716535433065062, 1.358267716535431102, -3.757384539267974333 ) ) ;
#4681 = EDGE_CURVE ( 'NONE', #5516, #3995, #7496, .T. ) ;
#4682 = AXIS2_PLACEMENT_3D ( 'NONE', #114, #2504, #4346 ) ;
#4683 = VERTEX_POINT ( 'NONE', #2709 ) ;
#4684 = EDGE_CURVE ( 'NONE', #1046, #5264, #1641, .T. ) ;
#4685 = DIRECTION ( 'NONE',  ( -0.000000000000000000, -1.000000000000000000, -0.000000000000000000 ) ) ;
#4686 = CARTESIAN_POINT ( 'NONE',  ( 3.051181102362205966, 1.082677165354330784, -0.8184081613152137669 ) ) ;
#4687 = ORIENTED_EDGE ( 'NONE', *, *, #5868, .F. ) ;
#4688 = DIRECTION ( 'NONE',  ( 0.000000000000000000, 1.000000000000000000, 0.000000000000000000 ) ) ;
#4689 = CARTESIAN_POINT ( 'NONE',  ( -2.922431878301281927, 0.000000000000000000, -2.379986562245073767 ) ) ;
#4690 = DIRECTION ( 'NONE',  ( 1.000000000000000000, 0.000000000000000000, 0.000000000000000000 ) ) ;
#4691 = EDGE_CURVE ( 'NONE', #5959, #1129, #2155, .T. ) ;
#4692 = AXIS2_PLACEMENT_3D ( 'NONE', #7430, #824, #3859 ) ;
#4693 = ORIENTED_EDGE ( 'NONE', *, *, #6761, .F. ) ;
#4694 = CARTESIAN_POINT ( 'NONE',  ( 2.263779527559056426, 1.200787401574803237, -0.5054160353309620213 ) ) ;
#4695 = VERTEX_POINT ( 'NONE', #4551 ) ;
#4696 = CYLINDRICAL_SURFACE ( 'NONE', #4201, 0.08070866141732309373 ) ;
#4697 = EDGE_CURVE ( 'NONE', #2208, #6627, #7244, .T. ) ;
#4698 = VERTEX_POINT ( 'NONE', #440 ) ;
#4699 = DIRECTION ( 'NONE',  ( 0.3558754527948663759, 0.000000000000000000, 0.9345333927142726038 ) ) ;
#4700 = CARTESIAN_POINT ( 'NONE',  ( 1.082677165354331672, 1.200787401574803237, -1.212108948716788870 ) ) ;
#4701 = FACE_BOUND ( 'NONE', #1064, .T. ) ;
#4702 = AXIS2_PLACEMENT_3D ( 'NONE', #873, #798, #3788 ) ;
#4703 = ORIENTED_EDGE ( 'NONE', *, *, #6950, .T. ) ;
#4704 = VERTEX_POINT ( 'NONE', #3425 ) ;
#4705 = EDGE_LOOP ( 'NONE', ( #3211, #1874, #5338, #5821 ) ) ;
#4706 = EDGE_CURVE ( 'NONE', #2488, #7003, #2237, .T. ) ;
#4707 = DIRECTION ( 'NONE',  ( -0.000000000000000000, -1.000000000000000000, -0.000000000000000000 ) ) ;
#4708 = DIRECTION ( 'NONE',  ( 0.000000000000000000, 0.000000000000000000, -1.000000000000000000 ) ) ;
#4709 = DIRECTION ( 'NONE',  ( 0.000000000000000000, -1.000000000000000000, 0.000000000000000000 ) ) ;
#4710 = CARTESIAN_POINT ( 'NONE',  ( 2.263779527559056426, 1.082677165354330784, -2.160927846354584680 ) ) ;
#4711 = AXIS2_PLACEMENT_3D ( 'NONE', #642, #2396, #3720 ) ;
#4712 = CARTESIAN_POINT ( 'NONE',  ( -0.07874015748031448769, 1.102362204724409933, -3.379431783362458308 ) ) ;
#4713 = VERTEX_POINT ( 'NONE', #5215 ) ;
#4714 = AXIS2_PLACEMENT_3D ( 'NONE', #844, #7445, #6889 ) ;
#4715 = CYLINDRICAL_SURFACE ( 'NONE', #6930, 0.08070866141732309373 ) ;
#4716 = DIRECTION ( 'NONE',  ( 0.000000000000000000, -1.000000000000000000, 0.000000000000000000 ) ) ;
#4717 = AXIS2_PLACEMENT_3D ( 'NONE', #7845, #4873, #4279 ) ;
#4718 = DIRECTION ( 'NONE',  ( 0.000000000000000000, -1.000000000000000000, 0.000000000000000000 ) ) ;
#4719 = VECTOR ( 'NONE', #4257, 39.37007874015748143 ) ;
#4720 = ORIENTED_EDGE ( 'NONE', *, *, #6262, .T. ) ;
#4721 = CARTESIAN_POINT ( 'NONE',  ( 1.870078740157481434, 1.200787401574803237, -1.212108948716788648 ) ) ;
#4722 = PLANE ( 'NONE',  #3007 ) ;
#4723 = ADVANCED_FACE ( 'NONE', ( #2864 ), #6536, .T. ) ;
#4724 = VERTEX_POINT ( 'NONE', #4667 ) ;
#4725 = CARTESIAN_POINT ( 'NONE',  ( -1.281383910498342216, 1.200787401574803237, -2.702684454511443235 ) ) ;
#4726 = LINE ( 'NONE', #4163, #3208 ) ;
#4727 = ADVANCED_FACE ( 'NONE', ( #1524 ), #6453, .F. ) ;
#4728 = DIRECTION ( 'NONE',  ( 0.000000000000000000, 0.000000000000000000, -1.000000000000000000 ) ) ;
#4729 = VECTOR ( 'NONE', #7637, 39.37007874015748854 ) ;
#4730 = ORIENTED_EDGE ( 'NONE', *, *, #3858, .T. ) ;
#4731 = DIRECTION ( 'NONE',  ( 0.000000000000000000, -1.000000000000000000, 0.000000000000000000 ) ) ;
#4732 = EDGE_LOOP ( 'NONE', ( #2860, #3382, #6242, #6128 ) ) ;
#4733 = DIRECTION ( 'NONE',  ( 0.000000000000000000, -1.000000000000000000, 0.000000000000000000 ) ) ;
#4734 = ORIENTED_EDGE ( 'NONE', *, *, #3112, .F. ) ;
#4735 = DIRECTION ( 'NONE',  ( 1.084202172485504311E-16, 1.000000000000000000, -0.000000000000000000 ) ) ;
#4736 = EDGE_CURVE ( 'NONE', #733, #6541, #2273, .T. ) ;
#4737 = FACE_BOUND ( 'NONE', #5485, .T. ) ;
#4738 = VERTEX_POINT ( 'NONE', #3952 ) ;
#4739 = ORIENTED_EDGE ( 'NONE', *, *, #6, .F. ) ;
#4740 = VERTEX_POINT ( 'NONE', #2782 ) ;
#4741 = DIRECTION ( 'NONE',  ( 0.000000000000000000, -1.000000000000000000, 0.000000000000000000 ) ) ;
#4742 = DIRECTION ( 'NONE',  ( -0.000000000000000000, -1.000000000000000000, -0.000000000000000000 ) ) ;
#4743 = CARTESIAN_POINT ( 'NONE',  ( -1.498039639382837018, 0.9842519685039373689, -3.224147913474853411 ) ) ;
#4744 = LINE ( 'NONE', #6498, #1869 ) ;
#4745 = VECTOR ( 'NONE', #3124, 39.37007874015748854 ) ;
#4746 = PLANE ( 'NONE',  #7389 ) ;
#4747 = ORIENTED_EDGE ( 'NONE', *, *, #2044, .F. ) ;
#4748 = ORIENTED_EDGE ( 'NONE', *, *, #312, .F. ) ;
#4749 = CARTESIAN_POINT ( 'NONE',  ( 2.657480314960630530, 1.200787401574803237, -2.393211310921513402 ) ) ;
#4750 = CARTESIAN_POINT ( 'NONE',  ( 3.003149606299212682, 1.082677165354331672, -3.074313673126239710 ) ) ;
#4751 = CARTESIAN_POINT ( 'NONE',  ( 1.082677165354331672, 1.082677165354330784, -0.4247073739136388859 ) ) ;
#4752 = AXIS2_PLACEMENT_3D ( 'NONE', #1322, #6213, #4309 ) ;
#4753 = DIRECTION ( 'NONE',  ( 0.000000000000000000, 0.000000000000000000, 1.000000000000000000 ) ) ;
#4754 = VECTOR ( 'NONE', #6617, 39.37007874015748143 ) ;
#4755 = FACE_OUTER_BOUND ( 'NONE', #5684, .T. ) ;
#4756 = ORIENTED_EDGE ( 'NONE', *, *, #6997, .T. ) ;
#4757 = FACE_OUTER_BOUND ( 'NONE', #6891, .T. ) ;
#4758 = LINE ( 'NONE', #7263, #5936 ) ;
#4759 = ORIENTED_EDGE ( 'NONE', *, *, #371, .F. ) ;
#4760 = DIRECTION ( 'NONE',  ( 0.000000000000000000, -1.000000000000000000, 0.000000000000000000 ) ) ;
#4761 = EDGE_LOOP ( 'NONE', ( #1378, #4200, #5833, #6516 ) ) ;
#4762 = LINE ( 'NONE', #7026, #6251 ) ;
#4763 = EDGE_CURVE ( 'NONE', #814, #5236, #4596, .T. ) ;
#4764 = DIRECTION ( 'NONE',  ( -0.000000000000000000, -1.000000000000000000, -0.000000000000000000 ) ) ;
#4765 = EDGE_LOOP ( 'NONE', ( #1637, #675 ) ) ;
#4766 = DIRECTION ( 'NONE',  ( 0.7754638790607796262, 0.000000000000000000, 0.6313919323779869641 ) ) ;
#4767 = EDGE_LOOP ( 'NONE', ( #3054, #2949 ) ) ;
#4768 = DIRECTION ( 'NONE',  ( 0.000000000000000000, 0.000000000000000000, -1.000000000000000000 ) ) ;
#4769 = EDGE_CURVE ( 'NONE', #4773, #4713, #5597, .T. ) ;
#4770 = EDGE_LOOP ( 'NONE', ( #7785, #7794 ) ) ;
#4771 = FACE_OUTER_BOUND ( 'NONE', #3950, .T. ) ;
#4772 = DIRECTION ( 'NONE',  ( 0.9345333927142764896, -0.000000000000000000, -0.3558754527948558288 ) ) ;
#4773 = VERTEX_POINT ( 'NONE', #7083 ) ;
#4774 = ORIENTED_EDGE ( 'NONE', *, *, #70, .F. ) ;
#4775 = EDGE_LOOP ( 'NONE', ( #57, #5081, #7339, #552, #651, #7866, #2332, #3709 ) ) ;
#4776 = CARTESIAN_POINT ( 'NONE',  ( 3.051181102362205966, 1.200787401574803237, -0.5054160353309620213 ) ) ;
#4777 = DIRECTION ( 'NONE',  ( 0.000000000000000000, 0.000000000000000000, -1.000000000000000000 ) ) ;
#4778 = CARTESIAN_POINT ( 'NONE',  ( 1.082677165354331672, 1.082677165354330784, -2.393211310921513402 ) ) ;
#4779 = VECTOR ( 'NONE', #2989, 39.37007874015748143 ) ;
#4780 = CARTESIAN_POINT ( 'NONE',  ( 0.6889763779527567911, 1.082677165354330784, -1.605809736118363640 ) ) ;
#4781 = VERTEX_POINT ( 'NONE', #7006 ) ;
#4782 = ORIENTED_EDGE ( 'NONE', *, *, #257, .F. ) ;
#4783 = CARTESIAN_POINT ( 'NONE',  ( 2.263779527559056426, 1.200787401574803237, -1.605809736118364306 ) ) ;
#4784 = CYLINDRICAL_SURFACE ( 'NONE', #1150, 0.08070866141732283006 ) ;
#4785 = EDGE_CURVE ( 'NONE', #5971, #4111, #6413, .T. ) ;
#4786 = FACE_OUTER_BOUND ( 'NONE', #2423, .T. ) ;
#4787 = EDGE_CURVE ( 'NONE', #1884, #3482, #384, .T. ) ;
#4788 = AXIS2_PLACEMENT_3D ( 'NONE', #33, #6494, #4666 ) ;
#4789 = LINE ( 'NONE', #907, #344 ) ;
#4790 = LINE ( 'NONE', #14, #6989 ) ;
#4791 = CYLINDRICAL_SURFACE ( 'NONE', #1197, 0.08070866141732323251 ) ;
#4792 = EDGE_LOOP ( 'NONE', ( #888, #3415, #6721, #3448 ) ) ;
#4793 = DIRECTION ( 'NONE',  ( 0.000000000000000000, 1.000000000000000000, 0.000000000000000000 ) ) ;
#4794 = CARTESIAN_POINT ( 'NONE',  ( 2.263779527559056426, 1.200787401574803237, -0.8184081613152137669 ) ) ;
#4795 = EDGE_LOOP ( 'NONE', ( #5728, #386, #7080, #5760 ) ) ;
#4796 = FACE_OUTER_BOUND ( 'NONE', #6104, .T. ) ;
#4797 = ORIENTED_EDGE ( 'NONE', *, *, #956, .T. ) ;
#4798 = CARTESIAN_POINT ( 'NONE',  ( 1.082677165354331672, 1.200787401574803237, -2.080219184937261545 ) ) ;
#4799 = FACE_OUTER_BOUND ( 'NONE', #6411, .T. ) ;
#4800 = EDGE_CURVE ( 'NONE', #4111, #6189, #2170, .T. ) ;
#4801 = VECTOR ( 'NONE', #192, 39.37007874015748143 ) ;
#4802 = AXIS2_PLACEMENT_3D ( 'NONE', #1003, #6538, #5261 ) ;
#4803 = EDGE_CURVE ( 'NONE', #3667, #4249, #321, .T. ) ;
#4804 = VERTEX_POINT ( 'NONE', #5177 ) ;
#4805 = AXIS2_PLACEMENT_3D ( 'NONE', #2591, #4394, #6919 ) ;
#4806 = VERTEX_POINT ( 'NONE', #4591 ) ;
#4807 = CARTESIAN_POINT ( 'NONE',  ( 0.6889763779527567911, 1.200787401574803237, -1.292817610134111783 ) ) ;
#4808 = EDGE_LOOP ( 'NONE', ( #6884, #281, #4349, #1772 ) ) ;
#4809 = EDGE_CURVE ( 'NONE', #6033, #3347, #963, .T. ) ;
#4810 = DIRECTION ( 'NONE',  ( -0.000000000000000000, -1.000000000000000000, -0.000000000000000000 ) ) ;
#4811 = DIRECTION ( 'NONE',  ( 0.000000000000000000, 0.000000000000000000, -1.000000000000000000 ) ) ;
#4812 = ORIENTED_EDGE ( 'NONE', *, *, #3882, .T. ) ;
#4813 = EDGE_LOOP ( 'NONE', ( #6852, #6977, #569, #5927, #7692, #7107, #1885, #4600, #1134, #7137, #5173, #3118 ) ) ;
#4814 = VERTEX_POINT ( 'NONE', #5853 ) ;
#4815 = ADVANCED_FACE ( 'NONE', ( #2829 ), #7679, .T. ) ;
#4816 = CARTESIAN_POINT ( 'NONE',  ( 1.820197459626948566, 1.200787401574803237, 0.2185367736811148764 ) ) ;
#4817 = EDGE_CURVE ( 'NONE', #176, #4695, #1716, .T. ) ;
#4818 = DIRECTION ( 'NONE',  ( -0.7754638790607795151, 0.000000000000000000, -0.6313919323779871862 ) ) ;
#4819 = DIRECTION ( 'NONE',  ( 0.9345333927142727148, 0.000000000000000000, -0.3558754527948657653 ) ) ;
#4820 = CARTESIAN_POINT ( 'NONE',  ( 2.657480314960630530, 1.082677165354330784, -2.473919972338836537 ) ) ;
#4821 = EDGE_CURVE ( 'NONE', #4108, #7513, #1664, .T. ) ;
#4822 = CIRCLE ( 'NONE', #1392, 0.07874015748031502893 ) ;
#4823 = DIRECTION ( 'NONE',  ( 0.6423330032324080507, 0.000000000000000000, 0.7664256734729305576 ) ) ;
#4824 = EDGE_CURVE ( 'NONE', #6742, #2619, #5442, .T. ) ;
#4825 = ORIENTED_EDGE ( 'NONE', *, *, #2702, .T. ) ;
#4826 = EDGE_LOOP ( 'NONE', ( #377, #3381, #290, #6442 ) ) ;
#4827 = DIRECTION ( 'NONE',  ( -0.000000000000000000, 1.000000000000000000, -0.000000000000000000 ) ) ;
#4828 = DIRECTION ( 'NONE',  ( -0.000000000000000000, -1.000000000000000000, -0.000000000000000000 ) ) ;
#4829 = PLANE ( 'NONE',  #3435 ) ;
#4830 = AXIS2_PLACEMENT_3D ( 'NONE', #6642, #2381, #506 ) ;
#4831 = PLANE ( 'NONE',  #4296 ) ;
#4832 = AXIS2_PLACEMENT_3D ( 'NONE', #5687, #1449, #5064 ) ;
#4833 = CIRCLE ( 'NONE', #2038, 0.08070866141732296883 ) ;
#4834 = ORIENTED_EDGE ( 'NONE', *, *, #7709, .T. ) ;
#4835 = AXIS2_PLACEMENT_3D ( 'NONE', #6660, #3087, #5421 ) ;
#4836 = CARTESIAN_POINT ( 'NONE',  ( 3.346456692913386100, 0.6791338582677166613, -5.347935720370331936 ) ) ;
#4837 = PLANE ( 'NONE',  #6948 ) ;
#4838 = VERTEX_POINT ( 'NONE', #7432 ) ;
#4839 = VECTOR ( 'NONE', #2388, 39.37007874015748143 ) ;
#4840 = DIRECTION ( 'NONE',  ( -0.7754638790607795151, 0.000000000000000000, -0.6313919323779871862 ) ) ;
#4841 = CARTESIAN_POINT ( 'NONE',  ( -0.03129498633245732936, 0.9842519685039373689, -1.539002674835876494 ) ) ;
#4842 = CARTESIAN_POINT ( 'NONE',  ( 1.082677165354331672, 1.200787401574803237, -0.9798254841498597045 ) ) ;
#4843 = CIRCLE ( 'NONE', #5721, 0.08070866141732323251 ) ;
#4844 = VECTOR ( 'NONE', #7455, 39.37007874015748143 ) ;
#4845 = EDGE_CURVE ( 'NONE', #7081, #7300, #4179, .T. ) ;
#4846 = EDGE_LOOP ( 'NONE', ( #7805, #1569, #267, #1903, #3523 ) ) ;
#4847 = EDGE_LOOP ( 'NONE', ( #7061, #178, #2818, #5121, #5213, #3198, #187, #5893 ) ) ;
#4848 = CARTESIAN_POINT ( 'NONE',  ( 0.2952755905511819101, 1.082677165354330784, -1.292817610134111783 ) ) ;
#4849 = AXIS2_PLACEMENT_3D ( 'NONE', #7064, #1660, #7780 ) ;
#4850 = EDGE_LOOP ( 'NONE', ( #2672, #2575, #6513, #6019 ) ) ;
#4851 = AXIS2_PLACEMENT_3D ( 'NONE', #7568, #2719, #255 ) ;
#4852 = AXIS2_PLACEMENT_3D ( 'NONE', #5195, #5788, #1463 ) ;
#4853 = DIRECTION ( 'NONE',  ( 0.000000000000000000, 0.000000000000000000, -1.000000000000000000 ) ) ;
#4854 = EDGE_CURVE ( 'NONE', #6126, #4704, #5407, .T. ) ;
#4855 = AXIS2_PLACEMENT_3D ( 'NONE', #7423, #3923, #6894 ) ;
#4856 = CIRCLE ( 'NONE', #5871, 0.1240157480314960647 ) ;
#4857 = CARTESIAN_POINT ( 'NONE',  ( -0.2755905511811020947, 0.6791338582677166613, -5.584156192811277286 ) ) ;
#4858 = EDGE_LOOP ( 'NONE', ( #6448, #901, #4171, #6892 ) ) ;
#4859 = VERTEX_POINT ( 'NONE', #1202 ) ;
#4860 = ORIENTED_EDGE ( 'NONE', *, *, #2283, .F. ) ;
#4861 = DIRECTION ( 'NONE',  ( 0.000000000000000000, 1.000000000000000000, 0.000000000000000000 ) ) ;
#4862 = CARTESIAN_POINT ( 'NONE',  ( -0.6102362204724406380, 1.082677165354331672, 0.000000000000000000 ) ) ;
#4863 = DIRECTION ( 'NONE',  ( 0.000000000000000000, 0.000000000000000000, -1.000000000000000000 ) ) ;
#4864 = CARTESIAN_POINT ( 'NONE',  ( 2.263779527559056426, 1.200787401574803237, -1.686518397535686553 ) ) ;
#4865 = DIRECTION ( 'NONE',  ( 0.000000000000000000, 0.000000000000000000, 1.000000000000000000 ) ) ;
#4866 = ORIENTED_EDGE ( 'NONE', *, *, #4307, .F. ) ;
#4867 = ORIENTED_EDGE ( 'NONE', *, *, #868, .T. ) ;
#4868 = CARTESIAN_POINT ( 'NONE',  ( 3.051181102362205966, 1.200787401574803237, -1.999510523519938410 ) ) ;
#4869 = CYLINDRICAL_SURFACE ( 'NONE', #3431, 0.08070866141732283006 ) ;
#4870 = EDGE_CURVE ( 'NONE', #4088, #2020, #2795, .T. ) ;
#4871 = DIRECTION ( 'NONE',  ( 0.000000000000000000, 0.000000000000000000, -1.000000000000000000 ) ) ;
#4872 = CARTESIAN_POINT ( 'NONE',  ( -0.6059099916330187297, 0.000000000000000000, -1.593043368051094921 ) ) ;
#4873 = DIRECTION ( 'NONE',  ( 0.000000000000000000, -1.000000000000000000, 0.000000000000000000 ) ) ;
#4874 = CIRCLE ( 'NONE', #5889, 0.1240157480314960647 ) ;
#4875 = LINE ( 'NONE', #1892, #5005 ) ;
#4876 = VERTEX_POINT ( 'NONE', #478 ) ;
#4877 = ORIENTED_EDGE ( 'NONE', *, *, #652, .F. ) ;
#4878 = DIRECTION ( 'NONE',  ( 0.000000000000000000, 0.000000000000000000, -1.000000000000000000 ) ) ;
#4879 = ORIENTED_EDGE ( 'NONE', *, *, #1396, .T. ) ;
#4880 = CARTESIAN_POINT ( 'NONE',  ( 1.870078740157481434, 1.200787401574803237, -0.8991168227325369022 ) ) ;
#4881 = CARTESIAN_POINT ( 'NONE',  ( 4.979931238450483831E-17, 0.3937007874015752140, -3.379431783362458308 ) ) ;
#4882 = AXIS2_PLACEMENT_3D ( 'NONE', #4271, #1842, #5447 ) ;
#4883 = DIRECTION ( 'NONE',  ( 0.000000000000000000, 0.000000000000000000, -1.000000000000000000 ) ) ;
#4884 = ORIENTED_EDGE ( 'NONE', *, *, #7319, .F. ) ;
#4885 = ORIENTED_EDGE ( 'NONE', *, *, #6796, .T. ) ;
#4886 = DIRECTION ( 'NONE',  ( 0.000000000000000000, 0.000000000000000000, -1.000000000000000000 ) ) ;
#4887 = CARTESIAN_POINT ( 'NONE',  ( -0.03129498633245730854, 0.9842519685039373689, -1.663018422867372559 ) ) ;
#4888 = EDGE_LOOP ( 'NONE', ( #3002, #3280, #5400, #7651 ) ) ;
#4889 = ADVANCED_FACE ( 'NONE', ( #7198 ), #6608, .F. ) ;
#4890 = CYLINDRICAL_SURFACE ( 'NONE', #3819, 0.08070866141732323251 ) ;
#4891 = CARTESIAN_POINT ( 'NONE',  ( 4.496879918304330204, 15.67005943375638211, -0.7901706008445642526 ) ) ;
#4892 = FACE_BOUND ( 'NONE', #6304, .T. ) ;
#4893 = EDGE_LOOP ( 'NONE', ( #3105, #2848, #1960, #5203 ) ) ;
#4894 = EDGE_LOOP ( 'NONE', ( #4413, #74, #316, #6148 ) ) ;
#4895 = ORIENTED_EDGE ( 'NONE', *, *, #3657, .T. ) ;
#4896 = CARTESIAN_POINT ( 'NONE',  ( 1.417322834645668772, 1.358267716535431102, -3.757384539267974333 ) ) ;
#4897 = EDGE_CURVE ( 'NONE', #753, #94, #1089, .T. ) ;
#4898 = DIRECTION ( 'NONE',  ( 0.000000000000000000, -1.000000000000000000, 0.000000000000000000 ) ) ;
#4899 = ADVANCED_FACE ( 'NONE', ( #7164 ), #5330, .F. ) ;
#4900 = LINE ( 'NONE', #6576, #7259 ) ;
#4901 = ORIENTED_EDGE ( 'NONE', *, *, #5110, .F. ) ;
#4902 = LINE ( 'NONE', #1962, #5917 ) ;
#4903 = FACE_OUTER_BOUND ( 'NONE', #4445, .T. ) ;
#4904 = PLANE ( 'NONE',  #4583 ) ;
#4905 = PLANE ( 'NONE',  #6446 ) ;
#4906 = EDGE_CURVE ( 'NONE', #7300, #3126, #7283, .T. ) ;
#4907 = CARTESIAN_POINT ( 'NONE',  ( 2.263779527559056426, 1.082677165354330784, -0.5054160353309620213 ) ) ;
#4908 = CARTESIAN_POINT ( 'NONE',  ( -0.6065472590808670406, 1.082677165354330784, -1.592800693104086562 ) ) ;
#4909 = VERTEX_POINT ( 'NONE', #7237 ) ;
#4910 = ORIENTED_EDGE ( 'NONE', *, *, #6075, .T. ) ;
#4911 = CARTESIAN_POINT ( 'NONE',  ( 1.870078740157481434, 1.200787401574803237, -0.1117152479293870848 ) ) ;
#4912 = EDGE_LOOP ( 'NONE', ( #5908, #688 ) ) ;
#4913 = DIRECTION ( 'NONE',  ( 0.000000000000000000, 0.000000000000000000, -1.000000000000000000 ) ) ;
#4914 = LINE ( 'NONE', #2526, #4355 ) ;
#4915 = AXIS2_PLACEMENT_3D ( 'NONE', #7323, #6724, #1758 ) ;
#4916 = EDGE_CURVE ( 'NONE', #430, #4161, #2419, .T. ) ;
#4917 = DIRECTION ( 'NONE',  ( 0.000000000000000000, 0.000000000000000000, -1.000000000000000000 ) ) ;
#4918 = ADVANCED_FACE ( 'NONE', ( #4229 ), #1983, .F. ) ;
#4919 = CIRCLE ( 'NONE', #3906, 0.1240157480314960647 ) ;
#4920 = ADVANCED_FACE ( 'NONE', ( #592 ), #2351, .F. ) ;
#4921 = ORIENTED_EDGE ( 'NONE', *, *, #5315, .T. ) ;
#4922 = DIRECTION ( 'NONE',  ( -0.000000000000000000, 1.000000000000000000, -0.000000000000000000 ) ) ;
#4923 = CARTESIAN_POINT ( 'NONE',  ( 2.657480314960631418, 1.200787401574803237, -2.080219184937261545 ) ) ;
#4924 = FACE_OUTER_BOUND ( 'NONE', #3940, .T. ) ;
#4925 = DIRECTION ( 'NONE',  ( 0.000000000000000000, -0.000000000000000000, -1.000000000000000000 ) ) ;
#4926 = ORIENTED_EDGE ( 'NONE', *, *, #1973, .F. ) ;
#4927 = AXIS2_PLACEMENT_3D ( 'NONE', #6835, #3821, #3184 ) ;
#4928 = PRODUCT_DEFINITION_FORMATION_WITH_SPECIFIED_SOURCE ( 'ANY', '', #2049, .NOT_KNOWN. ) ;
#4929 = EDGE_CURVE ( 'NONE', #5912, #5542, #3957, .T. ) ;
#4930 = VECTOR ( 'NONE', #7028, 39.37007874015748143 ) ;
#4931 = DIRECTION ( 'NONE',  ( 0.000000000000000000, -1.000000000000000000, 0.000000000000000000 ) ) ;
#4932 = ADVANCED_FACE ( 'NONE', ( #3776 ), #6196, .F. ) ;
#4933 = AXIS2_PLACEMENT_3D ( 'NONE', #1957, #1993, #1441 ) ;
#4934 = DIRECTION ( 'NONE',  ( 0.000000000000000000, -1.000000000000000000, 0.000000000000000000 ) ) ;
#4935 = VERTEX_POINT ( 'NONE', #3506 ) ;
#4936 = EDGE_LOOP ( 'NONE', ( #4568, #2729, #6568, #365 ) ) ;
#4937 = ORIENTED_EDGE ( 'NONE', *, *, #2265, .F. ) ;
#4938 = DIRECTION ( 'NONE',  ( -0.000000000000000000, -1.000000000000000000, -0.000000000000000000 ) ) ;
#4939 = DIRECTION ( 'NONE',  ( 0.000000000000000000, 0.000000000000000000, 1.000000000000000000 ) ) ;
#4940 = LINE ( 'NONE', #4395, #158 ) ;
#4941 = CARTESIAN_POINT ( 'NONE',  ( 1.476377952755906664, 1.200787401574803237, -0.5054160353309620213 ) ) ;
#4942 = ADVANCED_FACE ( 'NONE', ( #5931 ), #3861, .F. ) ;
#4943 = VERTEX_POINT ( 'NONE', #7577 ) ;
#4944 = VERTEX_POINT ( 'NONE', #5198 ) ;
#4945 = DIRECTION ( 'NONE',  ( -0.000000000000000000, 0.000000000000000000, -1.000000000000000000 ) ) ;
#4946 = LINE ( 'NONE', #6888, #4196 ) ;
#4947 = LINE ( 'NONE', #4277, #5977 ) ;
#4948 = DIRECTION ( 'NONE',  ( -1.110223024625156294E-16, 0.000000000000000000, -1.000000000000000000 ) ) ;
#4949 = EDGE_CURVE ( 'NONE', #5145, #7103, #7628, .T. ) ;
#4950 = AXIS2_PLACEMENT_3D ( 'NONE', #7647, #5260, #2274 ) ;
#4951 = ADVANCED_FACE ( 'NONE', ( #5082 ), #305, .T. ) ;
#4952 = DIRECTION ( 'NONE',  ( -0.7754638790607798482, 0.000000000000000000, -0.6313919323779866311 ) ) ;
#4953 = ORIENTED_EDGE ( 'NONE', *, *, #2129, .F. ) ;
#4954 = EDGE_CURVE ( 'NONE', #1791, #1709, #6861, .T. ) ;
#4955 = CARTESIAN_POINT ( 'NONE',  ( -2.932747772807172026, 0.000000000000000000, -3.499326946597358212 ) ) ;
#4956 = ORIENTED_EDGE ( 'NONE', *, *, #371, .T. ) ;
#4957 = CIRCLE ( 'NONE', #6974, 0.06496062992125979652 ) ;
#4958 = DIRECTION ( 'NONE',  ( 0.000000000000000000, -1.000000000000000000, 0.000000000000000000 ) ) ;
#4959 = LINE ( 'NONE', #7386, #525 ) ;
#4960 = DIRECTION ( 'NONE',  ( 0.000000000000000000, -0.000000000000000000, -1.000000000000000000 ) ) ;
#4961 = AXIS2_PLACEMENT_3D ( 'NONE', #5782, #3516, #5189 ) ;
#4962 = AXIS2_PLACEMENT_3D ( 'NONE', #6580, #603, #3600 ) ;
#4963 = ORIENTED_EDGE ( 'NONE', *, *, #559, .F. ) ;
#4964 = CARTESIAN_POINT ( 'NONE',  ( 2.657480314960631418, 1.200787401574803237, -1.292817610134111783 ) ) ;
#4965 = CARTESIAN_POINT ( 'NONE',  ( 1.476377952755906220, 1.082677165354330784, -2.473919972338836537 ) ) ;
#4966 = ORIENTED_EDGE ( 'NONE', *, *, #3499, .F. ) ;
#4967 = DIRECTION ( 'NONE',  ( 0.000000000000000000, -1.000000000000000000, 0.000000000000000000 ) ) ;
#4968 = CARTESIAN_POINT ( 'NONE',  ( 0.6459947659815585830, 1.200787401574803237, -0.5737275940903217020 ) ) ;
#4969 = ORIENTED_EDGE ( 'NONE', *, *, #2796, .F. ) ;
#4970 = CIRCLE ( 'NONE', #135, 0.08070866141732323251 ) ;
#4971 = AXIS2_PLACEMENT_3D ( 'NONE', #2738, #3419, #6994 ) ;
#4972 = CARTESIAN_POINT ( 'NONE',  ( 0.2952755905511819101, 1.200787401574803237, -0.8991168227325369022 ) ) ;
#4973 = AXIS2_PLACEMENT_3D ( 'NONE', #4265, #157, #6686 ) ;
#4974 = VECTOR ( 'NONE', #2124, 39.37007874015748143 ) ;
#4975 = AXIS2_PLACEMENT_3D ( 'NONE', #6792, #1343, #6397 ) ;
#4976 = LINE ( 'NONE', #5403, #1242 ) ;
#4977 = VECTOR ( 'NONE', #4091, 39.37007874015748143 ) ;
#4978 = AXIS2_PLACEMENT_3D ( 'NONE', #5378, #5, #4823 ) ;
#4979 = EDGE_LOOP ( 'NONE', ( #1629, #5577, #1423, #2225 ) ) ;
#4980 = VERTEX_POINT ( 'NONE', #6980 ) ;
#4981 = CIRCLE ( 'NONE', #3585, 0.4330708661417335126 ) ;
#4982 = ORIENTED_EDGE ( 'NONE', *, *, #1787, .F. ) ;
#4983 = DIRECTION ( 'NONE',  ( -0.000000000000000000, -1.000000000000000000, -0.000000000000000000 ) ) ;
#4984 = CARTESIAN_POINT ( 'NONE',  ( -0.03129498633245732936, 1.338582677165354395, -1.539002674835876494 ) ) ;
#4985 = AXIS2_PLACEMENT_3D ( 'NONE', #4014, #3370, #1587 ) ;
#4986 = VECTOR ( 'NONE', #122, 39.37007874015748143 ) ;
#4987 = DIRECTION ( 'NONE',  ( 0.000000000000000000, -1.000000000000000000, 0.000000000000000000 ) ) ;
#4988 = CARTESIAN_POINT ( 'NONE',  ( 3.455905511811023789, 0.5511811023622049666, -3.074313673126239710 ) ) ;
#4989 = ORIENTED_EDGE ( 'NONE', *, *, #6130, .T. ) ;
#4990 = ORIENTED_EDGE ( 'NONE', *, *, #6201, .F. ) ;
#4991 = DIRECTION ( 'NONE',  ( -0.9345333927142726038, 0.000000000000000000, 0.3558754527948663759 ) ) ;
#4992 = CARTESIAN_POINT ( 'NONE',  ( 1.476377952755906664, 1.082677165354330784, -1.686518397535686553 ) ) ;
#4993 = CARTESIAN_POINT ( 'NONE',  ( 2.263779527559056426, 1.200787401574803237, -1.373526271551434919 ) ) ;
#4994 = ADVANCED_FACE ( 'NONE', ( #2062 ), #231, .F. ) ;
#4995 = DIRECTION ( 'NONE',  ( 0.7071067811865475727, -0.7071067811865475727, 0.000000000000000000 ) ) ;
#4996 = LINE ( 'NONE', #7376, #1581 ) ;
#4997 = EDGE_LOOP ( 'NONE', ( #4747, #7411, #1464, #4158 ) ) ;
#4998 = ORIENTED_EDGE ( 'NONE', *, *, #3731, .F. ) ;
#4999 = DIRECTION ( 'NONE',  ( 1.000000000000000000, 0.000000000000000000, 0.000000000000000000 ) ) ;
#5000 = EDGE_LOOP ( 'NONE', ( #5920, #4956, #3167, #6405 ) ) ;
#5001 = DIRECTION ( 'NONE',  ( 0.000000000000000000, 0.000000000000000000, 1.000000000000000000 ) ) ;
#5002 = DIRECTION ( 'NONE',  ( 0.000000000000000000, 1.000000000000000000, 0.000000000000000000 ) ) ;
#5003 = FACE_OUTER_BOUND ( 'NONE', #723, .T. ) ;
#5004 = VERTEX_POINT ( 'NONE', #1550 ) ;
#5005 = VECTOR ( 'NONE', #3163, 39.37007874015748854 ) ;
#5006 = DIRECTION ( 'NONE',  ( 0.000000000000000000, 0.000000000000000000, -1.000000000000000000 ) ) ;
#5007 = DIRECTION ( 'NONE',  ( 0.000000000000000000, 0.000000000000000000, -1.000000000000000000 ) ) ;
#5008 = CARTESIAN_POINT ( 'NONE',  ( 3.051181102362205966, 1.200787401574803237, -1.292817610134111783 ) ) ;
#5009 = DIRECTION ( 'NONE',  ( 0.000000000000000000, -1.000000000000000000, 0.000000000000000000 ) ) ;
#5010 = ORIENTED_EDGE ( 'NONE', *, *, #5188, .T. ) ;
#5011 = CARTESIAN_POINT ( 'NONE',  ( 1.682928072434971556, 0.000000000000000000, 0.2708097108523973562 ) ) ;
#5012 = CARTESIAN_POINT ( 'NONE',  ( 4.261617107474918953, 0.3561786214270647455, -1.623268499954128696 ) ) ;
#5013 = EDGE_CURVE ( 'NONE', #7859, #3247, #4, .T. ) ;
#5014 = EDGE_CURVE ( 'NONE', #5506, #7003, #2799, .T. ) ;
#5015 = CARTESIAN_POINT ( 'NONE',  ( -1.498039639382837018, 0.9842519685039373689, -3.289108543396113138 ) ) ;
#5016 = ORIENTED_EDGE ( 'NONE', *, *, #2108, .F. ) ;
#5017 = ORIENTED_EDGE ( 'NONE', *, *, #6929, .T. ) ;
#5018 = CARTESIAN_POINT ( 'NONE',  ( 0.000000000000000000, 1.082677165354331672, -3.074313673126239710 ) ) ;
#5019 = ADVANCED_FACE ( 'NONE', ( #5754 ), #2177, .T. ) ;
#5020 = DIRECTION ( 'NONE',  ( 0.000000000000000000, -1.000000000000000000, 0.000000000000000000 ) ) ;
#5021 = ADVANCED_FACE ( 'NONE', ( #5160 ), #865, .F. ) ;
#5022 = DIRECTION ( 'NONE',  ( -1.000000000000000000, 0.000000000000000000, 0.000000000000000000 ) ) ;
#5023 = CARTESIAN_POINT ( 'NONE',  ( 1.870078740157481434, 1.200787401574803237, -2.160927846354584680 ) ) ;
#5024 = ORIENTED_EDGE ( 'NONE', *, *, #6838, .T. ) ;
#5025 = ORIENTED_EDGE ( 'NONE', *, *, #6572, .F. ) ;
#5026 = CYLINDRICAL_SURFACE ( 'NONE', #3440, 0.08070866141732309373 ) ;
#5027 = CARTESIAN_POINT ( 'NONE',  ( 4.344917934081746758, 15.67005943375638211, -1.654989912605622449 ) ) ;
#5028 = EDGE_CURVE ( 'NONE', #7356, #6493, #3294, .T. ) ;
#5029 = FACE_OUTER_BOUND ( 'NONE', #1332, .T. ) ;
#5030 = PLANE ( 'NONE',  #1316 ) ;
#5031 = ORIENTED_EDGE ( 'NONE', *, *, #1614, .T. ) ;
#5032 = EDGE_CURVE ( 'NONE', #514, #1775, #1385, .T. ) ;
#5033 = FACE_OUTER_BOUND ( 'NONE', #7152, .T. ) ;
#5034 = ORIENTED_EDGE ( 'NONE', *, *, #2426, .F. ) ;
#5035 = LINE ( 'NONE', #3243, #5745 ) ;
#5036 = ADVANCED_FACE ( 'NONE', ( #3933 ), #790, .T. ) ;
#5037 = CARTESIAN_POINT ( 'NONE',  ( -0.07874015748031448769, 0.000000000000000000, -3.379431783362458308 ) ) ;
#5038 = CARTESIAN_POINT ( 'NONE',  ( 3.003149606299212682, 0.8464566929133860995, -5.849388579488668860 ) ) ;
#5039 = ORIENTED_EDGE ( 'NONE', *, *, #3640, .F. ) ;
#5040 = DIRECTION ( 'NONE',  ( -0.1590695136534806542, 0.000000000000000000, 0.9872673851728543948 ) ) ;
#5041 = EDGE_CURVE ( 'NONE', #3626, #1497, #2646, .T. ) ;
#5042 = CARTESIAN_POINT ( 'NONE',  ( 3.003149606299212682, 0.000000000000000000, -4.885337295173484584 ) ) ;
#5043 = DIRECTION ( 'NONE',  ( 0.000000000000000000, 0.000000000000000000, -1.000000000000000000 ) ) ;
#5044 = PLANE ( 'NONE',  #4692 ) ;
#5045 = ORIENTED_EDGE ( 'NONE', *, *, #242, .F. ) ;
#5046 = DIRECTION ( 'NONE',  ( 7.850462293418854879E-17, 0.7071067811865492381, 0.7071067811865457964 ) ) ;
#5047 = CYLINDRICAL_SURFACE ( 'NONE', #7487, 0.08070866141732313537 ) ;
#5048 = EDGE_CURVE ( 'NONE', #1657, #1119, #906, .T. ) ;
#5049 = FACE_OUTER_BOUND ( 'NONE', #3010, .T. ) ;
#5050 = ORIENTED_EDGE ( 'NONE', *, *, #1301, .T. ) ;
#5051 = CIRCLE ( 'NONE', #5179, 0.08070866141732323251 ) ;
#5052 = EDGE_CURVE ( 'NONE', #5904, #5317, #908, .T. ) ;
#5053 = VERTEX_POINT ( 'NONE', #7464 ) ;
#5054 = CARTESIAN_POINT ( 'NONE',  ( 2.657480314960631418, 1.082677165354330784, -0.1117152479293870848 ) ) ;
#5055 = DIRECTION ( 'NONE',  ( 0.000000000000000000, 0.000000000000000000, 1.000000000000000000 ) ) ;
#5056 = AXIS2_PLACEMENT_3D ( 'NONE', #3745, #1790, #4811 ) ;
#5057 = CARTESIAN_POINT ( 'NONE',  ( -0.1181102362204720091, 0.6791338582677166613, -5.584156192811277286 ) ) ;
#5058 = FACE_OUTER_BOUND ( 'NONE', #4214, .T. ) ;
#5059 = ADVANCED_FACE ( 'NONE', ( #2021 ), #4457, .T. ) ;
#5060 = EDGE_LOOP ( 'NONE', ( #3242, #4522, #2650, #3443 ) ) ;
#5061 = EDGE_CURVE ( 'NONE', #2084, #7393, #6520, .T. ) ;
#5062 = VERTEX_POINT ( 'NONE', #5956 ) ;
#5063 = DIRECTION ( 'NONE',  ( -0.000000000000000000, -1.000000000000000000, -0.000000000000000000 ) ) ;
#5064 = DIRECTION ( 'NONE',  ( 0.000000000000000000, 0.000000000000000000, -1.000000000000000000 ) ) ;
#5065 = DIRECTION ( 'NONE',  ( 0.000000000000000000, 0.000000000000000000, -1.000000000000000000 ) ) ;
#5066 = DIRECTION ( 'NONE',  ( 0.000000000000000000, 0.000000000000000000, -1.000000000000000000 ) ) ;
#5067 = EDGE_CURVE ( 'NONE', #436, #2707, #6111, .T. ) ;
#5068 = ORIENTED_EDGE ( 'NONE', *, *, #5612, .F. ) ;
#5069 = ORIENTED_EDGE ( 'NONE', *, *, #3170, .T. ) ;
#5070 = FACE_OUTER_BOUND ( 'NONE', #5255, .T. ) ;
#5071 = CARTESIAN_POINT ( 'NONE',  ( 1.476377952755906664, 1.082677165354330784, -2.080219184937261545 ) ) ;
#5072 = CARTESIAN_POINT ( 'NONE',  ( 3.228346456692913424, 1.102362204724409489, -5.584156192811277286 ) ) ;
#5073 = EDGE_CURVE ( 'NONE', #3591, #7308, #3409, .T. ) ;
#5074 = VECTOR ( 'NONE', #3551, 39.37007874015748143 ) ;
#5075 = ORIENTED_EDGE ( 'NONE', *, *, #6680, .F. ) ;
#5076 = LINE ( 'NONE', #820, #1174 ) ;
#5077 = CARTESIAN_POINT ( 'NONE',  ( 3.003149606299212682, 0.000000000000000000, -4.885337295173484584 ) ) ;
#5078 = CYLINDRICAL_SURFACE ( 'NONE', #2815, 0.08070866141732269128 ) ;
#5079 = FACE_OUTER_BOUND ( 'NONE', #4126, .T. ) ;
#5080 = PLANE ( 'NONE',  #6153 ) ;
#5081 = ORIENTED_EDGE ( 'NONE', *, *, #372, .T. ) ;
#5082 = FACE_OUTER_BOUND ( 'NONE', #6654, .T. ) ;
#5083 = FACE_OUTER_BOUND ( 'NONE', #4761, .T. ) ;
#5084 = AXIS2_PLACEMENT_3D ( 'NONE', #277, #5288, #5246 ) ;
#5085 = EDGE_CURVE ( 'NONE', #4598, #3686, #1413, .T. ) ;
#5086 = AXIS2_PLACEMENT_3D ( 'NONE', #6217, #3798, #6299 ) ;
#5087 = FACE_OUTER_BOUND ( 'NONE', #5704, .T. ) ;
#5088 = ORIENTED_EDGE ( 'NONE', *, *, #6680, .T. ) ;
#5089 = VECTOR ( 'NONE', #4625, 39.37007874015748143 ) ;
#5090 = ORIENTED_EDGE ( 'NONE', *, *, #1408, .T. ) ;
#5091 = VECTOR ( 'NONE', #1001, 39.37007874015748854 ) ;
#5092 = EDGE_CURVE ( 'NONE', #245, #309, #5280, .T. ) ;
#5093 = CYLINDRICAL_SURFACE ( 'NONE', #6601, 0.08070866141732323251 ) ;
#5094 = CARTESIAN_POINT ( 'NONE',  ( 2.263779527559056426, 1.200787401574803237, -0.8991168227325369022 ) ) ;
#5095 = CIRCLE ( 'NONE', #2299, 0.08070866141732323251 ) ;
#5096 = AXIS2_PLACEMENT_3D ( 'NONE', #2373, #1339, #6187 ) ;
#5097 = CARTESIAN_POINT ( 'NONE',  ( 0.1566367959790504749, 1.377952755905512028, -0.9721686854776814268 ) ) ;
#5098 = DIRECTION ( 'NONE',  ( 0.000000000000000000, 0.000000000000000000, 1.000000000000000000 ) ) ;
#5099 = VERTEX_POINT ( 'NONE', #7101 ) ;
#5100 = ORIENTED_EDGE ( 'NONE', *, *, #4736, .T. ) ;
#5101 = CARTESIAN_POINT ( 'NONE',  ( 3.464566929133858775, 0.000000000000000000, -5.682581389661670812 ) ) ;
#5102 = FACE_OUTER_BOUND ( 'NONE', #4850, .T. ) ;
#5103 = CIRCLE ( 'NONE', #6384, 0.08070866141732296883 ) ;
#5104 = FACE_OUTER_BOUND ( 'NONE', #5771, .T. ) ;
#5105 = DIRECTION ( 'NONE',  ( 0.000000000000000000, 0.000000000000000000, 1.000000000000000000 ) ) ;
#5106 = AXIS2_PLACEMENT_3D ( 'NONE', #7141, #7221, #4206 ) ;
#5107 = DIRECTION ( 'NONE',  ( 0.000000000000000000, -1.000000000000000000, 0.000000000000000000 ) ) ;
#5108 = AXIS2_PLACEMENT_3D ( 'NONE', #5590, #2577, #5635 ) ;
#5109 = EDGE_LOOP ( 'NONE', ( #1851, #5568 ) ) ;
#5110 = EDGE_CURVE ( 'NONE', #4274, #6916, #1072, .T. ) ;
#5111 = ORIENTED_EDGE ( 'NONE', *, *, #2915, .F. ) ;
#5112 = DIRECTION ( 'NONE',  ( 0.000000000000000000, 0.000000000000000000, -1.000000000000000000 ) ) ;
#5113 = LINE ( 'NONE', #2087, #5361 ) ;
#5114 = DIRECTION ( 'NONE',  ( 0.000000000000000000, -0.000000000000000000, -1.000000000000000000 ) ) ;
#5115 = ORIENTED_EDGE ( 'NONE', *, *, #6671, .F. ) ;
#5116 = CARTESIAN_POINT ( 'NONE',  ( 3.051181102362205966, 1.082677165354330784, -2.080219184937261545 ) ) ;
#5117 = EDGE_LOOP ( 'NONE', ( #3718, #5779 ) ) ;
#5118 = DIRECTION ( 'NONE',  ( 1.000000000000000000, 0.000000000000000000, 0.000000000000000000 ) ) ;
#5119 = ORIENTED_EDGE ( 'NONE', *, *, #1484, .F. ) ;
#5120 = DIRECTION ( 'NONE',  ( -0.000000000000000000, -1.000000000000000000, -0.000000000000000000 ) ) ;
#5121 = ORIENTED_EDGE ( 'NONE', *, *, #6710, .F. ) ;
#5122 = DIRECTION ( 'NONE',  ( 0.000000000000000000, 0.000000000000000000, -1.000000000000000000 ) ) ;
#5123 = DIRECTION ( 'NONE',  ( -0.000000000000000000, 1.000000000000000000, -0.000000000000000000 ) ) ;
#5124 = AXIS2_PLACEMENT_3D ( 'NONE', #416, #7136, #1651 ) ;
#5125 = VERTEX_POINT ( 'NONE', #6593 ) ;
#5126 = DIRECTION ( 'NONE',  ( 0.000000000000000000, -0.000000000000000000, -1.000000000000000000 ) ) ;
#5127 = ORIENTED_EDGE ( 'NONE', *, *, #3173, .F. ) ;
#5128 = EDGE_CURVE ( 'NONE', #7669, #7088, #2883, .T. ) ;
#5129 = EDGE_LOOP ( 'NONE', ( #7442, #4673 ) ) ;
#5130 = ADVANCED_FACE ( 'NONE', ( #7695 ), #1023, .F. ) ;
#5131 = CARTESIAN_POINT ( 'NONE',  ( 0.6889763779527567911, 1.082677165354330784, -1.767227058953009688 ) ) ;
#5132 = LINE ( 'NONE', #7554, #2039 ) ;
#5133 = CARTESIAN_POINT ( 'NONE',  ( 2.854330708661417582, 0.5807086614173232464, -2.867620759740411085 ) ) ;
#5134 = EDGE_LOOP ( 'NONE', ( #83, #400 ) ) ;
#5135 = ORIENTED_EDGE ( 'NONE', *, *, #3752, .F. ) ;
#5136 = ORIENTED_EDGE ( 'NONE', *, *, #5523, .T. ) ;
#5137 = ADVANCED_FACE ( 'NONE', ( #5829 ), #1106, .F. ) ;
#5138 = DIRECTION ( 'NONE',  ( 0.000000000000000000, 0.000000000000000000, -1.000000000000000000 ) ) ;
#5139 = DIRECTION ( 'NONE',  ( -0.000000000000000000, -1.000000000000000000, -0.000000000000000000 ) ) ;
#5140 = CARTESIAN_POINT ( 'NONE',  ( 0.000000000000000000, 1.377952755905512028, 0.000000000000000000 ) ) ;
#5141 = DIRECTION ( 'NONE',  ( 0.000000000000000000, 0.000000000000000000, -1.000000000000000000 ) ) ;
#5142 = EDGE_CURVE ( 'NONE', #3126, #5959, #2301, .T. ) ;
#5143 = DIRECTION ( 'NONE',  ( 0.000000000000000000, -0.000000000000000000, -1.000000000000000000 ) ) ;
#5144 = ORIENTED_EDGE ( 'NONE', *, *, #572, .T. ) ;
#5145 = VERTEX_POINT ( 'NONE', #2976 ) ;
#5146 = LINE ( 'NONE', #6934, #905 ) ;
#5147 = CARTESIAN_POINT ( 'NONE',  ( -0.6380868253740962226, 1.082677165354330784, -0.8010596439121572265 ) ) ;
#5148 = DIRECTION ( 'NONE',  ( 0.000000000000000000, -0.000000000000000000, -1.000000000000000000 ) ) ;
#5149 = CARTESIAN_POINT ( 'NONE',  ( -0.07874015748031448769, 0.3937007874015752140, -5.584156192811277286 ) ) ;
#5150 = ORIENTED_EDGE ( 'NONE', *, *, #3499, .T. ) ;
#5151 = LINE ( 'NONE', #3889, #5610 ) ;
#5152 = CARTESIAN_POINT ( 'NONE',  ( 2.263779527559056426, 1.082677165354330784, -0.5054160353309620213 ) ) ;
#5153 = EDGE_CURVE ( 'NONE', #3339, #7751, #1702, .T. ) ;
#5154 = ORIENTED_EDGE ( 'NONE', *, *, #6426, .T. ) ;
#5155 = LINE ( 'NONE', #5701, #4219 ) ;
#5156 = ORIENTED_EDGE ( 'NONE', *, *, #5158, .F. ) ;
#5157 = DIRECTION ( 'NONE',  ( 0.000000000000000000, 0.000000000000000000, -1.000000000000000000 ) ) ;
#5158 = EDGE_CURVE ( 'NONE', #7683, #6160, #5240, .T. ) ;
#5159 = ORIENTED_EDGE ( 'NONE', *, *, #4954, .T. ) ;
#5160 = FACE_OUTER_BOUND ( 'NONE', #5562, .T. ) ;
#5161 = FACE_OUTER_BOUND ( 'NONE', #2661, .T. ) ;
#5162 = EDGE_CURVE ( 'NONE', #1497, #5588, #4472, .T. ) ;
#5163 = CIRCLE ( 'NONE', #3260, 0.08070866141732323251 ) ;
#5164 = ORIENTED_EDGE ( 'NONE', *, *, #4110, .T. ) ;
#5165 = PLANE ( 'NONE',  #232 ) ;
#5166 = ORIENTED_EDGE ( 'NONE', *, *, #5092, .T. ) ;
#5167 = EDGE_LOOP ( 'NONE', ( #7437, #464 ) ) ;
#5168 = CIRCLE ( 'NONE', #6436, 0.08070866141732323251 ) ;
#5169 = CARTESIAN_POINT ( 'NONE',  ( 2.657480314960631418, 1.082677165354330784, -0.4247073739136388859 ) ) ;
#5170 = EDGE_CURVE ( 'NONE', #5963, #1345, #2335, .T. ) ;
#5171 = CIRCLE ( 'NONE', #6188, 0.08070866141732313537 ) ;
#5172 = DIRECTION ( 'NONE',  ( 0.000000000000000000, -1.000000000000000000, 0.000000000000000000 ) ) ;
#5173 = ORIENTED_EDGE ( 'NONE', *, *, #1469, .F. ) ;
#5174 = EDGE_LOOP ( 'NONE', ( #7023, #7158 ) ) ;
#5175 = VERTEX_POINT ( 'NONE', #7065 ) ;
#5176 = DIRECTION ( 'NONE',  ( 0.000000000000000000, 0.000000000000000000, 1.000000000000000000 ) ) ;
#5177 = CARTESIAN_POINT ( 'NONE',  ( 1.476377952755906664, 1.200787401574803237, -1.999510523519938410 ) ) ;
#5178 = PLANE ( 'NONE',  #7606 ) ;
#5179 = AXIS2_PLACEMENT_3D ( 'NONE', #845, #2117, #5066 ) ;
#5180 = CARTESIAN_POINT ( 'NONE',  ( -0.6908327293959752868, 1.200787401574803237, -1.760528465789668040 ) ) ;
#5181 = EDGE_CURVE ( 'NONE', #6100, #6504, #6749, .T. ) ;
#5182 = DIRECTION ( 'NONE',  ( 0.000000000000000000, 0.000000000000000000, -1.000000000000000000 ) ) ;
#5183 = AXIS2_PLACEMENT_3D ( 'NONE', #4694, #5795, #3374 ) ;
#5184 = ORIENTED_EDGE ( 'NONE', *, *, #3655, .T. ) ;
#5185 = ORIENTED_EDGE ( 'NONE', *, *, #5585, .F. ) ;
#5186 = DIRECTION ( 'NONE',  ( 0.000000000000000000, 1.000000000000000000, 0.000000000000000000 ) ) ;
#5187 = CYLINDRICAL_SURFACE ( 'NONE', #6613, 0.08070866141732323251 ) ;
#5188 = EDGE_CURVE ( 'NONE', #6854, #3137, #1928, .T. ) ;
#5189 = DIRECTION ( 'NONE',  ( 0.000000000000000000, 0.000000000000000000, -1.000000000000000000 ) ) ;
#5190 = EDGE_CURVE ( 'NONE', #64, #5291, #424, .T. ) ;
#5191 = EDGE_CURVE ( 'NONE', #2122, #5283, #4615, .T. ) ;
#5192 = VERTEX_POINT ( 'NONE', #7387 ) ;
#5193 = CARTESIAN_POINT ( 'NONE',  ( 1.476377952755906664, 1.200787401574803237, -1.605809736118363640 ) ) ;
#5194 = EDGE_LOOP ( 'NONE', ( #4834, #5252 ) ) ;
#5195 = CARTESIAN_POINT ( 'NONE',  ( 0.000000000000000000, 0.000000000000000000, 0.000000000000000000 ) ) ;
#5196 = ORIENTED_EDGE ( 'NONE', *, *, #1248, .T. ) ;
#5197 = CARTESIAN_POINT ( 'NONE',  ( 0.2952755905511819101, 1.200787401574803237, -1.686518397535686553 ) ) ;
#5198 = CARTESIAN_POINT ( 'NONE',  ( -2.217185856273907518, 0.1968503937007874405, -4.484294767385519798 ) ) ;
#5199 = CARTESIAN_POINT ( 'NONE',  ( 1.870078740157481434, 1.200787401574803237, -0.4247073739136388859 ) ) ;
#5200 = CIRCLE ( 'NONE', #2027, 0.08070866141732323251 ) ;
#5201 = VERTEX_POINT ( 'NONE', #2494 ) ;
#5202 = DIRECTION ( 'NONE',  ( 0.000000000000000000, -1.000000000000000000, 0.000000000000000000 ) ) ;
#5203 = ORIENTED_EDGE ( 'NONE', *, *, #3308, .F. ) ;
#5204 = ORIENTED_EDGE ( 'NONE', *, *, #1631, .F. ) ;
#5205 = DIRECTION ( 'NONE',  ( 0.000000000000000000, 0.000000000000000000, -1.000000000000000000 ) ) ;
#5206 = AXIS2_PLACEMENT_3D ( 'NONE', #2995, #5499, #5983 ) ;
#5207 = CIRCLE ( 'NONE', #3700, 0.08070866141732323251 ) ;
#5208 = CIRCLE ( 'NONE', #3059, 0.08070866141732269128 ) ;
#5209 = FACE_BOUND ( 'NONE', #3181, .T. ) ;
#5210 = VECTOR ( 'NONE', #2427, 39.37007874015748143 ) ;
#5211 = ORIENTED_EDGE ( 'NONE', *, *, #7278, .T. ) ;
#5212 = ORIENTED_EDGE ( 'NONE', *, *, #2548, .F. ) ;
#5213 = ORIENTED_EDGE ( 'NONE', *, *, #4387, .T. ) ;
#5214 = CARTESIAN_POINT ( 'NONE',  ( 2.642243801483783461, 0.5905511811023628210, -0.9685744167203521604 ) ) ;
#5215 = CARTESIAN_POINT ( 'NONE',  ( -1.356305065950079269, 1.200787401574803237, -2.204023980834525887 ) ) ;
#5216 = CARTESIAN_POINT ( 'NONE',  ( 0.6889763779527567911, 1.200787401574803237, -1.212108948716788648 ) ) ;
#5217 = AXIS2_PLACEMENT_3D ( 'NONE', #4848, #1261, #5399 ) ;
#5218 = DIRECTION ( 'NONE',  ( 0.000000000000000000, 1.000000000000000000, 0.000000000000000000 ) ) ;
#5219 = AXIS2_PLACEMENT_3D ( 'NONE', #3224, #2140, #1504 ) ;
#5220 = DIRECTION ( 'NONE',  ( 0.000000000000000000, -0.000000000000000000, -1.000000000000000000 ) ) ;
#5221 = LINE ( 'NONE', #211, #6017 ) ;
#5222 = VECTOR ( 'NONE', #2321, 39.37007874015748143 ) ;
#5223 = ORIENTED_EDGE ( 'NONE', *, *, #4681, .T. ) ;
#5224 = VECTOR ( 'NONE', #3449, 39.37007874015748143 ) ;
#5225 = ORIENTED_EDGE ( 'NONE', *, *, #4378, .F. ) ;
#5226 = CARTESIAN_POINT ( 'NONE',  ( 2.263779527559056426, 1.082677165354330784, -1.292817610134111783 ) ) ;
#5227 = VECTOR ( 'NONE', #3450, 39.37007874015748143 ) ;
#5228 = DIRECTION ( 'NONE',  ( 0.000000000000000000, -0.000000000000000000, -1.000000000000000000 ) ) ;
#5229 = EDGE_CURVE ( 'NONE', #3482, #847, #2456, .T. ) ;
#5230 = FACE_OUTER_BOUND ( 'NONE', #708, .T. ) ;
#5231 = VECTOR ( 'NONE', #254, 39.37007874015748143 ) ;
#5232 = VECTOR ( 'NONE', #5950, 39.37007874015748143 ) ;
#5233 = CLOSED_SHELL ( 'NONE', ( #3754, #7236, #6603, #2894, #7309, #4411, #2990, #2811, #6602, #4617, #7260, #3983, #7271, #2886, #4889, #1302, #5527, #5335, #4942, #208, #1184, #1617, #6167, #1789, #5302, #7869, #1418, #6286, #1514, #6210, #5989, #586, #784, #2213, #1708, #6949, #5267, #1019, #4581, #1486, #2952, #7578, #6071, #2457, #7035, #4461, #5598, #2222, #7665, #7825, #6556, #6199, #1494, #3987, #6462, #3490, #5130, #3867, #3570, #3703, #4492, #2587, #1282, #1061, #7183, #2784, #5626, #2486, #5958, #7517, #5019, #3264, #4173, #1849, #1724, #7812, #624, #4899, #1267, #4106, #4209, #3385, #7484, #4469, #6984, #3262, #2449, #2732, #1985, #1968, #2787, #695, #1155, #3792, #1737, #1507, #6525, #6920, #7364, #6575, #6510, #1648, #28, #1317, #4723, #6790, #3098, #2820, #6392, #5695, #6692, #4951, #5641, #1272, #548, #2917, #6584, #4233, #676, #1857, #3121, #801, #3266, #5259, #2896, #445, #4584, #5348, #5911, #1516, #7324, #6416, #5988, #2485, #7335, #113, #3239, #3622, #5473, #545, #3682, #7240, #7015, #5640, #7728, #5957, #7079, #1989, #4124, #3060, #3069, #851, #840, #100, #1701, #5036, #7854, #3279, #7113, #5895, #829, #6805, #3634, #6659, #3018, #1726, #965, #2651, #1526, #2344, #6143, #1142, #2445, #5059, #2081, #78, #532, #2468, #6661, #6841, #1237, #53, #6995, #2583, #687, #5137, #2309, #4096, #6474, #4994, #4194, #4932, #4727, #6915, #4323, #3408, #2366, #5021, #6357, #7718, #6208, #937, #2006, #7754, #4026, #4360, #1633, #2092, #310, #1029, #4377, #3787, #5662, #4458, #4918, #1042, #4489, #7474, #324, #4318, #834, #3507, #7425, #98, #5584, #1608, #110, #1081, #2370, #6486, #7155, #4342, #6240, #5539, #4536, #3584, #2132, #236, #6811, #2921, #2242, #4289, #4920, #1563, #463, #1443, #6270, #1143, #5271, #3140, #5250, #7855, #2563, #5859, #1277, #190, #1266, #3411, #5916, #6906, #4815, #5460, #6594, #6364, #2202, #3349, #1518, #3863, #2958, #1529, #1674, #4057 ) ) ;
#5234 = ORIENTED_EDGE ( 'NONE', *, *, #4357, .T. ) ;
#5235 = DIRECTION ( 'NONE',  ( 0.000000000000000000, 0.000000000000000000, -1.000000000000000000 ) ) ;
#5236 = VERTEX_POINT ( 'NONE', #1858 ) ;
#5237 = CARTESIAN_POINT ( 'NONE',  ( 3.051181102362205966, 1.200787401574803237, -0.5054160353309620213 ) ) ;
#5238 = ORIENTED_EDGE ( 'NONE', *, *, #7596, .T. ) ;
#5239 = CARTESIAN_POINT ( 'NONE',  ( 2.657480314960631418, 1.082677165354330784, -0.8184081613152137669 ) ) ;
#5240 = LINE ( 'NONE', #3451, #3065 ) ;
#5241 = ORIENTED_EDGE ( 'NONE', *, *, #4253, .T. ) ;
#5242 = DIRECTION ( 'NONE',  ( -0.000000000000000000, -1.000000000000000000, -0.000000000000000000 ) ) ;
#5243 = ORIENTED_EDGE ( 'NONE', *, *, #1839, .T. ) ;
#5244 = DIRECTION ( 'NONE',  ( 0.000000000000000000, -1.000000000000000000, 0.000000000000000000 ) ) ;
#5245 = ORIENTED_EDGE ( 'NONE', *, *, #2798, .F. ) ;
#5246 = DIRECTION ( 'NONE',  ( 0.000000000000000000, -0.000000000000000000, -1.000000000000000000 ) ) ;
#5247 = CARTESIAN_POINT ( 'NONE',  ( 1.476377952755906664, 1.200787401574803237, -1.686518397535686553 ) ) ;
#5248 = EDGE_CURVE ( 'NONE', #986, #7280, #1300, .T. ) ;
#5249 = VECTOR ( 'NONE', #570, 39.37007874015748854 ) ;
#5250 = ADVANCED_FACE ( 'NONE', ( #6746 ), #4288, .T. ) ;
#5251 = DIRECTION ( 'NONE',  ( -0.000000000000000000, -1.000000000000000000, -0.000000000000000000 ) ) ;
#5252 = ORIENTED_EDGE ( 'NONE', *, *, #3944, .T. ) ;
#5253 = ORIENTED_EDGE ( 'NONE', *, *, #3604, .F. ) ;
#5254 = AXIS2_PLACEMENT_3D ( 'NONE', #6931, #5107, #1488 ) ;
#5255 = EDGE_LOOP ( 'NONE', ( #4405, #2780 ) ) ;
#5256 = EDGE_CURVE ( 'NONE', #3094, #3548, #2943, .T. ) ;
#5257 = CARTESIAN_POINT ( 'NONE',  ( 2.657480314960631418, 1.200787401574803237, -1.605809736118363418 ) ) ;
#5258 = CARTESIAN_POINT ( 'NONE',  ( 1.082677165354331672, 1.200787401574803237, -0.8184081613152139889 ) ) ;
#5259 = ADVANCED_FACE ( 'NONE', ( #702 ), #738, .T. ) ;
#5260 = DIRECTION ( 'NONE',  ( 0.6313919323779914050, 0.000000000000000000, -0.7754638790607760734 ) ) ;
#5261 = DIRECTION ( 'NONE',  ( -1.000000000000000000, 0.000000000000000000, 0.000000000000000000 ) ) ;
#5262 = EDGE_CURVE ( 'NONE', #5312, #430, #3582, .T. ) ;
#5263 = DIRECTION ( 'NONE',  ( 0.9345333927142741581, 0.000000000000000000, -0.3558754527948617685 ) ) ;
#5264 = VERTEX_POINT ( 'NONE', #6108 ) ;
#5265 = ORIENTED_EDGE ( 'NONE', *, *, #5397, .T. ) ;
#5266 = CARTESIAN_POINT ( 'NONE',  ( 1.082677165354331672, 1.200787401574803237, -2.554628633756159672 ) ) ;
#5267 = ADVANCED_FACE ( 'NONE', ( #3097 ), #5513, .F. ) ;
#5268 = CARTESIAN_POINT ( 'NONE',  ( 3.051181102362205966, 1.200787401574803237, -1.605809736118363418 ) ) ;
#5269 = FACE_OUTER_BOUND ( 'NONE', #115, .T. ) ;
#5270 = DIRECTION ( 'NONE',  ( -0.000000000000000000, -1.000000000000000000, -0.000000000000000000 ) ) ;
#5271 = ADVANCED_FACE ( 'NONE', ( #7344 ), #6787, .T. ) ;
#5272 = EDGE_CURVE ( 'NONE', #1352, #6393, #5583, .T. ) ;
#5273 = ORIENTED_EDGE ( 'NONE', *, *, #3304, .T. ) ;
#5274 = LINE ( 'NONE', #5995, #5249 ) ;
#5275 = CARTESIAN_POINT ( 'NONE',  ( -1.498039639382837018, 0.9842519685039373689, -3.413124291427609425 ) ) ;
#5276 = ORIENTED_EDGE ( 'NONE', *, *, #1997, .T. ) ;
#5277 = CARTESIAN_POINT ( 'NONE',  ( 1.476377952755906664, 1.200787401574803237, -0.5054160353309620213 ) ) ;
#5278 = EDGE_LOOP ( 'NONE', ( #6943, #7558, #2761, #6912 ) ) ;
#5279 = CARTESIAN_POINT ( 'NONE',  ( 3.425196850393701364, 0.6791338582677166613, -5.584156192811277286 ) ) ;
#5280 = LINE ( 'NONE', #381, #4977 ) ;
#5281 = EDGE_CURVE ( 'NONE', #357, #5616, #4328, .T. ) ;
#5282 = VECTOR ( 'NONE', #2442, 39.37007874015748143 ) ;
#5283 = VERTEX_POINT ( 'NONE', #2527 ) ;
#5284 = CARTESIAN_POINT ( 'NONE',  ( 1.476377952755906664, 1.200787401574803237, -0.9798254841498599266 ) ) ;
#5285 = ORIENTED_EDGE ( 'NONE', *, *, #4002, .F. ) ;
#5286 = CARTESIAN_POINT ( 'NONE',  ( 1.082677165354331672, 1.200787401574803237, -2.393211310921513402 ) ) ;
#5287 = ORIENTED_EDGE ( 'NONE', *, *, #79, .T. ) ;
#5288 = DIRECTION ( 'NONE',  ( 0.000000000000000000, -1.000000000000000000, 0.000000000000000000 ) ) ;
#5289 = FACE_OUTER_BOUND ( 'NONE', #839, .T. ) ;
#5290 = FACE_BOUND ( 'NONE', #23, .T. ) ;
#5291 = VERTEX_POINT ( 'NONE', #99 ) ;
#5292 = ORIENTED_EDGE ( 'NONE', *, *, #875, .F. ) ;
#5293 = AXIS2_PLACEMENT_3D ( 'NONE', #2641, #6155, #6901 ) ;
#5294 = ORIENTED_EDGE ( 'NONE', *, *, #1125, .F. ) ;
#5295 = DIRECTION ( 'NONE',  ( 0.000000000000000000, 0.000000000000000000, -1.000000000000000000 ) ) ;
#5296 = DIRECTION ( 'NONE',  ( 0.000000000000000000, -1.000000000000000000, 0.000000000000000000 ) ) ;
#5297 = CYLINDRICAL_SURFACE ( 'NONE', #2777, 0.07874015748031502893 ) ;
#5298 = DIRECTION ( 'NONE',  ( 0.000000000000000000, -1.000000000000000000, 0.000000000000000000 ) ) ;
#5299 = AXIS2_PLACEMENT_3D ( 'NONE', #4283, #6816, #6853 ) ;
#5300 = EDGE_CURVE ( 'NONE', #5886, #6010, #147, .T. ) ;
#5301 = DIRECTION ( 'NONE',  ( 0.000000000000000000, -1.000000000000000000, 0.000000000000000000 ) ) ;
#5302 = ADVANCED_FACE ( 'NONE', ( #4799 ), #576, .F. ) ;
#5303 = VERTEX_POINT ( 'NONE', #4842 ) ;
#5304 = VECTOR ( 'NONE', #4766, 39.37007874015748854 ) ;
#5305 = CARTESIAN_POINT ( 'NONE',  ( -1.084533516797553387, 1.200787401574803237, -2.361729571131744088 ) ) ;
#5306 = LINE ( 'NONE', #7053, #3189 ) ;
#5307 = AXIS2_PLACEMENT_3D ( 'NONE', #6583, #1133, #5987 ) ;
#5308 = CARTESIAN_POINT ( 'NONE',  ( 0.2952755905511819101, 1.200787401574803237, -0.8991168227325369022 ) ) ;
#5309 = ORIENTED_EDGE ( 'NONE', *, *, #4845, .F. ) ;
#5310 = DIRECTION ( 'NONE',  ( 0.000000000000000000, 0.000000000000000000, -1.000000000000000000 ) ) ;
#5311 = CYLINDRICAL_SURFACE ( 'NONE', #3522, 0.08070866141732323251 ) ;
#5312 = VERTEX_POINT ( 'NONE', #3006 ) ;
#5313 = CARTESIAN_POINT ( 'NONE',  ( 3.051181102362205966, 1.200787401574803237, -1.292817610134111783 ) ) ;
#5314 = DIRECTION ( 'NONE',  ( 0.000000000000000000, -1.000000000000000000, 0.000000000000000000 ) ) ;
#5315 = EDGE_CURVE ( 'NONE', #5884, #1199, #1166, .T. ) ;
#5316 = CARTESIAN_POINT ( 'NONE',  ( 1.082677165354331672, 1.082677165354330784, -0.5054160353309620213 ) ) ;
#5317 = VERTEX_POINT ( 'NONE', #7268 ) ;
#5318 = DIRECTION ( 'NONE',  ( 0.000000000000000000, -1.000000000000000000, 0.000000000000000000 ) ) ;
#5319 = VERTEX_POINT ( 'NONE', #1822 ) ;
#5320 = DIRECTION ( 'NONE',  ( -0.000000000000000000, -0.000000000000000000, -1.000000000000000000 ) ) ;
#5321 = EDGE_LOOP ( 'NONE', ( #1818, #5372 ) ) ;
#5322 = DIRECTION ( 'NONE',  ( 0.000000000000000000, 0.000000000000000000, -1.000000000000000000 ) ) ;
#5323 = AXIS2_PLACEMENT_3D ( 'NONE', #3827, #6879, #1318 ) ;
#5324 = FACE_BOUND ( 'NONE', #5961, .T. ) ;
#5325 = AXIS2_PLACEMENT_3D ( 'NONE', #748, #4931, #6870 ) ;
#5326 = ORIENTED_EDGE ( 'NONE', *, *, #5162, .T. ) ;
#5327 = ORIENTED_EDGE ( 'NONE', *, *, #7725, .F. ) ;
#5328 = VERTEX_POINT ( 'NONE', #4254 ) ;
#5329 = LINE ( 'NONE', #4887, #3040 ) ;
#5330 = CYLINDRICAL_SURFACE ( 'NONE', #260, 0.06496062992125979652 ) ;
#5331 = DIRECTION ( 'NONE',  ( 0.000000000000000000, -0.000000000000000000, -1.000000000000000000 ) ) ;
#5332 = CARTESIAN_POINT ( 'NONE',  ( 3.228346456692913424, 0.000000000000000000, -4.294786114071121652 ) ) ;
#5333 = CIRCLE ( 'NONE', #5580, 0.08070866141732309373 ) ;
#5334 = VECTOR ( 'NONE', #4276, 39.37007874015748143 ) ;
#5335 = ADVANCED_FACE ( 'NONE', ( #6669 ), #1221, .F. ) ;
#5336 = FACE_OUTER_BOUND ( 'NONE', #223, .T. ) ;
#5337 = ORIENTED_EDGE ( 'NONE', *, *, #3039, .F. ) ;
#5338 = ORIENTED_EDGE ( 'NONE', *, *, #1901, .F. ) ;
#5339 = CIRCLE ( 'NONE', #6982, 0.08070866141732313537 ) ;
#5340 = CARTESIAN_POINT ( 'NONE',  ( 1.870078740157481212, 1.200787401574803237, -2.473919972338836537 ) ) ;
#5341 = DIRECTION ( 'NONE',  ( 0.000000000000000000, -1.000000000000000000, 0.000000000000000000 ) ) ;
#5342 = AXIS2_PLACEMENT_3D ( 'NONE', #4105, #6407, #1673 ) ;
#5343 = CARTESIAN_POINT ( 'NONE',  ( 3.051181102362205966, 1.082677165354330784, -1.212108948716788648 ) ) ;
#5344 = AXIS2_PLACEMENT_3D ( 'NONE', #5011, #1753, #2901 ) ;
#5345 = DIRECTION ( 'NONE',  ( 0.000000000000000000, -1.000000000000000000, 0.000000000000000000 ) ) ;
#5346 = DIRECTION ( 'NONE',  ( -0.000000000000000000, -1.000000000000000000, -0.000000000000000000 ) ) ;
#5347 = AXIS2_PLACEMENT_3D ( 'NONE', #2676, #253, #5112 ) ;
#5348 = ADVANCED_FACE ( 'NONE', ( #2574 ), #3217, .T. ) ;
#5349 = CIRCLE ( 'NONE', #4975, 0.08070866141732296883 ) ;
#5350 = CARTESIAN_POINT ( 'NONE',  ( -2.027520599413946467, 0.9842519685039370358, -4.257987974037209966 ) ) ;
#5351 = VECTOR ( 'NONE', #1736, 39.37007874015748143 ) ;
#5352 = AXIS2_PLACEMENT_3D ( 'NONE', #2614, #5009, #3222 ) ;
#5353 = EDGE_LOOP ( 'NONE', ( #2542, #6975 ) ) ;
#5354 = DIRECTION ( 'NONE',  ( 0.000000000000000000, -1.000000000000000000, 0.000000000000000000 ) ) ;
#5355 = DIRECTION ( 'NONE',  ( 0.000000000000000000, -1.000000000000000000, 0.000000000000000000 ) ) ;
#5356 = AXIS2_PLACEMENT_3D ( 'NONE', #5752, #4047, #3368 ) ;
#5357 = EDGE_LOOP ( 'NONE', ( #5045, #6255, #3974, #6172 ) ) ;
#5358 = CARTESIAN_POINT ( 'NONE',  ( 4.979931238450483831E-17, 0.3937007874015752140, -4.885337295173484584 ) ) ;
#5359 = CYLINDRICAL_SURFACE ( 'NONE', #4849, 0.08070866141732269128 ) ;
#5360 = CARTESIAN_POINT ( 'NONE',  ( 3.003149606299212682, 1.377952755905512028, -4.294786114071121652 ) ) ;
#5361 = VECTOR ( 'NONE', #2013, 39.37007874015748143 ) ;
#5362 = ORIENTED_EDGE ( 'NONE', *, *, #2165, .T. ) ;
#5363 = DIRECTION ( 'NONE',  ( 0.000000000000000000, -0.000000000000000000, -1.000000000000000000 ) ) ;
#5364 = ORIENTED_EDGE ( 'NONE', *, *, #4897, .T. ) ;
#5365 = CARTESIAN_POINT ( 'NONE',  ( 0.6889763779527567911, 1.200787401574803237, -0.5054160353309620213 ) ) ;
#5366 = ORIENTED_EDGE ( 'NONE', *, *, #5968, .T. ) ;
#5367 = CARTESIAN_POINT ( 'NONE',  ( 4.213786031045992253, 0.8387394976972508687, -1.605054163136937717 ) ) ;
#5368 = EDGE_CURVE ( 'NONE', #1231, #3888, #6308, .T. ) ;
#5369 = FACE_BOUND ( 'NONE', #4531, .T. ) ;
#5370 = VERTEX_POINT ( 'NONE', #4490 ) ;
#5371 = EDGE_CURVE ( 'NONE', #7476, #4273, #3283, .T. ) ;
#5372 = ORIENTED_EDGE ( 'NONE', *, *, #2383, .T. ) ;
#5373 = ORIENTED_EDGE ( 'NONE', *, *, #3459, .T. ) ;
#5374 = DIRECTION ( 'NONE',  ( 0.000000000000000000, -1.000000000000000000, 0.000000000000000000 ) ) ;
#5375 = LINE ( 'NONE', #4862, #4325 ) ;
#5376 = FACE_OUTER_BOUND ( 'NONE', #591, .T. ) ;
#5377 = AXIS2_PLACEMENT_3D ( 'NONE', #4159, #4083, #5909 ) ;
#5378 = CARTESIAN_POINT ( 'NONE',  ( 6.175462826022683593, 1.349212488102442999E-16, 5.529734382886135613 ) ) ;
#5379 = EDGE_CURVE ( 'NONE', #2724, #237, #221, .T. ) ;
#5380 = VERTEX_POINT ( 'NONE', #6857 ) ;
#5381 = EDGE_LOOP ( 'NONE', ( #7613, #1384, #1769, #2270 ) ) ;
#5382 = CARTESIAN_POINT ( 'NONE',  ( -0.03129498633245732936, 0.9842519685039373689, -1.539002674835876494 ) ) ;
#5383 = FACE_OUTER_BOUND ( 'NONE', #3537, .T. ) ;
#5384 = EDGE_CURVE ( 'NONE', #7380, #6059, #7258, .T. ) ;
#5385 = CARTESIAN_POINT ( 'NONE',  ( -1.425488400177252757, 1.200787401574803237, -2.326296500265601086 ) ) ;
#5386 = CARTESIAN_POINT ( 'NONE',  ( 2.263779527559056426, 1.082677165354330784, -0.03100658651206395638 ) ) ;
#5387 = VERTEX_POINT ( 'NONE', #2638 ) ;
#5388 = DIRECTION ( 'NONE',  ( 0.000000000000000000, -1.000000000000000000, 0.000000000000000000 ) ) ;
#5389 = FACE_OUTER_BOUND ( 'NONE', #7677, .T. ) ;
#5390 = ORIENTED_EDGE ( 'NONE', *, *, #5575, .F. ) ;
#5391 = DIRECTION ( 'NONE',  ( -0.1730638617519519584, 0.000000000000000000, -0.9849106049563591814 ) ) ;
#5392 = ORIENTED_EDGE ( 'NONE', *, *, #606, .T. ) ;
#5393 = DIRECTION ( 'NONE',  ( -1.264902534566421675E-16, -1.000000000000000000, 0.000000000000000000 ) ) ;
#5394 = DIRECTION ( 'NONE',  ( 0.000000000000000000, 0.000000000000000000, -1.000000000000000000 ) ) ;
#5395 = EDGE_CURVE ( 'NONE', #7739, #3125, #6391, .T. ) ;
#5396 = EDGE_LOOP ( 'NONE', ( #6004, #4910, #2347, #7 ) ) ;
#5397 = EDGE_CURVE ( 'NONE', #2736, #4117, #7491, .T. ) ;
#5398 = ORIENTED_EDGE ( 'NONE', *, *, #7055, .F. ) ;
#5399 = DIRECTION ( 'NONE',  ( 0.000000000000000000, 0.000000000000000000, -1.000000000000000000 ) ) ;
#5400 = ORIENTED_EDGE ( 'NONE', *, *, #4697, .F. ) ;
#5401 = EDGE_CURVE ( 'NONE', #2278, #7428, #4481, .T. ) ;
#5402 = FACE_OUTER_BOUND ( 'NONE', #5321, .T. ) ;
#5403 = CARTESIAN_POINT ( 'NONE',  ( 3.464566929133858775, 1.102362204724409489, -4.294786114071121652 ) ) ;
#5404 = ORIENTED_EDGE ( 'NONE', *, *, #3910, .F. ) ;
#5405 = EDGE_LOOP ( 'NONE', ( #1112, #1069, #4369, #4547 ) ) ;
#5406 = ORIENTED_EDGE ( 'NONE', *, *, #3207, .T. ) ;
#5407 = LINE ( 'NONE', #3182, #2669 ) ;
#5408 = FACE_OUTER_BOUND ( 'NONE', #7367, .T. ) ;
#5409 = PLANE ( 'NONE',  #7243 ) ;
#5410 = CYLINDRICAL_SURFACE ( 'NONE', #2742, 0.4330708661417335126 ) ;
#5411 = VECTOR ( 'NONE', #5857, 39.37007874015748143 ) ;
#5412 = CARTESIAN_POINT ( 'NONE',  ( 3.464566929133858775, 15.67005943375638211, 0.000000000000000000 ) ) ;
#5413 = ORIENTED_EDGE ( 'NONE', *, *, #4817, .T. ) ;
#5414 = ORIENTED_EDGE ( 'NONE', *, *, #5128, .F. ) ;
#5415 = FACE_OUTER_BOUND ( 'NONE', #4795, .T. ) ;
#5416 = DIRECTION ( 'NONE',  ( -0.000000000000000000, -1.000000000000000000, -0.000000000000000000 ) ) ;
#5417 = CARTESIAN_POINT ( 'NONE',  ( -3.838275410434667467, 0.000000000000000000, -3.125677281211834746 ) ) ;
#5418 = VECTOR ( 'NONE', #2252, 39.37007874015748143 ) ;
#5419 = AXIS2_PLACEMENT_3D ( 'NONE', #5930, #6452, #1865 ) ;
#5420 = CARTESIAN_POINT ( 'NONE',  ( 3.464566929133858775, 0.3937007874015748254, -4.885337295173484584 ) ) ;
#5421 = DIRECTION ( 'NONE',  ( -0.7754638790607798482, 0.000000000000000000, -0.6313919323779866311 ) ) ;
#5422 = CARTESIAN_POINT ( 'NONE',  ( 3.228346456692913424, 1.102362204724409489, -3.379431783362458308 ) ) ;
#5423 = AXIS2_PLACEMENT_3D ( 'NONE', #4241, #646, #6658 ) ;
#5424 = ORIENTED_EDGE ( 'NONE', *, *, #6016, .F. ) ;
#5425 = LINE ( 'NONE', #3000, #3326 ) ;
#5426 = CARTESIAN_POINT ( 'NONE',  ( 1.870078740157481434, 1.082677165354330784, -0.8991168227325369022 ) ) ;
#5427 = ORIENTED_EDGE ( 'NONE', *, *, #2496, .F. ) ;
#5428 = LINE ( 'NONE', #5358, #2182 ) ;
#5429 = EDGE_CURVE ( 'NONE', #3413, #534, #1420, .T. ) ;
#5430 = PLANE ( 'NONE',  #2808 ) ;
#5431 = CARTESIAN_POINT ( 'NONE',  ( 3.464566929133858775, 0.5511811023622049666, -5.849388579488668860 ) ) ;
#5432 = CIRCLE ( 'NONE', #2009, 0.08070866141732313537 ) ;
#5433 = EDGE_LOOP ( 'NONE', ( #1820, #7161, #1741, #4212 ) ) ;
#5434 = VERTEX_POINT ( 'NONE', #6821 ) ;
#5435 = DIRECTION ( 'NONE',  ( -0.000000000000000000, -1.000000000000000000, -0.000000000000000000 ) ) ;
#5436 = ORIENTED_EDGE ( 'NONE', *, *, #5429, .F. ) ;
#5437 = CARTESIAN_POINT ( 'NONE',  ( -0.6908327293959752868, 1.082677165354330784, -1.760528465789668040 ) ) ;
#5438 = FACE_BOUND ( 'NONE', #4262, .T. ) ;
#5439 = ORIENTED_EDGE ( 'NONE', *, *, #911, .F. ) ;
#5440 = VERTEX_POINT ( 'NONE', #774 ) ;
#5441 = VERTEX_POINT ( 'NONE', #293 ) ;
#5442 = LINE ( 'NONE', #2954, #5210 ) ;
#5443 = CARTESIAN_POINT ( 'NONE',  ( -1.281383910498342216, 1.200787401574803237, -2.702684454511443235 ) ) ;
#5444 = DIRECTION ( 'NONE',  ( 0.7754638790607796262, 0.000000000000000000, 0.6313919323779869641 ) ) ;
#5445 = CIRCLE ( 'NONE', #2406, 0.08070866141732323251 ) ;
#5446 = CARTESIAN_POINT ( 'NONE',  ( -0.4939823356951860700, 1.082677165354330784, -1.500282243827291140 ) ) ;
#5447 = DIRECTION ( 'NONE',  ( 0.000000000000000000, 0.000000000000000000, -1.000000000000000000 ) ) ;
#5448 = VERTEX_POINT ( 'NONE', #1459 ) ;
#5449 = VERTEX_POINT ( 'NONE', #892 ) ;
#5450 = CARTESIAN_POINT ( 'NONE',  ( 3.455905511811023789, 0.000000000000000000, -4.885337295173484584 ) ) ;
#5451 = CARTESIAN_POINT ( 'NONE',  ( 0.2952755905511819101, 1.200787401574803237, -0.8991168227325369022 ) ) ;
#5452 = CARTESIAN_POINT ( 'NONE',  ( -0.4939823356951860700, 1.082677165354330784, -1.338864920992645757 ) ) ;
#5453 = CIRCLE ( 'NONE', #3051, 0.08070866141732323251 ) ;
#5454 = VECTOR ( 'NONE', #7434, 39.37007874015748854 ) ;
#5455 = CARTESIAN_POINT ( 'NONE',  ( 0.9198886454483219399, 1.377952755905512028, -0.3507199331371430584 ) ) ;
#5456 = LINE ( 'NONE', #1247, #1785 ) ;
#5457 = CARTESIAN_POINT ( 'NONE',  ( -1.161744374883367570, 1.200787401574803237, -0.9464138129336960858 ) ) ;
#5458 = AXIS2_PLACEMENT_3D ( 'NONE', #4192, #12, #5985 ) ;
#5459 = ORIENTED_EDGE ( 'NONE', *, *, #6, .T. ) ;
#5460 = ADVANCED_FACE ( 'NONE', ( #5630 ), #2679, .T. ) ;
#5461 = CIRCLE ( 'NONE', #2667, 0.08070866141732296883 ) ;
#5462 = EDGE_LOOP ( 'NONE', ( #5541, #2464, #2854, #5691 ) ) ;
#5463 = DIRECTION ( 'NONE',  ( -0.1590695136534806542, 0.000000000000000000, 0.9872673851728543948 ) ) ;
#5464 = ORIENTED_EDGE ( 'NONE', *, *, #670, .T. ) ;
#5465 = VECTOR ( 'NONE', #403, 39.37007874015748143 ) ;
#5466 = CARTESIAN_POINT ( 'NONE',  ( 2.657480314960631418, 1.200787401574803237, -1.212108948716789314 ) ) ;
#5467 = VERTEX_POINT ( 'NONE', #144 ) ;
#5468 = DIRECTION ( 'NONE',  ( -0.000000000000000000, -1.000000000000000000, -0.000000000000000000 ) ) ;
#5469 = CARTESIAN_POINT ( 'NONE',  ( -0.6064387880259195507, 1.377952755905512028, -1.593473920376436537 ) ) ;
#5470 = VECTOR ( 'NONE', #5120, 39.37007874015748143 ) ;
#5471 = AXIS2_PLACEMENT_3D ( 'NONE', #461, #1141, #5915 ) ;
#5472 = ORIENTED_EDGE ( 'NONE', *, *, #1151, .T. ) ;
#5473 = ADVANCED_FACE ( 'NONE', ( #5003 ), #2051, .T. ) ;
#5474 = VERTEX_POINT ( 'NONE', #2014 ) ;
#5475 = CARTESIAN_POINT ( 'NONE',  ( 2.263779527559056426, 1.082677165354330784, -1.686518397535686553 ) ) ;
#5476 = CIRCLE ( 'NONE', #3073, 0.08070866141732296883 ) ;
#5477 = PLANE ( 'NONE',  #2476 ) ;
#5478 = VERTEX_POINT ( 'NONE', #5072 ) ;
#5479 = AXIS2_PLACEMENT_3D ( 'NONE', #1477, #6294, #3194 ) ;
#5480 = VECTOR ( 'NONE', #459, 39.37007874015748143 ) ;
#5481 = CARTESIAN_POINT ( 'NONE',  ( 0.2952755905511819101, 1.200787401574803237, -2.080219184937261545 ) ) ;
#5482 = CARTESIAN_POINT ( 'NONE',  ( 0.8267716535433065062, 1.358267716535431102, -3.757384539267974333 ) ) ;
#5483 = AXIS2_PLACEMENT_3D ( 'NONE', #4415, #3134, #6713 ) ;
#5484 = CARTESIAN_POINT ( 'NONE',  ( 1.870078740157481434, 1.200787401574803237, -1.373526271551434919 ) ) ;
#5485 = EDGE_LOOP ( 'NONE', ( #505, #6029 ) ) ;
#5486 = ORIENTED_EDGE ( 'NONE', *, *, #7153, .F. ) ;
#5487 = VERTEX_POINT ( 'NONE', #3849 ) ;
#5488 = ORIENTED_EDGE ( 'NONE', *, *, #3112, .T. ) ;
#5489 = EDGE_CURVE ( 'NONE', #409, #5816, #3452, .T. ) ;
#5490 = LINE ( 'NONE', #3711, #5965 ) ;
#5491 = CARTESIAN_POINT ( 'NONE',  ( -0.6908327293959752868, 1.200787401574803237, -1.760528465789668040 ) ) ;
#5492 = CARTESIAN_POINT ( 'NONE',  ( 1.082677165354331672, 1.200787401574803237, -0.4247073739136388859 ) ) ;
#5493 = DIRECTION ( 'NONE',  ( 0.000000000000000000, 0.000000000000000000, -1.000000000000000000 ) ) ;
#5494 = EDGE_CURVE ( 'NONE', #4943, #4577, #7747, .T. ) ;
#5495 = EDGE_LOOP ( 'NONE', ( #4500, #2750, #2264, #2161 ) ) ;
#5496 = EDGE_CURVE ( 'NONE', #1412, #5312, #7534, .T. ) ;
#5497 = ORIENTED_EDGE ( 'NONE', *, *, #5742, .T. ) ;
#5498 = LINE ( 'NONE', #3719, #3635 ) ;
#5499 = DIRECTION ( 'NONE',  ( 0.000000000000000000, -1.000000000000000000, 0.000000000000000000 ) ) ;
#5500 = DIRECTION ( 'NONE',  ( 0.000000000000000000, 0.000000000000000000, -1.000000000000000000 ) ) ;
#5501 = EDGE_CURVE ( 'NONE', #7081, #7727, #6351, .T. ) ;
#5502 = DIRECTION ( 'NONE',  ( -0.000000000000000000, 1.000000000000000000, -0.000000000000000000 ) ) ;
#5503 = VECTOR ( 'NONE', #3042, 39.37007874015748143 ) ;
#5504 = CARTESIAN_POINT ( 'NONE',  ( 0.6889763779527567911, 1.200787401574803237, -0.5861246967482850456 ) ) ;
#5505 = EDGE_CURVE ( 'NONE', #4627, #3057, #1148, .T. ) ;
#5506 = VERTEX_POINT ( 'NONE', #5944 ) ;
#5507 = VERTEX_POINT ( 'NONE', #1009 ) ;
#5508 = DIRECTION ( 'NONE',  ( 0.000000000000000000, 0.000000000000000000, -1.000000000000000000 ) ) ;
#5509 = VERTEX_POINT ( 'NONE', #2912 ) ;
#5510 = PLANE ( 'NONE',  #1433 ) ;
#5511 = CARTESIAN_POINT ( 'NONE',  ( 2.263779527559056426, 1.082677165354330784, -1.767227058953009022 ) ) ;
#5512 = EDGE_CURVE ( 'NONE', #5532, #961, #5339, .T. ) ;
#5513 = CYLINDRICAL_SURFACE ( 'NONE', #5992, 0.08070866141732309373 ) ;
#5514 = AXIS2_PLACEMENT_3D ( 'NONE', #4238, #5864, #1763 ) ;
#5515 = EDGE_CURVE ( 'NONE', #3094, #6010, #4154, .T. ) ;
#5516 = VERTEX_POINT ( 'NONE', #1725 ) ;
#5517 = FACE_OUTER_BOUND ( 'NONE', #1823, .T. ) ;
#5518 = FACE_OUTER_BOUND ( 'NONE', #958, .T. ) ;
#5519 = DIRECTION ( 'NONE',  ( 0.000000000000000000, -1.000000000000000000, 0.000000000000000000 ) ) ;
#5520 = DIRECTION ( 'NONE',  ( 0.9849106049563591814, 0.000000000000000000, -0.1730638617519519584 ) ) ;
#5521 = ORIENTED_EDGE ( 'NONE', *, *, #5742, .F. ) ;
#5522 = DIRECTION ( 'NONE',  ( 0.000000000000000000, -1.000000000000000000, 0.000000000000000000 ) ) ;
#5523 = EDGE_CURVE ( 'NONE', #388, #94, #4605, .T. ) ;
#5524 = CARTESIAN_POINT ( 'NONE',  ( -0.6908327293959752868, 1.082677165354330784, -1.760528465789668040 ) ) ;
#5525 = ORIENTED_EDGE ( 'NONE', *, *, #4854, .F. ) ;
#5526 = ORIENTED_EDGE ( 'NONE', *, *, #6441, .F. ) ;
#5527 = ADVANCED_FACE ( 'NONE', ( #7686 ), #4077, .F. ) ;
#5528 = ORIENTED_EDGE ( 'NONE', *, *, #2276, .T. ) ;
#5529 = CARTESIAN_POINT ( 'NONE',  ( 2.657480314960631418, 1.200787401574803237, -0.4247073739136388859 ) ) ;
#5530 = LINE ( 'NONE', #5820, #6488 ) ;
#5531 = FACE_OUTER_BOUND ( 'NONE', #6782, .T. ) ;
#5532 = VERTEX_POINT ( 'NONE', #329 ) ;
#5533 = ORIENTED_EDGE ( 'NONE', *, *, #3398, .F. ) ;
#5534 = LINE ( 'NONE', #2515, #513 ) ;
#5535 = LINE ( 'NONE', #762, #636 ) ;
#5536 = CARTESIAN_POINT ( 'NONE',  ( 3.267716535433071279, 0.6791338582677166613, -5.347935720370331936 ) ) ;
#5537 = CARTESIAN_POINT ( 'NONE',  ( 2.657480314960631418, 1.200787401574803237, -0.1924239093467102202 ) ) ;
#5538 = EDGE_CURVE ( 'NONE', #5053, #7301, #7605, .T. ) ;
#5539 = ADVANCED_FACE ( 'NONE', ( #451 ), #973, .T. ) ;
#5540 = CYLINDRICAL_SURFACE ( 'NONE', #1071, 0.08070866141732296883 ) ;
#5541 = ORIENTED_EDGE ( 'NONE', *, *, #1759, .T. ) ;
#5542 = VERTEX_POINT ( 'NONE', #6423 ) ;
#5543 = VERTEX_POINT ( 'NONE', #5343 ) ;
#5544 = DIRECTION ( 'NONE',  ( 0.7754638790607798482, 0.000000000000000000, 0.6313919323779866311 ) ) ;
#5545 = CARTESIAN_POINT ( 'NONE',  ( -0.3149606299212595606, 4.628586327486060049E-16, -5.682581389661670812 ) ) ;
#5546 = CIRCLE ( 'NONE', #2118, 0.08070866141732323251 ) ;
#5547 = DIRECTION ( 'NONE',  ( -0.000000000000000000, -1.000000000000000000, -0.000000000000000000 ) ) ;
#5548 = AXIS2_PLACEMENT_3D ( 'NONE', #4406, #1970, #4878 ) ;
#5549 = EDGE_LOOP ( 'NONE', ( #2000, #7602, #2479, #5243, #2640, #3327, #3762 ) ) ;
#5550 = LINE ( 'NONE', #2610, #2503 ) ;
#5551 = DIRECTION ( 'NONE',  ( -0.000000000000000000, -1.000000000000000000, -0.000000000000000000 ) ) ;
#5552 = DIRECTION ( 'NONE',  ( 0.000000000000000000, -1.000000000000000000, 0.000000000000000000 ) ) ;
#5553 = CARTESIAN_POINT ( 'NONE',  ( -0.07874015748031448769, 0.000000000000000000, -3.379431783362458308 ) ) ;
#5554 = ORIENTED_EDGE ( 'NONE', *, *, #2437, .F. ) ;
#5555 = AXIS2_PLACEMENT_3D ( 'NONE', #5600, #2618, #6368 ) ;
#5556 = AXIS2_PLACEMENT_3D ( 'NONE', #6344, #884, #1527 ) ;
#5557 = CARTESIAN_POINT ( 'NONE',  ( 0.000000000000000000, 0.000000000000000000, -3.615652255803403214 ) ) ;
#5558 = DIRECTION ( 'NONE',  ( 0.000000000000000000, 0.000000000000000000, -1.000000000000000000 ) ) ;
#5559 = AXIS2_PLACEMENT_3D ( 'NONE', #4984, #3789, #5055 ) ;
#5560 = DIRECTION ( 'NONE',  ( 0.7664256734729305576, 0.000000000000000000, -0.6423330032324080507 ) ) ;
#5561 = EDGE_LOOP ( 'NONE', ( #95, #1340, #2495, #40 ) ) ;
#5562 = EDGE_LOOP ( 'NONE', ( #4643, #7317, #1564, #6072 ) ) ;
#5563 = VERTEX_POINT ( 'NONE', #1097 ) ;
#5564 = CARTESIAN_POINT ( 'NONE',  ( 1.082677165354331672, 1.200787401574803237, -1.292817610134111783 ) ) ;
#5565 = LINE ( 'NONE', #120, #5947 ) ;
#5566 = LINE ( 'NONE', #3233, #4986 ) ;
#5567 = CARTESIAN_POINT ( 'NONE',  ( 1.417322834645668772, 1.377952755905512028, -5.442423909346712385 ) ) ;
#5568 = ORIENTED_EDGE ( 'NONE', *, *, #2440, .T. ) ;
#5569 = ORIENTED_EDGE ( 'NONE', *, *, #1362, .T. ) ;
#5570 = CARTESIAN_POINT ( 'NONE',  ( 0.2952755905511819101, 1.200787401574803237, -1.999510523519938410 ) ) ;
#5571 = DIRECTION ( 'NONE',  ( 0.000000000000000000, -1.000000000000000000, 0.000000000000000000 ) ) ;
#5572 = DIRECTION ( 'NONE',  ( 0.1590695136534966692, 0.000000000000000000, -0.9872673851728517302 ) ) ;
#5573 = FACE_OUTER_BOUND ( 'NONE', #3402, .T. ) ;
#5574 = AXIS2_PLACEMENT_3D ( 'NONE', #7238, #1796, #4230 ) ;
#5575 = EDGE_CURVE ( 'NONE', #5236, #814, #6737, .T. ) ;
#5576 = DIRECTION ( 'NONE',  ( 0.000000000000000000, 0.000000000000000000, -1.000000000000000000 ) ) ;
#5577 = ORIENTED_EDGE ( 'NONE', *, *, #2323, .F. ) ;
#5578 = ORIENTED_EDGE ( 'NONE', *, *, #1941, .F. ) ;
#5579 = ORIENTED_EDGE ( 'NONE', *, *, #6476, .T. ) ;
#5580 = AXIS2_PLACEMENT_3D ( 'NONE', #6037, #583, #3015 ) ;
#5581 = DIRECTION ( 'NONE',  ( 0.000000000000000000, -1.000000000000000000, 0.000000000000000000 ) ) ;
#5582 = CARTESIAN_POINT ( 'NONE',  ( -1.425488400177252757, 1.082677165354330784, -2.245587838848277951 ) ) ;
#5583 = LINE ( 'NONE', #5431, #3830 ) ;
#5584 = ADVANCED_FACE ( 'NONE', ( #5269 ), #1060, .F. ) ;
#5585 = EDGE_CURVE ( 'NONE', #5877, #6778, #2324, .T. ) ;
#5586 = AXIS2_PLACEMENT_3D ( 'NONE', #1847, #3122, #3641 ) ;
#5587 = VECTOR ( 'NONE', #3679, 39.37007874015748143 ) ;
#5588 = VERTEX_POINT ( 'NONE', #4751 ) ;
#5589 = PLANE ( 'NONE',  #2372 ) ;
#5590 = CARTESIAN_POINT ( 'NONE',  ( 0.000000000000000000, 15.67005943375638211, -3.084156192811276842 ) ) ;
#5591 = CARTESIAN_POINT ( 'NONE',  ( 2.657480314960631418, 1.200787401574803237, -2.080219184937261545 ) ) ;
#5592 = DIRECTION ( 'NONE',  ( 0.000000000000000000, -1.000000000000000000, 0.000000000000000000 ) ) ;
#5593 = ORIENTED_EDGE ( 'NONE', *, *, #5379, .T. ) ;
#5594 = DIRECTION ( 'NONE',  ( -0.000000000000000000, -1.000000000000000000, -0.000000000000000000 ) ) ;
#5595 = AXIS2_PLACEMENT_3D ( 'NONE', #2868, #444, #1531 ) ;
#5596 = CARTESIAN_POINT ( 'NONE',  ( -0.03129498633245732936, 0.9842519685039373689, -1.539002674835876494 ) ) ;
#5597 = CIRCLE ( 'NONE', #3062, 0.08070866141732323251 ) ;
#5598 = ADVANCED_FACE ( 'NONE', ( #5230 ), #7654, .F. ) ;
#5599 = AXIS2_PLACEMENT_3D ( 'NONE', #6979, #266, #6944 ) ;
#5600 = CARTESIAN_POINT ( 'NONE',  ( 0.2952755905511819101, 1.082677165354330784, -2.080219184937261545 ) ) ;
#5601 = AXIS2_PLACEMENT_3D ( 'NONE', #6634, #3614, #26 ) ;
#5602 = VECTOR ( 'NONE', #7799, 39.37007874015748143 ) ;
#5603 = ORIENTED_EDGE ( 'NONE', *, *, #895, .F. ) ;
#5604 = EDGE_CURVE ( 'NONE', #2143, #5685, #6487, .T. ) ;
#5605 = CIRCLE ( 'NONE', #1556, 0.08070866141732309373 ) ;
#5606 = ORIENTED_EDGE ( 'NONE', *, *, #337, .T. ) ;
#5607 = DIRECTION ( 'NONE',  ( 0.000000000000000000, 0.000000000000000000, -1.000000000000000000 ) ) ;
#5608 = DIRECTION ( 'NONE',  ( 0.9345333927142731589, 0.000000000000000000, -0.3558754527948649882 ) ) ;
#5609 = AXIS2_PLACEMENT_3D ( 'NONE', #6432, #7694, #2806 ) ;
#5610 = VECTOR ( 'NONE', #1542, 39.37007874015748143 ) ;
#5611 = AXIS2_PLACEMENT_3D ( 'NONE', #4965, #6156, #705 ) ;
#5612 = EDGE_CURVE ( 'NONE', #1512, #912, #6582, .T. ) ;
#5613 = EDGE_CURVE ( 'NONE', #4166, #6627, #1612, .T. ) ;
#5614 = LINE ( 'NONE', #1919, #3204 ) ;
#5615 = CARTESIAN_POINT ( 'NONE',  ( -0.8349372190748853839, 1.200787401574803237, -1.222723188709179620 ) ) ;
#5616 = VERTEX_POINT ( 'NONE', #2839 ) ;
#5617 = VERTEX_POINT ( 'NONE', #5867 ) ;
#5618 = CARTESIAN_POINT ( 'NONE',  ( 1.870078740157481434, 1.082677165354330784, -0.03100658651206395638 ) ) ;
#5619 = DIRECTION ( 'NONE',  ( -0.000000000000000000, 1.000000000000000000, -0.000000000000000000 ) ) ;
#5620 = CARTESIAN_POINT ( 'NONE',  ( 3.051181102362205966, 1.200787401574803237, -1.686518397535686553 ) ) ;
#5621 = DIRECTION ( 'NONE',  ( -0.000000000000000000, -1.000000000000000000, -0.000000000000000000 ) ) ;
#5622 = EDGE_CURVE ( 'NONE', #7867, #4516, #1025, .T. ) ;
#5623 = LINE ( 'NONE', #1850, #7789 ) ;
#5624 = VERTEX_POINT ( 'NONE', #5452 ) ;
#5625 = DIRECTION ( 'NONE',  ( 0.000000000000000000, -1.000000000000000000, 0.000000000000000000 ) ) ;
#5626 = ADVANCED_FACE ( 'NONE', ( #4786 ), #6094, .F. ) ;
#5627 = ORIENTED_EDGE ( 'NONE', *, *, #1374, .F. ) ;
#5628 = CARTESIAN_POINT ( 'NONE',  ( 3.051181102362205966, 1.082677165354330784, -1.999510523519938410 ) ) ;
#5629 = PLANE ( 'NONE',  #154 ) ;
#5630 = FACE_OUTER_BOUND ( 'NONE', #6060, .T. ) ;
#5631 = EDGE_CURVE ( 'NONE', #968, #2836, #1765, .T. ) ;
#5632 = ORIENTED_EDGE ( 'NONE', *, *, #341, .F. ) ;
#5633 = CIRCLE ( 'NONE', #294, 0.08070866141732309373 ) ;
#5634 = CARTESIAN_POINT ( 'NONE',  ( -0.07874015748031448769, 0.3937007874015752140, -3.379431783362458308 ) ) ;
#5635 = DIRECTION ( 'NONE',  ( -1.000000000000000000, 0.000000000000000000, -0.000000000000000000 ) ) ;
#5636 = DIRECTION ( 'NONE',  ( 0.000000000000000000, -0.000000000000000000, -1.000000000000000000 ) ) ;
#5637 = FACE_OUTER_BOUND ( 'NONE', #2557, .T. ) ;
#5638 = DIRECTION ( 'NONE',  ( 1.000000000000000000, -0.000000000000000000, -1.110223024625156294E-16 ) ) ;
#5639 = FACE_OUTER_BOUND ( 'NONE', #4630, .T. ) ;
#5640 = ADVANCED_FACE ( 'NONE', ( #87 ), #1811, .T. ) ;
#5641 = ADVANCED_FACE ( 'NONE', ( #2444 ), #4829, .T. ) ;
#5642 = LINE ( 'NONE', #6288, #3151 ) ;
#5643 = ORIENTED_EDGE ( 'NONE', *, *, #2845, .T. ) ;
#5644 = VERTEX_POINT ( 'NONE', #2360 ) ;
#5645 = CARTESIAN_POINT ( 'NONE',  ( 0.6889763779527567911, 1.200787401574803237, -2.473919972338836537 ) ) ;
#5646 = EDGE_CURVE ( 'NONE', #1545, #5838, #2, .T. ) ;
#5647 = CARTESIAN_POINT ( 'NONE',  ( 1.513844204107251290, 1.200787401574803237, -0.5769014746697104234 ) ) ;
#5648 = DIRECTION ( 'NONE',  ( 0.000000000000000000, -1.000000000000000000, 0.000000000000000000 ) ) ;
#5649 = DIRECTION ( 'NONE',  ( 0.000000000000000000, 0.000000000000000000, 1.000000000000000000 ) ) ;
#5650 = VERTEX_POINT ( 'NONE', #7211 ) ;
#5651 = EDGE_LOOP ( 'NONE', ( #2609, #8, #4895, #1103 ) ) ;
#5652 = FACE_OUTER_BOUND ( 'NONE', #7585, .T. ) ;
#5653 = CARTESIAN_POINT ( 'NONE',  ( -0.8349372190748853839, 1.082677165354330784, -1.142014527291856485 ) ) ;
#5654 = FACE_BOUND ( 'NONE', #6969, .T. ) ;
#5655 = LINE ( 'NONE', #2600, #7456 ) ;
#5656 = EDGE_LOOP ( 'NONE', ( #4969, #2376, #7624, #3685 ) ) ;
#5657 = APPLICATION_PROTOCOL_DEFINITION ( 'draft international standard', 'automotive_design', 1998, #3340 ) ;
#5658 = ORIENTED_EDGE ( 'NONE', *, *, #2519, .F. ) ;
#5659 = DIRECTION ( 'NONE',  ( 0.000000000000000000, 0.000000000000000000, -1.000000000000000000 ) ) ;
#5660 = DIRECTION ( 'NONE',  ( -0.000000000000000000, -1.000000000000000000, -0.000000000000000000 ) ) ;
#5661 = CARTESIAN_POINT ( 'NONE',  ( -1.281383910498342216, 1.200787401574803237, -2.783393115928765926 ) ) ;
#5662 = ADVANCED_FACE ( 'NONE', ( #7295 ), #604, .F. ) ;
#5663 = DIRECTION ( 'NONE',  ( 0.000000000000000000, -1.000000000000000000, 0.000000000000000000 ) ) ;
#5664 = EDGE_CURVE ( 'NONE', #945, #4451, #4833, .T. ) ;
#5665 = AXIS2_PLACEMENT_3D ( 'NONE', #407, #2831, #6084 ) ;
#5666 = VERTEX_POINT ( 'NONE', #5417 ) ;
#5667 = DIRECTION ( 'NONE',  ( -0.000000000000000000, -0.000000000000000000, -1.000000000000000000 ) ) ;
#5668 = DIRECTION ( 'NONE',  ( 1.000000000000000000, -1.264902534566421675E-16, 0.000000000000000000 ) ) ;
#5669 = PLANE ( 'NONE',  #5108 ) ;
#5670 = FACE_OUTER_BOUND ( 'NONE', #1971, .T. ) ;
#5671 = CYLINDRICAL_SURFACE ( 'NONE', #1289, 0.08070866141732309373 ) ;
#5672 = DIRECTION ( 'NONE',  ( 0.000000000000000000, -1.000000000000000000, 0.000000000000000000 ) ) ;
#5673 = CIRCLE ( 'NONE', #332, 0.08070866141732309373 ) ;
#5674 = FACE_OUTER_BOUND ( 'NONE', #7338, .T. ) ;
#5675 = ORIENTED_EDGE ( 'NONE', *, *, #2551, .T. ) ;
#5676 = AXIS2_PLACEMENT_3D ( 'NONE', #3226, #4016, #1589 ) ;
#5677 = EDGE_LOOP ( 'NONE', ( #3156, #1852, #1402, #4237 ) ) ;
#5678 = CARTESIAN_POINT ( 'NONE',  ( 0.1566367959790504749, 0.000000000000000000, -0.9721686854776814268 ) ) ;
#5679 = CARTESIAN_POINT ( 'NONE',  ( -1.622338793878041363, 1.200787401574803237, -2.586542722227977542 ) ) ;
#5680 = VECTOR ( 'NONE', #5710, 39.37007874015748854 ) ;
#5681 = EDGE_CURVE ( 'NONE', #5380, #6062, #4947, .T. ) ;
#5682 = CARTESIAN_POINT ( 'NONE',  ( 1.082677165354331672, 1.082677165354330784, -1.999510523519938632 ) ) ;
#5683 = CARTESIAN_POINT ( 'NONE',  ( -1.526363590492560540, 1.377952755905512028, -1.242529578148511504 ) ) ;
#5684 = EDGE_LOOP ( 'NONE', ( #3033, #1306, #703, #7627 ) ) ;
#5685 = VERTEX_POINT ( 'NONE', #7842 ) ;
#5686 = CARTESIAN_POINT ( 'NONE',  ( -3.122413029667137074, 0.9842519685039370358, -3.725633739945667600 ) ) ;
#5687 = CARTESIAN_POINT ( 'NONE',  ( -0.8876831230967642261, 1.200787401574803237, -2.101483349169367632 ) ) ;
#5688 = LINE ( 'NONE', #3202, #2292 ) ;
#5689 = CARTESIAN_POINT ( 'NONE',  ( 1.683565339882825862, 1.082677165354330784, 0.2705670359053867768 ) ) ;
#5690 = ORIENTED_EDGE ( 'NONE', *, *, #7596, .F. ) ;
#5691 = ORIENTED_EDGE ( 'NONE', *, *, #6075, .F. ) ;
#5692 = LINE ( 'NONE', #6893, #4974 ) ;
#5693 = LINE ( 'NONE', #1415, #4479 ) ;
#5694 = DIRECTION ( 'NONE',  ( -0.000000000000000000, -1.000000000000000000, -0.000000000000000000 ) ) ;
#5695 = ADVANCED_FACE ( 'NONE', ( #7253 ), #4904, .T. ) ;
#5696 = CIRCLE ( 'NONE', #5323, 0.08070866141732323251 ) ;
#5697 = EDGE_LOOP ( 'NONE', ( #3022, #4548 ) ) ;
#5698 = CARTESIAN_POINT ( 'NONE',  ( 2.657480314960631418, 1.200787401574803237, -2.080219184937261545 ) ) ;
#5699 = CARTESIAN_POINT ( 'NONE',  ( 0.6889763779527567911, 1.082677165354330784, -1.373526271551434919 ) ) ;
#5700 = ORIENTED_EDGE ( 'NONE', *, *, #7860, .T. ) ;
#5701 = CARTESIAN_POINT ( 'NONE',  ( 0.000000000000000000, 0.000000000000000000, -3.084156192811276842 ) ) ;
#5702 = DIRECTION ( 'NONE',  ( 0.000000000000000000, 0.000000000000000000, -1.000000000000000000 ) ) ;
#5703 = CARTESIAN_POINT ( 'NONE',  ( 2.263779527559056426, 1.200787401574803237, -0.1924239093467102202 ) ) ;
#5704 = EDGE_LOOP ( 'NONE', ( #4879, #1982 ) ) ;
#5705 = CARTESIAN_POINT ( 'NONE',  ( 0.2952755905511819101, 1.200787401574803237, -1.373526271551434697 ) ) ;
#5706 = FACE_OUTER_BOUND ( 'NONE', #6296, .T. ) ;
#5707 = CIRCLE ( 'NONE', #2284, 0.08070866141732309373 ) ;
#5708 = EDGE_CURVE ( 'NONE', #7216, #6729, #2930, .T. ) ;
#5709 = VERTEX_POINT ( 'NONE', #7331 ) ;
#5710 = DIRECTION ( 'NONE',  ( 0.9345333927142741581, -0.000000000000000000, -0.3558754527948617685 ) ) ;
#5711 = CIRCLE ( 'NONE', #7112, 0.08070866141732309373 ) ;
#5712 = ORIENTED_EDGE ( 'NONE', *, *, #1151, .F. ) ;
#5713 = CIRCLE ( 'NONE', #3313, 0.1240157480314960647 ) ;
#5714 = EDGE_CURVE ( 'NONE', #6823, #6418, #6054, .T. ) ;
#5715 = VERTEX_POINT ( 'NONE', #3085 ) ;
#5716 = AXIS2_PLACEMENT_3D ( 'NONE', #1682, #5139, #7714 ) ;
#5717 = CARTESIAN_POINT ( 'NONE',  ( 1.870078740157481434, 1.200787401574803237, -0.1924239093467102202 ) ) ;
#5718 = PLANE ( 'NONE',  #2764 ) ;
#5719 = CIRCLE ( 'NONE', #6747, 0.07874015748031502893 ) ;
#5720 = DIMENSIONAL_EXPONENTS ( 1.000000000000000000, 0.000000000000000000, 0.000000000000000000, 0.000000000000000000, 0.000000000000000000, 0.000000000000000000, 0.000000000000000000 ) ;
#5721 = AXIS2_PLACEMENT_3D ( 'NONE', #2189, #4733, #5962 ) ;
#5722 = AXIS2_PLACEMENT_3D ( 'NONE', #6868, #2807, #6433 ) ;
#5723 = AXIS2_PLACEMENT_3D ( 'NONE', #6968, #2749, #5182 ) ;
#5724 = DIRECTION ( 'NONE',  ( 0.000000000000000000, 0.000000000000000000, -1.000000000000000000 ) ) ;
#5725 = ORIENTED_EDGE ( 'NONE', *, *, #2584, .T. ) ;
#5726 = EDGE_CURVE ( 'NONE', #7513, #4108, #4073, .T. ) ;
#5727 = VERTEX_POINT ( 'NONE', #5536 ) ;
#5728 = ORIENTED_EDGE ( 'NONE', *, *, #1179, .F. ) ;
#5729 = CYLINDRICAL_SURFACE ( 'NONE', #3654, 0.4330708661417335126 ) ;
#5730 = DIRECTION ( 'NONE',  ( -0.000000000000000000, -1.000000000000000000, 0.000000000000000000 ) ) ;
#5731 = AXIS2_PLACEMENT_3D ( 'NONE', #4132, #6554, #5954 ) ;
#5732 = CARTESIAN_POINT ( 'NONE',  ( 1.195183497228115528E-16, 1.102362204724409933, -3.379431783362458308 ) ) ;
#5733 = AXIS2_PLACEMENT_3D ( 'NONE', #837, #165, #721 ) ;
#5734 = CARTESIAN_POINT ( 'NONE',  ( 3.051181102362205966, 1.200787401574803237, -1.292817610134111783 ) ) ;
#5735 = EDGE_CURVE ( 'NONE', #2135, #5563, #258, .T. ) ;
#5736 = EDGE_CURVE ( 'NONE', #4051, #5617, #1927, .T. ) ;
#5737 = CIRCLE ( 'NONE', #2187, 0.1240157480314960647 ) ;
#5738 = CIRCLE ( 'NONE', #6132, 0.08070866141732323251 ) ;
#5739 = ORIENTED_EDGE ( 'NONE', *, *, #5832, .T. ) ;
#5740 = LINE ( 'NONE', #3321, #3316 ) ;
#5741 = LINE ( 'NONE', #5037, #1419 ) ;
#5742 = EDGE_CURVE ( 'NONE', #4773, #7827, #4365, .T. ) ;
#5743 = CARTESIAN_POINT ( 'NONE',  ( 1.683565339882825862, 0.000000000000000000, 0.2705670359053867768 ) ) ;
#5744 = CARTESIAN_POINT ( 'NONE',  ( 1.513844204107251290, 1.200787401574803237, -0.5769014746697103124 ) ) ;
#5745 = VECTOR ( 'NONE', #3807, 39.37007874015748143 ) ;
#5746 = EDGE_CURVE ( 'NONE', #7025, #4249, #1663, .T. ) ;
#5747 = EDGE_LOOP ( 'NONE', ( #3677, #1013 ) ) ;
#5748 = CARTESIAN_POINT ( 'NONE',  ( 3.937007874015748143, 0.000000000000000000, -5.682581389661670812 ) ) ;
#5749 = DIRECTION ( 'NONE',  ( -0.000000000000000000, -1.000000000000000000, -0.000000000000000000 ) ) ;
#5750 = EDGE_CURVE ( 'NONE', #3755, #4598, #883, .T. ) ;
#5751 = ORIENTED_EDGE ( 'NONE', *, *, #6080, .T. ) ;
#5752 = CARTESIAN_POINT ( 'NONE',  ( 2.657480314960631418, 1.200787401574803237, -0.5054160353309620213 ) ) ;
#5753 = FACE_OUTER_BOUND ( 'NONE', #7545, .T. ) ;
#5754 = FACE_OUTER_BOUND ( 'NONE', #1912, .T. ) ;
#5755 = LINE ( 'NONE', #867, #3784 ) ;
#5756 = AXIS2_PLACEMENT_3D ( 'NONE', #175, #6851, #2601 ) ;
#5757 = ORIENTED_EDGE ( 'NONE', *, *, #911, .T. ) ;
#5758 = LINE ( 'NONE', #308, #4801 ) ;
#5759 = ORIENTED_EDGE ( 'NONE', *, *, #6838, .F. ) ;
#5760 = ORIENTED_EDGE ( 'NONE', *, *, #1093, .F. ) ;
#5761 = VECTOR ( 'NONE', #5649, 39.37007874015748143 ) ;
#5762 = DIRECTION ( 'NONE',  ( 1.000000000000000000, 0.000000000000000000, 0.000000000000000000 ) ) ;
#5763 = EDGE_CURVE ( 'NONE', #3786, #5816, #3161, .T. ) ;
#5764 = CARTESIAN_POINT ( 'NONE',  ( 3.464566929133858775, 0.5511811023622096295, -3.074313673126239710 ) ) ;
#5765 = CARTESIAN_POINT ( 'NONE',  ( 0.6889763779527567911, 1.082677165354330784, -2.554628633756159672 ) ) ;
#5766 = EDGE_CURVE ( 'NONE', #4029, #7168, #5711, .T. ) ;
#5767 = PLANE ( 'NONE',  #1831 ) ;
#5768 = ORIENTED_EDGE ( 'NONE', *, *, #3854, .T. ) ;
#5769 = EDGE_CURVE ( 'NONE', #6113, #2471, #3312, .T. ) ;
#5770 = ORIENTED_EDGE ( 'NONE', *, *, #1861, .T. ) ;
#5771 = EDGE_LOOP ( 'NONE', ( #1137, #620, #1195, #5554, #5068, #1230, #4589, #5024, #6963, #2983, #697, #7265, #4608, #4748, #5414, #2451 ) ) ;
#5772 = CYLINDRICAL_SURFACE ( 'NONE', #3543, 0.08070866141732296883 ) ;
#5773 = DIRECTION ( 'NONE',  ( -0.1730638617519519584, -3.627149086133313813E-15, -0.9849106049563591814 ) ) ;
#5774 = DIRECTION ( 'NONE',  ( 0.1730638617519519307, 0.000000000000000000, 0.9849106049563591814 ) ) ;
#5775 = EDGE_CURVE ( 'NONE', #4577, #4943, #764, .T. ) ;
#5776 = CARTESIAN_POINT ( 'NONE',  ( 1.437007874015749698, 1.377952755905512028, 0.000000000000000000 ) ) ;
#5777 = LINE ( 'NONE', #967, #1421 ) ;
#5778 = ORIENTED_EDGE ( 'NONE', *, *, #4244, .F. ) ;
#5779 = ORIENTED_EDGE ( 'NONE', *, *, #6722, .F. ) ;
#5780 = DIRECTION ( 'NONE',  ( 0.000000000000000000, 1.000000000000000000, 0.000000000000000000 ) ) ;
#5781 = CARTESIAN_POINT ( 'NONE',  ( 1.476377952755906664, 1.082677165354330784, -0.5861246967482844905 ) ) ;
#5782 = CARTESIAN_POINT ( 'NONE',  ( 2.657480314960631418, 1.082677165354330784, -1.686518397535686553 ) ) ;
#5783 = DIRECTION ( 'NONE',  ( 0.000000000000000000, 0.000000000000000000, 1.000000000000000000 ) ) ;
#5784 = ORIENTED_EDGE ( 'NONE', *, *, #5664, .F. ) ;
#5785 = CARTESIAN_POINT ( 'NONE',  ( 2.657480314960631418, 1.200787401574803237, -0.8991168227325369022 ) ) ;
#5786 = CARTESIAN_POINT ( 'NONE',  ( 2.263779527559056426, 1.200787401574803237, -0.9798254841498599266 ) ) ;
#5787 = EDGE_LOOP ( 'NONE', ( #2888, #2338 ) ) ;
#5788 = DIRECTION ( 'NONE',  ( 0.000000000000000000, 1.000000000000000000, -0.000000000000000000 ) ) ;
#5789 = EDGE_LOOP ( 'NONE', ( #4370, #5497, #2111, #4867 ) ) ;
#5790 = FACE_OUTER_BOUND ( 'NONE', #3725, .T. ) ;
#5791 = CARTESIAN_POINT ( 'NONE',  ( 0.6889763779527567911, 1.200787401574803237, -2.554628633756159672 ) ) ;
#5792 = DIRECTION ( 'NONE',  ( -0.5773502691896267303, -0.5773502691896267303, -0.5773502691896239547 ) ) ;
#5793 = AXIS2_PLACEMENT_3D ( 'NONE', #3673, #3114, #1879 ) ;
#5794 = ORIENTED_EDGE ( 'NONE', *, *, #4556, .F. ) ;
#5795 = DIRECTION ( 'NONE',  ( -0.000000000000000000, -1.000000000000000000, -0.000000000000000000 ) ) ;
#5796 = ORIENTED_EDGE ( 'NONE', *, *, #1901, .T. ) ;
#5797 = ORIENTED_EDGE ( 'NONE', *, *, #3017, .T. ) ;
#5798 = CIRCLE ( 'NONE', #3391, 0.08070866141732323251 ) ;
#5799 = VECTOR ( 'NONE', #2114, 39.37007874015748854 ) ;
#5800 = DIRECTION ( 'NONE',  ( -0.000000000000000000, -1.000000000000000000, -0.000000000000000000 ) ) ;
#5801 = CIRCLE ( 'NONE', #3275, 0.08070866141732323251 ) ;
#5802 = EDGE_CURVE ( 'NONE', #4876, #4397, #5207, .T. ) ;
#5803 = CARTESIAN_POINT ( 'NONE',  ( 2.263779527559055982, 1.082677165354330784, -2.554628633756159672 ) ) ;
#5804 = CARTESIAN_POINT ( 'NONE',  ( -2.922960674694182526, 1.377952755905512028, -2.380417114570415382 ) ) ;
#5805 = ORIENTED_EDGE ( 'NONE', *, *, #3412, .F. ) ;
#5806 = VERTEX_POINT ( 'NONE', #6342 ) ;
#5807 = ORIENTED_EDGE ( 'NONE', *, *, #6557, .T. ) ;
#5808 = DIRECTION ( 'NONE',  ( -0.000000000000000000, -1.000000000000000000, -0.000000000000000000 ) ) ;
#5809 = DIRECTION ( 'NONE',  ( -0.000000000000000000, -1.000000000000000000, -0.000000000000000000 ) ) ;
#5810 = CARTESIAN_POINT ( 'NONE',  ( 3.464566929133858775, 0.5511811023622049666, -5.849388579488668860 ) ) ;
#5811 = AXIS2_PLACEMENT_3D ( 'NONE', #7010, #2903, #4066 ) ;
#5812 = LINE ( 'NONE', #363, #3651 ) ;
#5813 = CARTESIAN_POINT ( 'NONE',  ( 2.263779527559056426, 1.082677165354330784, -2.080219184937261545 ) ) ;
#5814 = AXIS2_PLACEMENT_3D ( 'NONE', #502, #6438, #7668 ) ;
#5815 = VERTEX_POINT ( 'NONE', #3758 ) ;
#5816 = VERTEX_POINT ( 'NONE', #7561 ) ;
#5817 = PLANE ( 'NONE',  #1922 ) ;
#5818 = DIRECTION ( 'NONE',  ( 0.000000000000000000, 0.000000000000000000, -1.000000000000000000 ) ) ;
#5819 = DIRECTION ( 'NONE',  ( -0.000000000000000000, 1.000000000000000000, -0.000000000000000000 ) ) ;
#5820 = CARTESIAN_POINT ( 'NONE',  ( 0.5384389861779859121, 1.082677165354330784, -0.6613007918656322870 ) ) ;
#5821 = ORIENTED_EDGE ( 'NONE', *, *, #5061, .F. ) ;
#5822 = CARTESIAN_POINT ( 'NONE',  ( 3.464566929133858775, 0.000000000000000000, -5.584156192811277286 ) ) ;
#5823 = CARTESIAN_POINT ( 'NONE',  ( 0.6889763779527567911, 1.082677165354330784, -1.686518397535686553 ) ) ;
#5824 = ORIENTED_EDGE ( 'NONE', *, *, #4684, .T. ) ;
#5825 = DIRECTION ( 'NONE',  ( 0.000000000000000000, -1.000000000000000000, 0.000000000000000000 ) ) ;
#5826 = EDGE_CURVE ( 'NONE', #3710, #789, #286, .T. ) ;
#5827 = ORIENTED_EDGE ( 'NONE', *, *, #3398, .T. ) ;
#5828 = CARTESIAN_POINT ( 'NONE',  ( -1.399713076934712808, 1.200787401574803237, -1.290758789871159218 ) ) ;
#5829 = FACE_OUTER_BOUND ( 'NONE', #7410, .T. ) ;
#5830 = EDGE_CURVE ( 'NONE', #2790, #420, #2559, .T. ) ;
#5831 = AXIS2_PLACEMENT_3D ( 'NONE', #2987, #7796, #6082 ) ;
#5832 = EDGE_CURVE ( 'NONE', #4274, #4804, #382, .T. ) ;
#5833 = ORIENTED_EDGE ( 'NONE', *, *, #1388, .T. ) ;
#5834 = EDGE_CURVE ( 'NONE', #1283, #2790, #5688, .T. ) ;
#5835 = DIRECTION ( 'NONE',  ( 0.000000000000000000, 0.000000000000000000, -1.000000000000000000 ) ) ;
#5836 = ORIENTED_EDGE ( 'NONE', *, *, #2227, .T. ) ;
#5837 = DIRECTION ( 'NONE',  ( 0.000000000000000000, 0.000000000000000000, -1.000000000000000000 ) ) ;
#5838 = VERTEX_POINT ( 'NONE', #763 ) ;
#5839 = AXIS2_PLACEMENT_3D ( 'NONE', #5557, #2647, #6121 ) ;
#5840 = EDGE_CURVE ( 'NONE', #751, #3591, #4970, .T. ) ;
#5841 = CARTESIAN_POINT ( 'NONE',  ( 0.6889763779527567911, 1.200787401574803237, -0.8991168227325369022 ) ) ;
#5842 = STYLED_ITEM ( 'NONE', ( #4478 ), #4635 ) ;
#5843 = LINE ( 'NONE', #4023, #3158 ) ;
#5844 = AXIS2_PLACEMENT_3D ( 'NONE', #3809, #3887, #6937 ) ;
#5845 = EDGE_CURVE ( 'NONE', #388, #1231, #1450, .T. ) ;
#5846 = CIRCLE ( 'NONE', #1278, 0.08070866141732323251 ) ;
#5847 = FACE_BOUND ( 'NONE', #6206, .T. ) ;
#5848 = AXIS2_PLACEMENT_3D ( 'NONE', #3371, #5672, #4572 ) ;
#5849 = VERTEX_POINT ( 'NONE', #4993 ) ;
#5850 = VERTEX_POINT ( 'NONE', #2710 ) ;
#5851 = ORIENTED_EDGE ( 'NONE', *, *, #1999, .T. ) ;
#5852 = LINE ( 'NONE', #2272, #977 ) ;
#5853 = CARTESIAN_POINT ( 'NONE',  ( 2.854330708661417582, 1.082677165354331672, -3.379431783362458308 ) ) ;
#5854 = CARTESIAN_POINT ( 'NONE',  ( 1.476377952755906220, 1.200787401574803237, -2.473919972338836537 ) ) ;
#5855 = EDGE_CURVE ( 'NONE', #3309, #2223, #2116, .T. ) ;
#5856 = AXIS2_PLACEMENT_3D ( 'NONE', #5365, #7670, #1594 ) ;
#5857 = DIRECTION ( 'NONE',  ( -0.000000000000000000, -1.000000000000000000, -0.000000000000000000 ) ) ;
#5858 = AXIS2_PLACEMENT_3D ( 'NONE', #3049, #2128, #181 ) ;
#5859 = ADVANCED_FACE ( 'NONE', ( #5104, #5654, #2630 ), #3273, .T. ) ;
#5860 = CARTESIAN_POINT ( 'NONE',  ( -1.526363590492560540, 0.000000000000000000, -1.242529578148511504 ) ) ;
#5861 = CIRCLE ( 'NONE', #1291, 0.08070866141732323251 ) ;
#5862 = EDGE_LOOP ( 'NONE', ( #3937, #3502 ) ) ;
#5863 = AXIS2_PLACEMENT_3D ( 'NONE', #4410, #2088, #1537 ) ;
#5864 = DIRECTION ( 'NONE',  ( 0.000000000000000000, -1.000000000000000000, 0.000000000000000000 ) ) ;
#5865 = VECTOR ( 'NONE', #3893, 39.37007874015748143 ) ;
#5866 = CARTESIAN_POINT ( 'NONE',  ( -0.6102362204724406380, 1.082677165354331672, -5.387305799110489346 ) ) ;
#5867 = CARTESIAN_POINT ( 'NONE',  ( 0.2952755905511819101, 1.082677165354330784, -2.554628633756159672 ) ) ;
#5868 = EDGE_CURVE ( 'NONE', #237, #3044, #248, .T. ) ;
#5869 = CARTESIAN_POINT ( 'NONE',  ( 2.263779527559055982, 1.200787401574803237, -2.554628633756159672 ) ) ;
#5870 = AXIS2_PLACEMENT_3D ( 'NONE', #218, #2637, #2573 ) ;
#5871 = AXIS2_PLACEMENT_3D ( 'NONE', #7693, #2804, #902 ) ;
#5872 = ORIENTED_EDGE ( 'NONE', *, *, #70, .T. ) ;
#5873 = LINE ( 'NONE', #7178, #2681 ) ;
#5874 = CARTESIAN_POINT ( 'NONE',  ( -1.399713076934712808, 1.200787401574803237, -1.290758789871159218 ) ) ;
#5875 = EDGE_LOOP ( 'NONE', ( #4966, #553 ) ) ;
#5876 = CARTESIAN_POINT ( 'NONE',  ( 1.870078740157481434, 1.200787401574803237, -0.9798254841498599266 ) ) ;
#5877 = VERTEX_POINT ( 'NONE', #4480 ) ;
#5878 = CARTESIAN_POINT ( 'NONE',  ( 3.003149606299212682, 1.082677165354331672, -3.379431783362458308 ) ) ;
#5879 = CARTESIAN_POINT ( 'NONE',  ( 6.175462826022683593, 0.9842519685039370358, 5.529734382886135613 ) ) ;
#5880 = CARTESIAN_POINT ( 'NONE',  ( -1.084533516797553387, 1.082677165354330784, -2.442438232549066779 ) ) ;
#5881 = EDGE_CURVE ( 'NONE', #6806, #4698, #1539, .T. ) ;
#5882 = ORIENTED_EDGE ( 'NONE', *, *, #752, .F. ) ;
#5883 = FACE_OUTER_BOUND ( 'NONE', #6380, .T. ) ;
#5884 = VERTEX_POINT ( 'NONE', #4520 ) ;
#5885 = CARTESIAN_POINT ( 'NONE',  ( 1.082677165354331672, 1.200787401574803237, -1.373526271551434697 ) ) ;
#5886 = VERTEX_POINT ( 'NONE', #6927 ) ;
#5887 = LINE ( 'NONE', #1634, #877 ) ;
#5888 = EDGE_CURVE ( 'NONE', #7157, #4013, #6537, .T. ) ;
#5889 = AXIS2_PLACEMENT_3D ( 'NONE', #6027, #1065, #7775 ) ;
#5890 = EDGE_CURVE ( 'NONE', #847, #5543, #2547, .T. ) ;
#5891 = FACE_BOUND ( 'NONE', #7573, .T. ) ;
#5892 = ORIENTED_EDGE ( 'NONE', *, *, #3036, .F. ) ;
#5893 = ORIENTED_EDGE ( 'NONE', *, *, #4504, .F. ) ;
#5894 = VECTOR ( 'NONE', #6049, 39.37007874015748143 ) ;
#5895 = ADVANCED_FACE ( 'NONE', ( #3953 ), #4633, .T. ) ;
#5896 = ORIENTED_EDGE ( 'NONE', *, *, #1357, .F. ) ;
#5897 = AXIS2_PLACEMENT_3D ( 'NONE', #4119, #2910, #6579 ) ;
#5898 = DIRECTION ( 'NONE',  ( 0.000000000000000000, -1.000000000000000000, 0.000000000000000000 ) ) ;
#5899 = DIRECTION ( 'NONE',  ( -0.000000000000000000, -1.000000000000000000, -0.000000000000000000 ) ) ;
#5900 = PLANE ( 'NONE',  #1650 ) ;
#5901 = FACE_OUTER_BOUND ( 'NONE', #6215, .T. ) ;
#5902 = DIRECTION ( 'NONE',  ( 0.000000000000000000, 0.000000000000000000, -1.000000000000000000 ) ) ;
#5903 = DIRECTION ( 'NONE',  ( 0.000000000000000000, -1.000000000000000000, 0.000000000000000000 ) ) ;
#5904 = VERTEX_POINT ( 'NONE', #7680 ) ;
#5905 = DIRECTION ( 'NONE',  ( 0.000000000000000000, 1.000000000000000000, 0.000000000000000000 ) ) ;
#5906 = CARTESIAN_POINT ( 'NONE',  ( 1.476377952755906664, 1.082677165354330784, -2.080219184937261545 ) ) ;
#5907 = CARTESIAN_POINT ( 'NONE',  ( 1.870078740157481434, 1.082677165354330784, -0.1117152479293870848 ) ) ;
#5908 = ORIENTED_EDGE ( 'NONE', *, *, #1624, .T. ) ;
#5909 = DIRECTION ( 'NONE',  ( 0.000000000000000000, -0.000000000000000000, 1.000000000000000000 ) ) ;
#5910 = FACE_OUTER_BOUND ( 'NONE', #2972, .T. ) ;
#5911 = ADVANCED_FACE ( 'NONE', ( #7045 ), #5178, .T. ) ;
#5912 = VERTEX_POINT ( 'NONE', #5216 ) ;
#5913 = DIRECTION ( 'NONE',  ( -0.000000000000000000, -1.000000000000000000, -0.000000000000000000 ) ) ;
#5914 = FACE_OUTER_BOUND ( 'NONE', #7583, .T. ) ;
#5915 = DIRECTION ( 'NONE',  ( 0.000000000000000000, 0.000000000000000000, -1.000000000000000000 ) ) ;
#5916 = ADVANCED_FACE ( 'NONE', ( #2865 ), #4114, .F. ) ;
#5917 = VECTOR ( 'NONE', #4991, 39.37007874015748143 ) ;
#5918 = VERTEX_POINT ( 'NONE', #2238 ) ;
#5919 = DIRECTION ( 'NONE',  ( 0.000000000000000000, -0.000000000000000000, -1.000000000000000000 ) ) ;
#5920 = ORIENTED_EDGE ( 'NONE', *, *, #3390, .F. ) ;
#5921 = CARTESIAN_POINT ( 'NONE',  ( -1.175892102454584753, 1.082677165354330784, -1.025872795008390570 ) ) ;
#5922 = ORIENTED_EDGE ( 'NONE', *, *, #5496, .F. ) ;
#5923 = DIRECTION ( 'NONE',  ( 0.000000000000000000, -1.000000000000000000, 0.000000000000000000 ) ) ;
#5924 = DIRECTION ( 'NONE',  ( 0.000000000000000000, 0.000000000000000000, -1.000000000000000000 ) ) ;
#5925 = EDGE_CURVE ( 'NONE', #6393, #3092, #4032, .T. ) ;
#5926 = FACE_BOUND ( 'NONE', #3823, .T. ) ;
#5927 = ORIENTED_EDGE ( 'NONE', *, *, #4491, .T. ) ;
#5928 = ORIENTED_EDGE ( 'NONE', *, *, #6419, .F. ) ;
#5929 = ORIENTED_EDGE ( 'NONE', *, *, #5830, .F. ) ;
#5930 = CARTESIAN_POINT ( 'NONE',  ( -1.622338793878041363, 1.200787401574803237, -2.586542722227977542 ) ) ;
#5931 = FACE_OUTER_BOUND ( 'NONE', #6552, .T. ) ;
#5932 = DIRECTION ( 'NONE',  ( -1.000000000000000000, 0.000000000000000000, -0.000000000000000000 ) ) ;
#5933 = EDGE_CURVE ( 'NONE', #309, #1657, #4668, .T. ) ;
#5934 = DIRECTION ( 'NONE',  ( 0.000000000000000000, 0.000000000000000000, -1.000000000000000000 ) ) ;
#5935 = DIRECTION ( 'NONE',  ( 0.000000000000000000, 0.000000000000000000, -1.000000000000000000 ) ) ;
#5936 = VECTOR ( 'NONE', #610, 39.37007874015748143 ) ;
#5937 = CARTESIAN_POINT ( 'NONE',  ( 6.175462826022683593, 0.1968503937007874127, 5.529734382886135613 ) ) ;
#5938 = ORIENTED_EDGE ( 'NONE', *, *, #1024, .F. ) ;
#5939 = AXIS2_PLACEMENT_3D ( 'NONE', #5015, #7435, #274 ) ;
#5940 = CARTESIAN_POINT ( 'NONE',  ( 2.854330708661417582, 1.181102362204724532, -2.867620759740411085 ) ) ;
#5941 = ORIENTED_EDGE ( 'NONE', *, *, #2362, .T. ) ;
#5942 = DIRECTION ( 'NONE',  ( 0.000000000000000000, 0.000000000000000000, -1.000000000000000000 ) ) ;
#5943 = CIRCLE ( 'NONE', #6955, 0.08070866141732309373 ) ;
#5944 = CARTESIAN_POINT ( 'NONE',  ( 1.870078740157481434, 1.082677165354330784, -1.999510523519938410 ) ) ;
#5945 = PLANE ( 'NONE',  #4040 ) ;
#5946 = CYLINDRICAL_SURFACE ( 'NONE', #3574, 0.08070866141732323251 ) ;
#5947 = VECTOR ( 'NONE', #3750, 39.37007874015748143 ) ;
#5948 = CARTESIAN_POINT ( 'NONE',  ( 3.051181102362205966, 1.200787401574803237, -0.8184081613152137669 ) ) ;
#5949 = ORIENTED_EDGE ( 'NONE', *, *, #6668, .T. ) ;
#5950 = DIRECTION ( 'NONE',  ( -0.7754638790607760734, 0.000000000000000000, -0.6313919323779914050 ) ) ;
#5951 = CARTESIAN_POINT ( 'NONE',  ( 2.657480314960631418, 1.200787401574803237, -2.080219184937261545 ) ) ;
#5952 = ORIENTED_EDGE ( 'NONE', *, *, #995, .T. ) ;
#5953 = CARTESIAN_POINT ( 'NONE',  ( 0.6889763779527567911, 1.200787401574803237, -1.767227058953009688 ) ) ;
#5954 = DIRECTION ( 'NONE',  ( 0.000000000000000000, 0.000000000000000000, -1.000000000000000000 ) ) ;
#5955 = VECTOR ( 'NONE', #205, 39.37007874015748854 ) ;
#5956 = CARTESIAN_POINT ( 'NONE',  ( 0.6889763779527567911, 1.082677165354330784, -2.393211310921513402 ) ) ;
#5957 = ADVANCED_FACE ( 'NONE', ( #6454 ), #479, .T. ) ;
#5958 = ADVANCED_FACE ( 'NONE', ( #3353 ), #5297, .F. ) ;
#5959 = VERTEX_POINT ( 'NONE', #2902 ) ;
#5960 = LINE ( 'NONE', #5284, #731 ) ;
#5961 = EDGE_LOOP ( 'NONE', ( #6081, #7486 ) ) ;
#5962 = DIRECTION ( 'NONE',  ( 0.000000000000000000, 0.000000000000000000, -1.000000000000000000 ) ) ;
#5963 = VERTEX_POINT ( 'NONE', #405 ) ;
#5964 = CARTESIAN_POINT ( 'NONE',  ( 2.263779527559056426, 1.200787401574803237, -2.080219184937261545 ) ) ;
#5965 = VECTOR ( 'NONE', #7873, 39.37007874015748143 ) ;
#5966 = EDGE_CURVE ( 'NONE', #2827, #5971, #442, .T. ) ;
#5967 = FACE_BOUND ( 'NONE', #501, .T. ) ;
#5968 = EDGE_CURVE ( 'NONE', #1780, #1210, #2529, .T. ) ;
#5969 = AXIS2_PLACEMENT_3D ( 'NONE', #2022, #3183, #2064 ) ;
#5970 = EDGE_LOOP ( 'NONE', ( #6410, #542, #2596, #7118, #1607, #6645 ) ) ;
#5971 = VERTEX_POINT ( 'NONE', #7757 ) ;
#5972 = ORIENTED_EDGE ( 'NONE', *, *, #5158, .T. ) ;
#5973 = DIRECTION ( 'NONE',  ( 0.000000000000000000, -1.000000000000000000, 0.000000000000000000 ) ) ;
#5974 = CARTESIAN_POINT ( 'NONE',  ( 1.870078740157481434, 1.200787401574803237, -0.9798254841498599266 ) ) ;
#5975 = CARTESIAN_POINT ( 'NONE',  ( 0.8267716535433065062, 1.358267716535431102, -5.422738869976631904 ) ) ;
#5976 = CARTESIAN_POINT ( 'NONE',  ( 2.263779527559056426, 1.200787401574803237, -1.605809736118364306 ) ) ;
#5977 = VECTOR ( 'NONE', #6697, 39.37007874015748143 ) ;
#5978 = AXIS2_PLACEMENT_3D ( 'NONE', #7653, #487, #1611 ) ;
#5979 = DIRECTION ( 'NONE',  ( -0.9872673851728543948, 0.000000000000000000, -0.1590695136534806542 ) ) ;
#5980 = ORIENTED_EDGE ( 'NONE', *, *, #917, .F. ) ;
#5981 = AXIS2_PLACEMENT_3D ( 'NONE', #7526, #2079, #727 ) ;
#5982 = DIRECTION ( 'NONE',  ( 0.000000000000000000, -1.000000000000000000, 0.000000000000000000 ) ) ;
#5983 = DIRECTION ( 'NONE',  ( 0.000000000000000000, 0.000000000000000000, -1.000000000000000000 ) ) ;
#5984 = AXIS2_PLACEMENT_3D ( 'NONE', #1515, #4544, #3943 ) ;
#5985 = DIRECTION ( 'NONE',  ( 0.000000000000000000, 0.000000000000000000, 1.000000000000000000 ) ) ;
#5986 = AXIS2_PLACEMENT_3D ( 'NONE', #6495, #2115, #7560 ) ;
#5987 = DIRECTION ( 'NONE',  ( 0.000000000000000000, 0.000000000000000000, -1.000000000000000000 ) ) ;
#5988 = ADVANCED_FACE ( 'NONE', ( #1050 ), #5900, .T. ) ;
#5989 = ADVANCED_FACE ( 'NONE', ( #2746 ), #7595, .F. ) ;
#5990 = CIRCLE ( 'NONE', #5347, 0.08070866141732323251 ) ;
#5991 = CIRCLE ( 'NONE', #2797, 0.08070866141732323251 ) ;
#5992 = AXIS2_PLACEMENT_3D ( 'NONE', #63, #7223, #4917 ) ;
#5993 = ORIENTED_EDGE ( 'NONE', *, *, #2193, .T. ) ;
#5994 = EDGE_CURVE ( 'NONE', #4804, #4274, #5445, .T. ) ;
#5995 = CARTESIAN_POINT ( 'NONE',  ( 0.7052883274707772987, 1.200787401574803237, -0.5254500696599201381 ) ) ;
#5996 = FACE_OUTER_BOUND ( 'NONE', #5747, .T. ) ;
#5997 = AXIS2_PLACEMENT_3D ( 'NONE', #3891, #2136, #2688 ) ;
#5998 = ORIENTED_EDGE ( 'NONE', *, *, #7636, .T. ) ;
#5999 = DIRECTION ( 'NONE',  ( 0.9849106049563590703, 0.000000000000000000, -0.1730638617519519584 ) ) ;
#6000 = LINE ( 'NONE', #1299, #2184 ) ;
#6001 = DIRECTION ( 'NONE',  ( -1.000000000000000000, 0.000000000000000000, 0.000000000000000000 ) ) ;
#6002 = VECTOR ( 'NONE', #5468, 39.37007874015748143 ) ;
#6003 = VECTOR ( 'NONE', #1995, 39.37007874015748143 ) ;
#6004 = ORIENTED_EDGE ( 'NONE', *, *, #2374, .T. ) ;
#6005 = ORIENTED_EDGE ( 'NONE', *, *, #5128, .T. ) ;
#6006 = DIRECTION ( 'NONE',  ( 0.000000000000000000, -1.000000000000000000, 0.000000000000000000 ) ) ;
#6007 = ORIENTED_EDGE ( 'NONE', *, *, #5397, .F. ) ;
#6008 = FACE_BOUND ( 'NONE', #1160, .T. ) ;
#6009 = ORIENTED_EDGE ( 'NONE', *, *, #2119, .F. ) ;
#6010 = VERTEX_POINT ( 'NONE', #362 ) ;
#6011 = ORIENTED_EDGE ( 'NONE', *, *, #7781, .F. ) ;
#6012 = DIRECTION ( 'NONE',  ( 0.000000000000000000, 1.000000000000000000, 0.000000000000000000 ) ) ;
#6013 = CARTESIAN_POINT ( 'NONE',  ( 3.051181102362205966, 1.200787401574803237, -0.8184081613152137669 ) ) ;
#6014 = LINE ( 'NONE', #2353, #7114 ) ;
#6015 = CYLINDRICAL_SURFACE ( 'NONE', #5793, 0.08070866141732309373 ) ;
#6016 = EDGE_CURVE ( 'NONE', #3626, #4740, #3553, .T. ) ;
#6017 = VECTOR ( 'NONE', #2207, 39.37007874015748854 ) ;
#6018 = DIRECTION ( 'NONE',  ( 0.000000000000000000, -1.000000000000000000, 0.000000000000000000 ) ) ;
#6019 = ORIENTED_EDGE ( 'NONE', *, *, #2210, .T. ) ;
#6020 = ORIENTED_EDGE ( 'NONE', *, *, #6400, .T. ) ;
#6021 = CARTESIAN_POINT ( 'NONE',  ( -0.1968503937007870241, 0.6791338582677166613, -5.584156192811277286 ) ) ;
#6022 = PLANE ( 'NONE',  #1538 ) ;
#6023 = EDGE_CURVE ( 'NONE', #7669, #2736, #7199, .T. ) ;
#6024 = DIRECTION ( 'NONE',  ( 0.000000000000000000, -1.000000000000000000, 0.000000000000000000 ) ) ;
#6025 = DIRECTION ( 'NONE',  ( 0.000000000000000000, 0.000000000000000000, 1.000000000000000000 ) ) ;
#6026 = ORIENTED_EDGE ( 'NONE', *, *, #1496, .T. ) ;
#6027 = CARTESIAN_POINT ( 'NONE',  ( -1.498039639382837018, 0.9842519685039373689, -3.289108543396113138 ) ) ;
#6028 = CARTESIAN_POINT ( 'NONE',  ( -1.498039639382837018, 0.9842519685039373689, -3.413124291427609425 ) ) ;
#6029 = ORIENTED_EDGE ( 'NONE', *, *, #2660, .F. ) ;
#6030 = LINE ( 'NONE', #5466, #4093 ) ;
#6031 = CARTESIAN_POINT ( 'NONE',  ( 0.000000000000000000, 0.000000000000000000, -3.379431783362458308 ) ) ;
#6032 = CARTESIAN_POINT ( 'NONE',  ( 1.082677165354331672, 1.200787401574803237, -1.292817610134111783 ) ) ;
#6033 = VERTEX_POINT ( 'NONE', #1838 ) ;
#6034 = ORIENTED_EDGE ( 'NONE', *, *, #4434, .T. ) ;
#6035 = PLANE ( 'NONE',  #3192 ) ;
#6036 = ORIENTED_EDGE ( 'NONE', *, *, #777, .F. ) ;
#6037 = CARTESIAN_POINT ( 'NONE',  ( 1.870078740157481434, 1.200787401574803237, -0.8991168227325369022 ) ) ;
#6038 = CARTESIAN_POINT ( 'NONE',  ( 2.263779527559056426, 1.200787401574803237, -0.4247073739136388859 ) ) ;
#6039 = ORIENTED_EDGE ( 'NONE', *, *, #5925, .T. ) ;
#6040 = ORIENTED_EDGE ( 'NONE', *, *, #2349, .F. ) ;
#6041 = VERTEX_POINT ( 'NONE', #4304 ) ;
#6042 = DIRECTION ( 'NONE',  ( 0.000000000000000000, 0.000000000000000000, -1.000000000000000000 ) ) ;
#6043 = FACE_OUTER_BOUND ( 'NONE', #589, .T. ) ;
#6044 = DIRECTION ( 'NONE',  ( 0.000000000000000000, -1.000000000000000000, 0.000000000000000000 ) ) ;
#6045 = LINE ( 'NONE', #595, #4779 ) ;
#6046 = EDGE_CURVE ( 'NONE', #4008, #753, #4180, .T. ) ;
#6047 = AXIS2_PLACEMENT_3D ( 'NONE', #2354, #1840, #1235 ) ;
#6048 = LINE ( 'NONE', #2477, #1671 ) ;
#6049 = DIRECTION ( 'NONE',  ( -0.000000000000000000, -1.000000000000000000, -0.000000000000000000 ) ) ;
#6050 = VERTEX_POINT ( 'NONE', #1877 ) ;
#6051 = EDGE_LOOP ( 'NONE', ( #7225, #39, #6845, #1934 ) ) ;
#6052 = LINE ( 'NONE', #51, #1544 ) ;
#6053 = DIRECTION ( 'NONE',  ( -0.000000000000000000, -1.000000000000000000, -0.000000000000000000 ) ) ;
#6054 = LINE ( 'NONE', #3680, #6234 ) ;
#6055 = CIRCLE ( 'NONE', #6698, 0.08070866141732309373 ) ;
#6056 = CARTESIAN_POINT ( 'NONE',  ( 4.979931238450483831E-17, 0.3937007874015752140, -3.379431783362458308 ) ) ;
#6057 = CARTESIAN_POINT ( 'NONE',  ( 1.870078740157481212, 1.200787401574803237, -2.473919972338836537 ) ) ;
#6058 = CIRCLE ( 'NONE', #6198, 0.08070866141732323251 ) ;
#6059 = VERTEX_POINT ( 'NONE', #5443 ) ;
#6060 = EDGE_LOOP ( 'NONE', ( #6990, #7042, #1688, #4571, #4177, #6711, #1713, #1128 ) ) ;
#6061 = CYLINDRICAL_SURFACE ( 'NONE', #1744, 0.08070866141732323251 ) ;
#6062 = VERTEX_POINT ( 'NONE', #7285 ) ;
#6063 = DIRECTION ( 'NONE',  ( -0.000000000000000000, -1.000000000000000000, -0.000000000000000000 ) ) ;
#6064 = LINE ( 'NONE', #6667, #6002 ) ;
#6065 = DIRECTION ( 'NONE',  ( 0.000000000000000000, 0.000000000000000000, 1.000000000000000000 ) ) ;
#6066 = AXIS2_PLACEMENT_3D ( 'NONE', #3781, #6077, #2982 ) ;
#6067 = EDGE_CURVE ( 'NONE', #4493, #237, #4147, .T. ) ;
#6068 = ORIENTED_EDGE ( 'NONE', *, *, #2528, .T. ) ;
#6069 = VERTEX_POINT ( 'NONE', #4896 ) ;
#6070 = CARTESIAN_POINT ( 'NONE',  ( 0.2952755905511819101, 1.200787401574803237, -2.473919972338836537 ) ) ;
#6071 = ADVANCED_FACE ( 'NONE', ( #6043 ), #6723, .F. ) ;
#6072 = ORIENTED_EDGE ( 'NONE', *, *, #3533, .T. ) ;
#6073 = DIRECTION ( 'NONE',  ( -0.000000000000000000, -1.000000000000000000, -0.000000000000000000 ) ) ;
#6074 = DIRECTION ( 'NONE',  ( 0.000000000000000000, 0.000000000000000000, -1.000000000000000000 ) ) ;
#6075 = EDGE_CURVE ( 'NONE', #6954, #3461, #5490, .T. ) ;
#6076 = EDGE_CURVE ( 'NONE', #6033, #1558, #2428, .T. ) ;
#6077 = DIRECTION ( 'NONE',  ( 0.000000000000000000, -1.000000000000000000, 0.000000000000000000 ) ) ;
#6078 = VERTEX_POINT ( 'NONE', #3071 ) ;
#6079 = ORIENTED_EDGE ( 'NONE', *, *, #3023, .T. ) ;
#6080 = EDGE_CURVE ( 'NONE', #580, #2208, #593, .T. ) ;
#6081 = ORIENTED_EDGE ( 'NONE', *, *, #1860, .F. ) ;
#6082 = DIRECTION ( 'NONE',  ( 0.000000000000000000, 0.000000000000000000, -1.000000000000000000 ) ) ;
#6083 = FACE_OUTER_BOUND ( 'NONE', #6595, .T. ) ;
#6084 = DIRECTION ( 'NONE',  ( 0.000000000000000000, 0.000000000000000000, -1.000000000000000000 ) ) ;
#6085 = EDGE_CURVE ( 'NONE', #4391, #5053, #5375, .T. ) ;
#6086 = AXIS2_PLACEMENT_3D ( 'NONE', #6687, #77, #3594 ) ;
#6087 = LINE ( 'NONE', #1882, #4482 ) ;
#6088 = PLANE ( 'NONE',  #1453 ) ;
#6089 = ORIENTED_EDGE ( 'NONE', *, *, #3936, .T. ) ;
#6090 = ORIENTED_EDGE ( 'NONE', *, *, #5802, .F. ) ;
#6091 = CARTESIAN_POINT ( 'NONE',  ( 3.425196850393701364, 0.6791338582677166613, -5.347935720370331936 ) ) ;
#6092 = CARTESIAN_POINT ( 'NONE',  ( -0.6102362204724406380, 15.67005943375638211, -3.084156192811276842 ) ) ;
#6093 = EDGE_CURVE ( 'NONE', #5709, #6420, #6609, .T. ) ;
#6094 = CYLINDRICAL_SURFACE ( 'NONE', #5458, 0.06496062992125979652 ) ;
#6095 = AXIS2_PLACEMENT_3D ( 'NONE', #1513, #7037, #6373 ) ;
#6096 = DIRECTION ( 'NONE',  ( -0.000000000000000000, -1.000000000000000000, -0.000000000000000000 ) ) ;
#6097 = FACE_OUTER_BOUND ( 'NONE', #1582, .T. ) ;
#6098 = DIRECTION ( 'NONE',  ( 0.000000000000000000, 0.000000000000000000, -1.000000000000000000 ) ) ;
#6099 = AXIS2_PLACEMENT_3D ( 'NONE', #7091, #2246, #1580 ) ;
#6100 = VERTEX_POINT ( 'NONE', #1755 ) ;
#6101 = CIRCLE ( 'NONE', #635, 0.08070866141732323251 ) ;
#6102 = EDGE_LOOP ( 'NONE', ( #1056, #2697 ) ) ;
#6103 = SHAPE_DEFINITION_REPRESENTATION ( #3255, #2594 ) ;
#6104 = EDGE_LOOP ( 'NONE', ( #4109, #3617, #2892, #1005 ) ) ;
#6105 = VECTOR ( 'NONE', #554, 39.37007874015748143 ) ;
#6106 = DIRECTION ( 'NONE',  ( -0.1590695136534966692, 0.000000000000000000, 0.9872673851728517302 ) ) ;
#6107 = DIRECTION ( 'NONE',  ( 1.000000000000000000, 0.000000000000000000, 0.000000000000000000 ) ) ;
#6108 = CARTESIAN_POINT ( 'NONE',  ( 0.2952755905511819101, 1.082677165354330784, -2.393211310921513402 ) ) ;
#6109 = EDGE_CURVE ( 'NONE', #961, #5532, #7482, .T. ) ;
#6110 = CIRCLE ( 'NONE', #3063, 0.08070866141732296883 ) ;
#6111 = CIRCLE ( 'NONE', #271, 0.08070866141732323251 ) ;
#6112 = VECTOR ( 'NONE', #4557, 39.37007874015748143 ) ;
#6113 = VERTEX_POINT ( 'NONE', #4266 ) ;
#6114 = DIRECTION ( 'NONE',  ( 0.000000000000000000, -1.000000000000000000, 0.000000000000000000 ) ) ;
#6115 = CARTESIAN_POINT ( 'NONE',  ( 0.2952755905511819101, 1.082677165354330784, -1.686518397535686553 ) ) ;
#6116 = DIRECTION ( 'NONE',  ( 0.000000000000000000, -1.000000000000000000, 0.000000000000000000 ) ) ;
#6117 = AXIS2_PLACEMENT_3D ( 'NONE', #5197, #2882, #2333 ) ;
#6118 = FACE_OUTER_BOUND ( 'NONE', #3988, .T. ) ;
#6119 = ORIENTED_EDGE ( 'NONE', *, *, #5142, .T. ) ;
#6120 = CIRCLE ( 'NONE', #1167, 0.08070866141732323251 ) ;
#6121 = DIRECTION ( 'NONE',  ( -1.000000000000000000, 0.000000000000000000, 0.000000000000000000 ) ) ;
#6122 = DIRECTION ( 'NONE',  ( 0.000000000000000000, 0.000000000000000000, -1.000000000000000000 ) ) ;
#6123 = AXIS2_PLACEMENT_3D ( 'NONE', #6115, #3220, #5007 ) ;
#6124 = DIRECTION ( 'NONE',  ( 0.000000000000000000, -1.000000000000000000, 0.000000000000000000 ) ) ;
#6125 = ORIENTED_EDGE ( 'NONE', *, *, #1631, .T. ) ;
#6126 = VERTEX_POINT ( 'NONE', #1234 ) ;
#6127 = ORIENTED_EDGE ( 'NONE', *, *, #4582, .F. ) ;
#6128 = ORIENTED_EDGE ( 'NONE', *, *, #4182, .T. ) ;
#6129 = EDGE_CURVE ( 'NONE', #2113, #7513, #6573, .T. ) ;
#6130 = EDGE_CURVE ( 'NONE', #1119, #6954, #1717, .T. ) ;
#6131 = DIRECTION ( 'NONE',  ( 0.000000000000000000, 1.000000000000000000, 0.000000000000000000 ) ) ;
#6132 = AXIS2_PLACEMENT_3D ( 'NONE', #1372, #3766, #2572 ) ;
#6133 = DIRECTION ( 'NONE',  ( 0.9849106049563591814, -0.000000000000000000, -0.1730638617519519584 ) ) ;
#6134 = CARTESIAN_POINT ( 'NONE',  ( 1.870078740157481434, 1.200787401574803237, -0.5054160353309620213 ) ) ;
#6135 = LINE ( 'NONE', #2554, #7793 ) ;
#6136 = ORIENTED_EDGE ( 'NONE', *, *, #36, .F. ) ;
#6137 = ORIENTED_EDGE ( 'NONE', *, *, #7709, .F. ) ;
#6138 = DIRECTION ( 'NONE',  ( -0.000000000000000000, -0.000000000000000000, -1.000000000000000000 ) ) ;
#6139 = DIRECTION ( 'NONE',  ( 0.000000000000000000, 0.000000000000000000, 1.000000000000000000 ) ) ;
#6140 = CARTESIAN_POINT ( 'NONE',  ( 0.2952755905511819101, 1.200787401574803237, -2.554628633756159672 ) ) ;
#6141 = CARTESIAN_POINT ( 'NONE',  ( 1.870078740157481434, 1.082677165354330784, -1.767227058953009022 ) ) ;
#6142 = VECTOR ( 'NONE', #7176, 39.37007874015748143 ) ;
#6143 = ADVANCED_FACE ( 'NONE', ( #518 ), #3671, .F. ) ;
#6144 = CARTESIAN_POINT ( 'NONE',  ( -0.3149606299212595606, 0.3937007874015750475, -3.379431783362458308 ) ) ;
#6145 = ORIENTED_EDGE ( 'NONE', *, *, #5153, .F. ) ;
#6146 = ORIENTED_EDGE ( 'NONE', *, *, #3544, .T. ) ;
#6147 = CARTESIAN_POINT ( 'NONE',  ( 0.8267716535433065062, 1.358267716535431102, 6.556435184794229752E-17 ) ) ;
#6148 = ORIENTED_EDGE ( 'NONE', *, *, #7533, .F. ) ;
#6149 = CARTESIAN_POINT ( 'NONE',  ( 0.2952755905511813550, 3.882804907592494146E-16, -3.615652255803403214 ) ) ;
#6150 = DIRECTION ( 'NONE',  ( 0.000000000000000000, 1.000000000000000000, 0.000000000000000000 ) ) ;
#6151 = VECTOR ( 'NONE', #2149, 39.37007874015748143 ) ;
#6152 = DIRECTION ( 'NONE',  ( 0.000000000000000000, -0.000000000000000000, -1.000000000000000000 ) ) ;
#6153 = AXIS2_PLACEMENT_3D ( 'NONE', #3740, #6866, #788 ) ;
#6154 = ORIENTED_EDGE ( 'NONE', *, *, #4785, .F. ) ;
#6155 = DIRECTION ( 'NONE',  ( 0.000000000000000000, -1.000000000000000000, 0.000000000000000000 ) ) ;
#6156 = DIRECTION ( 'NONE',  ( 0.000000000000000000, -1.000000000000000000, 0.000000000000000000 ) ) ;
#6157 = ORIENTED_EDGE ( 'NONE', *, *, #3759, .T. ) ;
#6158 = FACE_OUTER_BOUND ( 'NONE', #109, .T. ) ;
#6159 = CARTESIAN_POINT ( 'NONE',  ( 3.051181102362205966, 1.200787401574803237, -0.4247073739136388859 ) ) ;
#6160 = VERTEX_POINT ( 'NONE', #631 ) ;
#6161 = DIRECTION ( 'NONE',  ( 0.000000000000000000, 0.000000000000000000, -1.000000000000000000 ) ) ;
#6162 = CARTESIAN_POINT ( 'NONE',  ( -1.425488400177252757, 1.082677165354330784, -2.245587838848277951 ) ) ;
#6163 = DIRECTION ( 'NONE',  ( 0.9345333927142727148, -0.000000000000000000, -0.3558754527948657653 ) ) ;
#6164 = ORIENTED_EDGE ( 'NONE', *, *, #3726, .T. ) ;
#6165 = EDGE_LOOP ( 'NONE', ( #2330, #4246 ) ) ;
#6166 = ORIENTED_EDGE ( 'NONE', *, *, #7246, .T. ) ;
#6167 = ADVANCED_FACE ( 'NONE', ( #5408 ), #42, .F. ) ;
#6168 = LINE ( 'NONE', #5678, #3935 ) ;
#6169 = LINE ( 'NONE', #3905, #6334 ) ;
#6170 = CARTESIAN_POINT ( 'NONE',  ( -0.8349372190748853839, 1.200787401574803237, -1.222723188709179620 ) ) ;
#6171 = CARTESIAN_POINT ( 'NONE',  ( -0.4939823356951860700, 1.082677165354330784, -1.419573582409968449 ) ) ;
#6172 = ORIENTED_EDGE ( 'NONE', *, *, #3851, .F. ) ;
#6173 = ORIENTED_EDGE ( 'NONE', *, *, #3212, .F. ) ;
#6174 = DIRECTION ( 'NONE',  ( -0.000000000000000000, -1.000000000000000000, -0.000000000000000000 ) ) ;
#6175 = DIRECTION ( 'NONE',  ( -0.000000000000000000, -1.000000000000000000, -0.000000000000000000 ) ) ;
#6176 = EDGE_CURVE ( 'NONE', #3929, #280, #1138, .T. ) ;
#6177 = CARTESIAN_POINT ( 'NONE',  ( 1.082677165354331672, 1.082677165354330784, -0.8991168227325369022 ) ) ;
#6178 = CARTESIAN_POINT ( 'NONE',  ( -0.6908327293959752868, 1.200787401574803237, -1.760528465789668040 ) ) ;
#6179 = VECTOR ( 'NONE', #2204, 39.37007874015748143 ) ;
#6180 = DIRECTION ( 'NONE',  ( -0.000000000000000000, -0.000000000000000000, -1.000000000000000000 ) ) ;
#6181 = ORIENTED_EDGE ( 'NONE', *, *, #3615, .T. ) ;
#6182 = ORIENTED_EDGE ( 'NONE', *, *, #6230, .T. ) ;
#6183 = EDGE_LOOP ( 'NONE', ( #1085, #6908 ) ) ;
#6184 = LINE ( 'NONE', #7304, #27 ) ;
#6185 = DIRECTION ( 'NONE',  ( 0.000000000000000000, -1.000000000000000000, 0.000000000000000000 ) ) ;
#6186 = CIRCLE ( 'NONE', #7824, 0.08070866141732323251 ) ;
#6187 = DIRECTION ( 'NONE',  ( 0.000000000000000000, 0.000000000000000000, -1.000000000000000000 ) ) ;
#6188 = AXIS2_PLACEMENT_3D ( 'NONE', #4911, #214, #3166 ) ;
#6189 = VERTEX_POINT ( 'NONE', #3300 ) ;
#6190 = CYLINDRICAL_SURFACE ( 'NONE', #1991, 0.08070866141732309373 ) ;
#6191 = DIRECTION ( 'NONE',  ( 0.000000000000000000, 0.000000000000000000, -1.000000000000000000 ) ) ;
#6192 = ORIENTED_EDGE ( 'NONE', *, *, #2127, .T. ) ;
#6193 = CARTESIAN_POINT ( 'NONE',  ( 3.051181102362205966, 1.082677165354330784, -1.292817610134111783 ) ) ;
#6194 = CARTESIAN_POINT ( 'NONE',  ( 0.2952755905511819101, 1.200787401574803237, -2.473919972338836537 ) ) ;
#6195 = ORIENTED_EDGE ( 'NONE', *, *, #6310, .F. ) ;
#6196 = CYLINDRICAL_SURFACE ( 'NONE', #3575, 0.08070866141732241372 ) ;
#6197 = VECTOR ( 'NONE', #1987, 39.37007874015748143 ) ;
#6198 = AXIS2_PLACEMENT_3D ( 'NONE', #2005, #7415, #6928 ) ;
#6199 = ADVANCED_FACE ( 'NONE', ( #6839 ), #2070, .F. ) ;
#6200 = DIRECTION ( 'NONE',  ( 0.000000000000000000, 0.000000000000000000, -1.000000000000000000 ) ) ;
#6201 = EDGE_CURVE ( 'NONE', #1709, #1791, #7102, .T. ) ;
#6202 = AXIS2_PLACEMENT_3D ( 'NONE', #1705, #5318, #5363 ) ;
#6203 = DIRECTION ( 'NONE',  ( -0.000000000000000000, -1.000000000000000000, -0.000000000000000000 ) ) ;
#6204 = VERTEX_POINT ( 'NONE', #5717 ) ;
#6205 = CARTESIAN_POINT ( 'NONE',  ( 1.870078740157481434, 1.082677165354330784, -0.4247073739136388859 ) ) ;
#6206 = EDGE_LOOP ( 'NONE', ( #4282, #6914 ) ) ;
#6207 = DIRECTION ( 'NONE',  ( -0.000000000000000000, -1.000000000000000000, -0.000000000000000000 ) ) ;
#6208 = ADVANCED_FACE ( 'NONE', ( #119 ), #2654, .F. ) ;
#6209 = DIRECTION ( 'NONE',  ( 0.000000000000000000, 0.000000000000000000, -1.000000000000000000 ) ) ;
#6210 = ADVANCED_FACE ( 'NONE', ( #1393 ), #5093, .F. ) ;
#6211 = CIRCLE ( 'NONE', #616, 0.08070866141732323251 ) ;
#6212 = CYLINDRICAL_SURFACE ( 'NONE', #7132, 0.08070866141732269128 ) ;
#6213 = DIRECTION ( 'NONE',  ( -0.000000000000000000, -1.000000000000000000, -0.000000000000000000 ) ) ;
#6214 = VERTEX_POINT ( 'NONE', #6291 ) ;
#6215 = EDGE_LOOP ( 'NONE', ( #307, #6764, #2825, #6359 ) ) ;
#6216 = DIRECTION ( 'NONE',  ( 0.000000000000000000, -1.000000000000000000, 0.000000000000000000 ) ) ;
#6217 = CARTESIAN_POINT ( 'NONE',  ( 1.082677165354331672, 1.200787401574803237, -2.080219184937261545 ) ) ;
#6218 = DIRECTION ( 'NONE',  ( -0.000000000000000000, -1.000000000000000000, -0.000000000000000000 ) ) ;
#6219 = CARTESIAN_POINT ( 'NONE',  ( 0.2952755905511819101, 1.200787401574803237, -2.473919972338836537 ) ) ;
#6220 = EDGE_CURVE ( 'NONE', #5563, #2135, #5696, .T. ) ;
#6221 = CIRCLE ( 'NONE', #370, 0.08070866141732313537 ) ;
#6222 = CYLINDRICAL_SURFACE ( 'NONE', #5756, 0.08070866141732309373 ) ;
#6223 = ORIENTED_EDGE ( 'NONE', *, *, #2678, .F. ) ;
#6224 = ORIENTED_EDGE ( 'NONE', *, *, #5073, .T. ) ;
#6225 = PLANE ( 'NONE',  #219 ) ;
#6226 = ORIENTED_EDGE ( 'NONE', *, *, #2775, .T. ) ;
#6227 = CIRCLE ( 'NONE', #3302, 0.08070866141732296883 ) ;
#6228 = LINE ( 'NONE', #3215, #4101 ) ;
#6229 = CARTESIAN_POINT ( 'NONE',  ( 0.6889763779527567911, 1.200787401574803237, -0.5861246967482850456 ) ) ;
#6230 = EDGE_CURVE ( 'NONE', #5448, #4773, #5200, .T. ) ;
#6231 = DIRECTION ( 'NONE',  ( 0.000000000000000000, 0.000000000000000000, -1.000000000000000000 ) ) ;
#6232 = AXIS2_PLACEMENT_3D ( 'NONE', #5906, #4560, #368 ) ;
#6233 = EDGE_CURVE ( 'NONE', #430, #4611, #2622, .T. ) ;
#6234 = VECTOR ( 'NONE', #644, 39.37007874015748143 ) ;
#6235 = EDGE_CURVE ( 'NONE', #6502, #4060, #6221, .T. ) ;
#6236 = AXIS2_PLACEMENT_3D ( 'NONE', #585, #3016, #6074 ) ;
#6237 = VECTOR ( 'NONE', #5899, 39.37007874015748143 ) ;
#6238 = VERTEX_POINT ( 'NONE', #3870 ) ;
#6239 = DIRECTION ( 'NONE',  ( 0.000000000000000000, -1.000000000000000000, 0.000000000000000000 ) ) ;
#6240 = ADVANCED_FACE ( 'NONE', ( #6917 ), #7470, .F. ) ;
#6241 = LINE ( 'NONE', #3177, #2315 ) ;
#6242 = ORIENTED_EDGE ( 'NONE', *, *, #4562, .T. ) ;
#6243 = PLANE ( 'NONE',  #2304 ) ;
#6244 = CARTESIAN_POINT ( 'NONE',  ( -3.838275410434667467, 1.377952755905512028, -3.125677281211834302 ) ) ;
#6245 = EDGE_LOOP ( 'NONE', ( #7641, #6644 ) ) ;
#6246 = DIRECTION ( 'NONE',  ( 0.000000000000000000, -1.000000000000000000, 0.000000000000000000 ) ) ;
#6247 = CIRCLE ( 'NONE', #4345, 0.08070866141732323251 ) ;
#6248 = DIRECTION ( 'NONE',  ( -0.000000000000000000, -1.000000000000000000, -0.000000000000000000 ) ) ;
#6249 = AXIS2_PLACEMENT_3D ( 'NONE', #1417, #3968, #5148 ) ;
#6250 = CIRCLE ( 'NONE', #7162, 0.08070866141732309373 ) ;
#6251 = VECTOR ( 'NONE', #7734, 39.37007874015748143 ) ;
#6252 = LINE ( 'NONE', #4424, #1880 ) ;
#6253 = AXIS2_PLACEMENT_3D ( 'NONE', #1623, #540, #5394 ) ;
#6254 = AXIS2_PLACEMENT_3D ( 'NONE', #6501, #5301, #3392 ) ;
#6255 = ORIENTED_EDGE ( 'NONE', *, *, #1639, .T. ) ;
#6256 = VERTEX_POINT ( 'NONE', #833 ) ;
#6257 = DIRECTION ( 'NONE',  ( -0.000000000000000000, -1.000000000000000000, -0.000000000000000000 ) ) ;
#6258 = LINE ( 'NONE', #6332, #1756 ) ;
#6259 = AXIS2_PLACEMENT_3D ( 'NONE', #7489, #849, #2718 ) ;
#6260 = CIRCLE ( 'NONE', #660, 0.08070866141732296883 ) ;
#6261 = PLANE ( 'NONE',  #2305 ) ;
#6262 = EDGE_CURVE ( 'NONE', #6504, #6100, #4822, .T. ) ;
#6263 = CYLINDRICAL_SURFACE ( 'NONE', #2884, 0.08070866141732241372 ) ;
#6264 = ORIENTED_EDGE ( 'NONE', *, *, #606, .F. ) ;
#6265 = EDGE_LOOP ( 'NONE', ( #3795, #7857, #1936, #1303, #979, #2011 ) ) ;
#6266 = FACE_OUTER_BOUND ( 'NONE', #7822, .T. ) ;
#6267 = CARTESIAN_POINT ( 'NONE',  ( 2.657480314960631418, 1.082677165354330784, -1.605809736118363418 ) ) ;
#6268 = DIRECTION ( 'NONE',  ( 0.000000000000000000, 1.000000000000000000, 0.000000000000000000 ) ) ;
#6269 = DIRECTION ( 'NONE',  ( 0.000000000000000000, -0.000000000000000000, -1.000000000000000000 ) ) ;
#6270 = ADVANCED_FACE ( 'NONE', ( #6766 ), #4510, .T. ) ;
#6271 =( LENGTH_UNIT ( ) NAMED_UNIT ( * ) SI_UNIT ( $, .METRE. ) );
#6272 = EDGE_LOOP ( 'NONE', ( #84, #6566 ) ) ;
#6273 = DIRECTION ( 'NONE',  ( 0.9345333927142726038, -0.000000000000000000, -0.3558754527948663759 ) ) ;
#6274 = FACE_OUTER_BOUND ( 'NONE', #2662, .T. ) ;
#6275 = DIRECTION ( 'NONE',  ( 0.000000000000000000, -1.000000000000000000, 0.000000000000000000 ) ) ;
#6276 = AXIS2_PLACEMENT_3D ( 'NONE', #90, #3090, #6098 ) ;
#6277 = ORIENTED_EDGE ( 'NONE', *, *, #4103, .T. ) ;
#6278 = CIRCLE ( 'NONE', #1703, 0.08070866141732309373 ) ;
#6279 = CARTESIAN_POINT ( 'NONE',  ( 4.979931238450483831E-17, 0.3937007874015752140, -3.379431783362458308 ) ) ;
#6280 = DIRECTION ( 'NONE',  ( 0.9849106049563591814, 0.000000000000000000, -0.1730638617519519584 ) ) ;
#6281 = ORIENTED_EDGE ( 'NONE', *, *, #875, .T. ) ;
#6282 = CYLINDRICAL_SURFACE ( 'NONE', #1411, 0.08070866141732323251 ) ;
#6283 = DIRECTION ( 'NONE',  ( -0.000000000000000000, -1.000000000000000000, -0.000000000000000000 ) ) ;
#6284 = ORIENTED_EDGE ( 'NONE', *, *, #5766, .F. ) ;
#6285 = DIRECTION ( 'NONE',  ( -0.000000000000000000, -1.000000000000000000, -0.000000000000000000 ) ) ;
#6286 = ADVANCED_FACE ( 'NONE', ( #755 ), #1354, .F. ) ;
#6287 = PLANE ( 'NONE',  #5839 ) ;
#6288 = CARTESIAN_POINT ( 'NONE',  ( 3.051181102362205966, 1.200787401574803237, -1.212108948716788648 ) ) ;
#6289 = ORIENTED_EDGE ( 'NONE', *, *, #4000, .T. ) ;
#6290 = ORIENTED_EDGE ( 'NONE', *, *, #3088, .F. ) ;
#6291 = CARTESIAN_POINT ( 'NONE',  ( 0.6459947659815585830, 1.082677165354330784, -0.5737275940903217020 ) ) ;
#6292 = CYLINDRICAL_SURFACE ( 'NONE', #1505, 0.08070866141732323251 ) ;
#6293 = DIMENSIONAL_EXPONENTS ( 1.000000000000000000, 0.000000000000000000, 0.000000000000000000, 0.000000000000000000, 0.000000000000000000, 0.000000000000000000, 0.000000000000000000 ) ;
#6294 = DIRECTION ( 'NONE',  ( 0.000000000000000000, -1.000000000000000000, 0.000000000000000000 ) ) ;
#6295 = CARTESIAN_POINT ( 'NONE',  ( 2.854330708661417582, 1.181102362204724532, -3.615652255803403214 ) ) ;
#6296 = EDGE_LOOP ( 'NONE', ( #5725, #698 ) ) ;
#6297 = ORIENTED_EDGE ( 'NONE', *, *, #6023, .T. ) ;
#6298 = DIRECTION ( 'NONE',  ( 0.000000000000000000, -1.000000000000000000, 0.000000000000000000 ) ) ;
#6299 = DIRECTION ( 'NONE',  ( 0.000000000000000000, -0.000000000000000000, -1.000000000000000000 ) ) ;
#6300 = DIRECTION ( 'NONE',  ( 0.000000000000000000, -1.000000000000000000, 0.000000000000000000 ) ) ;
#6301 = EDGE_CURVE ( 'NONE', #3347, #1694, #6168, .T. ) ;
#6302 = LINE ( 'NONE', #4402, #222 ) ;
#6303 = CIRCLE ( 'NONE', #198, 0.08070866141732323251 ) ;
#6304 = EDGE_LOOP ( 'NONE', ( #1460, #7150 ) ) ;
#6305 = ORIENTED_EDGE ( 'NONE', *, *, #6950, .F. ) ;
#6306 = CARTESIAN_POINT ( 'NONE',  ( -0.03129498633245732936, 0.9842519685039373689, -1.539002674835876494 ) ) ;
#6307 = DIRECTION ( 'NONE',  ( 0.000000000000000000, -1.000000000000000000, 0.000000000000000000 ) ) ;
#6308 = LINE ( 'NONE', #2607, #2422 ) ;
#6309 = EDGE_CURVE ( 'NONE', #2368, #5192, #717, .T. ) ;
#6310 = EDGE_CURVE ( 'NONE', #5959, #3126, #7407, .T. ) ;
#6311 = AXIS2_PLACEMENT_3D ( 'NONE', #7597, #3999, #966 ) ;
#6312 = ORIENTED_EDGE ( 'NONE', *, *, #5048, .T. ) ;
#6313 = DIRECTION ( 'NONE',  ( 0.000000000000000000, -1.000000000000000000, 0.000000000000000000 ) ) ;
#6314 = CARTESIAN_POINT ( 'NONE',  ( -1.281383910498342216, 1.200787401574803237, -2.783393115928765926 ) ) ;
#6315 = ORIENTED_EDGE ( 'NONE', *, *, #1031, .T. ) ;
#6316 = LINE ( 'NONE', #860, #910 ) ;
#6317 = DIRECTION ( 'NONE',  ( -1.000000000000000000, 1.084202172485504311E-16, 0.000000000000000000 ) ) ;
#6318 = CARTESIAN_POINT ( 'NONE',  ( 2.657480314960631418, 1.082677165354330784, -0.8991168227325369022 ) ) ;
#6319 = ORIENTED_EDGE ( 'NONE', *, *, #7128, .F. ) ;
#6320 = CARTESIAN_POINT ( 'NONE',  ( 1.870078740157481434, 1.082677165354330784, -2.080219184937261545 ) ) ;
#6321 = DIRECTION ( 'NONE',  ( 0.9345333927142726038, 0.000000000000000000, -0.3558754527948663759 ) ) ;
#6322 = VECTOR ( 'NONE', #571, 39.37007874015748143 ) ;
#6323 = EDGE_CURVE ( 'NONE', #4493, #1145, #2590, .T. ) ;
#6324 = ORIENTED_EDGE ( 'NONE', *, *, #7148, .T. ) ;
#6325 = DIRECTION ( 'NONE',  ( 0.000000000000000000, -1.000000000000000000, 0.000000000000000000 ) ) ;
#6326 = CIRCLE ( 'NONE', #7207, 0.08070866141732323251 ) ;
#6327 = EDGE_LOOP ( 'NONE', ( #6751, #7234 ) ) ;
#6328 = AXIS2_PLACEMENT_3D ( 'NONE', #1178, #3041, #7844 ) ;
#6329 = ORIENTED_EDGE ( 'NONE', *, *, #5190, .F. ) ;
#6330 = DIRECTION ( 'NONE',  ( 0.000000000000000000, -1.000000000000000000, 0.000000000000000000 ) ) ;
#6331 = EDGE_CURVE ( 'NONE', #2356, #6938, #5887, .T. ) ;
#6332 = CARTESIAN_POINT ( 'NONE',  ( 1.683456868827871489, 1.082677165354330784, 0.2712402631777444117 ) ) ;
#6333 = EDGE_CURVE ( 'NONE', #2586, #1636, #7359, .T. ) ;
#6334 = VECTOR ( 'NONE', #835, 39.37007874015748143 ) ;
#6335 = EDGE_CURVE ( 'NONE', #2803, #2856, #7108, .T. ) ;
#6336 = DIRECTION ( 'NONE',  ( 0.000000000000000000, -1.000000000000000000, 0.000000000000000000 ) ) ;
#6337 = ORIENTED_EDGE ( 'NONE', *, *, #1452, .F. ) ;
#6338 = CIRCLE ( 'NONE', #3925, 0.08070866141732269128 ) ;
#6339 = EDGE_LOOP ( 'NONE', ( #3546, #2065, #6223, #3046, #989, #6720 ) ) ;
#6340 = DIRECTION ( 'NONE',  ( -0.000000000000000000, -1.000000000000000000, -0.000000000000000000 ) ) ;
#6341 =( NAMED_UNIT ( * ) PLANE_ANGLE_UNIT ( ) SI_UNIT ( $, .RADIAN. ) );
#6342 = CARTESIAN_POINT ( 'NONE',  ( 2.657480314960631418, 1.200787401574803237, -0.1924239093467102202 ) ) ;
#6343 = EDGE_CURVE ( 'NONE', #2859, #5487, #6227, .T. ) ;
#6344 = CARTESIAN_POINT ( 'NONE',  ( 2.657480314960631418, 1.200787401574803237, -1.686518397535686553 ) ) ;
#6345 = EDGE_CURVE ( 'NONE', #4740, #3626, #2913, .T. ) ;
#6346 = DIRECTION ( 'NONE',  ( 0.000000000000000000, 0.000000000000000000, -1.000000000000000000 ) ) ;
#6347 = ORIENTED_EDGE ( 'NONE', *, *, #2935, .F. ) ;
#6348 = EDGE_LOOP ( 'NONE', ( #831, #1976, #7847, #1499 ) ) ;
#6349 = FACE_OUTER_BOUND ( 'NONE', #1947, .T. ) ;
#6350 = CARTESIAN_POINT ( 'NONE',  ( 1.082677165354331672, 1.200787401574803237, -0.5054160353309620213 ) ) ;
#6351 = LINE ( 'NONE', #5743, #3945 ) ;
#6352 = AXIS2_PLACEMENT_3D ( 'NONE', #2156, #4592, #7008 ) ;
#6353 = VECTOR ( 'NONE', #5800, 39.37007874015748143 ) ;
#6354 = ORIENTED_EDGE ( 'NONE', *, *, #2551, .F. ) ;
#6355 = CARTESIAN_POINT ( 'NONE',  ( -1.498039639382837018, 1.082677165354330784, -3.289108543396113138 ) ) ;
#6356 = VERTEX_POINT ( 'NONE', #5131 ) ;
#6357 = ADVANCED_FACE ( 'NONE', ( #2773 ), #3418, .F. ) ;
#6358 = CARTESIAN_POINT ( 'NONE',  ( 0.2952755905511819101, 1.200787401574803237, -1.605809736118363640 ) ) ;
#6359 = ORIENTED_EDGE ( 'NONE', *, *, #2194, .T. ) ;
#6360 = DIRECTION ( 'NONE',  ( 0.000000000000000000, -1.000000000000000000, 0.000000000000000000 ) ) ;
#6361 = CARTESIAN_POINT ( 'NONE',  ( 0.8267716535433065062, 1.358267716535431102, -5.422738869976631904 ) ) ;
#6362 = DIRECTION ( 'NONE',  ( -0.000000000000000000, -0.000000000000000000, -1.000000000000000000 ) ) ;
#6363 = AXIS2_PLACEMENT_3D ( 'NONE', #4041, #2212, #4007 ) ;
#6364 = ADVANCED_FACE ( 'NONE', ( #2191 ), #4056, .T. ) ;
#6365 = VECTOR ( 'NONE', #5619, 39.37007874015748143 ) ;
#6366 = EDGE_CURVE ( 'NONE', #58, #5201, #6993, .T. ) ;
#6367 = ORIENTED_EDGE ( 'NONE', *, *, #7832, .F. ) ;
#6368 = DIRECTION ( 'NONE',  ( 0.000000000000000000, 0.000000000000000000, -1.000000000000000000 ) ) ;
#6369 = AXIS2_PLACEMENT_3D ( 'NONE', #2483, #2517, #4871 ) ;
#6370 = ORIENTED_EDGE ( 'NONE', *, *, #4706, .F. ) ;
#6371 = AXIS2_PLACEMENT_3D ( 'NONE', #6688, #519, #4148 ) ;
#6372 = ORIENTED_EDGE ( 'NONE', *, *, #2686, .F. ) ;
#6373 = DIRECTION ( 'NONE',  ( 0.000000000000000000, -0.000000000000000000, -1.000000000000000000 ) ) ;
#6374 = AXIS2_PLACEMENT_3D ( 'NONE', #3579, #3458, #4768 ) ;
#6375 = VECTOR ( 'NONE', #1257, 39.37007874015748143 ) ;
#6376 = CIRCLE ( 'NONE', #7126, 0.08070866141732309373 ) ;
#6377 = CARTESIAN_POINT ( 'NONE',  ( 0.8267716535433065062, 1.181102362204724532, -5.422738869976631904 ) ) ;
#6378 = CIRCLE ( 'NONE', #1422, 0.08070866141732313537 ) ;
#6379 = ORIENTED_EDGE ( 'NONE', *, *, #3012, .T. ) ;
#6380 = EDGE_LOOP ( 'NONE', ( #7836, #3013, #1712, #6684 ) ) ;
#6381 = ORIENTED_EDGE ( 'NONE', *, *, #1115, .T. ) ;
#6382 = DIRECTION ( 'NONE',  ( 0.000000000000000000, -1.000000000000000000, 0.000000000000000000 ) ) ;
#6383 = DIRECTION ( 'NONE',  ( 0.000000000000000000, -1.000000000000000000, 0.000000000000000000 ) ) ;
#6384 = AXIS2_PLACEMENT_3D ( 'NONE', #7461, #4454, #6865 ) ;
#6385 = DIRECTION ( 'NONE',  ( 0.000000000000000000, 0.000000000000000000, -1.000000000000000000 ) ) ;
#6386 = DIRECTION ( 'NONE',  ( -0.000000000000000000, -1.000000000000000000, -0.000000000000000000 ) ) ;
#6387 = DIRECTION ( 'NONE',  ( -0.000000000000000000, -1.000000000000000000, -0.000000000000000000 ) ) ;
#6388 = ORIENTED_EDGE ( 'NONE', *, *, #3207, .F. ) ;
#6389 = DIRECTION ( 'NONE',  ( 0.000000000000000000, -1.000000000000000000, 0.000000000000000000 ) ) ;
#6390 = DIRECTION ( 'NONE',  ( -0.000000000000000000, -1.000000000000000000, -0.000000000000000000 ) ) ;
#6391 = LINE ( 'NONE', #3245, #396 ) ;
#6392 = ADVANCED_FACE ( 'NONE', ( #7586 ), #2107, .T. ) ;
#6393 = VERTEX_POINT ( 'NONE', #2699 ) ;
#6394 = DIRECTION ( 'NONE',  ( 0.000000000000000000, -1.000000000000000000, 0.000000000000000000 ) ) ;
#6395 = EDGE_LOOP ( 'NONE', ( #6703, #6039, #5392, #1667, #7282 ) ) ;
#6396 = PLANE ( 'NONE',  #4604 ) ;
#6397 = DIRECTION ( 'NONE',  ( 0.000000000000000000, 0.000000000000000000, -1.000000000000000000 ) ) ;
#6398 = DIRECTION ( 'NONE',  ( 0.000000000000000000, -1.000000000000000000, 0.000000000000000000 ) ) ;
#6399 = DIRECTION ( 'NONE',  ( 0.000000000000000000, -1.000000000000000000, 0.000000000000000000 ) ) ;
#6400 = EDGE_CURVE ( 'NONE', #1199, #5884, #3941, .T. ) ;
#6401 = AXIS2_PLACEMENT_3D ( 'NONE', #2968, #3481, #1182 ) ;
#6402 = ORIENTED_EDGE ( 'NONE', *, *, #4378, .T. ) ;
#6403 = CARTESIAN_POINT ( 'NONE',  ( 3.464566929133858775, 1.102362204724409489, -5.584156192811277286 ) ) ;
#6404 = ORIENTED_EDGE ( 'NONE', *, *, #7536, .T. ) ;
#6405 = ORIENTED_EDGE ( 'NONE', *, *, #7270, .F. ) ;
#6406 = CARTESIAN_POINT ( 'NONE',  ( 1.476377952755906664, 1.200787401574803237, -1.373526271551434919 ) ) ;
#6407 = DIRECTION ( 'NONE',  ( 0.000000000000000000, -1.000000000000000000, 0.000000000000000000 ) ) ;
#6408 = CARTESIAN_POINT ( 'NONE',  ( 0.8267716535433065062, 1.181102362204724532, -3.757384539267974333 ) ) ;
#6409 = ORIENTED_EDGE ( 'NONE', *, *, #3944, .F. ) ;
#6410 = ORIENTED_EDGE ( 'NONE', *, *, #1686, .F. ) ;
#6411 = EDGE_LOOP ( 'NONE', ( #5127, #5238, #136, #4658 ) ) ;
#6412 = CARTESIAN_POINT ( 'NONE',  ( 2.263779527559056426, 1.082677165354330784, -0.4247073739136388859 ) ) ;
#6413 = LINE ( 'NONE', #926, #4078 ) ;
#6414 = DIRECTION ( 'NONE',  ( 0.000000000000000000, 0.000000000000000000, -1.000000000000000000 ) ) ;
#6415 = CARTESIAN_POINT ( 'NONE',  ( -0.03129498633245732936, 0.9842519685039373689, -1.474042044914616767 ) ) ;
#6416 = ADVANCED_FACE ( 'NONE', ( #3942 ), #6957, .T. ) ;
#6417 = CARTESIAN_POINT ( 'NONE',  ( 0.2952755905511819101, 1.082677165354330784, -2.080219184937261545 ) ) ;
#6418 = VERTEX_POINT ( 'NONE', #2737 ) ;
#6419 = EDGE_CURVE ( 'NONE', #3157, #6878, #1596, .T. ) ;
#6420 = VERTEX_POINT ( 'NONE', #5169 ) ;
#6421 = CARTESIAN_POINT ( 'NONE',  ( 2.263779527559056426, 1.200787401574803237, -2.160927846354584680 ) ) ;
#6422 = DIRECTION ( 'NONE',  ( -0.000000000000000000, -1.000000000000000000, -0.000000000000000000 ) ) ;
#6423 = CARTESIAN_POINT ( 'NONE',  ( 0.6889763779527567911, 1.200787401574803237, -1.373526271551434919 ) ) ;
#6424 = EDGE_CURVE ( 'NONE', #2368, #5380, #1269, .T. ) ;
#6425 = ORIENTED_EDGE ( 'NONE', *, *, #2648, .T. ) ;
#6426 = EDGE_CURVE ( 'NONE', #3247, #7859, #889, .T. ) ;
#6427 = DIRECTION ( 'NONE',  ( 0.000000000000000000, 0.000000000000000000, -1.000000000000000000 ) ) ;
#6428 = CYLINDRICAL_SURFACE ( 'NONE', #7580, 0.08070866141732269128 ) ;
#6429 = EDGE_LOOP ( 'NONE', ( #1593, #6800 ) ) ;
#6430 = DIRECTION ( 'NONE',  ( -0.1730638617519519584, 0.000000000000000000, -0.9849106049563591814 ) ) ;
#6431 = ORIENTED_EDGE ( 'NONE', *, *, #7636, .F. ) ;
#6432 = CARTESIAN_POINT ( 'NONE',  ( 1.476377952755906220, 1.200787401574803237, -2.473919972338836537 ) ) ;
#6433 = DIRECTION ( 'NONE',  ( -1.000000000000000000, 0.000000000000000000, 0.000000000000000000 ) ) ;
#6434 = CARTESIAN_POINT ( 'NONE',  ( -0.3149606299212595606, 4.628586327486060049E-16, -5.584156192811277286 ) ) ;
#6435 = EDGE_CURVE ( 'NONE', #5478, #2870, #7074, .T. ) ;
#6436 = AXIS2_PLACEMENT_3D ( 'NONE', #4495, #6114, #663 ) ;
#6437 = ORIENTED_EDGE ( 'NONE', *, *, #684, .T. ) ;
#6438 = DIRECTION ( 'NONE',  ( 0.000000000000000000, -1.000000000000000000, 0.000000000000000000 ) ) ;
#6439 = VERTEX_POINT ( 'NONE', #3989 ) ;
#6440 = DIRECTION ( 'NONE',  ( -0.000000000000000000, -1.000000000000000000, -0.000000000000000000 ) ) ;
#6441 = EDGE_CURVE ( 'NONE', #1218, #409, #6527, .T. ) ;
#6442 = ORIENTED_EDGE ( 'NONE', *, *, #4763, .T. ) ;
#6443 = EDGE_CURVE ( 'NONE', #6693, #1935, #5707, .T. ) ;
#6444 = VECTOR ( 'NONE', #6515, 39.37007874015748143 ) ;
#6445 = DIRECTION ( 'NONE',  ( 0.000000000000000000, -1.000000000000000000, 0.000000000000000000 ) ) ;
#6446 = AXIS2_PLACEMENT_3D ( 'NONE', #6734, #4948, #4366 ) ;
#6447 = FACE_BOUND ( 'NONE', #1836, .T. ) ;
#6448 = ORIENTED_EDGE ( 'NONE', *, *, #2076, .T. ) ;
#6449 = ORIENTED_EDGE ( 'NONE', *, *, #4803, .T. ) ;
#6450 = EDGE_LOOP ( 'NONE', ( #6119, #3474 ) ) ;
#6451 = EDGE_CURVE ( 'NONE', #7428, #2135, #6563, .T. ) ;
#6452 = DIRECTION ( 'NONE',  ( 0.000000000000000000, -1.000000000000000000, 0.000000000000000000 ) ) ;
#6453 = CYLINDRICAL_SURFACE ( 'NONE', #5716, 0.08070866141732323251 ) ;
#6454 = FACE_OUTER_BOUND ( 'NONE', #6165, .T. ) ;
#6455 = CIRCLE ( 'NONE', #7085, 0.08070866141732323251 ) ;
#6456 = DIRECTION ( 'NONE',  ( -0.000000000000000000, -1.000000000000000000, -0.000000000000000000 ) ) ;
#6457 = EDGE_CURVE ( 'NONE', #1199, #6729, #7745, .T. ) ;
#6458 = PLANE ( 'NONE',  #2944 ) ;
#6459 = ORIENTED_EDGE ( 'NONE', *, *, #6129, .F. ) ;
#6460 = CYLINDRICAL_SURFACE ( 'NONE', #3197, 0.06496062992125979652 ) ;
#6461 = DIRECTION ( 'NONE',  ( 0.000000000000000000, -1.000000000000000000, 0.000000000000000000 ) ) ;
#6462 = ADVANCED_FACE ( 'NONE', ( #4771 ), #7154, .F. ) ;
#6463 = CARTESIAN_POINT ( 'NONE',  ( -1.498039639382837018, 0.9842519685039373689, -3.354069173317372865 ) ) ;
#6464 = EDGE_LOOP ( 'NONE', ( #1940, #417 ) ) ;
#6465 = CYLINDRICAL_SURFACE ( 'NONE', #1955, 0.08070866141732296883 ) ;
#6466 = LINE ( 'NONE', #2217, #3146 ) ;
#6467 = EDGE_CURVE ( 'NONE', #5727, #2521, #6717, .T. ) ;
#6468 = ORIENTED_EDGE ( 'NONE', *, *, #6500, .T. ) ;
#6469 = DIRECTION ( 'NONE',  ( 0.000000000000000000, 0.000000000000000000, -1.000000000000000000 ) ) ;
#6470 = ORIENTED_EDGE ( 'NONE', *, *, #6309, .F. ) ;
#6471 = CARTESIAN_POINT ( 'NONE',  ( -0.4939823356951860700, 1.200787401574803237, -1.500282243827291140 ) ) ;
#6472 = EDGE_CURVE ( 'NONE', #6627, #2208, #4957, .T. ) ;
#6473 = DIRECTION ( 'NONE',  ( -0.000000000000000000, -1.000000000000000000, -0.000000000000000000 ) ) ;
#6474 = ADVANCED_FACE ( 'NONE', ( #4220 ), #4890, .F. ) ;
#6475 = AXIS2_PLACEMENT_3D ( 'NONE', #4353, #3904, #2029 ) ;
#6476 = EDGE_CURVE ( 'NONE', #2020, #4088, #1910, .T. ) ;
#6477 = ORIENTED_EDGE ( 'NONE', *, *, #5085, .T. ) ;
#6478 = CARTESIAN_POINT ( 'NONE',  ( 4.284679127849917890, 0.000000000000000000, -0.7199513920934462741 ) ) ;
#6479 = ORIENTED_EDGE ( 'NONE', *, *, #2105, .F. ) ;
#6480 = DIRECTION ( 'NONE',  ( 0.000000000000000000, 0.000000000000000000, -1.000000000000000000 ) ) ;
#6481 = ORIENTED_EDGE ( 'NONE', *, *, #6476, .F. ) ;
#6482 = AXIS2_PLACEMENT_3D ( 'NONE', #2582, #233, #6161 ) ;
#6483 = CARTESIAN_POINT ( 'NONE',  ( 0.9196762229657036158, 0.000000000000000000, -0.3506390414881394579 ) ) ;
#6484 = CIRCLE ( 'NONE', #507, 0.08070866141732296883 ) ;
#6485 = CARTESIAN_POINT ( 'NONE',  ( 1.820197459626948566, 1.200787401574803237, 0.2185367736811148487 ) ) ;
#6486 = ADVANCED_FACE ( 'NONE', ( #5402 ), #7192, .T. ) ;
#6487 = CIRCLE ( 'NONE', #894, 0.08070866141732309373 ) ;
#6488 = VECTOR ( 'NONE', #4642, 39.37007874015748854 ) ;
#6489 = FACE_BOUND ( 'NONE', #1273, .T. ) ;
#6490 = AXIS2_PLACEMENT_3D ( 'NONE', #3333, #7504, #3980 ) ;
#6491 = ORIENTED_EDGE ( 'NONE', *, *, #289, .T. ) ;
#6492 = ORIENTED_EDGE ( 'NONE', *, *, #6323, .T. ) ;
#6493 = VERTEX_POINT ( 'NONE', #621 ) ;
#6494 = DIRECTION ( 'NONE',  ( 0.000000000000000000, 0.000000000000000000, -1.000000000000000000 ) ) ;
#6495 = CARTESIAN_POINT ( 'NONE',  ( 0.2952755905511819101, 1.200787401574803237, -2.080219184937261545 ) ) ;
#6496 = DIRECTION ( 'NONE',  ( 0.000000000000000000, 0.000000000000000000, -1.000000000000000000 ) ) ;
#6497 = AXIS2_PLACEMENT_3D ( 'NONE', #6524, #7151, #1078 ) ;
#6498 = CARTESIAN_POINT ( 'NONE',  ( 0.8267716535433065062, 1.181102362204724532, -3.757384539267974333 ) ) ;
#6499 = VECTOR ( 'NONE', #3769, 39.37007874015748143 ) ;
#6500 = EDGE_CURVE ( 'NONE', #4111, #5387, #2905, .T. ) ;
#6501 = CARTESIAN_POINT ( 'NONE',  ( 0.6889763779527567911, 1.082677165354330784, -1.686518397535686553 ) ) ;
#6502 = VERTEX_POINT ( 'NONE', #1745 ) ;
#6503 = AXIS2_PLACEMENT_3D ( 'NONE', #3096, #3650, #614 ) ;
#6504 = VERTEX_POINT ( 'NONE', #2303 ) ;
#6505 = DIRECTION ( 'NONE',  ( 0.000000000000000000, 0.000000000000000000, -1.000000000000000000 ) ) ;
#6506 = CIRCLE ( 'NONE', #6254, 0.08070866141732296883 ) ;
#6507 = LINE ( 'NONE', #1059, #893 ) ;
#6508 = CIRCLE ( 'NONE', #5106, 0.08070866141732309373 ) ;
#6509 = DIRECTION ( 'NONE',  ( 0.000000000000000000, 0.000000000000000000, -1.000000000000000000 ) ) ;
#6510 = ADVANCED_FACE ( 'NONE', ( #2345 ), #470, .F. ) ;
#6511 = CARTESIAN_POINT ( 'NONE',  ( 0.2952755905511819101, 1.181102362204724754, -3.615652255803403214 ) ) ;
#6512 = CIRCLE ( 'NONE', #3083, 0.08070866141732323251 ) ;
#6513 = ORIENTED_EDGE ( 'NONE', *, *, #4002, .T. ) ;
#6514 = DIRECTION ( 'NONE',  ( -0.000000000000000000, -1.000000000000000000, -0.000000000000000000 ) ) ;
#6515 = DIRECTION ( 'NONE',  ( 0.000000000000000000, 0.000000000000000000, 1.000000000000000000 ) ) ;
#6516 = ORIENTED_EDGE ( 'NONE', *, *, #5708, .T. ) ;
#6517 = CARTESIAN_POINT ( 'NONE',  ( -1.281383910498342216, 1.082677165354330784, -2.864101777346088618 ) ) ;
#6518 = VERTEX_POINT ( 'NONE', #3621 ) ;
#6519 = LINE ( 'NONE', #6471, #5224 ) ;
#6520 = LINE ( 'NONE', #5360, #6871 ) ;
#6521 = ORIENTED_EDGE ( 'NONE', *, *, #2682, .T. ) ;
#6522 = DIRECTION ( 'NONE',  ( 0.000000000000000000, 0.000000000000000000, -1.000000000000000000 ) ) ;
#6523 = ORIENTED_EDGE ( 'NONE', *, *, #7738, .F. ) ;
#6524 = CARTESIAN_POINT ( 'NONE',  ( 2.657480314960631418, 1.082677165354330784, -1.292817610134111783 ) ) ;
#6525 = ADVANCED_FACE ( 'NONE', ( #4172 ), #7314, .T. ) ;
#6526 = ORIENTED_EDGE ( 'NONE', *, *, #4253, .F. ) ;
#6527 = LINE ( 'NONE', #6406, #6353 ) ;
#6528 = CARTESIAN_POINT ( 'NONE',  ( 3.228346456692913424, 0.8464566929133860995, -3.379431783362458308 ) ) ;
#6529 = AXIS2_PLACEMENT_3D ( 'NONE', #3959, #2042, #2121 ) ;
#6530 = FACE_BOUND ( 'NONE', #2310, .T. ) ;
#6531 = EDGE_LOOP ( 'NONE', ( #2025, #6791, #1944, #2770 ) ) ;
#6532 = ORIENTED_EDGE ( 'NONE', *, *, #5032, .F. ) ;
#6533 = AXIS2_PLACEMENT_3D ( 'NONE', #5615, #6804, #722 ) ;
#6534 = EDGE_LOOP ( 'NONE', ( #541, #3145 ) ) ;
#6535 = CYLINDRICAL_SURFACE ( 'NONE', #7864, 0.08070866141732323251 ) ;
#6536 = PLANE ( 'NONE',  #3315 ) ;
#6537 = LINE ( 'NONE', #1090, #3573 ) ;
#6538 = DIRECTION ( 'NONE',  ( 0.000000000000000000, 0.000000000000000000, -1.000000000000000000 ) ) ;
#6539 = CARTESIAN_POINT ( 'NONE',  ( 0.2952755905511819101, 1.082677165354330784, -1.999510523519938410 ) ) ;
#6540 = ORIENTED_EDGE ( 'NONE', *, *, #5802, .T. ) ;
#6541 = VERTEX_POINT ( 'NONE', #7818 ) ;
#6542 = LINE ( 'NONE', #5305, #48 ) ;
#6543 = LINE ( 'NONE', #1647, #767 ) ;
#6544 = EDGE_CURVE ( 'NONE', #176, #64, #5333, .T. ) ;
#6545 = CARTESIAN_POINT ( 'NONE',  ( 3.051181102362205966, 1.200787401574803237, -1.292817610134111783 ) ) ;
#6546 = EDGE_CURVE ( 'NONE', #1231, #4575, #2158, .T. ) ;
#6547 = CARTESIAN_POINT ( 'NONE',  ( 1.082677165354331672, 1.082677165354330784, -1.292817610134111783 ) ) ;
#6548 = DIRECTION ( 'NONE',  ( 0.000000000000000000, -1.000000000000000000, 0.000000000000000000 ) ) ;
#6549 = ORIENTED_EDGE ( 'NONE', *, *, #5735, .T. ) ;
#6550 = CARTESIAN_POINT ( 'NONE',  ( -0.03129498633245732936, 0.9842519685039373689, -1.539002674835876494 ) ) ;
#6551 = FACE_OUTER_BOUND ( 'NONE', #2394, .T. ) ;
#6552 = EDGE_LOOP ( 'NONE', ( #3117, #6449, #629, #1900 ) ) ;
#6553 = LINE ( 'NONE', #5953, #1813 ) ;
#6554 = DIRECTION ( 'NONE',  ( 0.000000000000000000, -1.000000000000000000, 0.000000000000000000 ) ) ;
#6555 = DIRECTION ( 'NONE',  ( 0.000000000000000000, -1.000000000000000000, 0.000000000000000000 ) ) ;
#6556 = ADVANCED_FACE ( 'NONE', ( #4259 ), #1227, .F. ) ;
#6557 = EDGE_CURVE ( 'NONE', #4738, #6938, #626, .T. ) ;
#6558 = EDGE_LOOP ( 'NONE', ( #5593, #215, #7419, #2489 ) ) ;
#6559 = CARTESIAN_POINT ( 'NONE',  ( -0.03129498633245731548, 0.9842519685039373689, -1.603963304757136221 ) ) ;
#6560 = ORIENTED_EDGE ( 'NONE', *, *, #716, .T. ) ;
#6561 = CARTESIAN_POINT ( 'NONE',  ( 2.657480314960631418, 1.200787401574803237, -1.999510523519938410 ) ) ;
#6562 = ORIENTED_EDGE ( 'NONE', *, *, #572, .F. ) ;
#6563 = LINE ( 'NONE', #1710, #2410 ) ;
#6564 = FACE_BOUND ( 'NONE', #7273, .T. ) ;
#6565 = EDGE_LOOP ( 'NONE', ( #2034, #806, #3526, #5712 ) ) ;
#6566 = ORIENTED_EDGE ( 'NONE', *, *, #7153, .T. ) ;
#6567 = VECTOR ( 'NONE', #2576, 39.37007874015748143 ) ;
#6568 = ORIENTED_EDGE ( 'NONE', *, *, #4225, .T. ) ;
#6569 = EDGE_CURVE ( 'NONE', #1568, #3710, #3734, .T. ) ;
#6570 = CARTESIAN_POINT ( 'NONE',  ( 0.2952755905511819101, 1.082677165354330784, -1.212108948716788870 ) ) ;
#6571 = DIRECTION ( 'NONE',  ( 0.000000000000000000, 0.000000000000000000, -1.000000000000000000 ) ) ;
#6572 = EDGE_CURVE ( 'NONE', #3290, #3637, #1528, .T. ) ;
#6573 = LINE ( 'NONE', #6013, #885 ) ;
#6574 = FACE_OUTER_BOUND ( 'NONE', #3802, .T. ) ;
#6575 = ADVANCED_FACE ( 'NONE', ( #5639 ), #6287, .F. ) ;
#6576 = CARTESIAN_POINT ( 'NONE',  ( 1.870078740157481434, 1.200787401574803237, -1.605809736118364306 ) ) ;
#6577 = ORIENTED_EDGE ( 'NONE', *, *, #5736, .T. ) ;
#6578 = VECTOR ( 'NONE', #7316, 39.37007874015748143 ) ;
#6579 = DIRECTION ( 'NONE',  ( 0.000000000000000000, 0.000000000000000000, -1.000000000000000000 ) ) ;
#6580 = CARTESIAN_POINT ( 'NONE',  ( 3.051181102362205966, 1.200787401574803237, -1.686518397535686553 ) ) ;
#6581 = VECTOR ( 'NONE', #5792, 39.37007874015748143 ) ;
#6582 = LINE ( 'NONE', #3399, #6859 ) ;
#6583 = CARTESIAN_POINT ( 'NONE',  ( 1.476377952755906664, 1.200787401574803237, -0.5054160353309620213 ) ) ;
#6584 = ADVANCED_FACE ( 'NONE', ( #669 ), #1311, .T. ) ;
#6585 = VECTOR ( 'NONE', #2774, 39.37007874015748143 ) ;
#6586 = DIRECTION ( 'NONE',  ( 0.000000000000000000, 0.000000000000000000, -1.000000000000000000 ) ) ;
#6587 = ORIENTED_EDGE ( 'NONE', *, *, #4129, .F. ) ;
#6588 = CARTESIAN_POINT ( 'NONE',  ( 3.464566929133858775, 15.67005943375638211, -3.084156192811276842 ) ) ;
#6589 = DIRECTION ( 'NONE',  ( 0.000000000000000000, 0.000000000000000000, -1.000000000000000000 ) ) ;
#6590 = ORIENTED_EDGE ( 'NONE', *, *, #1115, .F. ) ;
#6591 = CARTESIAN_POINT ( 'NONE',  ( 1.870078740157481434, 1.200787401574803237, -2.080219184937261545 ) ) ;
#6592 = FACE_OUTER_BOUND ( 'NONE', #588, .T. ) ;
#6593 = CARTESIAN_POINT ( 'NONE',  ( 3.425196850393701364, 0.6791338582677166613, -5.347935720370331936 ) ) ;
#6594 = ADVANCED_FACE ( 'NONE', ( #159 ), #6795, .T. ) ;
#6595 = EDGE_LOOP ( 'NONE', ( #1679, #2805 ) ) ;
#6596 = ORIENTED_EDGE ( 'NONE', *, *, #7696, .F. ) ;
#6597 = CARTESIAN_POINT ( 'NONE',  ( 0.6889763779527567911, 1.200787401574803237, -2.160927846354584680 ) ) ;
#6598 = ORIENTED_EDGE ( 'NONE', *, *, #5826, .F. ) ;
#6599 = EDGE_CURVE ( 'NONE', #7739, #6050, #6759, .T. ) ;
#6600 = DIRECTION ( 'NONE',  ( 0.000000000000000000, 0.000000000000000000, -1.000000000000000000 ) ) ;
#6601 = AXIS2_PLACEMENT_3D ( 'NONE', #5645, #7360, #1915 ) ;
#6602 = ADVANCED_FACE ( 'NONE', ( #827 ), #7354, .F. ) ;
#6603 = ADVANCED_FACE ( 'NONE', ( #7399 ), #2617, .F. ) ;
#6604 = FACE_BOUND ( 'NONE', #887, .T. ) ;
#6605 = ORIENTED_EDGE ( 'NONE', *, *, #4178, .F. ) ;
#6606 = ORIENTED_EDGE ( 'NONE', *, *, #2682, .F. ) ;
#6607 = ORIENTED_EDGE ( 'NONE', *, *, #719, .F. ) ;
#6608 = CYLINDRICAL_SURFACE ( 'NONE', #4210, 0.08070866141732309373 ) ;
#6609 = LINE ( 'NONE', #5529, #5074 ) ;
#6610 = CYLINDRICAL_SURFACE ( 'NONE', #1353, 0.08070866141732313537 ) ;
#6611 = VECTOR ( 'NONE', #3880, 39.37007874015748143 ) ;
#6612 = VECTOR ( 'NONE', #504, 39.37007874015748143 ) ;
#6613 = AXIS2_PLACEMENT_3D ( 'NONE', #2911, #7604, #2245 ) ;
#6614 = DIRECTION ( 'NONE',  ( 0.000000000000000000, 0.000000000000000000, -1.000000000000000000 ) ) ;
#6615 = ORIENTED_EDGE ( 'NONE', *, *, #3256, .F. ) ;
#6616 = ORIENTED_EDGE ( 'NONE', *, *, #7298, .T. ) ;
#6617 = DIRECTION ( 'NONE',  ( -0.000000000000000000, -1.000000000000000000, -0.000000000000000000 ) ) ;
#6618 = CYLINDRICAL_SURFACE ( 'NONE', #4711, 0.08070866141732241372 ) ;
#6619 = CIRCLE ( 'NONE', #4971, 0.08070866141732296883 ) ;
#6620 = DIRECTION ( 'NONE',  ( 0.000000000000000000, 1.000000000000000000, 0.000000000000000000 ) ) ;
#6621 = AXIS2_PLACEMENT_3D ( 'NONE', #1431, #6285, #1468 ) ;
#6622 = CARTESIAN_POINT ( 'NONE',  ( 3.228346456692913424, 0.000000000000000000, -3.379431783362458308 ) ) ;
#6623 = DIRECTION ( 'NONE',  ( 1.000000000000000000, 0.000000000000000000, -0.000000000000000000 ) ) ;
#6624 = VECTOR ( 'NONE', #4054, 39.37007874015748854 ) ;
#6625 = AXIS2_PLACEMENT_3D ( 'NONE', #4501, #6909, #947 ) ;
#6626 = AXIS2_PLACEMENT_3D ( 'NONE', #4864, #4187, #6614 ) ;
#6627 = VERTEX_POINT ( 'NONE', #1948 ) ;
#6628 = DIRECTION ( 'NONE',  ( 0.000000000000000000, -1.000000000000000000, 0.000000000000000000 ) ) ;
#6629 = CARTESIAN_POINT ( 'NONE',  ( 1.683565339882825862, 1.377952755905512028, 0.2705670359053867768 ) ) ;
#6630 = AXIS2_PLACEMENT_3D ( 'NONE', #7732, #7099, #1819 ) ;
#6631 = ORIENTED_EDGE ( 'NONE', *, *, #714, .T. ) ;
#6632 = LINE ( 'NONE', #3047, #1044 ) ;
#6633 = PLANE ( 'NONE',  #913 ) ;
#6634 = CARTESIAN_POINT ( 'NONE',  ( 1.476377952755906664, 1.200787401574803237, -1.686518397535686553 ) ) ;
#6635 = AXIS2_PLACEMENT_3D ( 'NONE', #229, #1105, #4089 ) ;
#6636 = AXIS2_PLACEMENT_3D ( 'NONE', #3874, #240, #6921 ) ;
#6637 = EDGE_LOOP ( 'NONE', ( #4759, #4255, #3534, #6924 ) ) ;
#6638 = ORIENTED_EDGE ( 'NONE', *, *, #7569, .F. ) ;
#6639 = DIRECTION ( 'NONE',  ( 0.000000000000000000, -1.000000000000000000, 0.000000000000000000 ) ) ;
#6640 = EDGE_LOOP ( 'NONE', ( #5464, #7752, #1577, #7661 ) ) ;
#6641 = EDGE_CURVE ( 'NONE', #1568, #5099, #7231, .T. ) ;
#6642 = CARTESIAN_POINT ( 'NONE',  ( -0.4939823356951860700, 1.200787401574803237, -1.419573582409968449 ) ) ;
#6643 = CARTESIAN_POINT ( 'NONE',  ( 1.870078740157481434, 1.082677165354330784, -1.292817610134111783 ) ) ;
#6644 = ORIENTED_EDGE ( 'NONE', *, *, #5505, .F. ) ;
#6645 = ORIENTED_EDGE ( 'NONE', *, *, #4434, .F. ) ;
#6646 = ORIENTED_EDGE ( 'NONE', *, *, #6262, .F. ) ;
#6647 = CARTESIAN_POINT ( 'NONE',  ( 1.082677165354331672, 1.200787401574803237, -1.686518397535686553 ) ) ;
#6648 = DIRECTION ( 'NONE',  ( -0.000000000000000000, -1.000000000000000000, -0.000000000000000000 ) ) ;
#6649 = CARTESIAN_POINT ( 'NONE',  ( 1.820197459626948566, 1.082677165354330784, 0.2185367736811148764 ) ) ;
#6650 = AXIS2_PLACEMENT_3D ( 'NONE', #2286, #1185, #5310 ) ;
#6651 = PLANE ( 'NONE',  #2810 ) ;
#6652 = LINE ( 'NONE', #5567, #3355 ) ;
#6653 = ORIENTED_EDGE ( 'NONE', *, *, #3759, .F. ) ;
#6654 = EDGE_LOOP ( 'NONE', ( #5872, #5010 ) ) ;
#6655 = DIRECTION ( 'NONE',  ( 0.000000000000000000, 1.000000000000000000, 0.000000000000000000 ) ) ;
#6656 = FACE_OUTER_BOUND ( 'NONE', #2043, .T. ) ;
#6657 = DIRECTION ( 'NONE',  ( 0.000000000000000000, -1.000000000000000000, 0.000000000000000000 ) ) ;
#6658 = DIRECTION ( 'NONE',  ( 0.000000000000000000, 0.000000000000000000, -1.000000000000000000 ) ) ;
#6659 = ADVANCED_FACE ( 'NONE', ( #3254 ), #4459, .F. ) ;
#6660 = CARTESIAN_POINT ( 'NONE',  ( -0.6064387880259195507, 0.000000000000000000, -1.593473920376436537 ) ) ;
#6661 = ADVANCED_FACE ( 'NONE', ( #5083 ), #5047, .F. ) ;
#6662 = ORIENTED_EDGE ( 'NONE', *, *, #4652, .F. ) ;
#6663 = EDGE_LOOP ( 'NONE', ( #1844, #6437, #5603, #3656, #4303, #1509, #5759, #5928 ) ) ;
#6664 = DIRECTION ( 'NONE',  ( -0.000000000000000000, -1.000000000000000000, -0.000000000000000000 ) ) ;
#6665 = EDGE_LOOP ( 'NONE', ( #7436, #1120, #6549, #5398 ) ) ;
#6666 = CARTESIAN_POINT ( 'NONE',  ( -0.03129498633245732936, 0.9842519685039373689, -1.414986926804380429 ) ) ;
#6667 = CARTESIAN_POINT ( 'NONE',  ( 2.657480314960630530, 1.200787401574803237, -2.554628633756159672 ) ) ;
#6668 = EDGE_CURVE ( 'NONE', #789, #1952, #71, .T. ) ;
#6669 = FACE_OUTER_BOUND ( 'NONE', #6970, .T. ) ;
#6670 = EDGE_CURVE ( 'NONE', #5440, #2877, #1652, .T. ) ;
#6671 = EDGE_CURVE ( 'NONE', #3786, #1218, #5801, .T. ) ;
#6672 = EDGE_LOOP ( 'NONE', ( #7702, #2074 ) ) ;
#6673 = EDGE_LOOP ( 'NONE', ( #3748, #2824, #1541, #3648 ) ) ;
#6674 = DIRECTION ( 'NONE',  ( -0.000000000000000000, -1.000000000000000000, -0.000000000000000000 ) ) ;
#6675 = ORIENTED_EDGE ( 'NONE', *, *, #6435, .T. ) ;
#6676 = EDGE_CURVE ( 'NONE', #544, #3293, #2502, .T. ) ;
#6677 = CARTESIAN_POINT ( 'NONE',  ( 3.464566929133858775, 1.102362204724409489, -5.584156192811277286 ) ) ;
#6678 = CARTESIAN_POINT ( 'NONE',  ( -1.498039639382837018, 0.9842519685039373689, -3.289108543396113138 ) ) ;
#6679 = VECTOR ( 'NONE', #602, 39.37007874015748143 ) ;
#6680 = EDGE_CURVE ( 'NONE', #4980, #753, #3532, .T. ) ;
#6681 = LINE ( 'NONE', #6762, #601 ) ;
#6682 = ORIENTED_EDGE ( 'NONE', *, *, #2775, .F. ) ;
#6683 = EDGE_CURVE ( 'NONE', #3309, #4117, #3518, .T. ) ;
#6684 = ORIENTED_EDGE ( 'NONE', *, *, #7632, .F. ) ;
#6685 = ORIENTED_EDGE ( 'NONE', *, *, #3540, .T. ) ;
#6686 = DIRECTION ( 'NONE',  ( 0.000000000000000000, 0.000000000000000000, -1.000000000000000000 ) ) ;
#6687 = CARTESIAN_POINT ( 'NONE',  ( 1.870078740157481434, 1.082677165354330784, -0.1117152479293870848 ) ) ;
#6688 = CARTESIAN_POINT ( 'NONE',  ( 0.000000000000000000, 1.338582677165354395, 0.000000000000000000 ) ) ;
#6689 = LINE ( 'NONE', #1, #7697 ) ;
#6690 = CARTESIAN_POINT ( 'NONE',  ( -0.8349372190748853839, 1.200787401574803237, -1.303431850126502756 ) ) ;
#6691 = CARTESIAN_POINT ( 'NONE',  ( 1.476377952755906220, 1.200787401574803237, -2.393211310921513402 ) ) ;
#6692 = ADVANCED_FACE ( 'NONE', ( #5161 ), #7804, .T. ) ;
#6693 = VERTEX_POINT ( 'NONE', #306 ) ;
#6694 = ORIENTED_EDGE ( 'NONE', *, *, #5612, .T. ) ;
#6695 = CARTESIAN_POINT ( 'NONE',  ( 2.657480314960631418, 1.082677165354330784, -0.5054160353309620213 ) ) ;
#6696 = LINE ( 'NONE', #10, #4330 ) ;
#6697 = DIRECTION ( 'NONE',  ( -0.000000000000000000, -1.000000000000000000, -0.000000000000000000 ) ) ;
#6698 = AXIS2_PLACEMENT_3D ( 'NONE', #5426, #2329, #7849 ) ;
#6699 = DIRECTION ( 'NONE',  ( -0.000000000000000000, -1.000000000000000000, -0.000000000000000000 ) ) ;
#6700 = LINE ( 'NONE', #647, #7495 ) ;
#6701 = CYLINDRICAL_SURFACE ( 'NONE', #6276, 0.08070866141732309373 ) ;
#6702 = AXIS2_PLACEMENT_3D ( 'NONE', #6833, #1907, #6910 ) ;
#6703 = ORIENTED_EDGE ( 'NONE', *, *, #5272, .T. ) ;
#6704 = ORIENTED_EDGE ( 'NONE', *, *, #2866, .F. ) ;
#6705 = CARTESIAN_POINT ( 'NONE',  ( -0.6380868253740962226, 1.200787401574803237, -0.8817683053294802509 ) ) ;
#6706 = EDGE_LOOP ( 'NONE', ( #3992, #5039, #2992, #6765 ) ) ;
#6707 = DIRECTION ( 'NONE',  ( 0.000000000000000000, -0.000000000000000000, -1.000000000000000000 ) ) ;
#6708 = LINE ( 'NONE', #2974, #1559 ) ;
#6709 = DIRECTION ( 'NONE',  ( -0.6423330032324080507, -0.000000000000000000, -0.7664256734729305576 ) ) ;
#6710 = EDGE_CURVE ( 'NONE', #2471, #4476, #5755, .T. ) ;
#6711 = ORIENTED_EDGE ( 'NONE', *, *, #5501, .T. ) ;
#6712 = EDGE_CURVE ( 'NONE', #943, #7280, #3934, .T. ) ;
#6713 = DIRECTION ( 'NONE',  ( 0.000000000000000000, -0.000000000000000000, -1.000000000000000000 ) ) ;
#6714 = DIRECTION ( 'NONE',  ( 0.000000000000000000, -1.000000000000000000, 0.000000000000000000 ) ) ;
#6715 = DIRECTION ( 'NONE',  ( -0.7664256734729305576, 0.000000000000000000, 0.6423330032324080507 ) ) ;
#6716 = VERTEX_POINT ( 'NONE', #5199 ) ;
#6717 = LINE ( 'NONE', #3541, #4193 ) ;
#6718 = CYLINDRICAL_SURFACE ( 'NONE', #2008, 0.08070866141732323251 ) ;
#6719 = ORIENTED_EDGE ( 'NONE', *, *, #5048, .F. ) ;
#6720 = ORIENTED_EDGE ( 'NONE', *, *, #15, .F. ) ;
#6721 = ORIENTED_EDGE ( 'NONE', *, *, #7287, .F. ) ;
#6722 = EDGE_CURVE ( 'NONE', #455, #3196, #3791, .T. ) ;
#6723 = CYLINDRICAL_SURFACE ( 'NONE', #7737, 0.08070866141732323251 ) ;
#6724 = DIRECTION ( 'NONE',  ( 0.000000000000000000, -1.000000000000000000, 0.000000000000000000 ) ) ;
#6725 = VECTOR ( 'NONE', #5762, 39.37007874015748143 ) ;
#6726 = CARTESIAN_POINT ( 'NONE',  ( 3.464566929133858775, 1.102362204724409489, -5.682581389661670812 ) ) ;
#6727 = DIRECTION ( 'NONE',  ( 0.000000000000000000, -1.000000000000000000, 0.000000000000000000 ) ) ;
#6728 = ORIENTED_EDGE ( 'NONE', *, *, #1950, .T. ) ;
#6729 = VERTEX_POINT ( 'NONE', #5386 ) ;
#6730 = LINE ( 'NONE', #2597, #6679 ) ;
#6731 = LINE ( 'NONE', #1285, #7746 ) ;
#6732 = DIRECTION ( 'NONE',  ( 0.000000000000000000, -1.000000000000000000, 0.000000000000000000 ) ) ;
#6733 = VECTOR ( 'NONE', #6073, 39.37007874015748143 ) ;
#6734 = CARTESIAN_POINT ( 'NONE',  ( 0.8267716535433065062, 1.181102362204724532, -5.422738869976631904 ) ) ;
#6735 = CARTESIAN_POINT ( 'NONE',  ( 0.000000000000000000, 0.000000000000000000, -5.584156192811277286 ) ) ;
#6736 = DIRECTION ( 'NONE',  ( 0.6313919323779687565, 0.000000000000000000, -0.7754638790607945031 ) ) ;
#6737 = CIRCLE ( 'NONE', #7619, 0.08070866141732309373 ) ;
#6738 = ORIENTED_EDGE ( 'NONE', *, *, #2822, .T. ) ;
#6739 = AXIS2_PLACEMENT_3D ( 'NONE', #4891, #1870, #4298 ) ;
#6740 = ORIENTED_EDGE ( 'NONE', *, *, #5501, .F. ) ;
#6741 = DIRECTION ( 'NONE',  ( 0.7071067811865475727, 0.7071067811865475727, 0.000000000000000000 ) ) ;
#6742 = VERTEX_POINT ( 'NONE', #1727 ) ;
#6743 =( GEOMETRIC_REPRESENTATION_CONTEXT ( 3 ) GLOBAL_UNCERTAINTY_ASSIGNED_CONTEXT ( ( #7528 ) ) GLOBAL_UNIT_ASSIGNED_CONTEXT ( ( #3913, #6341, #3757 ) ) REPRESENTATION_CONTEXT ( 'NONE', 'WORKASPACE' ) );
#6744 = DIRECTION ( 'NONE',  ( 0.000000000000000000, -0.000000000000000000, -1.000000000000000000 ) ) ;
#6745 = DIRECTION ( 'NONE',  ( 0.000000000000000000, 0.000000000000000000, -1.000000000000000000 ) ) ;
#6746 = FACE_OUTER_BOUND ( 'NONE', #7303, .T. ) ;
#6747 = AXIS2_PLACEMENT_3D ( 'NONE', #3922, #7531, #2792 ) ;
#6748 = AXIS2_PLACEMENT_3D ( 'NONE', #2414, #5435, #7351 ) ;
#6749 = CIRCLE ( 'NONE', #4347, 0.07874015748031502893 ) ;
#6750 = CIRCLE ( 'NONE', #5352, 0.08070866141732323251 ) ;
#6751 = ORIENTED_EDGE ( 'NONE', *, *, #1867, .T. ) ;
#6752 = EDGE_CURVE ( 'NONE', #2113, #656, #5943, .T. ) ;
#6753 = CARTESIAN_POINT ( 'NONE',  ( -0.6380868253740962226, 1.082677165354330784, -0.8817683053294802509 ) ) ;
#6754 = PLANE ( 'NONE',  #5483 ) ;
#6755 = CARTESIAN_POINT ( 'NONE',  ( 2.263779527559056426, 1.200787401574803237, -1.686518397535686553 ) ) ;
#6756 = CIRCLE ( 'NONE', #2564, 0.08070866141732309373 ) ;
#6757 = FACE_OUTER_BOUND ( 'NONE', #2536, .T. ) ;
#6758 = ORIENTED_EDGE ( 'NONE', *, *, #7255, .F. ) ;
#6759 = LINE ( 'NONE', #3862, #2786 ) ;
#6760 = FACE_OUTER_BOUND ( 'NONE', #1911, .T. ) ;
#6761 = EDGE_CURVE ( 'NONE', #5004, #6069, #2766, .T. ) ;
#6762 = CARTESIAN_POINT ( 'NONE',  ( -2.932747772807171138, 0.9842519685039370358, -3.499326946597359100 ) ) ;
#6763 = ORIENTED_EDGE ( 'NONE', *, *, #217, .T. ) ;
#6764 = ORIENTED_EDGE ( 'NONE', *, *, #7548, .T. ) ;
#6765 = ORIENTED_EDGE ( 'NONE', *, *, #1180, .T. ) ;
#6766 = FACE_OUTER_BOUND ( 'NONE', #3844, .T. ) ;
#6767 = LINE ( 'NONE', #3463, #6585 ) ;
#6768 = AXIS2_PLACEMENT_3D ( 'NONE', #1336, #4958, #3168 ) ;
#6769 = CYLINDRICAL_SURFACE ( 'NONE', #915, 0.08070866141732309373 ) ;
#6770 = DIRECTION ( 'NONE',  ( -1.000000000000000000, 0.000000000000000000, -0.000000000000000000 ) ) ;
#6771 = ORIENTED_EDGE ( 'NONE', *, *, #1656, .T. ) ;
#6772 = ORIENTED_EDGE ( 'NONE', *, *, #1037, .F. ) ;
#6773 = CARTESIAN_POINT ( 'NONE',  ( 3.003149606299212682, 1.102362204724409489, -4.294786114071121652 ) ) ;
#6774 = DIRECTION ( 'NONE',  ( 0.000000000000000000, -1.000000000000000000, 0.000000000000000000 ) ) ;
#6775 = LINE ( 'NONE', #6056, #7707 ) ;
#6776 = AXIS2_PLACEMENT_3D ( 'NONE', #1693, #4125, #3521 ) ;
#6777 = CARTESIAN_POINT ( 'NONE',  ( -0.4939823356951860700, 1.200787401574803237, -1.338864920992645757 ) ) ;
#6778 = VERTEX_POINT ( 'NONE', #3561 ) ;
#6779 = EDGE_CURVE ( 'NONE', #1913, #3668, #3982, .T. ) ;
#6780 = EDGE_LOOP ( 'NONE', ( #6596, #5436, #4674, #1187 ) ) ;
#6781 = CARTESIAN_POINT ( 'NONE',  ( 3.051181102362205966, 1.200787401574803237, -2.473919972338836537 ) ) ;
#6782 = EDGE_LOOP ( 'NONE', ( #3939, #4361 ) ) ;
#6783 = DIRECTION ( 'NONE',  ( 0.000000000000000000, 0.000000000000000000, -1.000000000000000000 ) ) ;
#6784 = EDGE_CURVE ( 'NONE', #1952, #6778, #1506, .T. ) ;
#6785 = PLANE ( 'NONE',  #1040 ) ;
#6786 = CIRCLE ( 'NONE', #1320, 0.08070866141732269128 ) ;
#6787 = PLANE ( 'NONE',  #2560 ) ;
#6788 = ORIENTED_EDGE ( 'NONE', *, *, #1083, .F. ) ;
#6789 = LINE ( 'NONE', #5077, #974 ) ;
#6790 = ADVANCED_FACE ( 'NONE', ( #5706 ), #5945, .T. ) ;
#6791 = ORIENTED_EDGE ( 'NONE', *, *, #6233, .T. ) ;
#6792 = CARTESIAN_POINT ( 'NONE',  ( 1.476377952755906664, 1.200787401574803237, -1.686518397535686553 ) ) ;
#6793 = LINE ( 'NONE', #2535, #1929 ) ;
#6794 = VERTEX_POINT ( 'NONE', #7771 ) ;
#6795 = PLANE ( 'NONE',  #7744 ) ;
#6796 = EDGE_CURVE ( 'NONE', #5328, #1657, #4789, .T. ) ;
#6797 = CARTESIAN_POINT ( 'NONE',  ( 0.000000000000000000, 1.082677165354330784, 0.000000000000000000 ) ) ;
#6798 = ORIENTED_EDGE ( 'NONE', *, *, #2935, .T. ) ;
#6799 = ORIENTED_EDGE ( 'NONE', *, *, #2845, .F. ) ;
#6800 = ORIENTED_EDGE ( 'NONE', *, *, #5664, .T. ) ;
#6801 = CARTESIAN_POINT ( 'NONE',  ( 3.051181102362205966, 1.200787401574803237, -0.8991168227325369022 ) ) ;
#6802 = LINE ( 'NONE', #2655, #739 ) ;
#6803 = DIRECTION ( 'NONE',  ( 0.000000000000000000, 0.000000000000000000, -1.000000000000000000 ) ) ;
#6804 = DIRECTION ( 'NONE',  ( 0.000000000000000000, -1.000000000000000000, 0.000000000000000000 ) ) ;
#6805 = ADVANCED_FACE ( 'NONE', ( #4573 ), #7547, .T. ) ;
#6806 = VERTEX_POINT ( 'NONE', #6981 ) ;
#6807 = EDGE_CURVE ( 'NONE', #4859, #5644, #1552, .T. ) ;
#6808 = EDGE_LOOP ( 'NONE', ( #4456, #6526 ) ) ;
#6809 = LINE ( 'NONE', #85, #2934 ) ;
#6810 = DIRECTION ( 'NONE',  ( 0.000000000000000000, 0.000000000000000000, -1.000000000000000000 ) ) ;
#6811 = ADVANCED_FACE ( 'NONE', ( #4155 ), #4537, .F. ) ;
#6812 = PLANE ( 'NONE',  #1236 ) ;
#6813 = CIRCLE ( 'NONE', #7066, 0.08070866141732309373 ) ;
#6814 = CARTESIAN_POINT ( 'NONE',  ( 2.657480314960631418, 1.200787401574803237, -0.8184081613152137669 ) ) ;
#6815 = EDGE_LOOP ( 'NONE', ( #1793, #5327, #5751, #4638 ) ) ;
#6816 = DIRECTION ( 'NONE',  ( -0.000000000000000000, -1.000000000000000000, -0.000000000000000000 ) ) ;
#6817 = VERTEX_POINT ( 'NONE', #531 ) ;
#6818 = CARTESIAN_POINT ( 'NONE',  ( 1.476377952755906664, 1.082677165354330784, -0.5054160353309620213 ) ) ;
#6819 = DIRECTION ( 'NONE',  ( 0.000000000000000000, -1.000000000000000000, 0.000000000000000000 ) ) ;
#6820 = CIRCLE ( 'NONE', #4034, 0.08070866141732296883 ) ;
#6821 = CARTESIAN_POINT ( 'NONE',  ( -3.838275410434670132, 0.9842519685039370358, -3.125677281211837411 ) ) ;
#6822 = CIRCLE ( 'NONE', #732, 0.06496062992125979652 ) ;
#6823 = VERTEX_POINT ( 'NONE', #2966 ) ;
#6824 = LINE ( 'NONE', #7499, #3517 ) ;
#6825 = CARTESIAN_POINT ( 'NONE',  ( 2.586511303738356471, 1.082677165354330784, -0.07327975035346430410 ) ) ;
#6826 = ORIENTED_EDGE ( 'NONE', *, *, #3533, .F. ) ;
#6827 = CARTESIAN_POINT ( 'NONE',  ( -0.7630032699683352293, 0.000000000000000000, -0.6217540530803252752 ) ) ;
#6828 = LINE ( 'NONE', #186, #1554 ) ;
#6829 = EDGE_LOOP ( 'NONE', ( #3717, #2085 ) ) ;
#6830 = DIRECTION ( 'NONE',  ( 0.000000000000000000, 0.000000000000000000, -1.000000000000000000 ) ) ;
#6831 = VECTOR ( 'NONE', #4661, 39.37007874015748143 ) ;
#6832 = CIRCLE ( 'NONE', #5811, 0.08070866141732323251 ) ;
#6833 = CARTESIAN_POINT ( 'NONE',  ( 1.476377952755906664, 1.082677165354330784, -0.8991168227325369022 ) ) ;
#6834 = AXIS2_PLACEMENT_3D ( 'NONE', #347, #4619, #6522 ) ;
#6835 = CARTESIAN_POINT ( 'NONE',  ( 1.417322834645668772, 0.000000000000000000, 0.000000000000000000 ) ) ;
#6836 = ORIENTED_EDGE ( 'NONE', *, *, #7186, .F. ) ;
#6837 = ORIENTED_EDGE ( 'NONE', *, *, #5191, .F. ) ;
#6838 = EDGE_CURVE ( 'NONE', #6878, #7551, #1470, .T. ) ;
#6839 = FACE_OUTER_BOUND ( 'NONE', #116, .T. ) ;
#6840 = CYLINDRICAL_SURFACE ( 'NONE', #354, 0.08070866141732255250 ) ;
#6841 = ADVANCED_FACE ( 'NONE', ( #5573 ), #693, .F. ) ;
#6842 = AXIS2_PLACEMENT_3D ( 'NONE', #7082, #4741, #7120 ) ;
#6843 = FACE_OUTER_BOUND ( 'NONE', #7189, .T. ) ;
#6844 = CARTESIAN_POINT ( 'NONE',  ( 0.6889763779527567911, 1.200787401574803237, -2.080219184937261545 ) ) ;
#6845 = ORIENTED_EDGE ( 'NONE', *, *, #5845, .T. ) ;
#6846 = ORIENTED_EDGE ( 'NONE', *, *, #452, .F. ) ;
#6847 = DIRECTION ( 'NONE',  ( -0.000000000000000000, -1.000000000000000000, -0.000000000000000000 ) ) ;
#6848 = CARTESIAN_POINT ( 'NONE',  ( 1.082677165354331672, 1.200787401574803237, -2.473919972338836537 ) ) ;
#6849 = LINE ( 'NONE', #4555, #7210 ) ;
#6850 = AXIS2_PLACEMENT_3D ( 'NONE', #2352, #7829, #2389 ) ;
#6851 = DIRECTION ( 'NONE',  ( -0.000000000000000000, -1.000000000000000000, -0.000000000000000000 ) ) ;
#6852 = ORIENTED_EDGE ( 'NONE', *, *, #7297, .T. ) ;
#6853 = DIRECTION ( 'NONE',  ( 0.000000000000000000, 0.000000000000000000, -1.000000000000000000 ) ) ;
#6854 = VERTEX_POINT ( 'NONE', #7296 ) ;
#6855 = DIRECTION ( 'NONE',  ( 0.000000000000000000, -1.000000000000000000, 0.000000000000000000 ) ) ;
#6856 = FACE_BOUND ( 'NONE', #5862, .T. ) ;
#6857 = CARTESIAN_POINT ( 'NONE',  ( 1.476377952755906220, 1.200787401574803237, -2.554628633756159672 ) ) ;
#6858 = AXIS2_PLACEMENT_3D ( 'NONE', #4120, #4716, #413 ) ;
#6859 = VECTOR ( 'NONE', #1132, 39.37007874015748143 ) ;
#6860 = VECTOR ( 'NONE', #5270, 39.37007874015748143 ) ;
#6861 = CIRCLE ( 'NONE', #1027, 0.08070866141732296883 ) ;
#6862 = ORIENTED_EDGE ( 'NONE', *, *, #3050, .T. ) ;
#6863 = DIRECTION ( 'NONE',  ( -0.000000000000000000, -0.000000000000000000, -1.000000000000000000 ) ) ;
#6864 = CARTESIAN_POINT ( 'NONE',  ( 4.361163890062311310, 1.377952755905512028, -0.7663232183196890812 ) ) ;
#6865 = DIRECTION ( 'NONE',  ( 0.000000000000000000, 0.000000000000000000, -1.000000000000000000 ) ) ;
#6866 = DIRECTION ( 'NONE',  ( 0.000000000000000000, -1.000000000000000000, 0.000000000000000000 ) ) ;
#6867 = ORIENTED_EDGE ( 'NONE', *, *, #1052, .T. ) ;
#6868 = CARTESIAN_POINT ( 'NONE',  ( 0.000000000000000000, 0.000000000000000000, -2.867620759740411085 ) ) ;
#6869 = VECTOR ( 'NONE', #3495, 39.37007874015748143 ) ;
#6870 = DIRECTION ( 'NONE',  ( 0.000000000000000000, -0.000000000000000000, -1.000000000000000000 ) ) ;
#6871 = VECTOR ( 'NONE', #4690, 39.37007874015748143 ) ;
#6872 = DIRECTION ( 'NONE',  ( 0.000000000000000000, -1.000000000000000000, 0.000000000000000000 ) ) ;
#6873 = AXIS2_PLACEMENT_3D ( 'NONE', #7424, #6275, #5114 ) ;
#6874 = VECTOR ( 'NONE', #1946, 39.37007874015748143 ) ;
#6875 = ORIENTED_EDGE ( 'NONE', *, *, #7047, .F. ) ;
#6876 = EDGE_CURVE ( 'NONE', #5467, #2223, #6775, .T. ) ;
#6877 = AXIS2_PLACEMENT_3D ( 'NONE', #6591, #5913, #1068 ) ;
#6878 = VERTEX_POINT ( 'NONE', #5455 ) ;
#6879 = DIRECTION ( 'NONE',  ( 0.000000000000000000, -1.000000000000000000, 0.000000000000000000 ) ) ;
#6880 = CARTESIAN_POINT ( 'NONE',  ( -0.3149606299212595606, 4.628586327486060049E-16, -5.584156192811277286 ) ) ;
#6881 = CIRCLE ( 'NONE', #1806, 0.08070866141732313537 ) ;
#6882 = DIRECTION ( 'NONE',  ( 0.000000000000000000, 0.000000000000000000, -1.000000000000000000 ) ) ;
#6883 = PLANE ( 'NONE',  #7288 ) ;
#6884 = ORIENTED_EDGE ( 'NONE', *, *, #2440, .F. ) ;
#6885 = VERTEX_POINT ( 'NONE', #3722 ) ;
#6886 = EDGE_CURVE ( 'NONE', #4683, #5918, #6822, .T. ) ;
#6887 = DIRECTION ( 'NONE',  ( 0.000000000000000000, 0.000000000000000000, 1.000000000000000000 ) ) ;
#6888 = CARTESIAN_POINT ( 'NONE',  ( 1.082677165354331672, 1.200787401574803237, -2.554628633756159672 ) ) ;
#6889 = DIRECTION ( 'NONE',  ( 0.000000000000000000, 0.000000000000000000, -1.000000000000000000 ) ) ;
#6890 = FACE_OUTER_BOUND ( 'NONE', #7814, .T. ) ;
#6891 = EDGE_LOOP ( 'NONE', ( #3099, #295 ) ) ;
#6892 = ORIENTED_EDGE ( 'NONE', *, *, #6085, .F. ) ;
#6893 = CARTESIAN_POINT ( 'NONE',  ( -1.209156866078665571, 1.200787401574803237, -0.9850176283311469216 ) ) ;
#6894 = DIRECTION ( 'NONE',  ( 0.000000000000000000, -0.000000000000000000, -1.000000000000000000 ) ) ;
#6895 = CARTESIAN_POINT ( 'NONE',  ( -0.6380868253740962226, 1.200787401574803237, -0.8010596439121572265 ) ) ;
#6896 = EDGE_CURVE ( 'NONE', #6716, #3496, #1848, .T. ) ;
#6897 = AXIS2_PLACEMENT_3D ( 'NONE', #1410, #1366, #5576 ) ;
#6898 = ORIENTED_EDGE ( 'NONE', *, *, #4684, .F. ) ;
#6899 = VECTOR ( 'NONE', #202, 39.37007874015748143 ) ;
#6900 = DIRECTION ( 'NONE',  ( -0.000000000000000000, -1.000000000000000000, -0.000000000000000000 ) ) ;
#6901 = DIRECTION ( 'NONE',  ( 0.000000000000000000, 0.000000000000000000, -1.000000000000000000 ) ) ;
#6902 = EDGE_CURVE ( 'NONE', #388, #5904, #92, .T. ) ;
#6903 = AXIS2_PLACEMENT_3D ( 'NONE', #5382, #5905, #3599 ) ;
#6904 = FACE_OUTER_BOUND ( 'NONE', #4227, .T. ) ;
#6905 = LINE ( 'NONE', #2095, #3580 ) ;
#6906 = ADVANCED_FACE ( 'NONE', ( #729 ), #1766, .T. ) ;
#6907 = LINE ( 'NONE', #5703, #5865 ) ;
#6908 = ORIENTED_EDGE ( 'NONE', *, *, #7724, .T. ) ;
#6909 = DIRECTION ( 'NONE',  ( 0.000000000000000000, 0.000000000000000000, -1.000000000000000000 ) ) ;
#6910 = DIRECTION ( 'NONE',  ( 0.000000000000000000, 0.000000000000000000, -1.000000000000000000 ) ) ;
#6911 = EDGE_CURVE ( 'NONE', #204, #1305, #7076, .T. ) ;
#6912 = ORIENTED_EDGE ( 'NONE', *, *, #6467, .F. ) ;
#6913 = DIRECTION ( 'NONE',  ( -0.000000000000000000, -1.000000000000000000, -0.000000000000000000 ) ) ;
#6914 = ORIENTED_EDGE ( 'NONE', *, *, #7382, .F. ) ;
#6915 = ADVANCED_FACE ( 'NONE', ( #4278 ), #605, .F. ) ;
#6916 = VERTEX_POINT ( 'NONE', #1246 ) ;
#6917 = FACE_OUTER_BOUND ( 'NONE', #1036, .T. ) ;
#6918 = EDGE_CURVE ( 'NONE', #5806, #6502, #7212, .T. ) ;
#6919 = DIRECTION ( 'NONE',  ( -1.000000000000000000, 0.000000000000000000, 0.000000000000000000 ) ) ;
#6920 = ADVANCED_FACE ( 'NONE', ( #2562 ), #4831, .T. ) ;
#6921 = DIRECTION ( 'NONE',  ( 0.000000000000000000, 0.000000000000000000, -1.000000000000000000 ) ) ;
#6922 = CARTESIAN_POINT ( 'NONE',  ( 0.2952755905511818546, 1.102362204724409933, -3.379431783362458308 ) ) ;
#6923 = EDGE_LOOP ( 'NONE', ( #7710, #2137 ) ) ;
#6924 = ORIENTED_EDGE ( 'NONE', *, *, #3613, .T. ) ;
#6925 = FACE_OUTER_BOUND ( 'NONE', #7640, .T. ) ;
#6926 = DIRECTION ( 'NONE',  ( -0.000000000000000000, -1.000000000000000000, -0.000000000000000000 ) ) ;
#6927 = CARTESIAN_POINT ( 'NONE',  ( 1.082677165354331672, 1.082677165354330784, -1.373526271551434697 ) ) ;
#6928 = DIRECTION ( 'NONE',  ( 0.000000000000000000, 0.000000000000000000, -1.000000000000000000 ) ) ;
#6929 = EDGE_CURVE ( 'NONE', #6069, #309, #4195, .T. ) ;
#6930 = AXIS2_PLACEMENT_3D ( 'NONE', #7131, #1845, #1326 ) ;
#6931 = CARTESIAN_POINT ( 'NONE',  ( 1.870078740157481434, 1.200787401574803237, -1.686518397535686553 ) ) ;
#6932 = ORIENTED_EDGE ( 'NONE', *, *, #3390, .T. ) ;
#6933 = ORIENTED_EDGE ( 'NONE', *, *, #4809, .F. ) ;
#6934 = CARTESIAN_POINT ( 'NONE',  ( -3.838275410434667467, 1.377952755905512028, -3.125677281211834302 ) ) ;
#6935 = DIRECTION ( 'NONE',  ( 0.000000000000000000, -1.000000000000000000, 0.000000000000000000 ) ) ;
#6936 = EDGE_CURVE ( 'NONE', #5449, #2950, #854, .T. ) ;
#6937 = DIRECTION ( 'NONE',  ( 0.000000000000000000, 0.000000000000000000, -1.000000000000000000 ) ) ;
#6938 = VERTEX_POINT ( 'NONE', #6141 ) ;
#6939 = DIRECTION ( 'NONE',  ( -1.000000000000000000, 0.000000000000000000, 0.000000000000000000 ) ) ;
#6940 = DIRECTION ( 'NONE',  ( 0.000000000000000000, 1.000000000000000000, 0.000000000000000000 ) ) ;
#6941 = EDGE_LOOP ( 'NONE', ( #3467, #7557 ) ) ;
#6942 = CARTESIAN_POINT ( 'NONE',  ( 4.410922161620142390, 0.5905511811023628210, -1.279358264170010528 ) ) ;
#6943 = ORIENTED_EDGE ( 'NONE', *, *, #3008, .F. ) ;
#6944 = DIRECTION ( 'NONE',  ( 0.000000000000000000, 0.000000000000000000, -1.000000000000000000 ) ) ;
#6945 = VERTEX_POINT ( 'NONE', #5420 ) ;
#6946 = CARTESIAN_POINT ( 'NONE',  ( 1.082677165354331672, 1.082677165354330784, -2.080219184937261545 ) ) ;
#6947 = CARTESIAN_POINT ( 'NONE',  ( 3.051181102362205966, 1.200787401574803237, -2.080219184937261545 ) ) ;
#6948 = AXIS2_PLACEMENT_3D ( 'NONE', #1817, #3045, #2879 ) ;
#6949 = ADVANCED_FACE ( 'NONE', ( #89 ), #1812, .F. ) ;
#6950 = EDGE_CURVE ( 'NONE', #4008, #986, #3086, .T. ) ;
#6951 = ORIENTED_EDGE ( 'NONE', *, *, #3172, .F. ) ;
#6952 = LINE ( 'NONE', #2296, #5304 ) ;
#6953 = VECTOR ( 'NONE', #3493, 39.37007874015748143 ) ;
#6954 = VERTEX_POINT ( 'NONE', #1214 ) ;
#6955 = AXIS2_PLACEMENT_3D ( 'NONE', #270, #3295, #343 ) ;
#6956 = ORIENTED_EDGE ( 'NONE', *, *, #7872, .F. ) ;
#6957 = PLANE ( 'NONE',  #6095 ) ;
#6958 = PLANE ( 'NONE',  #5984 ) ;
#6959 = CARTESIAN_POINT ( 'NONE',  ( 3.346456692913386100, 0.6791338582677166613, -5.347935720370331936 ) ) ;
#6960 = ORIENTED_EDGE ( 'NONE', *, *, #414, .F. ) ;
#6961 = EDGE_LOOP ( 'NONE', ( #6605, #1906, #2438, #6682 ) ) ;
#6962 = AXIS2_PLACEMENT_3D ( 'NONE', #881, #2781, #5176 ) ;
#6963 = ORIENTED_EDGE ( 'NONE', *, *, #484, .T. ) ;
#6964 = CARTESIAN_POINT ( 'NONE',  ( 1.870078740157481212, 1.200787401574803237, -2.473919972338836537 ) ) ;
#6965 = DIRECTION ( 'NONE',  ( -0.000000000000000000, -1.000000000000000000, -0.000000000000000000 ) ) ;
#6966 = DIRECTION ( 'NONE',  ( 0.000000000000000000, -1.000000000000000000, 0.000000000000000000 ) ) ;
#6967 = FACE_OUTER_BOUND ( 'NONE', #7058, .T. ) ;
#6968 = CARTESIAN_POINT ( 'NONE',  ( 2.657480314960630530, 1.200787401574803237, -2.473919972338836537 ) ) ;
#6969 = EDGE_LOOP ( 'NONE', ( #3624, #2243, #5090, #3223 ) ) ;
#6970 = EDGE_LOOP ( 'NONE', ( #6758, #251, #1591, #3296 ) ) ;
#6971 = DIRECTION ( 'NONE',  ( -0.000000000000000000, -1.000000000000000000, -0.000000000000000000 ) ) ;
#6972 = DIRECTION ( 'NONE',  ( -0.000000000000000000, -1.000000000000000000, -0.000000000000000000 ) ) ;
#6973 = CARTESIAN_POINT ( 'NONE',  ( -0.8876831230967642261, 1.200787401574803237, -2.101483349169367632 ) ) ;
#6974 = AXIS2_PLACEMENT_3D ( 'NONE', #4139, #1786, #7861 ) ;
#6975 = ORIENTED_EDGE ( 'NONE', *, *, #132, .F. ) ;
#6976 = LINE ( 'NONE', #5275, #1875 ) ;
#6977 = ORIENTED_EDGE ( 'NONE', *, *, #5496, .T. ) ;
#6978 = CARTESIAN_POINT ( 'NONE',  ( 1.870078740157481434, 1.200787401574803237, -0.1117152479293870848 ) ) ;
#6979 = CARTESIAN_POINT ( 'NONE',  ( 1.870078740157481434, 1.200787401574803237, -2.080219184937261545 ) ) ;
#6980 = CARTESIAN_POINT ( 'NONE',  ( -0.6908327293959752868, 1.082677165354330784, -1.679819804372344683 ) ) ;
#6981 = CARTESIAN_POINT ( 'NONE',  ( 1.082677165354331672, 1.082677165354330784, -1.767227058953009688 ) ) ;
#6982 = AXIS2_PLACEMENT_3D ( 'NONE', #5907, #4718, #7723 ) ;
#6983 = CIRCLE ( 'NONE', #5978, 0.08070866141732323251 ) ;
#6984 = ADVANCED_FACE ( 'NONE', ( #1290 ), #4905, .F. ) ;
#6985 = ORIENTED_EDGE ( 'NONE', *, *, #855, .T. ) ;
#6986 = DIRECTION ( 'NONE',  ( 0.000000000000000000, 1.000000000000000000, 0.000000000000000000 ) ) ;
#6987 = VECTOR ( 'NONE', #6218, 39.37007874015748143 ) ;
#6988 = ORIENTED_EDGE ( 'NONE', *, *, #5735, .F. ) ;
#6989 = VECTOR ( 'NONE', #4197, 39.37007874015748143 ) ;
#6990 = ORIENTED_EDGE ( 'NONE', *, *, #7820, .T. ) ;
#6991 = VECTOR ( 'NONE', #5809, 39.37007874015748143 ) ;
#6992 = AXIS2_PLACEMENT_3D ( 'NONE', #7524, #925, #3237 ) ;
#6993 = LINE ( 'NONE', #431, #3052 ) ;
#6994 = DIRECTION ( 'NONE',  ( 0.000000000000000000, 0.000000000000000000, -1.000000000000000000 ) ) ;
#6995 = ADVANCED_FACE ( 'NONE', ( #5029 ), #3276, .F. ) ;
#6996 = VECTOR ( 'NONE', #5186, 39.37007874015748143 ) ;
#6997 = EDGE_CURVE ( 'NONE', #1218, #3786, #5051, .T. ) ;
#6998 = VECTOR ( 'NONE', #3739, 39.37007874015748854 ) ;
#6999 = VECTOR ( 'NONE', #5547, 39.37007874015748143 ) ;
#7000 = CIRCLE ( 'NONE', #148, 0.08070866141732323251 ) ;
#7001 = DIRECTION ( 'NONE',  ( -1.000000000000000000, 0.000000000000000000, 0.000000000000000000 ) ) ;
#7002 = ORIENTED_EDGE ( 'NONE', *, *, #523, .F. ) ;
#7003 = VERTEX_POINT ( 'NONE', #3314 ) ;
#7004 = ORIENTED_EDGE ( 'NONE', *, *, #5834, .T. ) ;
#7005 = CARTESIAN_POINT ( 'NONE',  ( 0.2952755905511819101, 1.200787401574803237, -2.393211310921513402 ) ) ;
#7006 = CARTESIAN_POINT ( 'NONE',  ( 1.870078740157481434, 1.082677165354330784, -1.373526271551434919 ) ) ;
#7007 = AXIS2_PLACEMENT_3D ( 'NONE', #4689, #3048, #3004 ) ;
#7008 = DIRECTION ( 'NONE',  ( 0.000000000000000000, 0.000000000000000000, -1.000000000000000000 ) ) ;
#7009 = CIRCLE ( 'NONE', #4607, 0.08070866141732323251 ) ;
#7010 = CARTESIAN_POINT ( 'NONE',  ( 3.051181102362205966, 1.200787401574803237, -2.473919972338836537 ) ) ;
#7011 = DIRECTION ( 'NONE',  ( 0.000000000000000000, 0.000000000000000000, -1.000000000000000000 ) ) ;
#7012 = ORIENTED_EDGE ( 'NONE', *, *, #6109, .T. ) ;
#7013 = ORIENTED_EDGE ( 'NONE', *, *, #3873, .T. ) ;
#7014 = PLANE ( 'NONE',  #2938 ) ;
#7015 = ADVANCED_FACE ( 'NONE', ( #6890 ), #3918, .T. ) ;
#7016 = DIRECTION ( 'NONE',  ( 0.000000000000000000, 0.000000000000000000, -1.000000000000000000 ) ) ;
#7017 = DIRECTION ( 'NONE',  ( 0.000000000000000000, -1.000000000000000000, 0.000000000000000000 ) ) ;
#7018 = EDGE_CURVE ( 'NONE', #7088, #1835, #5655, .T. ) ;
#7019 = EDGE_CURVE ( 'NONE', #4321, #2472, #173, .T. ) ;
#7020 = ORIENTED_EDGE ( 'NONE', *, *, #6599, .T. ) ;
#7021 = CARTESIAN_POINT ( 'NONE',  ( -0.1968503937007870241, 0.6791338582677166613, -5.347935720370331936 ) ) ;
#7022 = DIRECTION ( 'NONE',  ( 0.000000000000000000, 0.000000000000000000, -1.000000000000000000 ) ) ;
#7023 = ORIENTED_EDGE ( 'NONE', *, *, #5746, .F. ) ;
#7024 = CARTESIAN_POINT ( 'NONE',  ( 3.003149606299212682, 0.8464566929133909845, -3.074313673126239710 ) ) ;
#7025 = VERTEX_POINT ( 'NONE', #323 ) ;
#7026 = CARTESIAN_POINT ( 'NONE',  ( 1.417322834645668772, 1.358267716535431102, 0.000000000000000000 ) ) ;
#7027 = CARTESIAN_POINT ( 'NONE',  ( 1.082677165354331672, 1.200787401574803237, -2.393211310921513402 ) ) ;
#7028 = DIRECTION ( 'NONE',  ( -1.000000000000000000, 1.264902534566421675E-16, 0.000000000000000000 ) ) ;
#7029 = CIRCLE ( 'NONE', #6650, 0.08070866141732323251 ) ;
#7030 = EDGE_CURVE ( 'NONE', #5644, #5478, #7446, .T. ) ;
#7031 = VERTEX_POINT ( 'NONE', #2711 ) ;
#7032 = CYLINDRICAL_SURFACE ( 'NONE', #6834, 0.08070866141732313537 ) ;
#7033 = ORIENTED_EDGE ( 'NONE', *, *, #1416, .F. ) ;
#7034 = DIRECTION ( 'NONE',  ( 0.000000000000000000, 0.000000000000000000, -1.000000000000000000 ) ) ;
#7035 = ADVANCED_FACE ( 'NONE', ( #6967 ), #3956, .F. ) ;
#7036 = ORIENTED_EDGE ( 'NONE', *, *, #3670, .F. ) ;
#7037 = DIRECTION ( 'NONE',  ( 0.000000000000000000, -1.000000000000000000, 0.000000000000000000 ) ) ;
#7038 = EDGE_CURVE ( 'NONE', #3591, #751, #6058, .T. ) ;
#7039 = FACE_BOUND ( 'NONE', #4071, .T. ) ;
#7040 = ORIENTED_EDGE ( 'NONE', *, *, #5489, .F. ) ;
#7041 = ORIENTED_EDGE ( 'NONE', *, *, #6093, .T. ) ;
#7042 = ORIENTED_EDGE ( 'NONE', *, *, #777, .T. ) ;
#7043 = DIRECTION ( 'NONE',  ( -0.1730638617519519584, 0.000000000000000000, -0.9849106049563591814 ) ) ;
#7044 = DIRECTION ( 'NONE',  ( 0.000000000000000000, -1.000000000000000000, 0.000000000000000000 ) ) ;
#7045 = FACE_OUTER_BOUND ( 'NONE', #6102, .T. ) ;
#7046 = DIRECTION ( 'NONE',  ( 1.782832224163111297E-17, 1.000000000000000000, 2.127258573383723613E-17 ) ) ;
#7047 = EDGE_CURVE ( 'NONE', #4814, #4048, #1965, .T. ) ;
#7048 = PLANE ( 'NONE',  #4602 ) ;
#7049 = EDGE_CURVE ( 'NONE', #1144, #5004, #6849, .T. ) ;
#7050 = ORIENTED_EDGE ( 'NONE', *, *, #4221, .F. ) ;
#7051 = ORIENTED_EDGE ( 'NONE', *, *, #7217, .F. ) ;
#7052 = DIRECTION ( 'NONE',  ( 0.000000000000000000, -0.000000000000000000, -1.000000000000000000 ) ) ;
#7053 = CARTESIAN_POINT ( 'NONE',  ( 0.2952755905511819101, 1.102362204724409933, -5.584156192811277286 ) ) ;
#7054 = DIRECTION ( 'NONE',  ( 0.000000000000000000, -1.000000000000000000, 0.000000000000000000 ) ) ;
#7055 = EDGE_CURVE ( 'NONE', #2278, #5563, #2040, .T. ) ;
#7056 = FACE_OUTER_BOUND ( 'NONE', #3645, .T. ) ;
#7057 = LINE ( 'NONE', #7106, #2166 ) ;
#7058 = EDGE_LOOP ( 'NONE', ( #7220, #7353, #485, #3727 ) ) ;
#7059 = DIRECTION ( 'NONE',  ( -0.000000000000000000, -1.000000000000000000, -0.000000000000000000 ) ) ;
#7060 = DIRECTION ( 'NONE',  ( 0.000000000000000000, -1.000000000000000000, 0.000000000000000000 ) ) ;
#7061 = ORIENTED_EDGE ( 'NONE', *, *, #7706, .F. ) ;
#7062 = DIRECTION ( 'NONE',  ( -0.000000000000000000, -1.000000000000000000, -0.000000000000000000 ) ) ;
#7063 = ORIENTED_EDGE ( 'NONE', *, *, #5994, .F. ) ;
#7064 = CARTESIAN_POINT ( 'NONE',  ( -1.084533516797553387, 1.200787401574803237, -2.442438232549066779 ) ) ;
#7065 = CARTESIAN_POINT ( 'NONE',  ( 0.2952755905511813550, 0.000000000000000000, -3.084156192811276842 ) ) ;
#7066 = AXIS2_PLACEMENT_3D ( 'NONE', #5152, #3329, #1015 ) ;
#7067 = ORIENTED_EDGE ( 'NONE', *, *, #7841, .T. ) ;
#7068 = CARTESIAN_POINT ( 'NONE',  ( 0.8070866141732255805, 1.377952755905512028, -3.737699499897893407 ) ) ;
#7069 = ORIENTED_EDGE ( 'NONE', *, *, #1871, .F. ) ;
#7070 = CARTESIAN_POINT ( 'NONE',  ( 1.870078740157481212, 1.082677165354330784, -2.473919972338836537 ) ) ;
#7071 = ORIENTED_EDGE ( 'NONE', *, *, #1557, .T. ) ;
#7072 = AXIS2_PLACEMENT_3D ( 'NONE', #3445, #6394, #4045 ) ;
#7073 = EDGE_CURVE ( 'NONE', #6885, #1659, #6302, .T. ) ;
#7074 = LINE ( 'NONE', #7109, #7865 ) ;
#7075 = DIRECTION ( 'NONE',  ( 0.000000000000000000, -1.000000000000000000, 0.000000000000000000 ) ) ;
#7076 = CIRCLE ( 'NONE', #4677, 0.08070866141732309373 ) ;
#7077 = LINE ( 'NONE', #2858, #3400 ) ;
#7078 = EDGE_LOOP ( 'NONE', ( #2800, #4866, #283, #2026 ) ) ;
#7079 = ADVANCED_FACE ( 'NONE', ( #3354 ), #6812, .T. ) ;
#7080 = ORIENTED_EDGE ( 'NONE', *, *, #5281, .T. ) ;
#7081 = VERTEX_POINT ( 'NONE', #5689 ) ;
#7082 = CARTESIAN_POINT ( 'NONE',  ( 0.6889763779527567911, 1.082677165354330784, -0.8991168227325369022 ) ) ;
#7083 = CARTESIAN_POINT ( 'NONE',  ( -1.425488400177252757, 1.200787401574803237, -2.326296500265601086 ) ) ;
#7084 = DIRECTION ( 'NONE',  ( -1.000000000000000000, 0.000000000000000000, 0.000000000000000000 ) ) ;
#7085 = AXIS2_PLACEMENT_3D ( 'NONE', #6643, #672, #3143 ) ;
#7086 = CARTESIAN_POINT ( 'NONE',  ( 1.870078740157481434, 1.082677165354330784, 0.2819855394721875186 ) ) ;
#7087 = FACE_OUTER_BOUND ( 'NONE', #7281, .T. ) ;
#7088 = VERTEX_POINT ( 'NONE', #209 ) ;
#7089 = DIRECTION ( 'NONE',  ( 0.000000000000000000, 1.000000000000000000, 0.000000000000000000 ) ) ;
#7090 = DIRECTION ( 'NONE',  ( 0.000000000000000000, 1.000000000000000000, 0.000000000000000000 ) ) ;
#7091 = CARTESIAN_POINT ( 'NONE',  ( 0.000000000000000000, 15.67005943375638211, -5.387305799110489346 ) ) ;
#7092 = DIRECTION ( 'NONE',  ( -1.000000000000000000, 0.000000000000000000, 1.110223024625156294E-16 ) ) ;
#7093 = EDGE_CURVE ( 'NONE', #1046, #4051, #4431, .T. ) ;
#7094 = CARTESIAN_POINT ( 'NONE',  ( 3.003149606299212682, 1.377952755905512028, -4.294786114071121652 ) ) ;
#7095 = ORIENTED_EDGE ( 'NONE', *, *, #6902, .T. ) ;
#7096 = PLANE ( 'NONE',  #5377 ) ;
#7097 = CARTESIAN_POINT ( 'NONE',  ( 1.683456868827871489, 1.082677165354330784, 0.2712402631777444117 ) ) ;
#7098 = EDGE_LOOP ( 'NONE', ( #6653, #468, #4362, #2058 ) ) ;
#7099 = DIRECTION ( 'NONE',  ( 0.000000000000000000, -1.000000000000000000, 0.000000000000000000 ) ) ;
#7100 = DIRECTION ( 'NONE',  ( 0.000000000000000000, 0.000000000000000000, -1.000000000000000000 ) ) ;
#7101 = CARTESIAN_POINT ( 'NONE',  ( 4.200257216871372989, 0.5905511811023628210, -1.682046970405764563 ) ) ;
#7102 = CIRCLE ( 'NONE', #4702, 0.08070866141732296883 ) ;
#7103 = VERTEX_POINT ( 'NONE', #7562 ) ;
#7104 = DIRECTION ( 'NONE',  ( 0.000000000000000000, -0.000000000000000000, -1.000000000000000000 ) ) ;
#7105 = EDGE_LOOP ( 'NONE', ( #2175, #1447 ) ) ;
#7106 = CARTESIAN_POINT ( 'NONE',  ( 3.455905511811023789, 0.8464566929133860995, -5.849388579488668860 ) ) ;
#7107 = ORIENTED_EDGE ( 'NONE', *, *, #7287, .T. ) ;
#7108 = CIRCLE ( 'NONE', #1778, 0.08070866141732296883 ) ;
#7109 = CARTESIAN_POINT ( 'NONE',  ( 3.464566929133858775, 1.102362204724409489, -5.584156192811277286 ) ) ;
#7110 = AXIS2_PLACEMENT_3D ( 'NONE', #3361, #6422, #7016 ) ;
#7111 = DIRECTION ( 'NONE',  ( 0.000000000000000000, -1.000000000000000000, 0.000000000000000000 ) ) ;
#7112 = AXIS2_PLACEMENT_3D ( 'NONE', #4401, #6300, #2599 ) ;
#7113 = ADVANCED_FACE ( 'NONE', ( #2632 ), #7481, .F. ) ;
#7114 = VECTOR ( 'NONE', #7874, 39.37007874015748143 ) ;
#7115 = FACE_BOUND ( 'NONE', #5117, .T. ) ;
#7116 = AXIS2_PLACEMENT_3D ( 'NONE', #7828, #3550, #1161 ) ;
#7117 = VERTEX_POINT ( 'NONE', #2080 ) ;
#7118 = ORIENTED_EDGE ( 'NONE', *, *, #4331, .T. ) ;
#7119 = ORIENTED_EDGE ( 'NONE', *, *, #3625, .F. ) ;
#7120 = DIRECTION ( 'NONE',  ( 0.000000000000000000, 0.000000000000000000, -1.000000000000000000 ) ) ;
#7121 = DIRECTION ( 'NONE',  ( 0.000000000000000000, 0.000000000000000000, -1.000000000000000000 ) ) ;
#7122 = DIRECTION ( 'NONE',  ( 0.000000000000000000, -1.000000000000000000, 0.000000000000000000 ) ) ;
#7123 = VECTOR ( 'NONE', #3103, 39.37007874015748854 ) ;
#7124 = CARTESIAN_POINT ( 'NONE',  ( -0.03129498633245732936, 0.9842519685039373689, -1.539002674835876494 ) ) ;
#7125 = AXIS2_PLACEMENT_3D ( 'NONE', #983, #6555, #3572 ) ;
#7126 = AXIS2_PLACEMENT_3D ( 'NONE', #6318, #863, #3292 ) ;
#7127 = FACE_OUTER_BOUND ( 'NONE', #2842, .T. ) ;
#7128 = EDGE_CURVE ( 'NONE', #4048, #2724, #4521, .T. ) ;
#7129 = CIRCLE ( 'NONE', #3837, 0.08070866141732323251 ) ;
#7130 = ORIENTED_EDGE ( 'NONE', *, *, #959, .F. ) ;
#7131 = CARTESIAN_POINT ( 'NONE',  ( 3.051181102362205966, 1.200787401574803237, -0.5054160353309620213 ) ) ;
#7132 = AXIS2_PLACEMENT_3D ( 'NONE', #7440, #2657, #3751 ) ;
#7133 = LINE ( 'NONE', #936, #5334 ) ;
#7134 = EDGE_CURVE ( 'NONE', #3290, #5918, #3389, .T. ) ;
#7135 = DIRECTION ( 'NONE',  ( -0.000000000000000000, -1.000000000000000000, -0.000000000000000000 ) ) ;
#7136 = DIRECTION ( 'NONE',  ( 0.000000000000000000, -1.000000000000000000, 0.000000000000000000 ) ) ;
#7137 = ORIENTED_EDGE ( 'NONE', *, *, #6419, .T. ) ;
#7138 = DIRECTION ( 'NONE',  ( 0.000000000000000000, -1.000000000000000000, 0.000000000000000000 ) ) ;
#7139 = DIRECTION ( 'NONE',  ( 0.000000000000000000, -1.000000000000000000, 0.000000000000000000 ) ) ;
#7140 = ORIENTED_EDGE ( 'NONE', *, *, #124, .F. ) ;
#7141 = CARTESIAN_POINT ( 'NONE',  ( 1.476377952755906664, 1.082677165354330784, -0.8991168227325369022 ) ) ;
#7142 = EDGE_CURVE ( 'NONE', #7300, #1129, #5432, .T. ) ;
#7143 = CARTESIAN_POINT ( 'NONE',  ( 0.000000000000000000, 1.082677165354331672, -3.084156192811276842 ) ) ;
#7144 = CARTESIAN_POINT ( 'NONE',  ( -0.1968503937007870241, 0.6791338582677166613, -5.347935720370331936 ) ) ;
#7145 = VECTOR ( 'NONE', #6273, 39.37007874015748143 ) ;
#7146 = EDGE_CURVE ( 'NONE', #4944, #5283, #4033, .T. ) ;
#7147 = ORIENTED_EDGE ( 'NONE', *, *, #2044, .T. ) ;
#7148 = EDGE_CURVE ( 'NONE', #2521, #3963, #2382, .T. ) ;
#7149 = PLANE ( 'NONE',  #480 ) ;
#7150 = ORIENTED_EDGE ( 'NONE', *, *, #7658, .T. ) ;
#7151 = DIRECTION ( 'NONE',  ( 0.000000000000000000, -1.000000000000000000, 0.000000000000000000 ) ) ;
#7152 = EDGE_LOOP ( 'NONE', ( #5784, #494, #715, #5253 ) ) ;
#7153 = EDGE_CURVE ( 'NONE', #6439, #1548, #6832, .T. ) ;
#7154 = CYLINDRICAL_SURFACE ( 'NONE', #373, 0.08070866141732323251 ) ;
#7155 = ADVANCED_FACE ( 'NONE', ( #5901 ), #2785, .F. ) ;
#7156 = DIRECTION ( 'NONE',  ( 0.000000000000000000, -1.000000000000000000, 0.000000000000000000 ) ) ;
#7157 = VERTEX_POINT ( 'NONE', #443 ) ;
#7158 = ORIENTED_EDGE ( 'NONE', *, *, #172, .F. ) ;
#7159 = AXIS2_PLACEMENT_3D ( 'NONE', #6408, #838, #7441 ) ;
#7160 = EDGE_CURVE ( 'NONE', #3461, #245, #4744, .T. ) ;
#7161 = ORIENTED_EDGE ( 'NONE', *, *, #319, .T. ) ;
#7162 = AXIS2_PLACEMENT_3D ( 'NONE', #4074, #1095, #3513 ) ;
#7163 = DIRECTION ( 'NONE',  ( 0.000000000000000000, 0.000000000000000000, -1.000000000000000000 ) ) ;
#7164 = FACE_OUTER_BOUND ( 'NONE', #6815, .T. ) ;
#7165 = DIRECTION ( 'NONE',  ( -0.000000000000000000, -1.000000000000000000, -0.000000000000000000 ) ) ;
#7166 = CARTESIAN_POINT ( 'NONE',  ( 2.657480314960631418, 1.082677165354330784, -0.9798254841498599266 ) ) ;
#7167 = CARTESIAN_POINT ( 'NONE',  ( 4.213786031045992253, 0.3423628645074748289, -1.605054163136937717 ) ) ;
#7168 = VERTEX_POINT ( 'NONE', #7166 ) ;
#7169 = VERTEX_POINT ( 'NONE', #4710 ) ;
#7170 = DIRECTION ( 'NONE',  ( 1.000000000000000000, -1.067522139062650671E-16, -0.000000000000000000 ) ) ;
#7171 = DIRECTION ( 'NONE',  ( 0.000000000000000000, 0.000000000000000000, -1.000000000000000000 ) ) ;
#7172 = DIRECTION ( 'NONE',  ( 0.000000000000000000, 0.000000000000000000, -1.000000000000000000 ) ) ;
#7173 = AXIS2_PLACEMENT_3D ( 'NONE', #5553, #4385, #1309 ) ;
#7174 = CARTESIAN_POINT ( 'NONE',  ( 4.979931238450483831E-17, 0.3937007874015752140, -5.584156192811277286 ) ) ;
#7175 = EDGE_CURVE ( 'NONE', #7739, #5850, #2867, .T. ) ;
#7176 = DIRECTION ( 'NONE',  ( 0.000000000000000000, -1.000000000000000000, 0.000000000000000000 ) ) ;
#7177 = ORIENTED_EDGE ( 'NONE', *, *, #2349, .T. ) ;
#7178 = CARTESIAN_POINT ( 'NONE',  ( -1.084533516797553387, 1.200787401574803237, -2.523146893966389470 ) ) ;
#7179 = CARTESIAN_POINT ( 'NONE',  ( 0.2952755905511817991, 1.082677165354330784, -3.615652255803403214 ) ) ;
#7180 = EDGE_CURVE ( 'NONE', #4427, #5478, #4669, .T. ) ;
#7181 = ORIENTED_EDGE ( 'NONE', *, *, #4343, .T. ) ;
#7182 = DIRECTION ( 'NONE',  ( -0.000000000000000000, -1.000000000000000000, -0.000000000000000000 ) ) ;
#7183 = ADVANCED_FACE ( 'NONE', ( #1126 ), #2275, .T. ) ;
#7184 = CARTESIAN_POINT ( 'NONE',  ( -0.8349372190748853839, 1.200787401574803237, -1.142014527291856485 ) ) ;
#7185 = DIRECTION ( 'NONE',  ( 0.000000000000000000, -1.000000000000000000, 0.000000000000000000 ) ) ;
#7186 = EDGE_CURVE ( 'NONE', #819, #366, #2157, .T. ) ;
#7187 = EDGE_LOOP ( 'NONE', ( #2285, #6090, #7458, #7013 ) ) ;
#7188 = CARTESIAN_POINT ( 'NONE',  ( 4.093791553379385384, 1.082677165354331672, -3.084156192811276842 ) ) ;
#7189 = EDGE_LOOP ( 'NONE', ( #7036, #2067, #3068, #5156 ) ) ;
#7190 = CARTESIAN_POINT ( 'NONE',  ( 3.228346456692913424, 0.3937007874015748254, -4.885337295173484584 ) ) ;
#7191 = ORIENTED_EDGE ( 'NONE', *, *, #452, .T. ) ;
#7192 = PLANE ( 'NONE',  #4067 ) ;
#7193 = FACE_BOUND ( 'NONE', #6923, .T. ) ;
#7194 = ORIENTED_EDGE ( 'NONE', *, *, #1829, .T. ) ;
#7195 = VERTEX_POINT ( 'NONE', #2747 ) ;
#7196 = VECTOR ( 'NONE', #7381, 39.37007874015748854 ) ;
#7197 = ORIENTED_EDGE ( 'NONE', *, *, #7533, .T. ) ;
#7198 = FACE_OUTER_BOUND ( 'NONE', #5357, .T. ) ;
#7199 = LINE ( 'NONE', #2955, #4059 ) ;
#7200 = CARTESIAN_POINT ( 'NONE',  ( 2.657480314960631418, 1.082677165354330784, -2.080219184937261545 ) ) ;
#7201 = DIRECTION ( 'NONE',  ( 0.000000000000000000, -0.000000000000000000, -1.000000000000000000 ) ) ;
#7202 = CARTESIAN_POINT ( 'NONE',  ( 3.051181102362205966, 1.200787401574803237, -1.373526271551434919 ) ) ;
#7203 = VECTOR ( 'NONE', #984, 39.37007874015748143 ) ;
#7204 = FACE_OUTER_BOUND ( 'NONE', #6565, .T. ) ;
#7205 = ORIENTED_EDGE ( 'NONE', *, *, #2584, .F. ) ;
#7206 = ORIENTED_EDGE ( 'NONE', *, *, #3088, .T. ) ;
#7207 = AXIS2_PLACEMENT_3D ( 'NONE', #2195, #7156, #3464 ) ;
#7208 = DIRECTION ( 'NONE',  ( -0.000000000000000000, -1.000000000000000000, -0.000000000000000000 ) ) ;
#7209 = CARTESIAN_POINT ( 'NONE',  ( 3.228346456692913424, 0.000000000000000000, -3.379431783362458308 ) ) ;
#7210 = VECTOR ( 'NONE', #3881, 39.37007874015748143 ) ;
#7211 = CARTESIAN_POINT ( 'NONE',  ( 2.657480314960631418, 1.082677165354330784, -1.212108948716789314 ) ) ;
#7212 = LINE ( 'NONE', #5537, #1881 ) ;
#7213 = DIRECTION ( 'NONE',  ( -1.000000000000000000, 1.224646799147353207E-16, 0.000000000000000000 ) ) ;
#7214 = VECTOR ( 'NONE', #5020, 39.37007874015748143 ) ;
#7215 = DIRECTION ( 'NONE',  ( -0.000000000000000000, -1.000000000000000000, -0.000000000000000000 ) ) ;
#7216 = VERTEX_POINT ( 'NONE', #4595 ) ;
#7217 = EDGE_CURVE ( 'NONE', #3188, #514, #5546, .T. ) ;
#7218 = CARTESIAN_POINT ( 'NONE',  ( 1.082677165354331672, 1.200787401574803237, -2.080219184937261545 ) ) ;
#7219 = DIRECTION ( 'NONE',  ( 0.000000000000000000, 0.000000000000000000, 1.000000000000000000 ) ) ;
#7220 = ORIENTED_EDGE ( 'NONE', *, *, #4351, .F. ) ;
#7221 = DIRECTION ( 'NONE',  ( 0.000000000000000000, -1.000000000000000000, 0.000000000000000000 ) ) ;
#7222 = CARTESIAN_POINT ( 'NONE',  ( -0.4939823356951860700, 1.200787401574803237, -1.338864920992645757 ) ) ;
#7223 = DIRECTION ( 'NONE',  ( -0.000000000000000000, -1.000000000000000000, -0.000000000000000000 ) ) ;
#7224 = ORIENTED_EDGE ( 'NONE', *, *, #257, .T. ) ;
#7225 = ORIENTED_EDGE ( 'NONE', *, *, #800, .F. ) ;
#7226 = DIRECTION ( 'NONE',  ( 0.000000000000000000, -1.000000000000000000, 0.000000000000000000 ) ) ;
#7227 = ORIENTED_EDGE ( 'NONE', *, *, #1661, .F. ) ;
#7228 = DIRECTION ( 'NONE',  ( -0.000000000000000000, -0.000000000000000000, -1.000000000000000000 ) ) ;
#7229 = VECTOR ( 'NONE', #6648, 39.37007874015748143 ) ;
#7230 = PLANE ( 'NONE',  #4682 ) ;
#7231 = CIRCLE ( 'NONE', #3429, 0.4330708661417335126 ) ;
#7232 = ORIENTED_EDGE ( 'NONE', *, *, #7346, .T. ) ;
#7233 = ORIENTED_EDGE ( 'NONE', *, *, #1867, .F. ) ;
#7234 = ORIENTED_EDGE ( 'NONE', *, *, #6443, .T. ) ;
#7235 = CIRCLE ( 'NONE', #4832, 0.08070866141732323251 ) ;
#7236 = ADVANCED_FACE ( 'NONE', ( #1719 ), #481, .F. ) ;
#7237 = CARTESIAN_POINT ( 'NONE',  ( 3.228346456692913424, 1.102362204724409489, -3.379431783362458308 ) ) ;
#7238 = CARTESIAN_POINT ( 'NONE',  ( -1.281383910498342216, 1.082677165354330784, -2.783393115928765926 ) ) ;
#7239 = FACE_OUTER_BOUND ( 'NONE', #5396, .T. ) ;
#7240 = ADVANCED_FACE ( 'NONE', ( #6574 ), #7649, .T. ) ;
#7241 = FACE_OUTER_BOUND ( 'NONE', #6348, .T. ) ;
#7242 = VECTOR ( 'NONE', #129, 39.37007874015748143 ) ;
#7243 = AXIS2_PLACEMENT_3D ( 'NONE', #4181, #1757, #556 ) ;
#7244 = CIRCLE ( 'NONE', #510, 0.06496062992125979652 ) ;
#7245 = CYLINDRICAL_SURFACE ( 'NONE', #650, 0.08070866141732323251 ) ;
#7246 = EDGE_CURVE ( 'NONE', #1297, #912, #5812, .T. ) ;
#7247 = ORIENTED_EDGE ( 'NONE', *, *, #1179, .T. ) ;
#7248 = EDGE_CURVE ( 'NONE', #3755, #5715, #4634, .T. ) ;
#7249 = ORIENTED_EDGE ( 'NONE', *, *, #4949, .F. ) ;
#7250 = LINE ( 'NONE', #486, #4123 ) ;
#7251 = CYLINDRICAL_SURFACE ( 'NONE', #7621, 0.08070866141732323251 ) ;
#7252 = AXIS2_PLACEMENT_3D ( 'NONE', #2578, #7501, #5636 ) ;
#7253 = FACE_OUTER_BOUND ( 'NONE', #4912, .T. ) ;
#7254 = VECTOR ( 'NONE', #4050, 39.37007874015748143 ) ;
#7255 = EDGE_CURVE ( 'NONE', #1033, #609, #4664, .T. ) ;
#7256 = DIRECTION ( 'NONE',  ( 0.000000000000000000, 0.000000000000000000, -1.000000000000000000 ) ) ;
#7257 = AXIS2_PLACEMENT_3D ( 'NONE', #1734, #946, #982 ) ;
#7258 = CIRCLE ( 'NONE', #4851, 0.08070866141732269128 ) ;
#7259 = VECTOR ( 'NONE', #1127, 39.37007874015748143 ) ;
#7260 = ADVANCED_FACE ( 'NONE', ( #7241 ), #5410, .T. ) ;
#7261 = ORIENTED_EDGE ( 'NONE', *, *, #2678, .T. ) ;
#7262 = CARTESIAN_POINT ( 'NONE',  ( 0.2952755905511819101, 1.082677165354330784, -2.473919972338836537 ) ) ;
#7263 = CARTESIAN_POINT ( 'NONE',  ( 3.464566929133858775, 1.102362204724409489, -5.584156192811277286 ) ) ;
#7264 = AXIS2_PLACEMENT_3D ( 'NONE', #3289, #1620, #4569 ) ;
#7265 = ORIENTED_EDGE ( 'NONE', *, *, #5585, .T. ) ;
#7266 = CARTESIAN_POINT ( 'NONE',  ( 2.657480314960631418, 1.082677165354330784, -0.5054160353309620213 ) ) ;
#7267 = LINE ( 'NONE', #4286, #7766 ) ;
#7268 = CARTESIAN_POINT ( 'NONE',  ( -0.6908327293959752868, 1.200787401574803237, -1.679819804372344683 ) ) ;
#7269 = CIRCLE ( 'NONE', #3843, 0.08070866141732255250 ) ;
#7270 = EDGE_CURVE ( 'NONE', #7368, #76, #3631, .T. ) ;
#7271 = ADVANCED_FACE ( 'NONE', ( #5376 ), #6610, .F. ) ;
#7272 = ORIENTED_EDGE ( 'NONE', *, *, #6683, .F. ) ;
#7273 = EDGE_LOOP ( 'NONE', ( #346, #4990 ) ) ;
#7274 = CARTESIAN_POINT ( 'NONE',  ( 0.6889763779527567911, 1.200787401574803237, -0.8184081613152137669 ) ) ;
#7275 = ORIENTED_EDGE ( 'NONE', *, *, #6500, .F. ) ;
#7276 = CARTESIAN_POINT ( 'NONE',  ( 2.263779527559056426, 1.200787401574803237, -0.03100658651206395638 ) ) ;
#7277 = PLANE ( 'NONE',  #6739 ) ;
#7278 = EDGE_CURVE ( 'NONE', #3667, #5303, #3383, .T. ) ;
#7279 = FACE_OUTER_BOUND ( 'NONE', #6665, .T. ) ;
#7280 = VERTEX_POINT ( 'NONE', #1799 ) ;
#7281 = EDGE_LOOP ( 'NONE', ( #3894, #5100, #6146, #2571 ) ) ;
#7282 = ORIENTED_EDGE ( 'NONE', *, *, #2151, .F. ) ;
#7283 = LINE ( 'NONE', #4816, #3193 ) ;
#7284 = CIRCLE ( 'NONE', #3230, 0.08070866141732309373 ) ;
#7285 = CARTESIAN_POINT ( 'NONE',  ( 1.476377952755906220, 1.082677165354330784, -2.554628633756159672 ) ) ;
#7286 = CARTESIAN_POINT ( 'NONE',  ( 0.2952755905511813550, 1.082677165354331672, -3.084156192811276842 ) ) ;
#7287 = EDGE_CURVE ( 'NONE', #6214, #1310, #6045, .T. ) ;
#7288 = AXIS2_PLACEMENT_3D ( 'NONE', #315, #3875, #1478 ) ;
#7289 = CARTESIAN_POINT ( 'NONE',  ( -2.766504663806736986, 0.000000000000000000, -3.351463754594164346 ) ) ;
#7290 = FACE_OUTER_BOUND ( 'NONE', #526, .T. ) ;
#7291 = ORIENTED_EDGE ( 'NONE', *, *, #441, .T. ) ;
#7292 = ORIENTED_EDGE ( 'NONE', *, *, #1860, .T. ) ;
#7293 = FACE_OUTER_BOUND ( 'NONE', #2993, .T. ) ;
#7294 = CARTESIAN_POINT ( 'NONE',  ( 0.3335965836183617528, 1.200787401574803237, -0.8280859173594443678 ) ) ;
#7295 = FACE_OUTER_BOUND ( 'NONE', #7503, .T. ) ;
#7296 = CARTESIAN_POINT ( 'NONE',  ( 0.6889763779527567911, 1.200787401574803237, -1.605809736118363640 ) ) ;
#7297 = EDGE_CURVE ( 'NONE', #3347, #1412, #6689, .T. ) ;
#7298 = EDGE_CURVE ( 'NONE', #5317, #94, #2621, .T. ) ;
#7299 = DIRECTION ( 'NONE',  ( 0.000000000000000000, -1.000000000000000000, 0.000000000000000000 ) ) ;
#7300 = VERTEX_POINT ( 'NONE', #6649 ) ;
#7301 = VERTEX_POINT ( 'NONE', #7286 ) ;
#7302 = DIRECTION ( 'NONE',  ( 0.000000000000000000, 0.000000000000000000, -1.000000000000000000 ) ) ;
#7303 = EDGE_LOOP ( 'NONE', ( #4565, #7095, #856, #6616 ) ) ;
#7304 = CARTESIAN_POINT ( 'NONE',  ( 1.220472440944881942, 1.161417322834644272, -5.225888476275843963 ) ) ;
#7305 = DIRECTION ( 'NONE',  ( -1.000000000000000000, 0.000000000000000000, -0.000000000000000000 ) ) ;
#7306 = EDGE_CURVE ( 'NONE', #366, #4062, #4287, .T. ) ;
#7307 = CARTESIAN_POINT ( 'NONE',  ( 3.051181102362205966, 1.200787401574803237, -1.373526271551434919 ) ) ;
#7308 = VERTEX_POINT ( 'NONE', #4778 ) ;
#7309 = ADVANCED_FACE ( 'NONE', ( #2475 ), #6015, .F. ) ;
#7310 = EDGE_LOOP ( 'NONE', ( #374, #7556 ) ) ;
#7311 = LINE ( 'NONE', #1864, #7123 ) ;
#7312 = CARTESIAN_POINT ( 'NONE',  ( 3.464566929133858775, 1.082677165354331672, -3.074313673126239710 ) ) ;
#7313 = EDGE_LOOP ( 'NONE', ( #6638, #3920 ) ) ;
#7314 = PLANE ( 'NONE',  #500 ) ;
#7315 = AXIS2_PLACEMENT_3D ( 'NONE', #562, #6655, #412 ) ;
#7316 = DIRECTION ( 'NONE',  ( -0.000000000000000000, -1.000000000000000000, -0.000000000000000000 ) ) ;
#7317 = ORIENTED_EDGE ( 'NONE', *, *, #2214, .F. ) ;
#7318 = VERTEX_POINT ( 'NONE', #1165 ) ;
#7319 = EDGE_CURVE ( 'NONE', #5516, #1586, #4306, .T. ) ;
#7320 = ORIENTED_EDGE ( 'NONE', *, *, #1590, .F. ) ;
#7321 = CARTESIAN_POINT ( 'NONE',  ( 0.0002485795009356447103, 1.082677165354330784, -0.0003053007397870075262 ) ) ;
#7322 = CARTESIAN_POINT ( 'NONE',  ( 2.263779527559056426, 1.082677165354330784, -0.9798254841498599266 ) ) ;
#7323 = CARTESIAN_POINT ( 'NONE',  ( 2.263779527559055982, 1.200787401574803237, -2.473919972338836537 ) ) ;
#7324 = ADVANCED_FACE ( 'NONE', ( #521 ), #3074, .T. ) ;
#7325 = AXIS2_PLACEMENT_3D ( 'NONE', #5180, #4149, #1574 ) ;
#7326 = DIRECTION ( 'NONE',  ( -0.000000000000000000, -1.000000000000000000, -0.000000000000000000 ) ) ;
#7327 = CARTESIAN_POINT ( 'NONE',  ( -0.8876831230967642261, 1.200787401574803237, -2.182192010586690767 ) ) ;
#7328 = ORIENTED_EDGE ( 'NONE', *, *, #4821, .F. ) ;
#7329 = DIRECTION ( 'NONE',  ( 0.000000000000000000, 0.000000000000000000, -1.000000000000000000 ) ) ;
#7330 = DIRECTION ( 'NONE',  ( -1.000000000000000000, 0.000000000000000000, 0.000000000000000000 ) ) ;
#7331 = CARTESIAN_POINT ( 'NONE',  ( 2.657480314960631418, 1.200787401574803237, -0.4247073739136388859 ) ) ;
#7332 = AXIS2_PLACEMENT_3D ( 'NONE', #4610, #7060, #3366 ) ;
#7333 = DIRECTION ( 'NONE',  ( 0.000000000000000000, 0.000000000000000000, -1.000000000000000000 ) ) ;
#7334 = DIRECTION ( 'NONE',  ( 0.000000000000000000, -1.000000000000000000, 0.000000000000000000 ) ) ;
#7335 = ADVANCED_FACE ( 'NONE', ( #1275 ), #2391, .T. ) ;
#7336 = LINE ( 'NONE', #5457, #5503 ) ;
#7337 = AXIS2_PLACEMENT_3D ( 'NONE', #6797, #1951, #2421 ) ;
#7338 = EDGE_LOOP ( 'NONE', ( #795, #7712, #653, #797 ) ) ;
#7339 = ORIENTED_EDGE ( 'NONE', *, *, #2670, .T. ) ;
#7340 = CYLINDRICAL_SURFACE ( 'NONE', #5299, 0.08070866141732296883 ) ;
#7341 = EDGE_LOOP ( 'NONE', ( #6862, #1315 ) ) ;
#7342 = CARTESIAN_POINT ( 'NONE',  ( 2.263779527559056426, 1.200787401574803237, -0.8184081613152137669 ) ) ;
#7343 = FACE_OUTER_BOUND ( 'NONE', #194, .T. ) ;
#7344 = FACE_OUTER_BOUND ( 'NONE', #4523, .T. ) ;
#7345 = AXIS2_PLACEMENT_3D ( 'NONE', #1032, #4135, #7104 ) ;
#7346 = EDGE_CURVE ( 'NONE', #3669, #6541, #5163, .T. ) ;
#7347 = ORIENTED_EDGE ( 'NONE', *, *, #4244, .T. ) ;
#7348 = AXIS2_PLACEMENT_3D ( 'NONE', #4518, #320, #2744 ) ;
#7349 = CARTESIAN_POINT ( 'NONE',  ( 3.051181102362205966, 1.200787401574803237, -2.393211310921513402 ) ) ;
#7350 = CARTESIAN_POINT ( 'NONE',  ( 0.6889763779527567911, 1.200787401574803237, -1.686518397535686553 ) ) ;
#7351 = DIRECTION ( 'NONE',  ( 0.000000000000000000, 0.000000000000000000, -1.000000000000000000 ) ) ;
#7352 = LINE ( 'NONE', #745, #6874 ) ;
#7353 = ORIENTED_EDGE ( 'NONE', *, *, #4527, .T. ) ;
#7354 = CYLINDRICAL_SURFACE ( 'NONE', #4329, 0.08070866141732283006 ) ;
#7355 = CARTESIAN_POINT ( 'NONE',  ( 2.657480314960630530, 1.200787401574803237, -2.473919972338836537 ) ) ;
#7356 = VERTEX_POINT ( 'NONE', #2531 ) ;
#7357 = ORIENTED_EDGE ( 'NONE', *, *, #3138, .T. ) ;
#7358 = VERTEX_POINT ( 'NONE', #4381 ) ;
#7359 = CIRCLE ( 'NONE', #757, 0.07874015748031502893 ) ;
#7360 = DIRECTION ( 'NONE',  ( -0.000000000000000000, -1.000000000000000000, -0.000000000000000000 ) ) ;
#7361 = CARTESIAN_POINT ( 'NONE',  ( 3.464566929133858775, 0.000000000000000000, -5.584156192811277286 ) ) ;
#7362 = EDGE_CURVE ( 'NONE', #5467, #3339, #4452, .T. ) ;
#7363 = AXIS2_PLACEMENT_3D ( 'NONE', #6483, #4699, #2819 ) ;
#7364 = ADVANCED_FACE ( 'NONE', ( #1379 ), #5589, .T. ) ;
#7365 = CARTESIAN_POINT ( 'NONE',  ( 1.870078740157481212, 1.082677165354330784, -2.554628633756159672 ) ) ;
#7366 = CARTESIAN_POINT ( 'NONE',  ( 1.870078740157481434, 1.200787401574803237, -1.767227058953009022 ) ) ;
#7367 = EDGE_LOOP ( 'NONE', ( #4937, #2924, #5807, #550 ) ) ;
#7368 = VERTEX_POINT ( 'NONE', #4333 ) ;
#7369 = CARTESIAN_POINT ( 'NONE',  ( 3.051181102362205966, 1.082677165354330784, -1.373526271551434919 ) ) ;
#7370 = CARTESIAN_POINT ( 'NONE',  ( 3.003149606299212682, 0.000000000000000000, -4.294786114071121652 ) ) ;
#7371 = CARTESIAN_POINT ( 'NONE',  ( 2.263779527559056426, 1.200787401574803237, -2.080219184937261545 ) ) ;
#7372 = AXIS2_PLACEMENT_3D ( 'NONE', #6545, #7135, #488 ) ;
#7373 = CARTESIAN_POINT ( 'NONE',  ( -0.03129498633245732936, 1.338582677165354395, -1.539002674835876494 ) ) ;
#7374 = CIRCLE ( 'NONE', #630, 0.08070866141732323251 ) ;
#7375 = EDGE_CURVE ( 'NONE', #6729, #7216, #846, .T. ) ;
#7376 = CARTESIAN_POINT ( 'NONE',  ( -0.3149606299212595606, 1.102362204724409933, -5.584156192811277286 ) ) ;
#7377 = VECTOR ( 'NONE', #6268, 39.37007874015748143 ) ;
#7378 = ORIENTED_EDGE ( 'NONE', *, *, #2822, .F. ) ;
#7379 = AXIS2_PLACEMENT_3D ( 'NONE', #4907, #7334, #1891 ) ;
#7380 = VERTEX_POINT ( 'NONE', #7459 ) ;
#7381 = DIRECTION ( 'NONE',  ( 0.7664256734729304466, 0.000000000000000000, -0.6423330032324080507 ) ) ;
#7382 = EDGE_CURVE ( 'NONE', #3852, #7169, #4412, .T. ) ;
#7383 = ORIENTED_EDGE ( 'NONE', *, *, #2686, .T. ) ;
#7384 = AXIS2_PLACEMENT_3D ( 'NONE', #3025, #4742, #1837 ) ;
#7385 = PLANE ( 'NONE',  #6768 ) ;
#7386 = CARTESIAN_POINT ( 'NONE',  ( 1.870078740157481434, 1.200787401574803237, -1.999510523519938410 ) ) ;
#7387 = CARTESIAN_POINT ( 'NONE',  ( 1.476377952755906220, 1.082677165354330784, -2.393211310921513402 ) ) ;
#7388 = AXIS2_PLACEMENT_3D ( 'NONE', #6032, #3733, #4883 ) ;
#7389 = AXIS2_PLACEMENT_3D ( 'NONE', #4234, #1238, #3715 ) ;
#7390 = VERTEX_POINT ( 'NONE', #65 ) ;
#7391 = LINE ( 'NONE', #7349, #6567 ) ;
#7392 = CARTESIAN_POINT ( 'NONE',  ( 3.464566929133858775, 0.000000000000000000, -5.682581389661670812 ) ) ;
#7393 = VERTEX_POINT ( 'NONE', #225 ) ;
#7394 = LINE ( 'NONE', #7274, #4719 ) ;
#7395 = AXIS2_PLACEMENT_3D ( 'NONE', #4049, #1621, #7100 ) ;
#7396 = PLANE ( 'NONE',  #7173 ) ;
#7397 = ORIENTED_EDGE ( 'NONE', *, *, #4527, .F. ) ;
#7398 = VECTOR ( 'NONE', #4609, 39.37007874015748143 ) ;
#7399 = FACE_OUTER_BOUND ( 'NONE', #5789, .T. ) ;
#7400 = EDGE_CURVE ( 'NONE', #7368, #3528, #462, .T. ) ;
#7401 = EDGE_CURVE ( 'NONE', #6439, #2295, #7391, .T. ) ;
#7402 = CARTESIAN_POINT ( 'NONE',  ( 0.2952755905511819101, 1.200787401574803237, -1.686518397535686553 ) ) ;
#7403 = ORIENTED_EDGE ( 'NONE', *, *, #1754, .F. ) ;
#7404 = ORIENTED_EDGE ( 'NONE', *, *, #3358, .F. ) ;
#7405 = EDGE_CURVE ( 'NONE', #934, #2619, #6789, .T. ) ;
#7406 = ORIENTED_EDGE ( 'NONE', *, *, #5681, .T. ) ;
#7407 = LINE ( 'NONE', #4393, #250 ) ;
#7408 = CARTESIAN_POINT ( 'NONE',  ( 1.476377952755906664, 1.200787401574803237, -0.5054160353309620213 ) ) ;
#7409 = DIRECTION ( 'NONE',  ( 0.000000000000000000, 0.000000000000000000, -1.000000000000000000 ) ) ;
#7410 = EDGE_LOOP ( 'NONE', ( #4003, #1067, #7071, #3984 ) ) ;
#7411 = ORIENTED_EDGE ( 'NONE', *, *, #6918, .T. ) ;
#7412 = FACE_OUTER_BOUND ( 'NONE', #6339, .T. ) ;
#7413 = DIRECTION ( 'NONE',  ( 0.000000000000000000, -1.000000000000000000, 0.000000000000000000 ) ) ;
#7414 = DIRECTION ( 'NONE',  ( 0.000000000000000000, 0.000000000000000000, -1.000000000000000000 ) ) ;
#7415 = DIRECTION ( 'NONE',  ( 0.000000000000000000, -1.000000000000000000, 0.000000000000000000 ) ) ;
#7416 = AXIS2_PLACEMENT_3D ( 'NONE', #2403, #5388, #492 ) ;
#7417 = CARTESIAN_POINT ( 'NONE',  ( 2.736038816443963295, 1.200787401574803237, -0.1302206490995698185 ) ) ;
#7418 = ORIENTED_EDGE ( 'NONE', *, *, #5395, .F. ) ;
#7419 = ORIENTED_EDGE ( 'NONE', *, *, #4103, .F. ) ;
#7420 = CARTESIAN_POINT ( 'NONE',  ( 0.6889763779527567911, 1.200787401574803237, -0.8184081613152137669 ) ) ;
#7421 = ORIENTED_EDGE ( 'NONE', *, *, #1093, .T. ) ;
#7422 = LINE ( 'NONE', #1254, #7145 ) ;
#7423 = CARTESIAN_POINT ( 'NONE',  ( 1.870078740157481434, 1.200787401574803237, 0.2819855394721875186 ) ) ;
#7424 = CARTESIAN_POINT ( 'NONE',  ( 1.082677165354331672, 1.200787401574803237, -1.686518397535686553 ) ) ;
#7425 = ADVANCED_FACE ( 'NONE', ( #5517 ), #183, .F. ) ;
#7426 = ORIENTED_EDGE ( 'NONE', *, *, #564, .F. ) ;
#7427 = LINE ( 'NONE', #105, #3141 ) ;
#7428 = VERTEX_POINT ( 'NONE', #3219 ) ;
#7429 = DIRECTION ( 'NONE',  ( 0.000000000000000000, 0.000000000000000000, -1.000000000000000000 ) ) ;
#7430 = CARTESIAN_POINT ( 'NONE',  ( -3.122413029667135298, 1.377952755905512028, -3.725633739945664935 ) ) ;
#7431 = ORIENTED_EDGE ( 'NONE', *, *, #1829, .F. ) ;
#7432 = CARTESIAN_POINT ( 'NONE',  ( -2.027520599413943359, 0.1968503937007874127, -4.257987974037207302 ) ) ;
#7433 = EDGE_CURVE ( 'NONE', #7280, #2472, #5550, .T. ) ;
#7434 = DIRECTION ( 'NONE',  ( 0.9345333927142764896, 0.000000000000000000, -0.3558754527948558288 ) ) ;
#7435 = DIRECTION ( 'NONE',  ( 0.000000000000000000, 1.000000000000000000, 0.000000000000000000 ) ) ;
#7436 = ORIENTED_EDGE ( 'NONE', *, *, #4622, .F. ) ;
#7437 = ORIENTED_EDGE ( 'NONE', *, *, #5013, .F. ) ;
#7438 = DIRECTION ( 'NONE',  ( 0.000000000000000000, 0.000000000000000000, -1.000000000000000000 ) ) ;
#7439 = DIRECTION ( 'NONE',  ( -0.000000000000000000, -1.000000000000000000, -0.000000000000000000 ) ) ;
#7440 = CARTESIAN_POINT ( 'NONE',  ( -0.4939823356951860700, 1.200787401574803237, -1.419573582409968449 ) ) ;
#7441 = DIRECTION ( 'NONE',  ( 1.000000000000000000, 0.000000000000000000, -1.110223024625156294E-16 ) ) ;
#7442 = ORIENTED_EDGE ( 'NONE', *, *, #5429, .T. ) ;
#7443 = ORIENTED_EDGE ( 'NONE', *, *, #5845, .F. ) ;
#7444 = DIRECTION ( 'NONE',  ( -0.000000000000000000, -1.000000000000000000, -0.000000000000000000 ) ) ;
#7445 = DIRECTION ( 'NONE',  ( 0.000000000000000000, -1.000000000000000000, 0.000000000000000000 ) ) ;
#7446 = LINE ( 'NONE', #7527, #1747 ) ;
#7447 = AXIS2_PLACEMENT_3D ( 'NONE', #2056, #3133, #783 ) ;
#7448 = FACE_OUTER_BOUND ( 'NONE', #5381, .T. ) ;
#7449 = ORIENTED_EDGE ( 'NONE', *, *, #2323, .T. ) ;
#7450 = CARTESIAN_POINT ( 'NONE',  ( 0.000000000000000000, 0.000000000000000000, 0.000000000000000000 ) ) ;
#7451 = ORIENTED_EDGE ( 'NONE', *, *, #5868, .T. ) ;
#7452 = DIRECTION ( 'NONE',  ( 0.000000000000000000, -1.000000000000000000, 0.000000000000000000 ) ) ;
#7453 = DIRECTION ( 'NONE',  ( 0.000000000000000000, 0.000000000000000000, -1.000000000000000000 ) ) ;
#7454 = AXIS2_PLACEMENT_3D ( 'NONE', #2723, #7572, #4567 ) ;
#7455 = DIRECTION ( 'NONE',  ( 0.000000000000000000, 0.000000000000000000, 1.000000000000000000 ) ) ;
#7456 = VECTOR ( 'NONE', #5621, 39.37007874015748143 ) ;
#7457 = EDGE_CURVE ( 'NONE', #4876, #2707, #7427, .T. ) ;
#7458 = ORIENTED_EDGE ( 'NONE', *, *, #7457, .T. ) ;
#7459 = CARTESIAN_POINT ( 'NONE',  ( -1.281383910498342216, 1.200787401574803237, -2.864101777346088618 ) ) ;
#7460 = DIRECTION ( 'NONE',  ( 0.000000000000000000, 0.000000000000000000, -1.000000000000000000 ) ) ;
#7461 = CARTESIAN_POINT ( 'NONE',  ( 0.2952755905511819101, 1.082677165354330784, -1.292817610134111783 ) ) ;
#7462 = DIRECTION ( 'NONE',  ( 0.000000000000000000, 0.000000000000000000, 1.000000000000000000 ) ) ;
#7463 = ORIENTED_EDGE ( 'NONE', *, *, #2671, .T. ) ;
#7464 = CARTESIAN_POINT ( 'NONE',  ( -0.6102362204724406380, 1.082677165354331672, -3.084156192811276842 ) ) ;
#7465 = AXIS2_PLACEMENT_3D ( 'NONE', #7402, #4934, #4300 ) ;
#7466 = CARTESIAN_POINT ( 'NONE',  ( 4.344917934081746758, 0.3853812960281743361, -1.654989912605622671 ) ) ;
#7467 = CARTESIAN_POINT ( 'NONE',  ( 0.2952755905511819101, 1.200787401574803237, -2.473919972338836537 ) ) ;
#7468 = EDGE_LOOP ( 'NONE', ( #1969, #7233, #7383, #2412 ) ) ;
#7469 = ORIENTED_EDGE ( 'NONE', *, *, #6544, .F. ) ;
#7470 = CYLINDRICAL_SURFACE ( 'NONE', #6475, 0.08070866141732269128 ) ;
#7471 = PLANE ( 'NONE',  #2141 ) ;
#7472 = DIRECTION ( 'NONE',  ( 0.3558754527953619795, 0.000000000000000000, 0.9345333927140837549 ) ) ;
#7473 = FACE_OUTER_BOUND ( 'NONE', #5000, .T. ) ;
#7474 = ADVANCED_FACE ( 'NONE', ( #1341 ), #6190, .F. ) ;
#7475 = ORIENTED_EDGE ( 'NONE', *, *, #1484, .T. ) ;
#7476 = VERTEX_POINT ( 'NONE', #2016 ) ;
#7477 = CYLINDRICAL_SURFACE ( 'NONE', #1028, 0.08070866141732323251 ) ;
#7478 = CARTESIAN_POINT ( 'NONE',  ( 3.051181102362205966, 1.200787401574803237, -2.473919972338836537 ) ) ;
#7479 = EDGE_CURVE ( 'NONE', #5474, #7551, #6824, .T. ) ;
#7480 = DIRECTION ( 'NONE',  ( 0.000000000000000000, 1.000000000000000000, -0.000000000000000000 ) ) ;
#7481 = PLANE ( 'NONE',  #3401 ) ;
#7482 = CIRCLE ( 'NONE', #6086, 0.08070866141732313537 ) ;
#7483 = EDGE_CURVE ( 'NONE', #3067, #6256, #4542, .T. ) ;
#7484 = ADVANCED_FACE ( 'NONE', ( #3176 ), #3853, .T. ) ;
#7485 = CARTESIAN_POINT ( 'NONE',  ( 2.263779527559056426, 1.200787401574803237, -1.767227058953009022 ) ) ;
#7486 = ORIENTED_EDGE ( 'NONE', *, *, #79, .F. ) ;
#7487 = AXIS2_PLACEMENT_3D ( 'NONE', #189, #4502, #6200 ) ;
#7488 = DIRECTION ( 'NONE',  ( -0.7754638790607760734, 0.000000000000000000, -0.6313919323779914050 ) ) ;
#7489 = CARTESIAN_POINT ( 'NONE',  ( 2.657480314960631418, 1.082677165354330784, -0.1117152479293870848 ) ) ;
#7490 = EDGE_CURVE ( 'NONE', #7308, #6518, #5168, .T. ) ;
#7491 = LINE ( 'NONE', #938, #1041 ) ;
#7492 = VECTOR ( 'NONE', #4239, 39.37007874015748143 ) ;
#7493 = VECTOR ( 'NONE', #2794, 39.37007874015748854 ) ;
#7494 = EDGE_CURVE ( 'NONE', #4273, #5370, #1739, .T. ) ;
#7495 = VECTOR ( 'NONE', #5346, 39.37007874015748143 ) ;
#7496 = CIRCLE ( 'NONE', #5986, 0.08070866141732323251 ) ;
#7497 = ORIENTED_EDGE ( 'NONE', *, *, #2528, .F. ) ;
#7498 = DIRECTION ( 'NONE',  ( 0.000000000000000000, -1.000000000000000000, 0.000000000000000000 ) ) ;
#7499 = CARTESIAN_POINT ( 'NONE',  ( 1.840129821825243983, 0.000000000000000000, -0.7011528313907272603 ) ) ;
#7500 = FACE_OUTER_BOUND ( 'NONE', #5194, .T. ) ;
#7501 = DIRECTION ( 'NONE',  ( 0.000000000000000000, -1.000000000000000000, 0.000000000000000000 ) ) ;
#7502 = FACE_OUTER_BOUND ( 'NONE', #1783, .T. ) ;
#7503 = EDGE_LOOP ( 'NONE', ( #1761, #3228, #1100, #5373 ) ) ;
#7504 = DIRECTION ( 'NONE',  ( 0.000000000000000000, -1.000000000000000000, 0.000000000000000000 ) ) ;
#7505 = EDGE_CURVE ( 'NONE', #1079, #7390, #6813, .T. ) ;
#7506 = AXIS2_PLACEMENT_3D ( 'NONE', #5475, #7226, #4886 ) ;
#7507 = CARTESIAN_POINT ( 'NONE',  ( 4.305377408610853607, 0.3705343920226314425, -1.639932663163918836 ) ) ;
#7508 = AXIS2_PLACEMENT_3D ( 'NONE', #1777, #4375, #4960 ) ;
#7509 = EDGE_LOOP ( 'NONE', ( #1854, #1653 ) ) ;
#7510 = AXIS2_PLACEMENT_3D ( 'NONE', #4327, #3691, #6745 ) ;
#7511 = CARTESIAN_POINT ( 'NONE',  ( 1.082677165354331672, 1.200787401574803237, -1.292817610134111783 ) ) ;
#7512 = AXIS2_PLACEMENT_3D ( 'NONE', #1606, #6387, #3958 ) ;
#7513 = VERTEX_POINT ( 'NONE', #4686 ) ;
#7514 = VECTOR ( 'NONE', #1219, 39.37007874015748143 ) ;
#7515 = EDGE_LOOP ( 'NONE', ( #6312, #4989, #4216, #4885 ) ) ;
#7516 = DIRECTION ( 'NONE',  ( 0.000000000000000000, -1.000000000000000000, 0.000000000000000000 ) ) ;
#7517 = ADVANCED_FACE ( 'NONE', ( #7612 ), #1583, .T. ) ;
#7518 = CARTESIAN_POINT ( 'NONE',  ( 0.1564243734964320676, 0.000000000000000000, -0.9720877938286779374 ) ) ;
#7519 = AXIS2_PLACEMENT_3D ( 'NONE', #7266, #4760, #4250 ) ;
#7520 = DIRECTION ( 'NONE',  ( 0.000000000000000000, -1.000000000000000000, 0.000000000000000000 ) ) ;
#7521 = LINE ( 'NONE', #5133, #1116 ) ;
#7522 = ORIENTED_EDGE ( 'NONE', *, *, #3558, .T. ) ;
#7523 = ORIENTED_EDGE ( 'NONE', *, *, #959, .T. ) ;
#7524 = CARTESIAN_POINT ( 'NONE',  ( -0.8349372190748853839, 1.200787401574803237, -1.222723188709179620 ) ) ;
#7525 = CIRCLE ( 'NONE', #1436, 0.08070866141732255250 ) ;
#7526 = CARTESIAN_POINT ( 'NONE',  ( 1.082677165354331672, 1.082677165354330784, -1.686518397535686553 ) ) ;
#7527 = CARTESIAN_POINT ( 'NONE',  ( 3.228346456692913424, 0.000000000000000000, -5.584156192811277286 ) ) ;
#7528 = UNCERTAINTY_MEASURE_WITH_UNIT (LENGTH_MEASURE( 1.000000000000000082E-05 ), #3913, 'distance_accuracy_value', 'NONE');
#7529 = ORIENTED_EDGE ( 'NONE', *, *, #6220, .T. ) ;
#7530 = ORIENTED_EDGE ( 'NONE', *, *, #6235, .F. ) ;
#7531 = DIRECTION ( 'NONE',  ( 0.000000000000000000, 0.000000000000000000, -1.000000000000000000 ) ) ;
#7532 = CARTESIAN_POINT ( 'NONE',  ( 0.000000000000000000, 0.000000000000000000, -5.584156192811277286 ) ) ;
#7533 = EDGE_CURVE ( 'NONE', #1545, #4943, #1498, .T. ) ;
#7534 = LINE ( 'NONE', #4526, #2416 ) ;
#7535 = VECTOR ( 'NONE', #7215, 39.37007874015748143 ) ;
#7536 = EDGE_CURVE ( 'NONE', #6356, #1616, #6820, .T. ) ;
#7537 = ORIENTED_EDGE ( 'NONE', *, *, #2199, .F. ) ;
#7538 = AXIS2_PLACEMENT_3D ( 'NONE', #3908, #5172, #241 ) ;
#7539 = DIRECTION ( 'NONE',  ( 0.000000000000000000, 0.000000000000000000, -1.000000000000000000 ) ) ;
#7540 = CARTESIAN_POINT ( 'NONE',  ( -0.3149606299212595606, 0.3937007874015750475, -3.379431783362458308 ) ) ;
#7541 = ORIENTED_EDGE ( 'NONE', *, *, #6710, .T. ) ;
#7542 = DIRECTION ( 'NONE',  ( 0.000000000000000000, -1.000000000000000000, 0.000000000000000000 ) ) ;
#7543 = ORIENTED_EDGE ( 'NONE', *, *, #4450, .T. ) ;
#7544 = LINE ( 'NONE', #2613, #16 ) ;
#7545 = EDGE_LOOP ( 'NONE', ( #5050, #6694, #4143, #6960, #2778, #4085, #4379, #2533 ) ) ;
#7546 = DIRECTION ( 'NONE',  ( 0.000000000000000000, 0.000000000000000000, -1.000000000000000000 ) ) ;
#7547 = CYLINDRICAL_SURFACE ( 'NONE', #1364, 0.1240157480314960647 ) ;
#7548 = EDGE_CURVE ( 'NONE', #2722, #4013, #2134, .T. ) ;
#7549 = ORIENTED_EDGE ( 'NONE', *, *, #670, .F. ) ;
#7550 = PLANE ( 'NONE',  #4295 ) ;
#7551 = VERTEX_POINT ( 'NONE', #3976 ) ;
#7552 = EDGE_LOOP ( 'NONE', ( #5770, #4320, #1314, #1990, #6381, #7224, #7227, #1732 ) ) ;
#7553 = CARTESIAN_POINT ( 'NONE',  ( -0.1968503937007870241, 0.6791338582677166613, -5.584156192811277286 ) ) ;
#7554 = CARTESIAN_POINT ( 'NONE',  ( -0.0001401084459813987915, 1.082677165354330784, -0.0003679265325624891990 ) ) ;
#7555 = FACE_OUTER_BOUND ( 'NONE', #5278, .T. ) ;
#7556 = ORIENTED_EDGE ( 'NONE', *, *, #2760, .T. ) ;
#7557 = ORIENTED_EDGE ( 'NONE', *, *, #4351, .T. ) ;
#7558 = ORIENTED_EDGE ( 'NONE', *, *, #929, .T. ) ;
#7559 = CYLINDRICAL_SURFACE ( 'NONE', #6962, 0.1240157480314960647 ) ;
#7560 = DIRECTION ( 'NONE',  ( 0.000000000000000000, 0.000000000000000000, -1.000000000000000000 ) ) ;
#7561 = CARTESIAN_POINT ( 'NONE',  ( 1.476377952755906664, 1.082677165354330784, -1.212108948716788648 ) ) ;
#7562 = CARTESIAN_POINT ( 'NONE',  ( -1.622338793878041363, 1.200787401574803237, -2.667251383645300677 ) ) ;
#7563 = CYLINDRICAL_SURFACE ( 'NONE', #2302, 0.08070866141732323251 ) ;
#7564 = EDGE_LOOP ( 'NONE', ( #3770, #3856 ) ) ;
#7565 = ORIENTED_EDGE ( 'NONE', *, *, #3149, .F. ) ;
#7566 = CARTESIAN_POINT ( 'NONE',  ( 1.400852806808028372, 1.200787401574803237, -0.5338737294984045034 ) ) ;
#7567 = CARTESIAN_POINT ( 'NONE',  ( 1.476377952755906664, 1.200787401574803237, -2.160927846354584680 ) ) ;
#7568 = CARTESIAN_POINT ( 'NONE',  ( -1.281383910498342216, 1.200787401574803237, -2.783393115928765926 ) ) ;
#7569 = EDGE_CURVE ( 'NONE', #2441, #466, #5798, .T. ) ;
#7570 = AXIS2_PLACEMENT_3D ( 'NONE', #741, #1424, #1902 ) ;
#7571 = ORIENTED_EDGE ( 'NONE', *, *, #5538, .T. ) ;
#7572 = DIRECTION ( 'NONE',  ( -0.000000000000000000, -1.000000000000000000, -0.000000000000000000 ) ) ;
#7573 = EDGE_LOOP ( 'NONE', ( #4134, #3606 ) ) ;
#7574 = DIRECTION ( 'NONE',  ( 0.000000000000000000, 0.000000000000000000, -1.000000000000000000 ) ) ;
#7575 = CARTESIAN_POINT ( 'NONE',  ( 2.657480314960630530, 1.200787401574803237, -2.473919972338836537 ) ) ;
#7576 = EDGE_LOOP ( 'NONE', ( #5223, #2046 ) ) ;
#7577 = CARTESIAN_POINT ( 'NONE',  ( -0.8349372190748853839, 1.082677165354330784, -1.303431850126502756 ) ) ;
#7578 = ADVANCED_FACE ( 'NONE', ( #4010 ), #6428, .F. ) ;
#7579 = DIRECTION ( 'NONE',  ( 0.000000000000000000, -1.000000000000000000, 0.000000000000000000 ) ) ;
#7580 = AXIS2_PLACEMENT_3D ( 'NONE', #6314, #5749, #7657 ) ;
#7581 = EDGE_LOOP ( 'NONE', ( #2909, #3299, #1455, #2735 ) ) ;
#7582 = CARTESIAN_POINT ( 'NONE',  ( -0.6380868253740962226, 1.200787401574803237, -0.9624769667468033862 ) ) ;
#7583 = EDGE_LOOP ( 'NONE', ( #1016, #2319, #5287, #4963 ) ) ;
#7584 = VECTOR ( 'NONE', #2731, 39.37007874015748143 ) ;
#7585 = EDGE_LOOP ( 'NONE', ( #7792, #3307, #300, #3373 ) ) ;
#7586 = FACE_OUTER_BOUND ( 'NONE', #6672, .T. ) ;
#7587 = CARTESIAN_POINT ( 'NONE',  ( 2.657480314960631418, 1.200787401574803237, -1.686518397535686553 ) ) ;
#7588 = VECTOR ( 'NONE', #3343, 39.37007874015748143 ) ;
#7589 = LINE ( 'NONE', #3991, #6899 ) ;
#7590 = ORIENTED_EDGE ( 'NONE', *, *, #1555, .T. ) ;
#7591 = EDGE_LOOP ( 'NONE', ( #5739, #2183 ) ) ;
#7592 = ORIENTED_EDGE ( 'NONE', *, *, #2214, .T. ) ;
#7593 = CARTESIAN_POINT ( 'NONE',  ( 4.285207924242818933, 1.377952755905512028, -0.7195208397681046586 ) ) ;
#7594 = CARTESIAN_POINT ( 'NONE',  ( 3.051181102362205966, 1.082677165354330784, -0.5054160353309620213 ) ) ;
#7595 = CYLINDRICAL_SURFACE ( 'NONE', #6352, 0.08070866141732323251 ) ;
#7596 = EDGE_CURVE ( 'NONE', #4806, #7358, #858, .T. ) ;
#7597 = CARTESIAN_POINT ( 'NONE',  ( 1.476377952755906664, 1.200787401574803237, -0.8991168227325369022 ) ) ;
#7598 = PRODUCT_DEFINITION_CONTEXT ( 'detailed design', #3340, 'design' ) ;
#7599 = EDGE_CURVE ( 'NONE', #2694, #2288, #2876, .T. ) ;
#7600 = FACE_OUTER_BOUND ( 'NONE', #923, .T. ) ;
#7601 = EDGE_LOOP ( 'NONE', ( #2173, #4730, #3494, #7261, #3278, #6799, #126, #2413, #4176, #311, #7475, #3846, #1359, #7590, #21, #859 ) ) ;
#7602 = ORIENTED_EDGE ( 'NONE', *, *, #2834, .F. ) ;
#7603 = LINE ( 'NONE', #7566, #6996 ) ;
#7604 = DIRECTION ( 'NONE',  ( -0.000000000000000000, -1.000000000000000000, -0.000000000000000000 ) ) ;
#7605 = LINE ( 'NONE', #1692, #4338 ) ;
#7606 = AXIS2_PLACEMENT_3D ( 'NONE', #5854, #7122, #2203 ) ;
#7607 = EDGE_CURVE ( 'NONE', #6204, #5532, #6466, .T. ) ;
#7608 = EDGE_CURVE ( 'NONE', #3876, #7356, #3778, .T. ) ;
#7609 = AXIS2_PLACEMENT_3D ( 'NONE', #7672, #4543, #4624 ) ;
#7610 = VERTEX_POINT ( 'NONE', #5699 ) ;
#7611 = FACE_OUTER_BOUND ( 'NONE', #2405, .T. ) ;
#7612 = FACE_OUTER_BOUND ( 'NONE', #2385, .T. ) ;
#7613 = ORIENTED_EDGE ( 'NONE', *, *, #5188, .F. ) ;
#7614 = LINE ( 'NONE', #4647, #3206 ) ;
#7615 = VERTEX_POINT ( 'NONE', #4645 ) ;
#7616 = CYLINDRICAL_SURFACE ( 'NONE', #6117, 0.08070866141732296883 ) ;
#7617 = DIRECTION ( 'NONE',  ( 0.000000000000000000, 1.000000000000000000, 0.000000000000000000 ) ) ;
#7618 = CARTESIAN_POINT ( 'NONE',  ( -1.498039639382837018, 0.9842519685039373689, -3.289108543396113138 ) ) ;
#7619 = AXIS2_PLACEMENT_3D ( 'NONE', #7770, #7017, #6509 ) ;
#7620 = AXIS2_PLACEMENT_3D ( 'NONE', #4036, #5903, #6346 ) ;
#7621 = AXIS2_PLACEMENT_3D ( 'NONE', #4153, #1131, #7171 ) ;
#7622 = ORIENTED_EDGE ( 'NONE', *, *, #828, .F. ) ;
#7623 = DIRECTION ( 'NONE',  ( 0.000000000000000000, -1.000000000000000000, 0.000000000000000000 ) ) ;
#7624 = ORIENTED_EDGE ( 'NONE', *, *, #5067, .T. ) ;
#7625 = FACE_OUTER_BOUND ( 'NONE', #6829, .T. ) ;
#7626 = AXIS2_PLACEMENT_3D ( 'NONE', #7575, #2018, #3931 ) ;
#7627 = ORIENTED_EDGE ( 'NONE', *, *, #4441, .T. ) ;
#7628 = CIRCLE ( 'NONE', #5219, 0.08070866141732323251 ) ;
#7629 = DIRECTION ( 'NONE',  ( -0.000000000000000000, -1.000000000000000000, -0.000000000000000000 ) ) ;
#7630 = EDGE_CURVE ( 'NONE', #2816, #1866, #1994, .T. ) ;
#7631 = LINE ( 'NONE', #3990, #7588 ) ;
#7632 = EDGE_CURVE ( 'NONE', #3413, #3196, #419, .T. ) ;
#7633 = CIRCLE ( 'NONE', #4471, 0.08070866141732323251 ) ;
#7634 = AXIS2_PLACEMENT_3D ( 'NONE', #7853, #615, #2409 ) ;
#7635 = VECTOR ( 'NONE', #2060, 39.37007874015748143 ) ;
#7636 = EDGE_CURVE ( 'NONE', #2223, #7751, #2844, .T. ) ;
#7637 = DIRECTION ( 'NONE',  ( -0.5773502691896247319, 0.5773502691896247319, -0.5773502691896275074 ) ) ;
#7638 = LINE ( 'NONE', #2307, #1628 ) ;
#7639 = CIRCLE ( 'NONE', #781, 0.4330708661417335126 ) ;
#7640 = EDGE_LOOP ( 'NONE', ( #2779, #6491, #7275, #3147 ) ) ;
#7641 = ORIENTED_EDGE ( 'NONE', *, *, #3491, .F. ) ;
#7642 = EDGE_CURVE ( 'NONE', #7731, #3794, #6976, .T. ) ;
#7643 = ORIENTED_EDGE ( 'NONE', *, *, #6109, .F. ) ;
#7644 = DIRECTION ( 'NONE',  ( -0.1730638617519519584, 0.000000000000000000, -0.9849106049563591814 ) ) ;
#7645 = CARTESIAN_POINT ( 'NONE',  ( 1.865122094822920351, 1.200787401574803237, 0.2014292256612671972 ) ) ;
#7646 = CIRCLE ( 'NONE', #7257, 0.08070866141732296883 ) ;
#7647 = CARTESIAN_POINT ( 'NONE',  ( -2.922431878301281927, 0.000000000000000000, -2.379986562245073767 ) ) ;
#7648 = CIRCLE ( 'NONE', #791, 0.08070866141732323251 ) ;
#7649 = PLANE ( 'NONE',  #6311 ) ;
#7650 = CARTESIAN_POINT ( 'NONE',  ( -1.480212191743952355, 1.082677165354330784, -2.304910639391918092 ) ) ;
#7651 = ORIENTED_EDGE ( 'NONE', *, *, #6080, .F. ) ;
#7652 = CARTESIAN_POINT ( 'NONE',  ( 1.082677165354331672, 1.200787401574803237, -2.473919972338836537 ) ) ;
#7653 = CARTESIAN_POINT ( 'NONE',  ( 2.263779527559056426, 1.200787401574803237, -1.292817610134111783 ) ) ;
#7654 = CYLINDRICAL_SURFACE ( 'NONE', #6363, 0.08070866141732323251 ) ;
#7655 = ORIENTED_EDGE ( 'NONE', *, *, #4691, .F. ) ;
#7656 = CARTESIAN_POINT ( 'NONE',  ( -2.922431878301281927, 1.377952755905512028, -2.379986562245073767 ) ) ;
#7657 = DIRECTION ( 'NONE',  ( 0.000000000000000000, 0.000000000000000000, -1.000000000000000000 ) ) ;
#7658 = EDGE_CURVE ( 'NONE', #3794, #2836, #4919, .T. ) ;
#7659 = ORIENTED_EDGE ( 'NONE', *, *, #3824, .T. ) ;
#7660 = DIRECTION ( 'NONE',  ( -0.9849106049563591814, -0.000000000000000000, 0.1730638617519519307 ) ) ;
#7661 = ORIENTED_EDGE ( 'NONE', *, *, #4554, .F. ) ;
#7662 = DIRECTION ( 'NONE',  ( 0.7664256734729304466, 0.000000000000000000, -0.6423330032324080507 ) ) ;
#7663 = DIRECTION ( 'NONE',  ( 0.000000000000000000, -0.000000000000000000, -1.000000000000000000 ) ) ;
#7664 = DIRECTION ( 'NONE',  ( 0.000000000000000000, 0.000000000000000000, -1.000000000000000000 ) ) ;
#7665 = ADVANCED_FACE ( 'NONE', ( #298 ), #4530, .F. ) ;
#7666 = CIRCLE ( 'NONE', #5124, 0.08070866141732309373 ) ;
#7667 = ORIENTED_EDGE ( 'NONE', *, *, #7073, .F. ) ;
#7668 = DIRECTION ( 'NONE',  ( 0.000000000000000000, 0.000000000000000000, -1.000000000000000000 ) ) ;
#7669 = VERTEX_POINT ( 'NONE', #1543 ) ;
#7670 = DIRECTION ( 'NONE',  ( 0.000000000000000000, -1.000000000000000000, 0.000000000000000000 ) ) ;
#7671 = VERTEX_POINT ( 'NONE', #336 ) ;
#7672 = CARTESIAN_POINT ( 'NONE',  ( 2.263779527559056426, 1.200787401574803237, -0.1117152479293870848 ) ) ;
#7673 = DIRECTION ( 'NONE',  ( 0.000000000000000000, -1.000000000000000000, 0.000000000000000000 ) ) ;
#7674 = FACE_BOUND ( 'NONE', #2341, .T. ) ;
#7675 = ORIENTED_EDGE ( 'NONE', *, *, #3459, .F. ) ;
#7676 = ORIENTED_EDGE ( 'NONE', *, *, #7843, .F. ) ;
#7677 = EDGE_LOOP ( 'NONE', ( #2160, #2769, #4228, #5150 ) ) ;
#7678 = CARTESIAN_POINT ( 'NONE',  ( 2.263779527559056426, 1.200787401574803237, -0.03100658651206395638 ) ) ;
#7679 = PLANE ( 'NONE',  #5344 ) ;
#7680 = CARTESIAN_POINT ( 'NONE',  ( -0.6908327293959752868, 1.200787401574803237, -1.841237127206991175 ) ) ;
#7681 = DIRECTION ( 'NONE',  ( -0.000000000000000000, -1.000000000000000000, -0.000000000000000000 ) ) ;
#7682 = DIRECTION ( 'NONE',  ( 0.000000000000000000, -1.000000000000000000, 0.000000000000000000 ) ) ;
#7683 = VERTEX_POINT ( 'NONE', #4160 ) ;
#7684 = DIRECTION ( 'NONE',  ( -0.000000000000000000, -1.000000000000000000, -0.000000000000000000 ) ) ;
#7685 = LINE ( 'NONE', #2125, #256 ) ;
#7686 = FACE_OUTER_BOUND ( 'NONE', #5651, .T. ) ;
#7687 = VECTOR ( 'NONE', #3638, 39.37007874015748143 ) ;
#7688 = CARTESIAN_POINT ( 'NONE',  ( -0.3149606299212595606, 4.628587467361328904E-16, -3.379431783362458308 ) ) ;
#7689 = ORIENTED_EDGE ( 'NONE', *, *, #7346, .F. ) ;
#7690 = CARTESIAN_POINT ( 'NONE',  ( 4.625844143522536811, 0.000000000000000000, -1.761968157327638895 ) ) ;
#7691 = DIRECTION ( 'NONE',  ( 0.000000000000000000, 1.000000000000000000, 0.000000000000000000 ) ) ;
#7692 = ORIENTED_EDGE ( 'NONE', *, *, #2826, .T. ) ;
#7693 = CARTESIAN_POINT ( 'NONE',  ( -0.03129498633245732936, 0.9842519685039373689, -1.539002674835876494 ) ) ;
#7694 = DIRECTION ( 'NONE',  ( -0.000000000000000000, -1.000000000000000000, -0.000000000000000000 ) ) ;
#7695 = FACE_OUTER_BOUND ( 'NONE', #1740, .T. ) ;
#7696 = EDGE_CURVE ( 'NONE', #534, #455, #3525, .T. ) ;
#7697 = VECTOR ( 'NONE', #5444, 39.37007874015748854 ) ;
#7698 = ORIENTED_EDGE ( 'NONE', *, *, #414, .T. ) ;
#7699 = LINE ( 'NONE', #6478, #3531 ) ;
#7700 = VERTEX_POINT ( 'NONE', #2287 ) ;
#7701 = DIRECTION ( 'NONE',  ( -0.000000000000000000, -1.000000000000000000, -0.000000000000000000 ) ) ;
#7702 = ORIENTED_EDGE ( 'NONE', *, *, #3640, .T. ) ;
#7703 = VECTOR ( 'NONE', #1462, 39.37007874015748143 ) ;
#7704 = DIRECTION ( 'NONE',  ( 0.000000000000000000, -1.000000000000000000, 0.000000000000000000 ) ) ;
#7705 = CARTESIAN_POINT ( 'NONE',  ( 2.657480314960631418, 1.200787401574803237, -1.686518397535686553 ) ) ;
#7706 = EDGE_CURVE ( 'NONE', #7301, #2343, #2923, .T. ) ;
#7707 = VECTOR ( 'NONE', #3602, 39.37007874015748143 ) ;
#7708 = FACE_BOUND ( 'NONE', #3860, .T. ) ;
#7709 = EDGE_CURVE ( 'NONE', #2861, #4724, #2375, .T. ) ;
#7710 = ORIENTED_EDGE ( 'NONE', *, *, #3872, .F. ) ;
#7711 = ORIENTED_EDGE ( 'NONE', *, *, #6712, .F. ) ;
#7712 = ORIENTED_EDGE ( 'NONE', *, *, #4269, .T. ) ;
#7713 = CARTESIAN_POINT ( 'NONE',  ( 1.870078740157481434, 1.200787401574803237, -1.292817610134111783 ) ) ;
#7714 = DIRECTION ( 'NONE',  ( 0.000000000000000000, 0.000000000000000000, -1.000000000000000000 ) ) ;
#7715 = DIRECTION ( 'NONE',  ( 0.000000000000000000, -1.000000000000000000, 0.000000000000000000 ) ) ;
#7716 = AXIS2_PLACEMENT_3D ( 'NONE', #6959, #1519, #3946 ) ;
#7717 = CARTESIAN_POINT ( 'NONE',  ( -1.372742496155374026, 1.200787401574803237, -1.366827678388090161 ) ) ;
#7718 = ADVANCED_FACE ( 'NONE', ( #457 ), #7730, .F. ) ;
#7719 = CARTESIAN_POINT ( 'NONE',  ( 1.082677165354331672, 1.082677165354330784, -0.5861246967482850456 ) ) ;
#7720 = ORIENTED_EDGE ( 'NONE', *, *, #3620, .T. ) ;
#7721 = FACE_OUTER_BOUND ( 'NONE', #4826, .T. ) ;
#7722 = DIRECTION ( 'NONE',  ( 0.000000000000000000, -1.000000000000000000, 0.000000000000000000 ) ) ;
#7723 = DIRECTION ( 'NONE',  ( 0.000000000000000000, 0.000000000000000000, -1.000000000000000000 ) ) ;
#7724 = EDGE_CURVE ( 'NONE', #6059, #7380, #4670, .T. ) ;
#7725 = EDGE_CURVE ( 'NONE', #580, #4166, #2506, .T. ) ;
#7726 = DIRECTION ( 'NONE',  ( 0.000000000000000000, 0.000000000000000000, -1.000000000000000000 ) ) ;
#7727 = VERTEX_POINT ( 'NONE', #6629 ) ;
#7728 = ADVANCED_FACE ( 'NONE', ( #5996 ), #4722, .T. ) ;
#7729 = CARTESIAN_POINT ( 'NONE',  ( -0.4939823356951860700, 1.200787401574803237, -1.500282243827291140 ) ) ;
#7730 = CYLINDRICAL_SURFACE ( 'NONE', #4421, 0.08070866141732309373 ) ;
#7731 = VERTEX_POINT ( 'NONE', #6028 ) ;
#7732 = CARTESIAN_POINT ( 'NONE',  ( 2.657480314960631418, 1.200787401574803237, -1.686518397535686553 ) ) ;
#7733 = ORIENTED_EDGE ( 'NONE', *, *, #4496, .T. ) ;
#7734 = DIRECTION ( 'NONE',  ( 0.000000000000000000, 0.000000000000000000, -1.000000000000000000 ) ) ;
#7735 = DIRECTION ( 'NONE',  ( 0.000000000000000000, 0.000000000000000000, -1.000000000000000000 ) ) ;
#7736 = EDGE_CURVE ( 'NONE', #4516, #2288, #1696, .T. ) ;
#7737 = AXIS2_PLACEMENT_3D ( 'NONE', #2473, #1274, #4777 ) ;
#7738 = EDGE_CURVE ( 'NONE', #6214, #916, #5673, .T. ) ;
#7739 = VERTEX_POINT ( 'NONE', #3646 ) ;
#7740 = CARTESIAN_POINT ( 'NONE',  ( 3.051181102362205966, 1.200787401574803237, -0.8991168227325369022 ) ) ;
#7741 = EDGE_LOOP ( 'NONE', ( #1479, #5972, #1489, #2978 ) ) ;
#7742 = DIRECTION ( 'NONE',  ( 0.000000000000000000, 0.000000000000000000, 1.000000000000000000 ) ) ;
#7743 = ORIENTED_EDGE ( 'NONE', *, *, #6309, .T. ) ;
#7744 = AXIS2_PLACEMENT_3D ( 'NONE', #4388, #1984, #1347 ) ;
#7745 = LINE ( 'NONE', #7276, #6733 ) ;
#7746 = VECTOR ( 'NONE', #6139, 39.37007874015748143 ) ;
#7747 = CIRCLE ( 'NONE', #5844, 0.08070866141732309373 ) ;
#7748 = AXIS2_PLACEMENT_3D ( 'NONE', #4422, #112, #749 ) ;
#7749 = FACE_BOUND ( 'NONE', #7800, .T. ) ;
#7750 = VECTOR ( 'NONE', #6965, 39.37007874015748143 ) ;
#7751 = VERTEX_POINT ( 'NONE', #7776 ) ;
#7752 = ORIENTED_EDGE ( 'NONE', *, *, #3029, .F. ) ;
#7753 = ORIENTED_EDGE ( 'NONE', *, *, #4845, .T. ) ;
#7754 = ADVANCED_FACE ( 'NONE', ( #5389 ), #6061, .F. ) ;
#7755 = CARTESIAN_POINT ( 'NONE',  ( 1.082677165354331672, 1.200787401574803237, -1.686518397535686553 ) ) ;
#7756 = CARTESIAN_POINT ( 'NONE',  ( -1.498039639382837018, 0.9842519685039373689, -3.289108543396113138 ) ) ;
#7757 = CARTESIAN_POINT ( 'NONE',  ( 4.344917934081746758, 1.082677165354333892, -1.654989912605622449 ) ) ;
#7758 = AXIS2_PLACEMENT_3D ( 'NONE', #5921, #4020, #7034 ) ;
#7759 = DIRECTION ( 'NONE',  ( 0.000000000000000000, 0.000000000000000000, 1.000000000000000000 ) ) ;
#7760 = DIRECTION ( 'NONE',  ( 0.000000000000000000, -1.000000000000000000, 0.000000000000000000 ) ) ;
#7761 = VECTOR ( 'NONE', #7617, 39.37007874015748143 ) ;
#7762 = CIRCLE ( 'NONE', #3453, 0.08070866141732296883 ) ;
#7763 = EDGE_CURVE ( 'NONE', #5175, #7301, #2365, .T. ) ;
#7764 = LINE ( 'NONE', #6726, #4348 ) ;
#7765 = ORIENTED_EDGE ( 'NONE', *, *, #7599, .F. ) ;
#7766 = VECTOR ( 'NONE', #6107, 39.37007874015748143 ) ;
#7767 = ORIENTED_EDGE ( 'NONE', *, *, #102, .T. ) ;
#7768 = CARTESIAN_POINT ( 'NONE',  ( 3.051181102362205966, 1.082677165354330784, -0.5861246967482850456 ) ) ;
#7769 = LINE ( 'NONE', #4313, #7492 ) ;
#7770 = CARTESIAN_POINT ( 'NONE',  ( 3.051181102362205966, 1.082677165354330784, -0.5054160353309620213 ) ) ;
#7771 = CARTESIAN_POINT ( 'NONE',  ( -3.838275410434667467, 1.377952755905512028, -3.125677281211834302 ) ) ;
#7772 = FACE_BOUND ( 'NONE', #4175, .T. ) ;
#7773 = DIRECTION ( 'NONE',  ( 0.000000000000000000, 0.000000000000000000, -1.000000000000000000 ) ) ;
#7774 = ORIENTED_EDGE ( 'NONE', *, *, #6467, .T. ) ;
#7775 = DIRECTION ( 'NONE',  ( 0.000000000000000000, 0.000000000000000000, 1.000000000000000000 ) ) ;
#7776 = CARTESIAN_POINT ( 'NONE',  ( -0.3149606299212595606, 0.3937007874015750475, -5.584156192811277286 ) ) ;
#7777 = EDGE_LOOP ( 'NONE', ( #2123, #3676, #399, #6370 ) ) ;
#7778 = FACE_OUTER_BOUND ( 'NONE', #3512, .T. ) ;
#7779 = ORIENTED_EDGE ( 'NONE', *, *, #3504, .T. ) ;
#7780 = DIRECTION ( 'NONE',  ( 0.000000000000000000, 0.000000000000000000, -1.000000000000000000 ) ) ;
#7781 = EDGE_CURVE ( 'NONE', #5291, #4695, #6055, .T. ) ;
#7782 = CARTESIAN_POINT ( 'NONE',  ( 4.979931238450483831E-17, 0.3937007874015752140, -5.584156192811277286 ) ) ;
#7783 = ORIENTED_EDGE ( 'NONE', *, *, #7401, .T. ) ;
#7784 = CARTESIAN_POINT ( 'NONE',  ( -1.498039639382837018, 1.082677165354330784, -3.165092795364617295 ) ) ;
#7785 = ORIENTED_EDGE ( 'NONE', *, *, #5881, .F. ) ;
#7786 = DIRECTION ( 'NONE',  ( 0.000000000000000000, -1.000000000000000000, 0.000000000000000000 ) ) ;
#7787 = ORIENTED_EDGE ( 'NONE', *, *, #6886, .F. ) ;
#7788 = CARTESIAN_POINT ( 'NONE',  ( -1.372742496155374026, 1.200787401574803237, -1.366827678388090161 ) ) ;
#7789 = VECTOR ( 'NONE', #4280, 39.37007874015748143 ) ;
#7790 = FACE_BOUND ( 'NONE', #4011, .T. ) ;
#7791 = ORIENTED_EDGE ( 'NONE', *, *, #5766, .T. ) ;
#7792 = ORIENTED_EDGE ( 'NONE', *, *, #6093, .F. ) ;
#7793 = VECTOR ( 'NONE', #683, 39.37007874015748143 ) ;
#7794 = ORIENTED_EDGE ( 'NONE', *, *, #4242, .F. ) ;
#7795 = DIRECTION ( 'NONE',  ( -0.000000000000000000, -1.000000000000000000, -0.000000000000000000 ) ) ;
#7796 = DIRECTION ( 'NONE',  ( 1.000000000000000000, 0.000000000000000000, 0.000000000000000000 ) ) ;
#7797 = CARTESIAN_POINT ( 'NONE',  ( 1.870078740157481434, 1.200787401574803237, -0.1117152479293870848 ) ) ;
#7798 = EDGE_CURVE ( 'NONE', #4533, #4935, #4758, .T. ) ;
#7799 = DIRECTION ( 'NONE',  ( -0.000000000000000000, -1.000000000000000000, -0.000000000000000000 ) ) ;
#7800 = EDGE_LOOP ( 'NONE', ( #981, #422 ) ) ;
#7801 = CYLINDRICAL_SURFACE ( 'NONE', #5897, 0.08070866141732296883 ) ;
#7802 = CARTESIAN_POINT ( 'NONE',  ( 0.6889763779527567911, 1.200787401574803237, -2.160927846354584680 ) ) ;
#7803 = DIRECTION ( 'NONE',  ( -0.000000000000000000, -1.000000000000000000, -0.000000000000000000 ) ) ;
#7804 = PLANE ( 'NONE',  #2004 ) ;
#7805 = ORIENTED_EDGE ( 'NONE', *, *, #1546, .T. ) ;
#7806 = CARTESIAN_POINT ( 'NONE',  ( 1.870078740157481434, 1.200787401574803237, -1.605809736118364306 ) ) ;
#7807 = DIRECTION ( 'NONE',  ( 0.000000000000000000, 0.000000000000000000, -1.000000000000000000 ) ) ;
#7808 = ORIENTED_EDGE ( 'NONE', *, *, #6301, .T. ) ;
#7809 = CARTESIAN_POINT ( 'NONE',  ( 1.417322834645668772, 1.181102362204724532, -3.757384539267974333 ) ) ;
#7810 = DIRECTION ( 'NONE',  ( 1.000000000000000000, -1.264902534566421675E-16, 0.000000000000000000 ) ) ;
#7811 = CARTESIAN_POINT ( 'NONE',  ( 1.870078740157481434, 1.200787401574803237, -0.8184081613152137669 ) ) ;
#7812 = ADVANCED_FACE ( 'NONE', ( #6551 ), #4837, .F. ) ;
#7813 = ORIENTED_EDGE ( 'NONE', *, *, #438, .F. ) ;
#7814 = EDGE_LOOP ( 'NONE', ( #5768, #2507 ) ) ;
#7815 = LINE ( 'NONE', #7858, #269 ) ;
#7816 = EDGE_CURVE ( 'NONE', #943, #4321, #1102, .T. ) ;
#7817 = ORIENTED_EDGE ( 'NONE', *, *, #4916, .T. ) ;
#7818 = CARTESIAN_POINT ( 'NONE',  ( 2.657480314960630530, 1.082677165354330784, -2.393211310921513402 ) ) ;
#7819 = AXIS2_PLACEMENT_3D ( 'NONE', #3713, #2957, #7201 ) ;
#7820 = EDGE_CURVE ( 'NONE', #5474, #5449, #2452, .T. ) ;
#7821 = CARTESIAN_POINT ( 'NONE',  ( 2.657480314960631418, 1.200787401574803237, -0.9798254841498599266 ) ) ;
#7822 = EDGE_LOOP ( 'NONE', ( #7537, #2714, #2279, #7667 ) ) ;
#7823 = EDGE_LOOP ( 'NONE', ( #5938, #769, #5439, #6007, #2112, #6005, #49, #2308 ) ) ;
#7824 = AXIS2_PLACEMENT_3D ( 'NONE', #6781, #3805, #3845 ) ;
#7825 = ADVANCED_FACE ( 'NONE', ( #5910 ), #5311, .F. ) ;
#7826 = CIRCLE ( 'NONE', #3779, 0.1240157480314960647 ) ;
#7827 = VERTEX_POINT ( 'NONE', #4371 ) ;
#7828 = CARTESIAN_POINT ( 'NONE',  ( -0.4939823356951860700, 1.200787401574803237, -1.419573582409968449 ) ) ;
#7829 = DIRECTION ( 'NONE',  ( -0.000000000000000000, -1.000000000000000000, -0.000000000000000000 ) ) ;
#7830 = CARTESIAN_POINT ( 'NONE',  ( -1.622338793878041363, 1.200787401574803237, -2.586542722227977542 ) ) ;
#7831 = DIRECTION ( 'NONE',  ( -0.000000000000000000, -1.000000000000000000, -0.000000000000000000 ) ) ;
#7832 = EDGE_CURVE ( 'NONE', #6204, #7615, #5171, .T. ) ;
#7833 = AXIS2_PLACEMENT_3D ( 'NONE', #131, #6699, #2446 ) ;
#7834 = CARTESIAN_POINT ( 'NONE',  ( 1.870078740157481434, 1.200787401574803237, -1.373526271551434919 ) ) ;
#7835 = ORIENTED_EDGE ( 'NONE', *, *, #139, .F. ) ;
#7836 = ORIENTED_EDGE ( 'NONE', *, *, #664, .F. ) ;
#7837 = AXIS2_PLACEMENT_3D ( 'NONE', #1198, #1872, #3020 ) ;
#7838 = FACE_OUTER_BOUND ( 'NONE', #6961, .T. ) ;
#7839 = CARTESIAN_POINT ( 'NONE',  ( 1.082677165354331672, 1.200787401574803237, -1.373526271551434697 ) ) ;
#7840 = VECTOR ( 'NONE', #1643, 39.37007874015748143 ) ;
#7841 = EDGE_CURVE ( 'NONE', #1775, #5062, #3653, .T. ) ;
#7842 = CARTESIAN_POINT ( 'NONE',  ( 0.7645818889599960144, 1.200787401574803237, -0.4771725452295185188 ) ) ;
#7843 = EDGE_CURVE ( 'NONE', #1548, #6439, #6186, .T. ) ;
#7844 = DIRECTION ( 'NONE',  ( 0.9345333927142764896, 0.000000000000000000, -0.3558754527948558288 ) ) ;
#7845 = CARTESIAN_POINT ( 'NONE',  ( 2.657480314960631418, 1.200787401574803237, -1.292817610134111783 ) ) ;
#7846 = VECTOR ( 'NONE', #1319, 39.37007874015748143 ) ;
#7847 = ORIENTED_EDGE ( 'NONE', *, *, #213, .T. ) ;
#7848 = FACE_OUTER_BOUND ( 'NONE', #5353, .T. ) ;
#7849 = DIRECTION ( 'NONE',  ( 0.000000000000000000, 0.000000000000000000, -1.000000000000000000 ) ) ;
#7850 = VERTEX_POINT ( 'NONE', #2490 ) ;
#7851 = DIRECTION ( 'NONE',  ( -0.000000000000000000, -1.000000000000000000, -0.000000000000000000 ) ) ;
#7852 = DIRECTION ( 'NONE',  ( 0.000000000000000000, -1.000000000000000000, 0.000000000000000000 ) ) ;
#7853 = CARTESIAN_POINT ( 'NONE',  ( 2.263779527559056426, 1.200787401574803237, -0.1117152479293870848 ) ) ;
#7854 = ADVANCED_FACE ( 'NONE', ( #3728 ), #6225, .T. ) ;
#7855 = ADVANCED_FACE ( 'NONE', ( #59 ), #4322, .F. ) ;
#7856 = ORIENTED_EDGE ( 'NONE', *, *, #1083, .T. ) ;
#7857 = ORIENTED_EDGE ( 'NONE', *, *, #345, .T. ) ;
#7858 = CARTESIAN_POINT ( 'NONE',  ( 1.082677165354331672, 1.200787401574803237, -1.999510523519938632 ) ) ;
#7859 = VERTEX_POINT ( 'NONE', #2523 ) ;
#7860 = EDGE_CURVE ( 'NONE', #2789, #7476, #850, .T. ) ;
#7861 = DIRECTION ( 'NONE',  ( 0.000000000000000000, 0.000000000000000000, 1.000000000000000000 ) ) ;
#7862 = AXIS2_PLACEMENT_3D ( 'NONE', #1956, #6330, #3749 ) ;
#7863 = PLANE ( 'NONE',  #7337 ) ;
#7864 = AXIS2_PLACEMENT_3D ( 'NONE', #3505, #1681, #7163 ) ;
#7865 = VECTOR ( 'NONE', #1672, 39.37007874015748143 ) ;
#7866 = ORIENTED_EDGE ( 'NONE', *, *, #4671, .T. ) ;
#7867 = VERTEX_POINT ( 'NONE', #7420 ) ;
#7868 = ORIENTED_EDGE ( 'NONE', *, *, #425, .T. ) ;
#7869 = ADVANCED_FACE ( 'NONE', ( #5033 ), #7340, .F. ) ;
#7870 = MECHANICAL_DESIGN_GEOMETRIC_PRESENTATION_REPRESENTATION (  '', ( #5842 ), #6743 ) ;
#7871 = DIRECTION ( 'NONE',  ( -0.000000000000000000, -1.000000000000000000, -0.000000000000000000 ) ) ;
#7872 = EDGE_CURVE ( 'NONE', #5441, #1283, #2603, .T. ) ;
#7873 = DIRECTION ( 'NONE',  ( 0.000000000000000000, 0.000000000000000000, 1.000000000000000000 ) ) ;
#7874 = DIRECTION ( 'NONE',  ( -0.000000000000000000, -1.000000000000000000, -0.000000000000000000 ) ) ;
ENDSEC;
END-ISO-10303-21;
